episode_id,begin_utc,end_utc,states,n_events,n_lsr,fatalities,injuries,damage_usd,n_counties,county_fips,min_lat,min_lon,max_lat,max_lon,max_roll_6h_mm,max_roll_12h_mm,max_roll_24h_mm,max_roll_72h_mm,max_ari_years,max_ari_duration,mrms_product
153400,2020-10-01 07,2020-10-02 20,FL,2,0,0,0,0,1,12085,27.04,-80.28,27.18,-80.09,,,,,,,
152708,2020-10-02 17,2020-10-05 21,FL,2,3,0,0,0,1,12086,25.65,-80.42,25.82,-80.26,,,,,,,
152709,2020-10-04 01,2020-10-04 03,FL,1,0,0,0,0,1,12099,26.5,-80.13,26.61,-80.01,,,,,,,
153600,2020-10-09 05,2020-10-10 02,LA,6,6,0,0,0,1,22033,30.42,-91.2,30.55,-91.02,,,,,,,
152276,2020-10-10 00,2020-10-10 14,LA,15,15,0,0,0,7,22021;22043;22059;22069;22073;22111;22127,31.51,-93.32,32.75,-91.94,,,,,,,
153476,2020-10-10 03,2020-10-10 07,LA,1,5,0,0,500000,1,22025,31.72,-91.84,31.91,-91.72,,,,,,,
153459,2020-10-10 16,2020-10-10 18,FL,1,4,0,0,0,1,12113,30.279999999999998,-87.2,30.39,-87.07,,,,,,,
152628,2020-10-10 23,2020-10-11 10,GA,30,29,0,0,180000,9,13011;13063;13085;13121;13139;13157;13187;13223;13311,33.55,-84.85,34.68,-83.52,,,,,,,
153812,2020-10-11 05,2020-10-11 12,GA,2,8,0,0,210000,2,13137;13241,34.61,-83.53,34.93,-83.37,,,,,,,
152962,2020-10-21 11,2020-10-21 14,OH,1,1,0,0,2000,1,39035,41.35,-81.95,41.459999999999994,-81.84,,,,,,,
152720,2020-10-22 16,2020-10-23 09,WI,2,0,0,0,3000,2,55049;55111,43.07,-90.44,43.28,-89.72,,,,,,,
153731,2020-10-24 00,2020-10-24 01,LA,1,1,0,0,1000000,1,22045,29.96,-91.89,30.080000000000002,-91.75,,,,,,,
153583,2020-10-24 01,2020-10-24 02,MS,1,1,0,0,0,1,28081,34.2,-88.8,34.309999999999995,-88.69,,,,,,,
153290,2020-10-24 18,2020-10-24 19,FL,1,1,0,0,0,1,12005,30.14,-85.77,30.28,-85.62,,,,,,,
153811,2020-10-24 23,2020-10-25 06,GA,3,3,0,0,15000,1,13121,33.690000000000005,-84.53999999999999,33.839999999999996,-84.35000000000001,,,,,,,
153047,2020-10-25 05,2020-10-25 13,FL,2,0,0,0,0,1,12099,26.47,-80.13,26.63,-80.01,,,,,,,
152752,2020-10-28 17,2020-10-29 04,AR,3,2,0,0,0,2,05101;05119,34.72,-93.0,36.07,-92.27,,,,,,,
153472,2020-10-29 02,2020-10-29 04,MS,1,0,0,0,0,1,28111,30.95,-89.11,31.07,-88.94,,,,,,,
153851,2020-10-29 12,2020-10-29 18,NC,5,5,0,0,114000,5,37023;37027;37089;37111;37175,35.22,-82.71,36.02,-81.52,,,,,,,
152629,2020-10-29 13,2020-10-29 18,GA,1,1,0,0,25000,1,13291,34.800000000000004,-84.0,34.93,-83.85000000000001,,,,,,,
153456,2020-10-29 13,2020-10-29 18,NC,17,11,0,0,1275000,4,37009;37171;37193;37197,36.1,-81.44,36.55,-80.56,,,,,,,
153457,2020-10-29 14,2020-10-30 07,VA,7,10,0,0,0,5,51031;51035;51067;51089;51141,36.6,-80.67,37.27,-79.19,,,,,,,
153627,2020-11-08 13,2020-11-10 01,FL,2,9,0,0,0,2,12011;12086,25.95,-80.37,26.22,-80.22,,,,,,,
152906,2020-11-11 22,2020-11-11 23,SC,1,1,0,0,1100,1,45075,33.440000000000005,-80.94,33.55,-80.83,,,,,,,
153867,2020-11-11 23,2020-11-12 05,VA,6,11,0,0,10000,5,51011;51029;51031;51121;51143,36.6,-80.43,37.63,-78.51,,,,,,,
154105,2020-11-11 23,2020-11-13 03,NC,65,67,1,0,380000,19,37007;37051;37057;37063;37065;37067;37081;37083;37101;37105;37123;37125;37153;37163;37167;37183;37185;37191;37195,34.81,-80.44,36.35,-77.41,,,,,,,
154188,2020-11-11 23,2020-11-12 15,NC,11,4,0,0,10000,3,37157;37171;37197,36.12,-80.89,36.51,-79.69,,,,,,,
154240,2020-11-11 23,2020-11-12 16,GA,4,4,0,0,0,3,13009;13015;13141,33.06,-84.96,34.36,-83.18,,,,,,,
154002,2020-11-12 01,2020-11-12 17,VA,13,13,0,0,0,7,51093;51109;51550;51650;51710;51800;51810,36.69,-78.01,38.1,-76.05,,,,,,,
154480,2020-11-12 08,2020-11-13 02,NC,12,13,6,0,2020000,11,37003;37023;37025;37027;37035;37045;37097;37109;37119;37159;37179,34.96,-81.67,36.05,-80.55,,,,,,,
154519,2020-11-12 15,2020-11-12 20,SC,1,1,0,0,50000,1,45091,34.96,-81.12,35.08,-80.91,,,,,,,
154003,2020-11-12 17,2020-11-12 18,NC,1,1,0,0,0,1,37143,36.13,-76.52,36.269999999999996,-76.37,,,,,,,
153172,2020-11-12 18,2020-11-12 20,NC,5,3,0,0,0,5,37061;37103;37107;37133;37147,34.73,-78.15,35.63,-77.25,,,,,,,
153994,2020-11-12 18,2020-11-12 23,NC,2,4,0,0,5000,2,37141;37155,34.39,-78.95,34.68,-77.58,,,,,,,
153660,2020-11-12 20,2020-11-13 04,FL,2,3,0,0,0,1,12086,25.81,-80.25,25.94,-80.08,,,,,,,
153995,2020-11-12 21,2020-11-12 23,SC,1,1,0,0,1000,1,45051,34.18,-79.07,34.29,-78.96000000000001,,,,,,,
154538,2020-11-18 20,2020-11-18 23,CA,1,1,0,0,16000,1,06007,39.580000000000005,-121.41,39.709999999999994,-121.26,,,,,,,
154387,2020-11-26 14,2020-11-26 15,SC,1,1,0,0,1000,1,45079,33.93,-81.08,34.05,-80.97,,,,,,,
153310,2020-12-01 05,2020-12-01 07,ME,1,0,0,0,20000,1,23017,44.42,-70.92,44.529999999999994,-70.8,,,,,,,
154386,2020-12-24 23,2020-12-25 11,PA,16,16,0,0,240000,5,42015;42079;42115;42127;42131,41.09,-76.86,41.98,-75.33,,,,,,,
154385,2020-12-25 01,2020-12-26 04,NY,14,13,0,0,475000,4,36007;36023;36025;36107,42.0,-76.27,42.73,-74.51,,,,,,,
155012,2020-12-25 02,2020-12-25 02,VA,1,1,0,0,0,1,51199,37.260000000000005,-76.78,37.37,-76.67,,,,,,,
154745,2020-12-30 01,2020-12-30 03,CA,1,0,0,0,0,1,06059,33.67,-117.95,33.779999999999994,-117.84,,,,,,,
154065,2020-12-31 21,2020-12-31 22,TX,1,0,0,0,0,1,48349,31.96,-96.66,32.25,-96.54,,,,,,,
154248,2021-01-02 13,2021-01-02 20,FL,2,2,0,0,0,2,12005;12065,30.14,-85.62,30.54,-83.87,,,,,,,
154609,2021-01-20 17,2021-01-21 01,CA,2,3,0,0,40000,1,06025,32.73,-115.07,33.03,-114.8,,,,,,,
155591,2021-01-25 10,2021-01-25 11,CA,1,0,0,0,0,1,06059,33.67,-117.71,33.79,-117.59,,,,,,,
155694,2021-01-25 11,2021-01-25 18,MO,24,25,0,0,30000,13,29009;29029;29065;29067;29077;29085;29091;29105;29153;29161;29203;29225;29229,36.53,-93.8,37.94,-91.24,,,,,,,
155216,2021-01-25 16,2021-01-25 22,KY,1,0,0,0,0,1,21145,36.900000000000006,-88.7,37.019999999999996,-88.55,,,,,,,
154993,2021-01-26 01,2021-01-26 02,KY,1,1,0,0,0,1,21031,37.14,-86.71,37.25,-86.60000000000001,,,,,,,
156230,2021-01-28 09,2021-01-28 22,CA,3,0,0,0,0,1,06079,35.17,-121.11,35.57,-120.69,,,,,,,
154448,2021-01-29 02,2021-01-29 05,CA,1,0,0,0,0,1,06107,36.11,-118.75999999999999,36.22,-118.65,,,,,,,
155647,2021-01-29 23,2021-01-30 02,CA,1,0,1,8,0,1,06073,32.49,-117.08,32.599999999999994,-116.96000000000001,,,,,,,
156401,2021-02-11 14,2021-02-11 16,LA,1,1,0,0,0,1,22037,30.81,-91.08,30.93,-90.95,,,,,,,
157173,2021-02-11 14,2021-02-11 18,MS,8,8,0,0,124000,2,28067;28091,31.21,-89.85,31.71,-89.14,,,,,,,
155335,2021-02-16 20,2021-02-16 23,FL,1,1,0,0,0,1,12086,25.74,-80.25,25.85,-80.13000000000001,,,,,,,
156323,2021-02-17 20,2021-02-17 22,LA,1,1,0,0,10000,1,22029,31.5,-91.5,31.62,-91.36,,,,,,,
156330,2021-02-17 20,2021-02-18 02,MS,2,3,0,0,30000,2,28001;28163,31.56,-91.4,32.83,-90.39,,,,,,,
156583,2021-02-28 02,2021-03-01 04,TN,12,15,0,0,25000,11,47021;47037;47043;47083;47085;47087;47125;47147;47149;47159;47161,35.97,-87.9,36.55,-85.63,,,,,,,
155544,2021-02-28 12,2021-03-01 04,KY,20,32,0,0,255500,14,21025;21051;21071;21109;21121;21125;21131;21153;21165;21175;21193;21197;21203;21237,36.95,-84.43,38.03,-82.75,,,,,,,
155965,2021-02-28 14,2021-03-01 02,KY,5,14,0,0,3700000,5,21035;21047;21075;21083;21219,36.52,-88.89,36.88,-87.13,,,,,,,
155622,2021-02-28 17,2021-03-01 05,KY,15,16,0,0,10000,10,21045;21057;21061;21087;21099;21137;21141;21171;21217;21227,36.7,-86.94,37.4,-84.54,,,,,,,
156386,2021-02-28 22,2021-03-01 03,TN,4,7,0,0,190000,4,47079;47095;47113;47131,35.66,-89.48,36.47,-88.18,,,,,,,
155766,2021-03-01 00,2021-03-01 04,AR,4,6,0,0,0,4,05019;05053;05059;05069,34.1,-93.09,34.37,-92.02,,,,,,,
156507,2021-03-01 02,2021-03-01 04,WV,3,3,0,0,0,1,54025,37.92,-80.78,38.11,-80.61,,,,,,,
156421,2021-03-01 03,2021-03-01 04,VA,1,1,0,0,0,1,51017,38.190000000000005,-79.83,38.3,-79.72,,,,,,,
155491,2021-03-01 05,2021-03-01 08,KY,10,11,0,0,15000,6,21071;21119;21193;21195;21199;21237,37.09,-84.61,37.77,-82.26,,,,,,,
156919,2021-03-10 12,2021-03-10 16,CA,1,1,0,0,75000,1,06059,33.68,-117.64,33.8,-117.53,,,,,,,
156217,2021-03-11 22,2021-03-12 00,IL,1,1,0,0,5000,1,17199,37.650000000000006,-88.98,37.779999999999994,-88.84,,,,,,,
157005,2021-03-13 10,2021-03-13 18,MO,9,9,0,0,0,2,29119;29145,36.61,-94.62,36.84,-94.09,,,,,,,
156725,2021-03-14 02,2021-03-14 02,TX,1,2,0,0,5000,1,48211,35.85,-100.44,35.97,-100.33,,,,,,,
156918,2021-03-16 11,2021-03-16 19,MS,5,9,0,0,14000,4,28023;28031;28061;28129,31.77,-89.45,31.96,-88.47,,,,,,,
156805,2021-03-16 16,2021-03-17 02,AL,5,10,0,0,0,3,01023;01025;01131,31.9,-88.29,32.23,-87.4,,,,,,,
156894,2021-03-17 14,2021-03-18 00,MS,3,3,0,0,20000,3,28003;28139;28141,34.51,-88.93,34.94,-88.21,,,,,,,
156888,2021-03-17 15,2021-03-17 19,AR,2,2,0,0,0,1,05119,34.730000000000004,-92.32,34.879999999999995,-92.14,,,,,,,
156895,2021-03-17 15,2021-03-17 22,TN,5,5,0,0,0,3,47069;47157;47167,35.04,-90.01,35.42,-88.81,,,,,,,
156425,2021-03-17 20,2021-03-17 21,AL,1,3,0,0,0,1,01073,33.470000000000006,-86.94,33.58,-86.81,,,,,,,
155581,2021-03-17 21,2021-03-18 10,AL,16,16,0,0,0,5,01033;01043;01077;01089;01103,34.18,-87.83,34.89,-86.39,,,,,,,
155996,2021-03-17 22,2021-03-18 05,GA,1,1,0,0,0,1,13047,34.85,-85.2,34.959999999999994,-85.09,,,,,,,
155854,2021-03-18 00,2021-03-18 02,TN,1,0,0,0,1000,1,47065,34.95,-85.28,35.11,-85.18,,,,,,,
156892,2021-03-18 00,2021-03-18 02,AR,5,8,0,0,70000,2,05031;05055,35.74,-90.74,36.06,-90.49,,,,,,,
156969,2021-03-18 01,2021-03-18 10,MO,4,4,0,0,0,2,29085;29209,36.94,-93.41,38.01,-93.08,,,,,,,
155559,2021-03-18 23,2021-03-19 03,KY,5,3,0,0,30000,2,21071;21175,37.64,-83.25,37.93,-82.83,,,,,,,
156703,2021-03-18 23,2021-03-19 03,WV,2,5,0,0,13000,2,54039;54099,38.21,-82.44,38.33,-81.79,,,,,,,
156912,2021-03-23 13,2021-03-23 14,LA,1,2,0,0,10000,1,22019,30.169999999999998,-93.25999999999999,30.29,-93.12,,,,,,,
157150,2021-03-23 19,2021-03-24 01,LA,2,2,0,0,0,2,22071;22109,29.57,-90.71,29.99,-90.06,,,,,,,
157085,2021-03-25 03,2021-03-25 05,MS,1,1,0,0,0,1,28131,30.79,-89.17999999999999,30.900000000000002,-89.06,,,,,,,
155754,2021-03-25 14,2021-03-26 05,AL,15,16,0,0,0,7,01033;01043;01049;01059;01071;01095;01103,34.17,-88.08,34.78,-85.73,,,,,,,
155997,2021-03-25 15,2021-03-26 11,GA,77,87,0,0,238000,11,13015;13055;13111;13115;13129;13187;13213;13291;13295;13311;13313,34.09,-85.5,34.94,-83.66,,,,,,,
155855,2021-03-25 17,2021-03-25 19,TN,1,1,0,0,0,1,47065,34.98,-85.36,35.35,-85.22,,,,,,,
157344,2021-03-25 17,2021-03-25 23,MS,6,6,0,0,24000,5,28065;28067;28127;28129;28159,31.67,-89.84,33.13,-89.06,,,,,,,
156666,2021-03-25 20,2021-03-25 23,AL,1,1,0,0,0,1,01019,34.14,-85.76,34.3,-85.46,,,,,,,
157258,2021-03-26 02,2021-03-26 04,NC,1,1,0,0,0,1,37043,35.010000000000005,-83.95,35.12,-83.83,,,,,,,
157121,2021-03-27 11,2021-03-28 08,TN,12,11,0,0,150000,9,47023;47039;47071;47075;47077;47109;47113;47157;47167,35.12,-89.98,35.74,-88.04,,,,,,,
157248,2021-03-27 16,2021-03-28 10,TN,19,51,6,0,24180080,14,47015;47021;47027;47037;47043;47049;47081;47087;47119;47141;47149;47185;47187;47189,35.65,-87.59,36.55,-84.93,,,,,,,
156063,2021-03-27 20,2021-03-28 17,TN,19,33,0,0,1754000,13,47007;47011;47013;47025;47059;47073;47089;47091;47093;47129;47139;47145;47163,35.03,-85.26,36.6,-81.77,,,,,,,
157284,2021-03-28 08,2021-03-28 15,KY,7,8,0,0,0,3,21013;21051;21095,36.61,-83.87,37.03,-83.19,,,,,,,
156065,2021-03-28 12,2021-03-28 15,VA,2,4,0,0,0,2,51105;51195,36.68,-83.18,36.98,-82.65,,,,,,,
157371,2021-03-28 15,2021-03-28 16,NC,1,1,0,0,0,1,37039,34.99,-84.28,35.129999999999995,-84.17,,,,,,,
157087,2021-03-31 00,2021-03-31 02,MS,1,0,0,0,0,1,28131,30.689999999999998,-89.13,30.8,-89.02,,,,,,,
157383,2021-03-31 04,2021-03-31 10,TN,2,2,0,0,25000,1,47071,35.18,-88.13,35.29,-88.01,,,,,,,
157384,2021-03-31 07,2021-03-31 14,MS,5,7,0,0,40000,3,28013;28017;28095,33.84,-89.32,34.0,-88.37,,,,,,,
157247,2021-03-31 08,2021-03-31 13,TN,15,15,0,0,0,3,47055;47099;47181,35.19,-87.94,35.4,-86.83,,,,,,,
155932,2021-03-31 09,2021-03-31 18,TN,3,3,0,0,0,2,47051;47127,35.18,-86.38,35.29,-86.08,,,,,,,
156964,2021-03-31 10,2021-03-31 15,AL,4,6,0,0,0,4,01009;01055;01093;01127,33.9,-87.95,34.16,-86.01,,,,,,,
155999,2021-03-31 11,2021-03-31 17,GA,8,8,0,0,30000,4,13047;13083;13123;13313,34.65,-85.52,34.96,-84.49,,,,,,,
155933,2021-03-31 12,2021-03-31 23,AL,3,3,0,0,0,1,01071,34.67,-86.2,34.88,-85.82,,,,,,,
157814,2021-04-08 01,2021-04-08 03,MS,1,1,0,0,0,1,28137,34.63,-90.03999999999999,34.75,-89.92,,,,,,,
157810,2021-04-08 09,2021-04-08 09,LA,2,2,0,0,0,1,22051,29.91,-90.31,30.09,-90.18,,,,,,,
157184,2021-04-09 15,2021-04-09 18,FL,5,6,0,0,0,2,12005;12131,30.17,-86.24,30.38,-85.66,,,,,,,
158144,2021-04-10 00,2021-04-10 03,VA,1,1,0,0,0,1,51550,36.580000000000005,-76.27,36.69,-76.15,,,,,,,
157818,2021-04-10 01,2021-04-10 04,MS,3,3,0,0,20000,3,28081;28115;28145,34.26,-88.88,34.38,-88.7,,,,,,,
158145,2021-04-10 01,2021-04-10 03,NC,3,3,0,0,0,1,37053,36.39,-76.16,36.51,-76.01,,,,,,,
157990,2021-04-10 02,2021-04-10 09,MS,10,18,0,0,231000,8,28049;28061;28073;28075;28091;28121;28123;28127,31.23,-90.16,32.58,-88.6,,,,,,,
157859,2021-04-10 09,2021-04-10 12,MS,2,2,0,0,0,1,28131,30.64,-89.33,30.8,-89.1,,,,,,,
157811,2021-04-10 11,2021-04-10 11,MS,1,1,0,0,0,1,28109,30.419999999999998,-89.75999999999999,30.54,-89.65,,,,,,,
157860,2021-04-10 12,2021-04-10 14,FL,2,2,0,0,0,2,12091;12113,30.35,-87.17,30.47,-86.64,,,,,,,
157843,2021-04-13 19,2021-04-13 19,LA,3,3,0,0,0,1,22089,29.849999999999998,-90.45,30.02,-90.32000000000001,,,,,,,
158111,2021-04-13 20,2021-04-13 21,LA,1,3,0,0,0,1,22045,29.95,-91.94,30.080000000000002,-91.81,,,,,,,
157879,2021-04-15 11,2021-04-15 11,LA,1,0,0,0,50000,1,22103,30.31,-90.13,30.42,-90.02,,,,,,,
158274,2021-04-15 12,2021-04-15 15,AL,2,6,0,0,0,1,01097,30.42,-88.25,30.71,-88.04,,,,,,,
157880,2021-04-15 15,2021-04-15 16,MS,3,0,0,0,0,3,28045;28047;28059,30.33,-89.43,30.51,-88.62,,,,,,,
158114,2021-04-24 00,2021-04-24 00,TX,1,1,0,0,0,1,48351,30.95,-93.72,31.060000000000002,-93.60000000000001,,,,,,,
157882,2021-04-24 08,2021-04-24 08,MS,1,1,0,0,500000,1,28157,31.099999999999998,-91.56,31.21,-91.41,,,,,,,
157351,2021-04-24 09,2021-04-24 11,MS,2,3,0,0,7000,1,28035,31.08,-89.31,31.25,-89.13,,,,,,,
158156,2021-04-24 13,2021-04-24 16,AL,2,2,0,0,0,2,01025;01097,30.68,-88.07,31.87,-87.74,,,,,,,
157198,2021-04-24 15,2021-04-24 20,FL,12,13,0,0,0,3,12059;12063;12131,30.79,-86.38,30.96,-85.23,,,,,,,
158272,2021-04-24 16,2021-04-24 17,FL,2,2,0,0,0,1,12091,30.65,-86.64,30.830000000000002,-86.49000000000001,,,,,,,
157199,2021-04-25 01,2021-04-25 03,GA,5,5,0,0,0,2,13205;13277,31.37,-84.06,31.56,-83.5,,,,,,,
157751,2021-04-28 05,2021-04-28 09,OK,2,3,0,0,0,1,40049,34.67,-97.31,34.809999999999995,-97.15,,,,,,,
157141,2021-04-28 12,2021-04-29 02,OK,4,4,0,0,0,4,40001;40041;40091;40135,35.27,-95.6,36.22,-94.56,,,,,,,
157650,2021-04-28 12,2021-04-28 13,TX,1,1,0,0,0,1,48441,32.32,-99.86,32.459999999999994,-99.71000000000001,,,,,,,
157753,2021-04-28 12,2021-04-29 10,OK,11,11,0,0,0,6,40013;40027;40031;40049;40063;40123,33.82,-98.58,35.3,-96.39,,,,,,,
157144,2021-04-28 13,2021-04-29 11,AR,15,16,0,0,25000,5,05007;05033;05047;05131;05143,35.2,-94.54,36.45,-93.74,,,,,,,
157890,2021-04-28 14,2021-04-29 14,MO,23,23,0,0,10000,11,29009;29043;29067;29091;29119;29153;29161;29209;29213;29225;29229,36.5,-94.38,38.03,-91.59,,,,,,,
156815,2021-04-28 20,2021-04-28 21,MO,1,1,0,0,0,1,29023,36.690000000000005,-90.46,36.809999999999995,-90.35000000000001,,,,,,,
157523,2021-04-28 20,2021-04-28 23,MO,5,7,0,0,0,2,29037;29165,38.62,-94.79,39.26,-94.34,,,,,,,
157524,2021-04-28 20,2021-04-28 21,KS,1,1,0,0,0,1,20103,39.010000000000005,-95.06,39.12,-94.95,,,,,,,
157233,2021-04-28 23,2021-04-29 02,KY,1,1,0,0,5000,1,21043,38.28,-82.91,38.39,-82.79,,,,,,,
157900,2021-04-29 02,2021-04-29 05,TX,1,2,0,0,0,1,48029,29.43,-98.66,29.54,-98.55,,,,,,,
157175,2021-04-29 07,2021-04-29 20,AR,8,8,0,0,10000,5,05051;05071;05089;05135;05141,34.7,-93.65,36.33,-91.48,,,,,,,
157381,2021-04-29 07,2021-04-29 10,MO,3,8,0,0,0,3,29055;29099;29221,37.92,-91.53,38.21,-90.66,,,,,,,
157128,2021-04-29 20,2021-04-29 23,KY,1,1,0,0,10000,1,21107,37.190000000000005,-87.52,37.3,-87.41,,,,,,,
156693,2021-04-30 09,2021-04-30 12,TX,11,10,0,0,0,4,48005;48073;48347;48405,31.26,-95.03,31.62,-94.28,,,,,,,
158167,2021-04-30 14,2021-04-30 15,TX,4,4,0,0,0,2,48185;48471,30.26,-95.83,30.88,-95.45,,,,,,,
157930,2021-05-01 00,2021-05-01 04,TX,6,6,0,0,0,2,48029;48091,29.4,-98.52,29.87,-98.16,,,,,,,
157659,2021-05-01 04,2021-05-01 05,TX,3,6,0,0,10000,1,48355,27.67,-97.45,27.81,-97.27,,,,,,,
158759,2021-05-01 06,2021-05-01 11,TX,10,13,0,0,80000,4,48007;48355;48409;48469,27.7,-97.54,28.85,-96.88,,,,,,,
158728,2021-05-01 15,2021-05-01 17,TX,2,2,0,0,5000,2,48039;48157,29.05,-95.83,29.71,-95.63000000000001,,,,,,,
158919,2021-05-01 17,2021-05-02 00,TX,22,23,0,0,0,9,48021;48029;48055;48091;48209;48325;48453;48463;48491,29.11,-99.69,30.54,-97.39,,,,,,,
158044,2021-05-03 02,2021-05-03 10,MO,1,1,0,0,0,1,29217,37.85,-94.28999999999999,37.959999999999994,-94.18,,,,,,,
157394,2021-05-03 03,2021-05-03 08,NE,3,2,0,0,0,3,31001;31081;31099,40.53,-99.03,40.92,-97.91,,,,,,,
158422,2021-05-03 14,2021-05-03 14,TN,1,0,0,0,0,1,47187,35.71,-86.99,35.839999999999996,-86.87,,,,,,,
159172,2021-05-03 15,2021-05-05 04,GA,9,9,0,0,20000,4,13015;13077;13223;13255,33.2,-85.02,34.11,-84.41,,,,,,,
158441,2021-05-04 01,2021-05-05 01,AL,4,41,0,0,0,4,01015;01051;01073;01117,32.6,-87.15,33.77,-85.64,,,,,,,
158347,2021-05-04 02,2021-05-04 03,OK,1,1,0,0,25000,1,40121,34.85,-95.84,35.0,-95.73,,,,,,,
157140,2021-05-04 08,2021-05-04 12,MO,2,3,0,0,0,2,29181;29207,36.54,-90.89,36.96,-90.14,,,,,,,
157137,2021-05-04 09,2021-05-04 14,KY,1,3,0,0,75000,1,21177,37.11,-87.32,37.269999999999996,-87.17,,,,,,,
157265,2021-05-04 09,2021-05-04 15,KY,18,18,0,0,0,7,21009;21031;21057;21061;21169;21171;21227,36.71,-86.94,37.23,-85.37,,,,,,,
157094,2021-05-04 11,2021-05-04 17,TN,2,2,0,0,0,2,47065;47155,35.19,-85.18,35.83,-83.51,,,,,,,
156672,2021-05-04 15,2021-05-05 22,AL,3,3,0,0,0,2,01049;01095,34.18,-86.2,34.5,-85.85,,,,,,,
157626,2021-05-04 15,2021-05-04 21,WV,3,3,0,0,40000,2,54017;54085,39.21,-81.02,39.349999999999994,-80.82000000000001,,,,,,,
157649,2021-05-04 16,2021-05-04 18,NC,1,1,0,0,0,1,37039,34.99,-84.27,35.11,-84.13000000000001,,,,,,,
158634,2021-05-04 16,2021-05-04 19,MS,3,2,0,0,8000,3,28011;28025;28105,33.47,-90.75,33.78,-88.77,,,,,,,
158599,2021-05-04 18,2021-05-04 21,VA,1,1,0,0,2500,1,51770,37.220000000000006,-80.0,37.33,-79.89,,,,,,,
158632,2021-05-04 18,2021-05-04 20,AR,1,1,0,0,3000,1,05017,33.480000000000004,-91.48,33.599999999999994,-91.36,,,,,,,
157605,2021-05-04 21,2021-05-04 23,VA,1,1,0,0,0,1,51171,38.67,-78.69,38.779999999999994,-78.55,,,,,,,
156673,2021-05-04 23,2021-05-05 08,AL,2,3,0,0,0,2,01043;01089,34.29,-86.86,34.71,-86.72,,,,,,,
157833,2021-05-05 01,2021-05-05 04,KY,2,2,0,0,20000,2,21047;21219,36.82,-87.52,36.92,-87.1,,,,,,,
158541,2021-05-05 01,2021-05-05 01,AL,1,2,0,0,0,1,01097,30.63,-88.16,30.75,-88.04,,,,,,,
158815,2021-05-05 02,2021-05-06 04,PA,4,3,0,0,98000,2,42015;42069,41.400000000000006,-75.65,41.599999999999994,-75.53,,,,,,,
158910,2021-05-05 11,2021-05-05 13,AL,1,1,0,0,0,1,01003,30.3,-87.71,30.41,-87.60000000000001,,,,,,,
158886,2021-05-05 13,2021-05-05 13,LA,2,2,0,0,0,2,22071;22103,29.99,-90.17,30.39,-89.98,,,,,,,
157731,2021-05-09 15,2021-05-09 18,IN,1,0,0,0,0,1,18127,41.28,-87.25999999999999,41.39,-87.15,,,,,,,
156929,2021-05-10 00,2021-05-10 02,AR,2,2,0,0,0,1,05139,33.11,-92.77,33.21,-92.38,,,,,,,
156930,2021-05-10 00,2021-05-10 10,TX,19,21,0,0,0,5,48005;48073;48347;48403;48405,31.34,-95.03,31.65,-93.82,,,,,,,
156928,2021-05-10 03,2021-05-10 10,LA,1,1,0,0,0,1,22085,31.419999999999998,-93.68,31.61,-93.26,,,,,,,
158883,2021-05-10 08,2021-05-10 08,LA,2,2,0,0,0,2,22051;22071,29.93,-90.22,30.080000000000002,-90.07000000000001,,,,,,,
157205,2021-05-11 23,2021-05-12 02,GA,2,2,0,0,0,1,13087,30.89,-84.57,31.02,-84.42,,,,,,,
158822,2021-05-12 05,2021-05-12 05,LA,1,1,0,0,0,1,22055,30.009999999999998,-92.0,30.17,-91.88000000000001,,,,,,,
157163,2021-05-15 00,2021-05-15 02,TX,1,0,0,0,0,1,48079,33.650000000000006,-102.83,33.779999999999994,-102.7,,,,,,,
158925,2021-05-15 19,2021-05-15 22,TX,2,2,0,0,0,1,48463,29.15,-99.78,29.3,-99.45,,,,,,,
157089,2021-05-15 22,2021-05-16 01,NM,1,2,0,0,250000,1,35041,34.1,-103.36999999999999,34.239999999999995,-103.26,,,,,,,
157910,2021-05-16 01,2021-05-16 03,TX,1,1,0,0,500,1,48165,32.82,-102.69,32.93,-102.58,,,,,,,
158549,2021-05-16 08,2021-05-16 22,KS,3,5,0,0,0,3,20105;20167;20169,38.86,-98.95,39.13,-97.62,,,,,,,
157424,2021-05-16 10,2021-05-16 18,KS,2,2,0,0,2000000,2,20141;20163,39.18,-99.37,39.31,-98.96,,,,,,,
158547,2021-05-16 11,2021-05-16 19,KS,2,2,0,0,0,2,20061;20143,38.91,-97.61,39.06,-96.61,,,,,,,
158740,2021-05-16 15,2021-05-16 18,TX,4,4,0,0,0,3,48239;48321;48481,28.94,-96.43,29.13,-96.2,,,,,,,
159264,2021-05-16 15,2021-05-16 18,TX,4,4,0,0,0,4,48025;48249;48355;48391,27.83,-98.13,28.43,-97.06,,,,,,,
158880,2021-05-16 19,2021-05-17 05,TX,5,4,0,0,103000,1,48113,32.88,-96.77,32.99,-96.58,,,,,,,
159188,2021-05-16 22,2021-05-17 03,CO,2,2,0,0,0,2,08061;08101,38.24,-104.58,38.4,-102.3,,,,,,,
158770,2021-05-16 23,2021-05-17 02,MO,1,0,0,0,0,1,29095,38.980000000000004,-94.66,39.099999999999994,-94.54,,,,,,,
157550,2021-05-17 00,2021-05-17 02,TX,1,6,0,0,30000,1,48381,34.92,-101.99,35.05,-101.88000000000001,,,,,,,
159322,2021-05-17 00,2021-05-17 03,KS,1,1,0,0,0,1,20165,38.49,-99.36,38.599999999999994,-99.24000000000001,,,,,,,
158215,2021-05-17 03,2021-05-17 03,CO,1,1,0,0,3000,1,08063,39.220000000000006,-102.31,39.33,-102.2,,,,,,,
158875,2021-05-17 12,2021-05-19 08,AR,9,8,0,0,0,5,05045;05053;05085;05105;05125,34.15,-92.75,35.1,-91.99,,,,,,,
158973,2021-05-17 13,2021-05-17 20,TX,4,13,0,0,5600000,3,48241;48245;48351,29.88,-94.24,31.14,-93.66,,,,,,,
157027,2021-05-17 15,2021-05-17 18,TX,1,1,0,0,0,1,48403,31.14,-94.07,31.27,-93.93,,,,,,,
158930,2021-05-17 15,2021-05-18 03,LA,4,13,2,0,500330000,3,22019;22055;22113,30.1,-93.45,30.45,-92.01,,,,,,,
158757,2021-05-17 19,2021-05-17 22,TX,3,3,0,0,0,2,48291;48339,30.04,-95.45,30.35,-94.64,,,,,,,
159195,2021-05-17 21,2021-05-18 17,CO,3,3,0,0,0,2,08043;08101,38.07,-105.25,38.45,-104.6,,,,,,,
158527,2021-05-17 22,2021-05-18 01,NE,1,1,0,0,25000,1,31087,40.160000000000004,-101.32,40.269999999999996,-101.21000000000001,,,,,,,
157240,2021-05-18 00,2021-05-18 02,TX,1,1,0,0,0,1,48017,34.050000000000004,-102.89,34.169999999999995,-102.77,,,,,,,
157567,2021-05-18 00,2021-05-18 01,TX,1,1,0,0,20000,1,48381,34.910000000000004,-101.75999999999999,35.04,-101.65,,,,,,,
158892,2021-05-18 01,2021-05-18 12,LA,18,18,2,0,112000,6,22005;22033;22047;22071;22089;22121,29.93,-91.26,30.47,-90.13,,,,,,,
158956,2021-05-18 01,2021-05-18 08,MO,7,7,0,3,250000,4,29009;29043;29109;29167,36.91,-93.94,37.48,-93.27,,,,,,,
157952,2021-05-18 02,2021-05-18 02,TX,1,1,0,0,5000,1,48227,32.11,-101.53,32.23,-101.42,,,,,,,
158284,2021-05-18 10,2021-05-20 00,TX,2,2,0,0,0,2,48151;48235,31.11,-101.27,32.88,-100.13,,,,,,,
158926,2021-05-19 00,2021-05-19 02,TX,2,2,0,0,0,1,48149,29.69,-97.11,29.91,-96.86,,,,,,,
159269,2021-05-19 03,2021-05-19 20,TX,23,23,0,0,60000,8,48007;48057;48273;48297;48355;48409;48469;48479,27.33,-99.45,28.84,-96.62,,,,,,,
158655,2021-05-19 04,2021-05-19 14,TX,2,6,0,0,3000,2,48201;48321,28.7,-96.23,29.89,-95.31,,,,,,,
157028,2021-05-19 07,2021-05-19 13,TX,9,10,0,0,0,3,48005;48073;48423,31.26,-95.45,32.4,-94.53,,,,,,,
158010,2021-05-19 11,2021-05-19 11,TX,1,1,0,0,4000,1,48227,32.330000000000005,-101.45,32.44,-101.34,,,,,,,
158873,2021-05-19 17,2021-05-19 19,TX,5,7,0,0,110000,2,48061;48215,26.06,-98.1,26.3,-97.47,,,,,,,
158888,2021-05-20 17,2021-05-20 19,LA,6,6,0,0,1000,2,22005;22033,30.26,-91.17,30.57,-90.79,,,,,,,
157580,2021-05-21 00,2021-05-21 02,OK,2,2,0,0,0,1,40089,34.04,-94.76,34.16,-94.54,,,,,,,
157581,2021-05-21 03,2021-05-21 04,LA,1,1,0,0,0,1,22085,31.54,-93.50999999999999,31.650000000000002,-93.4,,,,,,,
159258,2021-05-23 02,2021-05-23 04,CO,1,1,0,0,0,1,08071,37.11,-104.56,37.22,-104.45,,,,,,,
158436,2021-05-24 12,2021-05-24 15,PA,2,3,0,0,1000,1,42003,40.440000000000005,-80.06,40.559999999999995,-79.89,,,,,,,
158812,2021-05-24 18,2021-05-25 01,TX,5,5,0,0,0,2,48015;48201,29.7,-96.46,30.07,-95.37,,,,,,,
158680,2021-05-24 20,2021-05-25 03,TX,2,2,0,0,350000,2,48251;48367,32.45,-97.79,32.77,-97.1,,,,,,,
158703,2021-05-24 20,2021-05-24 21,KS,1,1,0,0,20,1,20203,38.64,-101.42,38.75,-101.31,,,,,,,
159325,2021-05-25 00,2021-05-25 03,KS,1,1,0,0,0,1,20093,37.93,-101.59,38.05,-101.48,,,,,,,
157661,2021-05-25 05,2021-05-25 07,TX,1,1,0,0,0,1,48303,33.57,-101.91,33.69,-101.71000000000001,,,,,,,
157582,2021-05-25 22,2021-05-26 00,TX,1,0,0,0,0,1,48005,31.279999999999998,-94.8,31.39,-94.68,,,,,,,
159099,2021-05-26 00,2021-05-26 05,AR,3,3,0,0,0,3,05113;05127;05149,34.56,-94.24,34.98,-93.37,,,,,,,
157595,2021-05-26 07,2021-05-26 09,TX,2,2,0,0,0,1,48037,33.37,-94.58,33.54,-94.11,,,,,,,
157600,2021-05-26 07,2021-05-26 09,AR,1,1,0,0,0,1,05091,33.470000000000006,-94.1,33.58,-93.91,,,,,,,
159327,2021-05-26 19,2021-05-27 01,KS,2,2,0,0,0,1,20051,38.82,-99.56,38.94,-99.25,,,,,,,
157497,2021-05-27 05,2021-05-27 16,KS,2,2,0,0,0,2,20113;20115,38.35,-97.72,38.56,-96.92,,,,,,,
158668,2021-05-27 05,2021-05-27 14,KS,3,2,0,0,0,1,20127,38.56,-96.86,38.81,-96.38,,,,,,,
158773,2021-05-27 14,2021-05-27 17,MO,3,4,0,0,0,2,29037;29083,38.36,-94.28,38.67,-93.76,,,,,,,
158958,2021-05-27 16,2021-05-28 08,MO,27,27,0,0,105000,11,29009;29059;29067;29097;29109;29119;29145;29153;29209;29213;29225,36.57,-94.61,37.65,-92.37,,,,,,,
158432,2021-05-27 19,2021-05-28 03,OK,12,17,0,0,10000,4,40027;40073;40081;40109,35.2,-97.94,35.89,-97.02,,,,,,,
158366,2021-05-27 20,2021-05-28 04,OK,16,18,0,0,50000,7,40105;40107;40111;40113;40131;40135;40143,35.46,-96.59,36.7,-94.78,,,,,,,
158772,2021-05-27 23,2021-05-28 00,KS,2,2,0,0,0,1,20103,38.980000000000004,-95.03,39.129999999999995,-94.89,,,,,,,
158367,2021-05-28 02,2021-05-28 06,AR,1,1,0,0,0,1,05047,35.43,-94.03,35.55,-93.85000000000001,,,,,,,
158679,2021-05-28 19,2021-05-28 23,TX,2,2,0,0,20000,1,48309,31.4,-97.3,31.560000000000002,-97.14,,,,,,,
157386,2021-05-28 20,2021-05-28 23,NM,1,0,0,0,100000,1,35027,33.89,-105.28,34.059999999999995,-105.17,,,,,,,
158806,2021-05-29 00,2021-05-29 02,TX,2,3,0,0,0,1,48051,30.38,-96.69,30.52,-96.47,,,,,,,
158259,2021-05-29 03,2021-05-29 05,TX,2,3,0,0,0,1,48029,29.43,-98.5,29.61,-98.37,,,,,,,
159263,2021-05-30 07,2021-05-30 09,CO,1,1,0,0,0,1,08089,37.89,-103.59,38.01,-103.48,,,,,,,
157472,2021-05-30 21,2021-05-31 06,NM,4,5,1,0,1810000,2,35005;35027,33.19,-105.28,33.41,-104.37,,,,,,,
158927,2021-05-31 00,2021-05-31 03,TX,1,1,0,0,0,1,48453,30.099999999999998,-97.78999999999999,30.21,-97.68,,,,,,,
157712,2021-05-31 02,2021-05-31 05,TX,1,0,0,0,0,1,48219,33.36,-102.53,33.519999999999996,-102.27,,,,,,,
157706,2021-05-31 04,2021-05-31 04,TX,2,5,0,0,0,2,48375;48381,35.06,-102.09,35.25,-101.9,,,,,,,
157473,2021-05-31 13,2021-05-31 22,NM,2,7,0,0,1250000,2,35001;35005,32.97,-106.75,35.06,-104.21,,,,,,,
158344,2021-05-31 16,2021-05-31 18,TX,3,3,0,0,0,1,48151,32.56,-100.50999999999999,32.85,-100.33,,,,,,,
158794,2021-05-31 17,2021-05-31 20,TX,6,4,0,0,121500,2,48135;48335,31.85,-102.42,32.52,-100.92,,,,,,,
158882,2021-05-31 19,2021-06-01 04,TX,7,5,0,0,125000,4,48113;48133;48367;48429,32.38,-99.04,32.83,-96.87,,,,,,,
159305,2021-06-01 06,2021-06-01 08,TX,1,1,0,0,5000,1,48323,28.64,-100.55,28.75,-100.44,,,,,,,
157470,2021-06-01 08,2021-06-01 11,TX,2,2,0,0,10000,1,48225,31.419999999999998,-95.62,31.580000000000002,-95.45,,,,,,,
159121,2021-06-02 00,2021-06-02 03,AR,1,1,0,0,0,1,05059,34.18,-92.98,34.29,-92.87,,,,,,,
158984,2021-06-02 21,2021-06-03 00,KY,1,1,0,0,100000,1,21035,36.690000000000005,-88.38,36.8,-88.23,,,,,,,
159731,2021-06-03 01,2021-06-03 01,TN,1,1,0,0,10000,1,47161,36.42,-87.92,36.54,-87.8,,,,,,,
160187,2021-06-03 02,2021-06-03 04,MS,2,2,0,0,0,2,28003;28117,34.690000000000005,-88.6,34.849999999999994,-88.41,,,,,,,
158985,2021-06-03 13,2021-06-03 15,IL,1,1,0,0,0,1,17055,37.85,-88.83,37.959999999999994,-88.7,,,,,,,
160010,2021-06-03 16,2021-06-03 19,TN,2,4,0,0,1000,1,47065,34.93,-85.39999999999999,35.099999999999994,-85.23,,,,,,,
157564,2021-06-03 18,2021-06-03 21,OH,2,3,0,0,10000,1,39135,39.510000000000005,-84.82,39.69,-84.65,,,,,,,
159553,2021-06-03 18,2021-06-03 22,NC,1,2,0,0,0,1,37065,36.050000000000004,-77.75999999999999,36.16,-77.65,,,,,,,
157563,2021-06-03 20,2021-06-03 21,IN,1,0,0,0,50000,1,18047,39.410000000000004,-84.92,39.55,-84.81,,,,,,,
166140,2021-06-03 21,2021-06-03 23,OH,1,1,0,0,0,1,39101,40.510000000000005,-83.21,40.66,-83.10000000000001,,,,,,,
157854,2021-06-03 22,2021-06-04 03,MD,9,11,0,0,30000,1,24025,39.46,-76.39999999999999,39.57,-76.21000000000001,,,,,,,
160150,2021-06-03 23,2021-06-03 23,TX,4,0,0,0,40000,2,48025;48249,27.94,-97.96,28.39,-97.68,,,,,,,
157894,2021-06-04 00,2021-06-04 01,MT,1,1,0,0,0,1,30013,47.46,-111.36999999999999,47.57,-111.26,,,,,,,
159466,2021-06-04 01,2021-06-04 04,TX,2,2,0,0,0,2,48215;48427,26.23,-98.95,26.42,-98.32,,,,,,,
158969,2021-06-04 17,2021-06-04 19,TX,1,1,0,0,500000,1,48167,29.46,-95.05,29.57,-94.94,,,,,,,
157641,2021-06-04 21,2021-06-04 21,CT,1,0,0,0,20000,1,09003,41.63,-72.50999999999999,41.739999999999995,-72.4,,,,,,,
159962,2021-06-04 23,2021-06-05 02,VA,2,2,0,0,0,1,51093,36.85,-76.75999999999999,37.04,-76.57000000000001,,,,,,,
159307,2021-06-05 20,2021-06-05 22,TX,3,3,0,0,0,2,48029;48091,29.599999999999998,-98.46,29.79,-98.25,,,,,,,
157796,2021-06-06 01,2021-06-06 04,TX,5,3,0,0,0,1,48365,31.999999999999996,-94.38,32.19,-94.09,,,,,,,
160374,2021-06-06 07,2021-06-07 23,TX,4,3,1,0,12000,2,48113;48293,31.5,-96.66,32.99,-96.51,,,,,,,
159267,2021-06-06 13,2021-06-09 01,MS,8,20,0,0,2525000,8,28011;28031;28043;28065;28067;28077;28129;28133,31.39,-91.05,33.97,-89.11,,,,,,,
159506,2021-06-06 18,2021-06-07 18,OK,8,7,0,0,170000,6,40079;40091;40107;40111;40117;40143,34.7,-96.54,36.22,-94.81,,,,,,,
159644,2021-06-06 21,2021-06-07 00,OK,1,1,0,0,0,1,40109,35.39,-97.49,35.51,-97.36,,,,,,,
160111,2021-06-06 21,2021-06-07 00,NC,1,1,0,0,2000,1,37119,35.09,-80.86999999999999,35.23,-80.73,,,,,,,
160218,2021-06-06 21,2021-06-06 22,MS,1,1,0,0,0,1,28111,31.32,-89.17999999999999,31.43,-89.07000000000001,,,,,,,
159123,2021-06-07 00,2021-06-11 04,AR,37,38,0,0,420000,11,05001;05025;05041;05043;05053;05069;05079;05095;05117;05119;05125,33.48,-92.57,34.82,-91.24,,,,,,,
157799,2021-06-07 09,2021-06-07 11,AR,2,2,0,0,0,1,05057,33.790000000000006,-93.81,33.919999999999995,-93.67,,,,,,,
159761,2021-06-08 00,2021-06-08 02,AL,2,3,0,0,0,2,01073;01117,33.35,-86.78,33.519999999999996,-86.67,,,,,,,
157802,2021-06-08 02,2021-06-08 03,OK,1,1,0,0,0,1,40089,33.95,-94.75999999999999,34.129999999999995,-94.65,,,,,,,
158008,2021-06-08 09,2021-06-09 00,ND,5,5,0,0,1600000,5,38015;38029;38037;38043;38045,46.17,-101.44,46.83,-98.39,,,,,,,
157819,2021-06-08 11,2021-06-08 16,OK,10,11,0,0,0,1,40089,33.89,-95.16,34.12,-94.56,,,,,,,
160554,2021-06-08 14,2021-06-08 23,MS,10,17,0,0,550000,7,28071;28107;28115;28119;28135;28145;28161,34.0,-90.43,34.56,-88.97,,,,,,,
157844,2021-06-08 15,2021-06-08 16,TX,1,1,0,0,0,1,48401,31.970000000000002,-94.86,32.08,-94.74000000000001,,,,,,,
159655,2021-06-08 16,2021-06-08 19,PA,4,4,0,0,77000,2,42069;42079,41.190000000000005,-76.14,41.36,-75.48,,,,,,,
160336,2021-06-08 17,2021-06-08 21,NY,5,5,0,0,0,4,36005;36071;36087;36119,40.89,-74.3,41.36,-73.79,,,,,,,
157786,2021-06-08 19,2021-06-08 22,PA,7,24,0,0,0,2,42029;42045,39.86,-75.93,40.05,-75.57,,,,,,,
160349,2021-06-08 19,2021-06-08 21,NJ,7,7,0,0,0,2,34003;34017,40.75,-74.16,41.03,-73.97,,,,,,,
158056,2021-06-08 20,2021-06-08 20,MA,1,2,0,0,20000,1,25009,42.690000000000005,-71.19,42.8,-71.08,,,,,,,
157787,2021-06-08 21,2021-06-08 23,NJ,1,2,0,0,0,1,34001,39.580000000000005,-74.85,39.699999999999996,-74.73,,,,,,,
159654,2021-06-08 21,2021-06-09 00,NY,7,7,0,0,59000,2,36025;36077,42.29,-75.17,42.62,-74.55,,,,,,,
158936,2021-06-08 22,2021-06-08 23,PA,1,1,0,0,0,1,42003,40.34,-80.14,40.449999999999996,-80.03,,,,,,,
159438,2021-06-09 00,2021-06-09 03,SD,1,1,0,0,0,1,46031,45.42,-101.34,45.529999999999994,-101.23,,,,,,,
158083,2021-06-09 01,2021-06-09 05,WY,2,3,0,0,0,1,56021,41.07,-104.88,41.22,-104.71000000000001,,,,,,,
157622,2021-06-09 02,2021-06-09 03,MT,2,5,0,0,0,1,30085,48.09,-105.75,48.27,-105.48,,,,,,,
160599,2021-06-09 07,2021-06-09 20,MS,7,13,0,0,1025000,7,28017;28071;28081;28107;28115;28137;28161,33.89,-89.95,34.62,-88.61,,,,,,,
159663,2021-06-09 08,2021-06-09 12,ME,3,13,0,0,938000,2,23009;23029,44.27,-68.27,44.78,-67.42,,,,,,,
160598,2021-06-09 13,2021-06-09 20,AR,2,2,0,0,0,2,05107;05123,34.46,-90.84,34.96,-90.72,,,,,,,
161114,2021-06-09 18,2021-06-10 17,MS,15,26,0,0,2663000,12,28007;28011;28015;28019;28043;28051;28079;28083;28097;28103;28133;28163,32.85,-90.75,33.96,-88.7,,,,,,,
157790,2021-06-09 20,2021-06-09 21,NJ,1,0,0,0,0,1,34005,40.010000000000005,-74.97,40.129999999999995,-74.83,,,,,,,
158937,2021-06-09 20,2021-06-09 21,PA,1,1,0,0,5000,1,42019,40.800000000000004,-79.96,40.91,-79.85000000000001,,,,,,,
160065,2021-06-09 20,2021-06-09 23,VA,6,1,0,0,0,2,51041;51159,37.39,-77.68,37.54,-77.42,,,,,,,
160308,2021-06-09 20,2021-06-09 23,NY,5,5,0,0,50000,3,36003;36009;36013,41.99,-79.24,42.26,-78.23,,,,,,,
157932,2021-06-09 21,2021-06-11 23,KY,18,15,0,0,60000,6,21051;21125;21129;21189;21235;21237,36.69,-84.28,37.67,-83.54,,,,,,,
158567,2021-06-09 21,2021-06-11 02,KY,2,5,0,0,45000,1,21043,38.24,-83.28,38.36,-82.97,,,,,,,
157822,2021-06-09 23,2021-06-10 01,PA,1,1,0,0,0,1,42107,40.57,-76.25,40.699999999999996,-76.11,,,,,,,
157855,2021-06-09 23,2021-06-10 02,MD,2,2,0,0,5000,1,24037,38.11,-76.51,38.22,-76.4,,,,,,,
158564,2021-06-10 01,2021-06-12 02,WV,17,30,0,0,1138000,14,54007;54011;54013;54015;54017;54021;54035;54039;54041;54043;54045;54053;54097;54101,37.75,-82.23,39.4,-80.17,,,,,,,
160609,2021-06-10 10,2021-06-10 20,MS,4,9,0,0,2170000,4,28027;28107;28119;28135,33.97,-90.59,34.45,-89.99,,,,,,,
161659,2021-06-10 15,2021-06-10 21,AR,3,7,0,0,165000,1,05017,33.1,-91.46,33.55,-91.28,,,,,,,
161785,2021-06-10 16,2021-06-10 19,LA,2,3,0,0,10000,2,22035;22123,32.79,-91.44,33.01,-91.22,,,,,,,
157857,2021-06-10 19,2021-06-10 23,MD,3,2,0,0,5000,3,24005;24013;24017,38.59,-76.97,39.6,-76.56,,,,,,,
160379,2021-06-10 19,2021-06-10 20,MD,2,2,0,0,0,1,24045,38.36,-75.63,38.46,-75.51,,,,,,,
159741,2021-06-10 22,2021-06-11 00,VA,1,1,0,0,1500,1,51011,37.300000000000004,-78.88,37.41,-78.77,,,,,,,
166628,2021-06-10 22,2021-06-11 00,OH,2,1,0,0,290000,1,39103,40.970000000000006,-82.03,41.12,-81.9,,,,,,,
157912,2021-06-10 23,2021-06-11 03,WV,5,6,0,0,0,3,54027;54031;54057,39.06,-79.04,39.38,-78.48,,,,,,,
158677,2021-06-10 23,2021-06-11 02,OH,1,1,0,0,10000,1,39105,38.970000000000006,-82.05,39.089999999999996,-81.94,,,,,,,
160145,2021-06-10 23,2021-06-13 22,KY,3,3,0,0,0,2,21185;21209,38.2,-85.41,38.35,-84.64,,,,,,,
160383,2021-06-10 23,2021-06-11 03,VA,2,2,0,0,0,2,51085;51181,37.04,-77.38,37.62,-76.89,,,,,,,
157911,2021-06-11 00,2021-06-11 06,VA,3,1,0,0,0,1,51047,38.46,-78.13,38.57,-77.98,,,,,,,
158961,2021-06-11 00,2021-06-11 22,WV,2,9,0,0,100000,1,54049,39.410000000000004,-80.25,39.559999999999995,-80.12,,,,,,,
159543,2021-06-11 01,2021-06-11 03,NC,3,3,0,0,0,2,37057;37151,35.730000000000004,-80.11,35.91,-79.79,,,,,,,
159125,2021-06-11 03,2021-06-11 06,ND,1,1,0,0,800000,1,38105,48.230000000000004,-103.69,48.339999999999996,-103.47,,,,,,,
160440,2021-06-11 15,2021-06-12 01,VA,38,36,0,0,0,6,51093;51103;51133;51159;51193;51730,36.9,-77.44,38.25,-76.37,,,,,,,
160043,2021-06-11 16,2021-06-11 19,AL,1,4,0,0,0,1,01125,33.4,-87.66,33.56,-87.32,,,,,,,
157914,2021-06-11 17,2021-06-11 18,MD,1,1,0,0,0,1,24017,38.36,-77.25,38.47,-77.14,,,,,,,
160185,2021-06-11 17,2021-06-11 20,NC,3,2,0,0,0,1,37157,36.400000000000006,-79.96,36.519999999999996,-79.85000000000001,,,,,,,
160157,2021-06-11 18,2021-06-12 01,VA,4,3,0,0,25000,4,51011;51019;51143;51680,36.7,-79.3,37.46,-78.79,,,,,,,
159586,2021-06-12 01,2021-06-12 09,MO,4,4,0,0,0,2,29067;29077,36.87,-93.12,37.18,-92.65,,,,,,,
157805,2021-06-12 22,2021-06-13 01,IN,3,3,0,0,0,2,18041;18137,39.01,-85.36,39.6,-85.15,,,,,,,
159684,2021-06-12 23,2021-06-13 02,SC,1,1,0,0,0,1,45019,32.720000000000006,-80.00999999999999,32.83,-79.88000000000001,,,,,,,
159735,2021-06-12 23,2021-06-12 23,TN,1,1,0,0,0,1,47117,35.28,-86.85,35.4,-86.74000000000001,,,,,,,
157785,2021-06-13 03,2021-06-13 06,IN,2,2,0,0,7000,2,18097;18135,39.7,-86.08,40.19,-84.99,,,,,,,
159368,2021-06-13 05,2021-06-13 05,TX,1,1,0,0,0,1,48111,35.99,-102.59,36.129999999999995,-102.48,,,,,,,
159647,2021-06-13 17,2021-06-14 00,OK,3,3,0,0,0,1,40055,34.81,-99.55,34.98,-99.37,,,,,,,
158941,2021-06-13 18,2021-06-13 20,WV,3,7,0,0,0,3,54049;54061;54077,39.54,-80.14,39.67,-79.8,,,,,,,
159177,2021-06-13 20,2021-06-14 02,WV,13,21,0,0,115000,12,54005;54007;54013;54015;54017;54021;54033;54041;54075;54087;54095;54107,38.14,-81.68,39.41,-79.83,,,,,,,
157828,2021-06-13 21,2021-06-13 23,KY,2,2,0,0,30000,2,21135;21187,38.42,-84.81,38.61,-83.18,,,,,,,
158766,2021-06-13 21,2021-06-13 23,FL,1,5,0,0,0,1,12031,30.24,-81.78,30.400000000000002,-81.61,,,,,,,
159219,2021-06-13 21,2021-06-14 00,KY,1,1,0,0,10000,1,21089,38.49,-83.03,38.599999999999994,-82.9,,,,,,,
158940,2021-06-13 22,2021-06-13 23,PA,1,8,0,0,110000,1,42003,40.35,-80.05,40.489999999999995,-79.94,,,,,,,
159816,2021-06-14 00,2021-06-14 03,VA,2,0,0,0,1000,1,51019,37.45,-79.42999999999999,37.589999999999996,-79.25,,,,,,,
157866,2021-06-15 01,2021-06-15 03,PA,3,4,0,0,0,2,42045;42101,39.91,-75.27,40.03,-75.08,,,,,,,
157867,2021-06-15 01,2021-06-15 03,NJ,1,6,0,0,0,1,34007,39.86,-75.19,40.0,-75.07000000000001,,,,,,,
159037,2021-06-15 01,2021-06-15 05,MD,3,4,0,0,0,2,24005;24033,38.91,-76.94,39.34,-76.51,,,,,,,
159152,2021-06-15 01,2021-06-15 03,WV,2,2,0,0,20000,1,54097,38.93,-80.3,39.05,-80.18,,,,,,,
159039,2021-06-15 04,2021-06-15 05,VA,2,2,0,0,0,1,51059,38.85,-77.32,38.95,-77.19,,,,,,,
158047,2021-06-19 01,2021-06-19 10,OH,6,7,0,0,120000,4,39027;39057;39071;39165,39.22,-84.26,39.64,-83.6,,,,,,,
158305,2021-06-19 04,2021-06-19 15,IN,11,10,1,1,47625000,10,18005;18013;18045;18071;18105;18109;18119;18139;18145;18167,38.85,-87.56,40.07,-85.42,,,,,,,
160006,2021-06-19 04,2021-06-19 05,LA,3,3,0,0,20000,1,22103,30.189999999999998,-89.91,30.36,-89.73,,,,,,,
160143,2021-06-19 04,2021-06-19 06,IN,1,1,0,0,0,1,18077,38.68,-85.41,38.79,-85.29,,,,,,,
160467,2021-06-19 05,2021-06-19 07,KY,1,1,0,0,0,1,21223,38.56,-85.31,38.669999999999995,-85.19,,,,,,,
160648,2021-06-19 06,2021-06-19 10,MS,2,5,0,0,0,2,28039;28131,30.75,-89.07,30.92,-88.51,,,,,,,
161876,2021-06-19 09,2021-06-19 12,MS,1,3,0,0,10000,1,28035,30.91,-89.39999999999999,31.03,-89.29,,,,,,,
158048,2021-06-19 10,2021-06-19 13,IN,3,3,0,0,605000,3,18029;18047;18137,39.03,-85.23,39.41,-84.89,,,,,,,
159616,2021-06-19 12,2021-06-19 15,AL,6,8,0,0,0,3,01003;01053;01097,30.47,-88.17,31.12,-87.06,,,,,,,
160292,2021-06-19 13,2021-06-19 17,FL,4,7,0,0,0,2,12033;12113,30.41,-87.36,30.74,-87.05,,,,,,,
159755,2021-06-19 21,2021-06-20 03,IL,2,2,0,0,0,2,17013;17061,39.11,-90.72,39.24,-90.46,,,,,,,
159754,2021-06-20 00,2021-06-20 07,MO,2,9,0,0,0,2,29019;29173,39.13,-92.34,39.61,-91.49,,,,,,,
160373,2021-06-20 00,2021-06-20 06,AL,3,29,1,0,3350000,3,01019;01073;01125,33.24,-87.69,34.42,-85.59,,,,,,,
157999,2021-06-20 02,2021-06-20 08,AL,1,1,1,0,0,1,01049,34.38,-85.82,34.489999999999995,-85.7,,,,,,,
160677,2021-06-20 05,2021-06-20 13,GA,1,1,0,0,75000,1,13055,34.370000000000005,-85.39999999999999,34.55,-85.25,,,,,,,
160504,2021-06-21 12,2021-06-21 14,VA,1,1,0,0,0,1,51550,36.71,-76.39999999999999,36.83,-76.29,,,,,,,
158986,2021-06-21 17,2021-06-21 20,KY,1,1,0,0,0,1,21033,37.06,-87.96,37.169999999999995,-87.81,,,,,,,
160008,2021-06-21 20,2021-06-21 23,LA,10,11,0,0,15000,3,22051;22071;22103,29.94,-90.19,30.29,-89.78,,,,,,,
159142,2021-06-21 22,2021-06-22 03,OH,5,7,0,0,32000,3,39009;39105;39163,39.14,-82.39,39.26,-81.86,,,,,,,
158950,2021-06-21 23,2021-06-21 23,WV,1,1,0,0,0,1,54061,39.620000000000005,-79.91,39.73,-79.79,,,,,,,
159151,2021-06-22 00,2021-06-22 01,WV,1,1,0,0,3000,1,54107,39.190000000000005,-81.69,39.309999999999995,-81.56,,,,,,,
160009,2021-06-22 01,2021-06-22 03,MS,3,3,0,0,5000,1,28047,30.33,-89.04,30.52,-88.87,,,,,,,
159253,2021-06-22 02,2021-06-22 03,TX,1,1,0,0,5000,1,48201,29.77,-95.39999999999999,29.88,-95.29,,,,,,,
159329,2021-06-22 07,2021-06-22 12,TX,1,1,0,0,0,1,48385,29.79,-99.84,29.900000000000002,-99.73,,,,,,,
160505,2021-06-22 17,2021-06-22 19,VA,1,1,0,0,0,1,51041,37.290000000000006,-77.42999999999999,37.4,-77.33,,,,,,,
160372,2021-06-22 22,2021-06-22 23,AL,1,0,0,0,0,1,01097,30.529999999999998,-88.14,30.64,-88.03,,,,,,,
160448,2021-06-22 23,2021-06-23 01,MS,1,1,0,0,0,1,28131,30.689999999999998,-89.17,30.8,-89.06,,,,,,,
160169,2021-06-23 17,2021-06-23 18,LA,3,3,0,0,0,2,22051;22071,29.88,-90.18,30.02,-90.06,,,,,,,
158548,2021-06-24 23,2021-06-25 01,NE,8,14,0,0,0,5,31025;31131;31133;31147;31159,40.05,-97.34,40.93,-95.52,,,,,,,
158566,2021-06-24 23,2021-06-24 23,CO,1,0,0,0,650000,1,08085,38.46,-108.07,38.58,-107.96000000000001,,,,,,,
160069,2021-06-25 00,2021-06-25 23,MO,17,20,0,0,0,12,29003;29021;29025;29033;29037;29053;29063;29081;29087;29129;29177;29195,38.57,-95.32,40.42,-92.7,,,,,,,
161879,2021-06-25 00,2021-06-25 01,MS,2,3,0,0,66000,2,28035;28073,31.27,-89.41,31.39,-89.27,,,,,,,
158463,2021-06-25 01,2021-06-25 06,IA,4,7,0,0,0,2,19101;19177,40.72,-92.13,40.93,-91.95,,,,,,,
159577,2021-06-25 01,2021-06-25 08,KS,4,4,0,0,0,2,20013;20131,39.870000000000005,-95.83,40.05,-95.35,,,,,,,
159463,2021-06-25 02,2021-06-25 07,IA,3,3,0,0,0,2,19117;19179,40.91,-93.28,41.02,-92.2,,,,,,,
160569,2021-06-25 09,2021-06-25 15,MO,3,25,0,0,0,3,29019;29139;29219,38.7,-92.56,39.17,-91.19,,,,,,,
160170,2021-06-25 18,2021-06-25 19,LA,2,2,0,0,0,1,22103,30.21,-89.86999999999999,30.35,-89.72,,,,,,,
159500,2021-06-25 20,2021-06-25 21,CO,1,1,0,0,15000,1,08069,40.410000000000004,-105.48,40.519999999999996,-105.38000000000001,,,,,,,
159578,2021-06-25 21,2021-06-26 04,KS,7,5,0,0,0,4,20003;20059;20111;20177,38.09,-96.24,39.06,-95.23,,,,,,,
159535,2021-06-25 22,2021-06-26 10,KS,6,6,0,0,0,2,20079;20115,38.03,-97.36,38.26,-96.91,,,,,,,
160665,2021-06-25 23,2021-06-26 12,MO,6,32,0,0,0,6,29007;29019;29051;29113;29127;29219,38.55,-92.56,39.72,-91.11,,,,,,,
158466,2021-06-26 04,2021-06-26 09,IA,1,2,0,0,0,1,19113,41.99,-91.63,42.099999999999994,-91.52,,,,,,,
159081,2021-06-26 04,2021-06-27 00,IL,6,13,0,0,12300000,4,17107;17113;17137;17171,39.53,-90.53,40.58,-88.71,,,,,,,
160029,2021-06-26 04,2021-06-26 11,MI,4,0,0,0,149500000,4,26099;26125;26161;26163,42.2,-84.09,42.51,-82.87,,,,,,,
160646,2021-06-26 04,2021-06-26 04,NE,1,1,0,0,0,1,31039,41.730000000000004,-96.89,41.839999999999996,-96.78,,,,,,,
160666,2021-06-26 04,2021-06-26 08,IL,1,1,0,0,0,1,17061,39.370000000000005,-90.61,39.5,-90.5,,,,,,,
159721,2021-06-26 10,2021-06-26 12,WI,1,1,0,0,305000,1,55023,43.15,-91.19,43.26,-91.0,,,,,,,
159484,2021-06-26 11,2021-06-27 14,OK,3,2,0,0,0,2,40111;40115,35.63,-96.17,36.97,-94.63,,,,,,,
159587,2021-06-26 11,2021-06-27 12,MO,10,13,0,0,170000,2,29097;29145,36.84,-94.62,37.16,-94.16,,,,,,,
158389,2021-06-26 17,2021-06-27 02,IL,14,13,0,0,0,5,17031;17043;17093;17105;17197,40.75,-88.42,41.98,-87.62,,,,,,,
159758,2021-06-27 01,2021-06-27 03,TX,4,4,0,0,20003000,2,48115;48329,32.01,-102.13,32.75,-101.94,,,,,,,
159649,2021-06-27 09,2021-06-29 06,OK,5,6,0,0,0,4,40063;40081;40087;40109,35.07,-97.52,35.75,-96.42,,,,,,,
159948,2021-06-27 11,2021-06-27 16,TX,5,5,0,0,152000,4,48135;48227;48329;48475,31.54,-102.91,32.38,-101.41,,,,,,,
160275,2021-06-28 00,2021-06-28 01,CO,1,1,0,0,20000,1,08013,40.080000000000005,-105.36,40.19,-105.25,,,,,,,
160072,2021-06-28 11,2021-06-29 03,TX,15,15,1,0,816500,7,48109;48115;48135;48329;48335;48377;48415,30.31,-104.08,32.9,-100.8,,,,,,,
158405,2021-06-28 13,2021-06-28 15,TX,1,0,0,0,0,1,48169,32.940000000000005,-101.3,33.129999999999995,-101.17,,,,,,,
159873,2021-06-28 13,2021-06-29 04,MO,3,3,0,0,0,2,29097;29145,36.96,-94.58,37.18,-94.41,,,,,,,
158461,2021-06-28 17,2021-06-28 22,MO,2,3,0,0,0,2,29045;29199,40.39,-92.2,40.57,-91.72,,,,,,,
160228,2021-06-28 17,2021-06-28 20,KS,1,2,0,0,0,1,20121,38.440000000000005,-94.91,38.55,-94.76,,,,,,,
160073,2021-06-28 18,2021-06-28 22,NM,4,4,0,0,1000,1,35015,32.02,-104.38,32.86,-104.0,,,,,,,
160229,2021-06-28 19,2021-06-28 23,MO,2,3,0,0,0,2,29013;29037,38.11,-94.61,38.53,-94.2,,,,,,,
159579,2021-06-28 20,2021-06-28 21,KS,1,0,0,0,0,1,20003,38.25,-95.34,38.36,-95.18,,,,,,,
160354,2021-06-28 22,2021-06-29 00,TX,1,3,1,0,500000,1,48141,31.73,-106.53999999999999,31.900000000000002,-106.4,,,,,,,
159794,2021-06-29 18,2021-06-29 21,WI,1,1,0,0,110000,1,55023,43.09,-91.14,43.22,-90.89,,,,,,,
159795,2021-06-29 18,2021-06-29 21,IA,1,1,0,0,60000,1,19005,43.11,-91.25,43.239999999999995,-91.14,,,,,,,
159656,2021-06-29 19,2021-06-29 21,NY,1,2,0,0,3000,1,36067,42.99,-76.21,43.099999999999994,-76.10000000000001,,,,,,,
158832,2021-06-29 21,2021-06-29 23,AZ,1,1,0,0,5000,1,04015,36.93,-113.05,37.04,-112.94,,,,,,,
160204,2021-06-29 21,2021-06-30 01,UT,4,5,0,0,0,3,49017;49025;49053,37.0,-113.0,37.81,-111.4,,,,,,,
158833,2021-06-30 01,2021-06-30 05,NV,1,3,0,0,1000000,1,32003,36.48,-114.55,36.6,-114.36,,,,,,,
160227,2021-06-30 03,2021-06-30 03,NM,1,1,1,0,30000,1,35015,32.34,-104.3,32.449999999999996,-104.19,,,,,,,
160178,2021-06-30 07,2021-06-30 15,AZ,1,1,0,0,0,1,04005,36.86,-111.9,37.01,-111.59,,,,,,,
159580,2021-06-30 13,2021-06-30 15,KS,1,1,0,0,0,1,20045,38.88,-95.17,38.989999999999995,-95.03,,,,,,,
160612,2021-06-30 13,2021-06-30 16,KS,1,1,0,0,0,1,20007,36.970000000000006,-98.57,37.08,-98.46000000000001,,,,,,,
159247,2021-06-30 17,2021-06-30 19,WV,1,1,0,0,3000,1,54005,38.1,-81.92999999999999,38.209999999999994,-81.81,,,,,,,
163579,2021-06-30 18,2021-06-30 20,PA,2,5,0,0,150000,2,42003;42125,40.14,-80.27,40.34,-79.9,,,,,,,
163581,2021-06-30 18,2021-06-30 19,WV,1,2,0,0,10000,1,54069,40.02,-80.75999999999999,40.129999999999995,-80.65,,,,,,,
160230,2021-06-30 21,2021-07-01 00,MO,2,2,0,0,0,1,29061,39.89,-94.05,40.02,-93.92,,,,,,,
160356,2021-06-30 21,2021-07-01 00,TX,1,5,0,0,0,1,48141,31.88,-106.67,31.98,-106.55,,,,,,,
166729,2021-06-30 21,2021-07-01 01,OH,1,2,0,0,500000,1,39151,40.790000000000006,-81.50999999999999,40.93,-81.39,,,,,,,
158987,2021-06-30 22,2021-06-30 23,IN,1,1,0,0,30000,1,18163,37.940000000000005,-87.55,38.05,-87.42,,,,,,,
159249,2021-06-30 22,2021-07-01 01,OH,1,1,0,0,8000,1,39009,39.260000000000005,-82.17999999999999,39.379999999999995,-82.06,,,,,,,
160833,2021-06-30 22,2021-07-01 00,IL,1,2,0,0,0,1,17001,39.75,-91.48,39.85,-91.29,,,,,,,
159589,2021-06-30 23,2021-07-01 05,KS,1,1,0,0,0,1,20021,37.11,-94.89,37.22,-94.77,,,,,,,
159885,2021-06-30 23,2021-07-01 00,MA,2,3,0,0,0,1,25003,42.300000000000004,-73.27,42.419999999999995,-73.1,,,,,,,
158816,2021-07-01 00,2021-07-01 06,NM,2,2,0,0,70000,1,35027,33.48,-105.28999999999999,33.69,-105.15,,,,,,,
158483,2021-07-01 01,2021-07-01 02,IN,2,3,0,0,35000,2,18029;18047,39.24,-85.09,39.37,-84.95,,,,,,,
158482,2021-07-01 02,2021-07-01 03,OH,1,1,0,0,20000,1,39061,39.1,-84.58,39.209999999999994,-84.47,,,,,,,
160284,2021-07-01 04,2021-07-01 06,CO,2,2,0,0,10000,1,08123,40.64,-104.7,40.83,-104.55,,,,,,,
159477,2021-07-01 05,2021-07-01 09,WV,1,1,0,0,3000,1,54011,38.370000000000005,-82.47,38.489999999999995,-82.36,,,,,,,
160307,2021-07-01 06,2021-07-01 09,IN,5,5,0,0,555000,5,18023;18045;18059;18097;18167,39.42,-87.47,40.26,-85.8,,,,,,,
160851,2021-07-01 07,2021-07-01 23,CO,4,6,0,0,70000,2,08069;08123,40.41,-105.29,40.83,-104.6,,,,,,,
160834,2021-07-01 11,2021-07-01 14,MO,1,3,0,0,0,1,29019,38.97,-92.61,39.07,-92.47,,,,,,,
160471,2021-07-01 12,2021-07-01 21,KY,14,14,0,0,0,8,21021;21029;21049;21067;21079;21111;21151;21167,37.59,-85.8,38.23,-84.19,,,,,,,
159485,2021-07-01 16,2021-07-01 20,OK,6,4,0,0,40000,2,40143;40145,35.94,-96.11,36.3,-95.65,,,,,,,
158360,2021-07-01 19,2021-07-01 22,VA,1,1,0,0,0,1,51121,37.160000000000004,-80.49,37.269999999999996,-80.38000000000001,,,,,,,
159815,2021-07-01 19,2021-07-01 22,DC,3,3,0,0,0,1,11001,38.830000000000005,-77.02,38.959999999999994,-76.88000000000001,,,,,,,
159782,2021-07-01 20,2021-07-01 23,NE,1,1,0,0,0,1,31157,41.82,-103.73,41.93,-103.60000000000001,,,,,,,
159819,2021-07-01 20,2021-07-02 03,VA,2,4,0,0,0,1,51059,38.790000000000006,-77.3,38.91,-77.18,,,,,,,
159546,2021-07-01 21,2021-07-01 22,MT,1,1,0,0,30000,1,30081,46.300000000000004,-114.11,46.41,-113.99000000000001,,,,,,,
161655,2021-07-01 21,2021-07-01 23,TN,1,2,0,0,0,1,47157,35.07,-90.11999999999999,35.18,-90.01,,,,,,,
158827,2021-07-01 23,2021-07-02 04,NM,2,3,0,0,280000,2,35005;35059,33.1,-104.39,36.61,-103.59,,,,,,,
159524,2021-07-01 23,2021-07-02 02,AR,1,1,0,0,0,1,05023,35.410000000000004,-92.13,35.55,-91.99000000000001,,,,,,,
160974,2021-07-01 23,2021-07-02 02,TX,1,2,0,0,10000,1,48141,31.75,-106.53999999999999,31.88,-106.42,,,,,,,
161226,2021-07-01 23,2021-07-02 01,UT,1,1,0,0,0,1,49055,38.190000000000005,-111.31,38.36,-111.2,,,,,,,
161568,2021-07-02 01,2021-07-02 05,CO,5,5,0,0,0,3,08015;08043;08101,38.25,-106.19,38.82,-104.6,,,,,,,
160313,2021-07-02 03,2021-07-02 04,TX,1,1,0,0,0,1,48065,35.290000000000006,-101.45,35.419999999999995,-101.34,,,,,,,
160738,2021-07-02 04,2021-07-02 06,NC,1,1,0,0,0,1,37067,36.03,-80.33,36.15,-80.21000000000001,,,,,,,
158537,2021-07-02 13,2021-07-02 16,LA,1,1,0,0,0,1,22073,32.46,-92.21,32.57,-92.08,,,,,,,
161246,2021-07-02 13,2021-07-02 14,VA,1,1,0,0,0,1,51650,36.99,-76.44,37.099999999999994,-76.34,,,,,,,
158455,2021-07-02 15,2021-07-02 17,MS,1,2,0,0,5000,1,28049,32.300000000000004,-90.28,32.41,-90.12,,,,,,,
161569,2021-07-02 19,2021-07-03 02,CO,2,2,0,0,0,2,08015;08055,37.52,-106.17,38.73,-105.1,,,,,,,
161698,2021-07-02 20,2021-07-03 01,NY,5,5,0,0,0,2,36081;36087,40.73,-73.95,41.06,-73.82,,,,,,,
158574,2021-07-02 21,2021-07-02 22,PA,1,3,0,0,0,1,42101,39.95,-75.2,40.059999999999995,-75.09,,,,,,,
161700,2021-07-02 21,2021-07-03 00,NJ,5,5,0,0,0,2,34013;34017,40.69,-74.21,40.79,-74.04,,,,,,,
158835,2021-07-02 22,2021-07-03 00,NM,1,1,0,0,50000,1,35033,36.14,-105.39999999999999,36.279999999999994,-105.23,,,,,,,
161254,2021-07-02 23,2021-07-03 01,PA,3,3,0,0,250000,1,42015,41.86,-76.49,41.97,-76.2,,,,,,,
161477,2021-07-02 23,2021-07-03 04,AZ,3,2,0,2,0,2,04003;04019,32.02,-111.14,32.31,-110.32,,,,,,,
161015,2021-07-03 00,2021-07-03 01,AZ,1,0,0,0,0,1,04007,33.25,-110.92,33.36,-110.81,,,,,,,
161253,2021-07-03 00,2021-07-03 03,NY,2,2,0,0,60000,1,36007,41.95,-75.94,42.14,-75.74000000000001,,,,,,,
161353,2021-07-03 00,2021-07-03 21,LA,7,7,0,0,0,4,22005;22051;22071;22087,29.95,-90.94,30.33,-89.99,,,,,,,
160900,2021-07-03 05,2021-07-03 15,TX,2,2,0,0,1500,2,48329;48335,31.96,-102.23,32.41,-100.87,,,,,,,
158837,2021-07-03 20,2021-07-03 23,NM,1,1,0,0,30000,1,35027,33.480000000000004,-105.61999999999999,33.599999999999994,-105.51,,,,,,,
161519,2021-07-03 20,2021-07-03 22,AZ,3,0,0,0,0,3,04003;04019;04023,31.42,-111.31,31.79,-110.37,,,,,,,
161443,2021-07-03 21,2021-07-03 22,TX,1,1,0,0,0,1,48361,30.08,-94.05,30.19,-93.93,,,,,,,
161635,2021-07-03 22,2021-07-04 01,AZ,1,3,0,0,0,1,04025,34.46,-112.34,34.58,-112.18,,,,,,,
160959,2021-07-04 00,2021-07-04 07,AZ,6,6,0,0,0,2,04007;04013,33.05,-112.28,33.61,-110.76,,,,,,,
160968,2021-07-04 19,2021-07-04 22,TX,1,1,0,0,0,1,48453,30.27,-97.8,30.38,-97.69,,,,,,,
160863,2021-07-04 21,2021-07-04 21,CO,1,1,0,0,10000,1,08069,40.42,-105.49,40.529999999999994,-105.38000000000001,,,,,,,
161240,2021-07-05 00,2021-07-05 02,AZ,4,5,0,0,800000,1,04007,33.34,-110.9,33.57,-110.76,,,,,,,
161571,2021-07-05 04,2021-07-05 06,CO,1,1,0,0,0,1,08099,38.040000000000006,-102.67,38.15,-102.56,,,,,,,
161355,2021-07-05 09,2021-07-05 09,LA,2,2,0,0,0,2,22071;22087,29.849999999999998,-90.05,29.990000000000002,-89.9,,,,,,,
160903,2021-07-05 18,2021-07-05 20,TX,1,1,0,0,1000,1,48415,32.650000000000006,-100.99,32.779999999999994,-100.87,,,,,,,
160865,2021-07-05 20,2021-07-06 02,CO,3,2,0,0,15000,3,08049;08069;08093,38.87,-106.2,40.6,-105.68,,,,,,,
160981,2021-07-05 20,2021-07-05 22,NM,1,1,0,0,0,1,35035,32.82,-105.58,32.949999999999996,-105.45,,,,,,,
161356,2021-07-06 10,2021-07-07 04,MS,6,6,0,0,93000,2,28047;28059,30.37,-89.15,30.53,-88.87,,,,,,,
160973,2021-07-06 11,2021-07-06 17,TX,5,4,0,0,100000,1,48029,29.48,-98.7,29.69,-98.53,,,,,,,
161819,2021-07-06 12,2021-07-07 04,TX,3,3,0,0,0,3,48007;48025;48355,27.64,-97.75,28.4,-97.04,,,,,,,
161604,2021-07-06 13,2021-07-07 10,AL,2,2,0,0,0,1,01003,30.27,-87.69,30.41,-87.58,,,,,,,
159470,2021-07-06 16,2021-07-06 20,TX,7,9,0,0,285000,3,48061;48215;48489,26.14,-98.53,26.56,-97.42,,,,,,,
158840,2021-07-06 19,2021-07-07 08,NM,6,5,0,0,2325000,6,35011;35027;35033;35047;35053;35061,33.33,-107.11,36.24,-104.18,,,,,,,
160986,2021-07-06 20,2021-07-06 22,NM,1,1,0,0,0,1,35035,33.120000000000005,-105.8,33.25,-105.68,,,,,,,
160615,2021-07-06 23,2021-07-07 02,MN,1,0,0,0,2000,1,27157,44.36,-92.22,44.47,-92.11,,,,,,,
158839,2021-07-07 00,2021-07-07 03,NM,1,0,0,0,0,1,35019,35.14,-105.11,35.25,-105.0,,,,,,,
161572,2021-07-07 01,2021-07-07 04,CO,2,3,0,0,0,2,08043;08101,38.29,-105.56,38.55,-104.64,,,,,,,
161871,2021-07-07 01,2021-07-07 03,KS,1,1,0,0,0,1,20187,37.510000000000005,-101.8,37.62,-101.68,,,,,,,
161358,2021-07-07 09,2021-07-07 09,LA,1,1,0,0,0,1,22103,30.36,-90.21,30.48,-90.10000000000001,,,,,,,
161820,2021-07-07 13,2021-07-08 00,TX,6,10,0,0,510000,3,48007;48249;48391,27.74,-98.07,28.34,-96.98,,,,,,,
160808,2021-07-07 14,2021-07-07 17,FL,1,1,0,0,0,1,12123,29.61,-83.45,29.720000000000002,-83.33,,,,,,,
158635,2021-07-07 17,2021-07-07 22,MS,6,11,0,0,62000,4,28049;28051;28121;28159,32.25,-90.34,33.13,-89.04,,,,,,,
160536,2021-07-07 19,2021-07-07 21,PA,6,9,0,0,25000,1,42003,40.33,-80.13,40.47,-79.79,,,,,,,
160809,2021-07-07 19,2021-07-07 22,GA,3,3,0,0,0,1,13185,30.68,-83.31,30.83,-83.16,,,,,,,
159442,2021-07-07 21,2021-07-07 22,WV,2,0,0,0,4000,2,54019;54083,37.96,-81.17,38.94,-79.5,,,,,,,
161091,2021-07-07 22,2021-07-08 01,OK,2,2,0,0,0,1,40047,36.34,-97.94,36.48,-97.78,,,,,,,
161739,2021-07-08 01,2021-07-08 02,NY,1,1,0,0,0,1,36003,42.260000000000005,-78.16,42.379999999999995,-78.04,,,,,,,
161825,2021-07-08 10,2021-07-08 21,TX,11,18,0,0,200000,5,48007;48131;48355;48391;48409,27.59,-98.26,28.32,-96.95,,,,,,,
160791,2021-07-08 15,2021-07-08 17,NY,2,2,0,0,0,2,36021;36111,41.86,-74.03,42.12,-73.85000000000001,,,,,,,
161710,2021-07-08 19,2021-07-08 22,NY,11,11,0,0,0,3,36005;36061;36119,40.8,-73.95,41.02,-73.73,,,,,,,
161748,2021-07-08 19,2021-07-08 21,NJ,3,5,0,0,0,2,34003;34031,40.82,-74.19,41.01,-74.03,,,,,,,
160739,2021-07-08 20,2021-07-08 21,NC,1,1,0,0,0,1,37183,35.95,-78.59,36.059999999999995,-78.48,,,,,,,
161745,2021-07-08 21,2021-07-08 22,NY,1,2,0,0,50000,1,36055,43.160000000000004,-77.61,43.269999999999996,-77.49000000000001,,,,,,,
161811,2021-07-08 22,2021-07-09 04,VA,10,10,0,0,0,6,51036;51041;51053;51111;51149;51730,37.02,-78.34,37.41,-77.13,,,,,,,
161264,2021-07-09 01,2021-07-09 02,AZ,1,1,0,0,0,1,04007,33.35,-110.88,33.459999999999994,-110.77,,,,,,,
160977,2021-07-09 05,2021-07-09 09,TX,2,2,0,0,0,1,48255,28.77,-97.92,28.91,-97.79,,,,,,,
159472,2021-07-09 10,2021-07-09 15,TX,8,27,0,0,55000,1,48061,25.89,-97.58,26.08,-97.43,,,,,,,
158714,2021-07-09 12,2021-07-12 00,KY,10,9,0,0,10000,4,21065;21071;21129;21195,37.46,-83.98,37.73,-82.5,,,,,,,
161751,2021-07-09 12,2021-07-09 21,CT,15,13,0,0,0,4,09001;09007;09009;09011,41.02,-73.63,41.56,-72.12,,,,,,,
160429,2021-07-09 13,2021-07-09 22,CT,2,0,0,0,0,2,09003;09013,41.660000000000004,-72.7,41.79,-72.32,,,,,,,
161780,2021-07-09 13,2021-07-09 15,NY,6,6,0,0,0,3,36059;36103;36119,40.85,-73.78,41.04,-73.36,,,,,,,
158580,2021-07-09 15,2021-07-09 17,TX,2,7,0,0,0,2,48239;48321,28.88,-96.58,29.08,-96.2,,,,,,,
160428,2021-07-09 16,2021-07-09 18,MA,2,0,0,0,0,1,25027,42.190000000000005,-71.86999999999999,42.3,-71.75,,,,,,,
161681,2021-07-09 16,2021-07-09 16,TN,1,1,0,0,0,1,47099,34.970000000000006,-87.64,35.089999999999996,-87.52,,,,,,,
161674,2021-07-09 17,2021-07-09 20,MS,3,3,0,0,100000,2,28033;28093,34.83,-90.19,34.95,-89.68,,,,,,,
161733,2021-07-09 20,2021-07-09 22,TN,1,1,0,0,0,1,47093,36.02,-83.99,36.129999999999995,-83.87,,,,,,,
160479,2021-07-09 23,2021-07-10 01,ME,1,2,0,0,0,1,23019,44.75,-68.91,44.86,-68.78,,,,,,,
161560,2021-07-09 23,2021-07-10 00,AZ,1,0,0,0,0,1,04019,31.64,-111.5,31.79,-111.39,,,,,,,
161797,2021-07-09 23,2021-07-10 01,AZ,1,1,0,0,0,1,04025,34.45,-112.56,34.58,-112.43,,,,,,,
158577,2021-07-10 00,2021-07-10 01,PA,1,0,0,0,0,1,42117,41.720000000000006,-77.19,41.879999999999995,-77.04,,,,,,,
161265,2021-07-10 04,2021-07-10 10,AZ,2,3,0,0,0,2,04007;04013,32.94,-112.64,33.33,-110.8,,,,,,,
160883,2021-07-10 10,2021-07-10 11,MO,2,2,0,0,0,2,29001;29121,39.95,-92.89,40.24,-92.71000000000001,,,,,,,
158636,2021-07-10 16,2021-07-10 18,MS,1,1,0,0,10000,1,28037,31.41,-91.23,31.52,-91.11,,,,,,,
160459,2021-07-10 19,2021-07-10 19,NE,1,1,0,0,0,1,31053,41.39,-96.53,41.51,-96.42,,,,,,,
161736,2021-07-10 22,2021-07-10 23,TN,1,1,0,0,0,1,47129,35.970000000000006,-84.48,36.12,-84.36,,,,,,,
159471,2021-07-10 23,2021-07-11 00,VA,1,1,0,0,3000,1,51027,37.300000000000004,-82.25999999999999,37.41,-82.14,,,,,,,
160435,2021-07-10 23,2021-07-11 02,NC,1,1,0,0,10000,1,37189,36.28,-81.86,36.39,-81.75,,,,,,,
159196,2021-07-11 00,2021-07-11 02,IL,1,2,0,0,0,1,17025,38.6,-88.69,38.75,-88.43,,,,,,,
161786,2021-07-11 00,2021-07-11 01,NJ,1,1,0,0,0,1,34017,40.71,-74.11,40.849999999999994,-73.97,,,,,,,
161231,2021-07-11 01,2021-07-11 07,MO,3,3,0,0,0,1,29225,37.38,-93.03,37.51,-92.87,,,,,,,
161092,2021-07-11 02,2021-07-11 08,OK,4,4,0,0,5000,2,40031;40109,34.59,-98.44,35.4,-97.5,,,,,,,
161561,2021-07-11 03,2021-07-11 06,AZ,2,0,0,0,0,1,04019,32.18,-110.77,32.309999999999995,-110.6,,,,,,,
159419,2021-07-11 06,2021-07-11 09,KY,3,2,0,0,180000,3,21033;21055;21139,37.150000000000006,-88.23,37.349999999999994,-87.88,,,,,,,
161747,2021-07-11 09,2021-07-11 11,TN,1,1,0,0,0,1,47157,35.150000000000006,-89.71,35.269999999999996,-89.60000000000001,,,,,,,
161012,2021-07-11 16,2021-07-11 20,IA,1,3,0,0,0,1,19177,40.64,-91.88,40.75,-91.75,,,,,,,
161020,2021-07-11 17,2021-07-11 22,IL,2,2,0,0,0,2,17067;17109,40.17,-91.02,40.339999999999996,-90.91,,,,,,,
158845,2021-07-11 21,2021-07-12 02,NM,3,4,0,0,50000,3,35005;35027;35043,33.37,-106.97,36.05,-104.59,,,,,,,
160695,2021-07-11 21,2021-07-12 00,VA,1,1,0,0,0,1,51173,36.74,-81.36999999999999,36.849999999999994,-81.26,,,,,,,
166995,2021-07-11 22,2021-07-11 23,PA,1,0,0,0,120000,1,42039,41.800000000000004,-80.22,41.94,-80.11,,,,,,,
159830,2021-07-11 23,2021-07-12 05,IL,4,3,0,0,0,3,17107;17167;17183,39.74,-89.91,40.2,-87.68,,,,,,,
161255,2021-07-12 00,2021-07-12 03,NY,11,11,0,0,650000,1,36007,42.09,-76.08,42.21,-75.64,,,,,,,
160801,2021-07-12 01,2021-07-12 06,VT,1,0,0,0,25000,1,50025,42.900000000000006,-72.59,43.019999999999996,-72.47,,,,,,,
160992,2021-07-12 01,2021-07-12 01,NM,1,1,0,0,0,1,35013,32.36,-106.56,32.489999999999995,-106.45,,,,,,,
161738,2021-07-12 01,2021-07-12 02,TN,1,1,0,0,0,1,47121,35.37,-84.9,35.5,-84.77,,,,,,,
158736,2021-07-12 02,2021-07-12 04,PA,1,1,0,0,0,1,42043,40.190000000000005,-76.92,40.33,-76.76,,,,,,,
161256,2021-07-12 02,2021-07-12 03,PA,1,1,0,0,5000,1,42015,41.900000000000006,-76.41,42.05,-76.28,,,,,,,
160806,2021-07-12 04,2021-07-12 05,NY,3,3,0,0,0,1,36095,42.510000000000005,-74.46,42.65,-74.28,,,,,,,
161389,2021-07-12 04,2021-07-15 06,NV,4,3,0,0,202000,2,32003;32017,36.13,-115.04,37.2,-114.62,,,,,,,
158935,2021-07-12 08,2021-07-12 09,TX,1,1,0,0,0,1,48073,32.010000000000005,-95.46,32.12,-95.35000000000001,,,,,,,
160470,2021-07-12 14,2021-07-12 16,IN,2,2,0,0,0,2,18019;18143,38.55,-85.74,38.71,-85.62,,,,,,,
159933,2021-07-12 16,2021-07-12 20,TX,2,3,0,0,0,1,48313,30.919999999999998,-96.19,31.1,-95.87,,,,,,,
160232,2021-07-12 17,2021-07-12 21,FL,1,1,0,0,0,1,12086,25.759999999999998,-80.17999999999999,25.93,-80.07000000000001,,,,,,,
158893,2021-07-12 18,2021-07-13 00,PA,6,26,0,0,0,3,42017;42045;42101,39.9,-75.27,40.15,-74.81,,,,,,,
158894,2021-07-12 19,2021-07-13 00,NJ,5,16,0,0,0,1,34005,40.0,-75.03,40.13,-74.79,,,,,,,
161459,2021-07-12 19,2021-07-12 20,TX,3,3,0,0,0,2,48411;48451,31.19,-100.49,31.43,-98.71,,,,,,,
161499,2021-07-12 20,2021-07-12 22,MO,1,1,0,0,0,1,29113,39.080000000000005,-91.26,39.19,-91.12,,,,,,,
158737,2021-07-12 21,2021-07-13 06,PA,1,0,0,0,300000,1,42117,41.790000000000006,-77.02,41.94,-76.88000000000001,,,,,,,
161257,2021-07-12 21,2021-07-13 02,NY,4,4,0,0,50000,3,36007;36025;36101,41.95,-77.67,42.14,-75.27,,,,,,,
166996,2021-07-12 21,2021-07-13 01,OH,3,0,0,0,350000,3,39093;39103;39133,41.16,-81.98,41.34,-81.14,,,,,,,
161349,2021-07-12 22,2021-07-13 01,IN,1,12,0,0,0,1,18141,41.62,-86.34,41.73,-86.19,,,,,,,
161258,2021-07-12 23,2021-07-13 03,PA,10,11,0,0,320000,3,42015;42115;42127,41.59,-76.81,42.0,-75.39,,,,,,,
161788,2021-07-12 23,2021-07-13 00,NJ,2,2,0,0,0,1,34031,40.93,-74.36999999999999,41.12,-74.23,,,,,,,
159972,2021-07-13 02,2021-07-13 06,IL,2,6,0,0,1500000,2,17063;17099,41.16,-88.65,41.35,-88.54,,,,,,,
161581,2021-07-13 05,2021-07-13 06,AZ,2,7,0,0,40000,1,04019,32.08,-111.37,32.25,-110.87,,,,,,,
161388,2021-07-13 12,2021-07-15 11,AZ,5,5,0,0,15000,1,04015,34.98,-114.59,35.59,-113.69,,,,,,,
158857,2021-07-13 21,2021-07-14 01,NM,1,2,0,0,750000,1,35033,36.18,-105.51,36.37,-105.35,,,,,,,
161227,2021-07-13 21,2021-07-16 20,UT,7,9,0,3,1270000,5,49017;49021;49025;49053;49055,37.2,-113.54,38.37,-111.19,,,,,,,
159004,2021-07-13 23,2021-07-13 23,UT,1,1,0,0,500000,1,49019,39.12,-109.56,39.29,-109.17,,,,,,,
161818,2021-07-13 23,2021-07-14 05,AZ,6,6,0,0,0,2,04005;04025,34.45,-112.76,36.31,-111.61,,,,,,,
158739,2021-07-14 00,2021-07-14 04,PA,2,2,0,0,0,2,42081;42117,41.2,-77.32,41.74,-76.79,,,,,,,
159781,2021-07-14 05,2021-07-14 07,NE,2,3,0,0,0,2,31007;31157,41.63,-103.72,41.86,-103.59,,,,,,,
161752,2021-07-14 08,2021-07-14 11,NY,2,2,0,0,0,1,36013,42.480000000000004,-79.25,42.599999999999994,-79.14,,,,,,,
161919,2021-07-14 10,2021-07-15 01,AZ,3,7,1,4,100000,2,04001;04005,34.5,-111.86,36.44,-109.46,,,,,,,
161583,2021-07-14 14,2021-07-14 18,AZ,4,6,0,0,15000,2,04019;04021,32.13,-111.34,32.98,-110.87,,,,,,,
161456,2021-07-14 15,2021-07-14 21,AZ,3,3,0,0,0,3,04007;04013;04021,33.11,-111.99,33.39,-110.77,,,,,,,
160397,2021-07-14 19,2021-07-14 23,MI,1,3,0,0,10000,1,26109,45.67,-87.72,45.8,-87.60000000000001,,,,,,,
160869,2021-07-14 19,2021-07-15 02,NY,14,13,0,0,2950000,2,36021;36083,42.34,-73.72,42.76,-73.46,,,,,,,
160879,2021-07-14 20,2021-07-14 23,VT,1,0,0,0,0,1,50003,42.81,-73.25,42.93,-73.14,,,,,,,
158858,2021-07-14 21,2021-07-15 01,NM,2,1,0,0,10000,1,35049,35.84,-106.09,35.97,-105.97,,,,,,,
161840,2021-07-14 22,2021-07-15 00,NC,2,2,0,0,10000,1,37151,35.81,-80.03,35.94,-79.86,,,,,,,
158899,2021-07-14 23,2021-07-15 01,NJ,2,4,0,0,0,1,34025,40.38,-74.25999999999999,40.51,-74.12,,,,,,,
160825,2021-07-15 01,2021-07-15 07,IA,2,2,0,0,0,1,19169,41.830000000000005,-93.5,41.97,-93.34,,,,,,,
158754,2021-07-15 05,2021-07-15 12,WI,1,1,0,0,28000,1,55071,44.0,-87.7,44.18,-87.56,,,,,,,
160868,2021-07-15 06,2021-07-15 08,KS,1,1,0,0,0,1,20027,39.400000000000006,-97.28999999999999,39.529999999999994,-97.18,,,,,,,
159880,2021-07-15 10,2021-07-15 14,IL,2,2,0,0,0,1,17123,40.96,-89.5,41.11,-89.35000000000001,,,,,,,
161587,2021-07-15 15,2021-07-16 01,AZ,3,2,0,0,105000,2,04009;04019,32.15,-111.39,33.0,-109.82,,,,,,,
160683,2021-07-15 22,2021-07-16 00,ND,3,2,0,0,415000,1,38035,47.910000000000004,-97.67999999999999,48.059999999999995,-97.48,,,,,,,
160803,2021-07-15 22,2021-07-15 23,GA,2,2,0,0,0,2,13201;13253,31.05,-84.89,31.19,-84.73,,,,,,,
161485,2021-07-15 22,2021-07-15 23,AZ,3,3,0,0,0,1,04013,33.53,-112.48,33.65,-112.34,,,,,,,
158915,2021-07-15 23,2021-07-16 01,IN,1,1,0,0,10000,1,18015,40.45,-86.69,40.62,-86.56,,,,,,,
161203,2021-07-16 01,2021-07-16 03,AL,1,1,0,0,0,1,01073,33.470000000000006,-86.86,33.589999999999996,-86.74000000000001,,,,,,,
162052,2021-07-16 03,2021-07-16 04,AZ,1,1,0,0,0,1,04025,34.470000000000006,-112.53,34.629999999999995,-112.37,,,,,,,
161503,2021-07-16 05,2021-07-17 00,IL,2,3,0,0,0,2,17157;17189,37.89,-90.1,38.22,-89.15,,,,,,,
161505,2021-07-16 05,2021-07-16 13,MO,2,2,0,0,0,2,29187;29221,37.65,-91.1,38.12,-90.28,,,,,,,
159675,2021-07-16 06,2021-07-16 13,IL,1,1,0,0,0,1,17145,37.980000000000004,-89.61999999999999,38.169999999999995,-89.42,,,,,,,
160443,2021-07-16 16,2021-07-16 19,AR,1,1,0,0,0,1,05131,35.190000000000005,-94.49,35.3,-94.34,,,,,,,
161619,2021-07-16 17,2021-07-16 22,AL,3,4,0,0,0,1,01003,30.24,-87.75999999999999,30.41,-87.58,,,,,,,
160198,2021-07-16 18,2021-07-17 01,IL,4,6,0,0,33000,4,17055;17065;17145;17185,37.98,-89.43,38.44,-87.77,,,,,,,
161259,2021-07-16 18,2021-07-16 20,PA,3,2,0,0,25000,2,42015;42069,41.39,-76.44,41.63,-75.63,,,,,,,
161365,2021-07-16 18,2021-07-16 18,LA,1,1,0,0,0,1,22071,29.939999999999998,-90.13,30.05,-90.01,,,,,,,
158855,2021-07-16 20,2021-07-16 22,SC,1,6,0,0,20,1,45079,33.940000000000005,-81.08,34.089999999999996,-80.96000000000001,,,,,,,
161588,2021-07-16 20,2021-07-17 01,AZ,2,3,0,0,0,2,04003;04019,31.87,-110.74,32.14,-110.27,,,,,,,
161804,2021-07-16 20,2021-07-17 23,NY,6,8,0,0,100000,3,36009;36013;36029,42.15,-79.4,42.57,-78.51,,,,,,,
162076,2021-07-16 20,2021-07-17 01,AZ,3,7,0,0,250000,3,04005;04007;04025,34.31,-111.84,35.25,-111.35,,,,,,,
158790,2021-07-16 21,2021-07-16 23,MS,3,20,0,0,285000,3,28049;28089;28121,32.26,-90.28,32.41,-90.08,,,,,,,
158864,2021-07-16 21,2021-07-16 23,PA,2,3,0,0,0,2,42097;42113,41.02,-76.78,41.52,-76.64,,,,,,,
160578,2021-07-16 21,2021-07-17 05,OH,6,6,0,0,525000,6,39005;39033;39077;39099;39103;39139,40.76,-83.07,41.09,-80.66,,,,,,,
160583,2021-07-16 21,2021-07-16 22,KY,1,1,0,0,0,1,21155,37.56,-85.41,37.669999999999995,-85.3,,,,,,,
160541,2021-07-16 23,2021-07-17 02,PA,4,4,0,0,70000,2,42085;42121,41.260000000000005,-80.4,41.43,-79.92,,,,,,,
158901,2021-07-17 00,2021-07-17 01,IN,1,1,0,0,100000,1,18047,39.39,-85.08,39.51,-84.96000000000001,,,,,,,
161189,2021-07-17 01,2021-07-17 03,CO,1,2,0,0,1000,1,08063,39.24,-102.33,39.349999999999994,-102.22,,,,,,,
160018,2021-07-17 04,2021-07-17 07,IN,1,9,0,0,0,1,18003,40.940000000000005,-85.18,41.05,-84.84,,,,,,,
159528,2021-07-17 15,2021-07-17 18,AR,1,1,0,0,0,1,05041,33.68,-91.35,33.83,-91.23,,,,,,,
160544,2021-07-17 17,2021-07-17 18,PA,1,1,0,0,0,1,42121,41.480000000000004,-79.86,41.599999999999994,-79.74000000000001,,,,,,,
160564,2021-07-17 17,2021-07-17 18,KS,2,2,0,0,400,1,20125,37.2,-95.9,37.37,-95.73,,,,,,,
158879,2021-07-17 18,2021-07-18 08,PA,4,5,0,0,0,3,42043;42083;42117,40.52,-78.31,41.91,-76.91,,,,,,,
161039,2021-07-17 19,2021-07-17 22,MD,8,9,0,0,0,1,24005,39.190000000000005,-76.56,39.37,-76.46,,,,,,,
161794,2021-07-17 19,2021-07-17 21,NJ,13,13,0,0,0,3,34013;34017;34039,40.620000000000005,-74.28,40.79,-74.12,,,,,,,
167034,2021-07-17 19,2021-07-17 21,PA,1,1,0,0,200000,1,42039,41.56,-79.78999999999999,41.699999999999996,-79.63000000000001,,,,,,,
161232,2021-07-17 20,2021-07-18 07,MO,22,22,0,0,60000,7,29009;29067;29077;29119;29145;29167;29185,36.57,-94.45,37.94,-92.65,,,,,,,
161275,2021-07-17 20,2021-07-19 04,CT,4,4,0,0,0,1,09005,41.57,-73.47,42.03,-73.1,,,,,,,
161146,2021-07-17 21,2021-07-19 02,MA,6,0,0,0,53000,4,25011;25013;25015;25027,42.2,-72.94,42.58,-71.81,,,,,,,
161147,2021-07-17 21,2021-07-18 00,CT,4,3,0,0,23000,1,09015,41.790000000000006,-72.18,41.949999999999996,-71.99,,,,,,,
161241,2021-07-17 21,2021-07-18 23,NY,6,6,0,0,0,4,36021;36027;36039;36111,41.69,-74.44,42.32,-73.52,,,,,,,
159106,2021-07-17 22,2021-07-18 03,NJ,9,13,0,0,0,4,34005;34019;34021;34035,40.03,-74.96,40.58,-74.68,,,,,,,
161261,2021-07-17 22,2021-07-17 23,PA,2,2,0,0,8000,1,42127,41.74,-75.27,41.86,-75.08,,,,,,,
161260,2021-07-17 23,2021-07-18 02,NY,7,11,0,0,102000,4,36007;36017;36077;36101,42.09,-77.17,42.56,-75.24,,,,,,,
161562,2021-07-17 23,2021-07-18 03,VT,2,0,0,0,500000,1,50025,42.78,-72.71,42.919999999999995,-72.56,,,,,,,
159501,2021-07-18 00,2021-07-18 02,TX,1,0,0,0,0,1,48045,34.370000000000005,-101.2,34.489999999999995,-101.02,,,,,,,
161557,2021-07-18 00,2021-07-18 07,NH,13,6,0,0,2800000,2,33005;33011,42.73,-72.32,43.09,-71.78,,,,,,,
158912,2021-07-18 01,2021-07-18 04,NM,1,1,0,0,0,1,35037,35.260000000000005,-103.41,35.419999999999995,-103.29,,,,,,,
159778,2021-07-18 01,2021-07-18 04,WY,1,0,0,0,0,1,56015,42.260000000000005,-104.16,42.379999999999995,-104.04,,,,,,,
161683,2021-07-18 01,2021-07-18 03,TN,3,3,0,0,25000,1,47099,34.99,-87.42,35.129999999999995,-87.25,,,,,,,
159107,2021-07-18 02,2021-07-18 03,PA,4,3,0,0,0,2,42017;42101,40.0,-75.11,40.1,-74.94,,,,,,,
159526,2021-07-18 03,2021-07-18 09,KY,3,3,0,0,3000,2,21125;21235,36.91,-84.19,37.14,-84.02,,,,,,,
160445,2021-07-18 06,2021-07-18 10,OK,3,3,0,0,5000,2,40101;40143,35.75,-95.89,35.99,-95.33,,,,,,,
160446,2021-07-18 10,2021-07-18 12,AR,1,1,0,0,250000,1,05047,35.21,-94.13,35.36,-93.99000000000001,,,,,,,
160175,2021-07-18 16,2021-07-18 20,KY,2,0,0,0,25000,2,21083;21145,36.5,-88.75,37.08,-88.63,,,,,,,
159245,2021-07-18 17,2021-07-19 10,AL,2,3,0,0,0,1,01103,34.56,-87.11,34.669999999999995,-86.92,,,,,,,
162096,2021-07-18 19,2021-07-19 03,AZ,4,4,0,0,0,3,04005;04017;04025,34.37,-112.52,36.1,-110.54,,,,,,,
160819,2021-07-18 20,2021-07-19 00,NC,1,1,0,0,0,1,37171,36.470000000000006,-80.81,36.589999999999996,-80.69,,,,,,,
161393,2021-07-18 20,2021-07-19 02,NV,5,7,0,0,13000,1,32003,36.06,-115.76,36.67,-114.44,,,,,,,
160812,2021-07-18 21,2021-07-18 22,FL,1,1,0,0,0,1,12073,30.36,-84.28999999999999,30.470000000000002,-84.18,,,,,,,
161742,2021-07-18 21,2021-07-18 22,TN,1,1,0,0,0,1,47093,35.88,-84.16,35.989999999999995,-84.03,,,,,,,
160999,2021-07-18 22,2021-07-19 00,TX,1,2,0,0,0,1,48141,31.71,-106.42,31.830000000000002,-106.3,,,,,,,
161245,2021-07-18 22,2021-07-23 03,UT,15,17,0,0,30000,7,49001;49017;49021;49025;49049;49053;49055,37.0,-113.84,40.15,-111.18,,,,,,,
161515,2021-07-18 22,2021-07-19 01,MA,10,8,0,0,75000,1,25003,42.2,-73.37,42.48,-73.1,,,,,,,
161609,2021-07-18 23,2021-07-19 04,AZ,5,1,0,0,35000,3,04003;04009;04011,31.9,-110.03,33.05,-109.17,,,,,,,
160166,2021-07-19 00,2021-07-19 01,IN,1,1,0,0,0,1,18125,38.39,-87.16,38.51,-87.05,,,,,,,
161392,2021-07-19 00,2021-07-20 02,CA,5,2,0,0,15000,2,06027;06071,34.82,-118.6,37.25,-114.61,,,,,,,
161391,2021-07-19 01,2021-07-22 02,AZ,7,13,0,0,211000,1,04015,35.15,-114.52,36.03,-113.89,,,,,,,
159105,2021-07-19 11,2021-07-19 13,MS,5,5,0,0,13000,3,28075;28099;28101,32.41,-89.15,32.62,-88.59,,,,,,,
159000,2021-07-19 15,2021-07-20 05,SC,1,0,0,0,0,1,45063,33.830000000000005,-81.6,33.94,-81.49000000000001,,,,,,,
159194,2021-07-19 15,2021-07-19 21,TX,5,5,0,4,0,2,48183;48423,32.370000000000005,-95.41,32.55,-94.73,,,,,,,
161262,2021-07-19 20,2021-07-19 22,NY,4,5,0,0,121000,1,36065,43.290000000000006,-75.49,43.449999999999996,-75.3,,,,,,,
160889,2021-07-19 22,2021-07-20 02,NY,1,1,0,0,100000,1,36057,42.910000000000004,-74.44,43.019999999999996,-74.31,,,,,,,
161439,2021-07-19 22,2021-07-20 22,AL,2,14,0,0,0,2,01073;01117,33.23,-87.08,33.52,-86.48,,,,,,,
161842,2021-07-19 22,2021-07-20 00,NC,1,1,0,0,100000,1,37163,34.940000000000005,-78.7,35.05,-78.58,,,,,,,
161211,2021-07-19 23,2021-07-20 01,NC,1,1,0,0,0,1,37047,34.11,-78.64999999999999,34.22,-78.54,,,,,,,
159200,2021-07-20 02,2021-07-21 06,GA,7,7,0,0,15000,4,13045;13089;13115;13139,33.66,-85.26,34.39,-83.93,,,,,,,
161367,2021-07-20 07,2021-07-20 15,LA,11,13,0,0,170000,1,22103,30.35,-90.16,30.5,-90.05,,,,,,,
161444,2021-07-20 16,2021-07-20 17,LA,1,1,0,0,0,1,22001,30.27,-92.63,30.400000000000002,-92.52,,,,,,,
162098,2021-07-20 19,2021-07-21 05,AZ,2,2,0,0,0,2,04017;04025,34.440000000000005,-112.44,34.57,-110.07,,,,,,,
158989,2021-07-20 20,2021-07-21 00,NM,3,5,3,0,8000,2,35001;35049,35.09,-106.65,35.57,-105.98,,,,,,,
161805,2021-07-20 21,2021-07-21 02,NY,10,10,0,0,200000,1,36063,43.08,-79.0,43.19,-78.65,,,,,,,
160878,2021-07-20 23,2021-07-21 02,CO,1,0,4,0,500000,1,08069,40.650000000000006,-105.7,40.76,-105.59,,,,,,,
158995,2021-07-21 00,2021-07-21 02,VT,1,1,0,0,50000,1,50023,44.1,-72.89999999999999,44.209999999999994,-72.79,,,,,,,
160985,2021-07-21 00,2021-07-21 00,MT,1,1,0,0,0,1,30099,47.75,-112.24,47.87,-112.13000000000001,,,,,,,
161263,2021-07-21 01,2021-07-21 04,NY,3,2,0,0,18000,3,36007;36017;36101,42.15,-77.38,42.33,-75.59,,,,,,,
159040,2021-07-21 18,2021-07-21 20,NJ,1,2,0,0,0,1,34005,39.92,-74.86,40.04,-74.74000000000001,,,,,,,
162103,2021-07-21 19,2021-07-22 06,AZ,7,7,0,0,0,3,04001;04005;04025,34.43,-112.72,36.32,-109.06,,,,,,,
159932,2021-07-21 20,2021-07-21 20,TX,1,1,0,0,25000,1,48201,29.75,-95.63,29.86,-95.46000000000001,,,,,,,
160875,2021-07-21 20,2021-07-22 03,CO,2,1,0,0,15000,1,08049,39.82,-106.11999999999999,40.22,-105.99000000000001,,,,,,,
163485,2021-07-21 20,2021-07-21 23,NM,1,0,0,0,500000,1,35055,36.14,-105.77,36.26,-105.62,,,,,,,
161596,2021-07-21 22,2021-07-22 04,CO,4,4,0,0,0,3,08023;08027;08043,37.36,-105.74,38.35,-105.38,,,,,,,
161624,2021-07-21 23,2021-07-22 00,AZ,2,2,0,0,0,1,04013,33.88,-112.77,34.029999999999994,-112.64,,,,,,,
159225,2021-07-22 02,2021-07-22 03,NM,1,1,0,0,150000,1,35045,36.06,-108.1,36.169999999999995,-107.92,,,,,,,
159118,2021-07-22 21,2021-07-23 01,NM,1,1,0,0,100000,1,35003,33.910000000000004,-108.34,34.089999999999996,-108.1,,,,,,,
160877,2021-07-22 21,2021-07-23 01,CO,2,1,0,0,20000,1,08049,39.83,-106.13,40.21,-105.97,,,,,,,
161510,2021-07-22 21,2021-07-27 01,NV,8,10,0,0,79000,3,32003;32017;32023,36.02,-116.03,37.93,-114.25,,,,,,,
162106,2021-07-22 22,2021-07-23 00,AZ,2,2,0,0,0,2,04005;04017,34.19,-111.76,36.74,-109.9,,,,,,,
161611,2021-07-22 23,2021-07-23 11,AZ,7,8,1,0,1955000,4,04003;04009;04019;04021,31.36,-111.51,32.97,-109.51,,,,,,,
161630,2021-07-23 01,2021-07-23 01,CA,1,1,0,0,0,1,06025,33.25,-116.03999999999999,33.36,-115.93,,,,,,,
161629,2021-07-23 03,2021-07-24 01,AZ,19,30,0,0,204000,3,04007;04013;04021,32.78,-112.13,33.98,-110.88,,,,,,,
162147,2021-07-23 07,2021-07-24 10,AZ,10,20,0,0,0,5,04001;04005;04007;04017;04025,33.83,-112.33,36.87,-109.39,,,,,,,
160805,2021-07-23 20,2021-07-23 22,GA,2,2,0,0,5000,1,13071,31.0,-83.85,31.150000000000002,-83.73,,,,,,,
159119,2021-07-23 21,2021-07-24 05,NM,4,3,0,0,440000,4,35003;35006;35039;35053,33.95,-108.75,36.42,-106.49,,,,,,,
161650,2021-07-23 22,2021-07-24 00,CO,1,0,0,10,0,1,08049,39.77,-106.11999999999999,39.91,-106.0,,,,,,,
159624,2021-07-23 23,2021-07-23 23,CO,1,1,0,0,5000,1,08045,39.480000000000004,-107.83,39.58,-107.73,,,,,,,
161440,2021-07-23 23,2021-07-25 02,AL,2,6,0,0,0,1,01125,33.150000000000006,-87.61999999999999,33.279999999999994,-87.46000000000001,,,,,,,
161001,2021-07-24 00,2021-07-24 02,TX,1,1,0,0,0,1,48141,31.849999999999998,-106.66,31.970000000000002,-106.55,,,,,,,
161002,2021-07-24 00,2021-07-24 02,NM,1,1,0,0,0,1,35013,32.42,-107.0,32.55,-106.87,,,,,,,
161936,2021-07-24 00,2021-07-24 02,CO,1,1,0,0,0,1,08015,38.870000000000005,-106.22,38.98,-106.11,,,,,,,
161724,2021-07-24 13,2021-07-24 13,MI,1,1,0,0,0,1,26055,44.7,-85.69,44.8,-85.57000000000001,,,,,,,
161333,2021-07-24 20,2021-07-27 20,UT,15,19,0,0,480000,5,49017;49021;49025;49053;49055,37.0,-113.81,38.29,-111.07,,,,,,,
161509,2021-07-24 20,2021-07-26 07,AZ,10,22,0,0,54000,1,04015,34.47,-114.35,36.99,-112.98,,,,,,,
161948,2021-07-24 20,2021-07-25 02,CO,4,4,0,0,0,2,08101;08109,37.96,-105.68,38.41,-104.61,,,,,,,
161688,2021-07-24 21,2021-07-24 22,AZ,1,1,0,0,0,1,04007,33.31,-110.83,33.43,-110.72,,,,,,,
162202,2021-07-24 23,2021-07-25 12,AZ,10,14,1,0,0,4,04001;04005;04017;04025,34.34,-112.24,36.51,-109.32,,,,,,,
159150,2021-07-25 00,2021-07-25 04,MI,2,0,0,0,0,2,26125;26163,42.31,-83.28,42.61,-83.1,,,,,,,
159163,2021-07-25 01,2021-07-25 05,VA,1,1,0,0,25000,1,51029,37.6,-78.74,37.709999999999994,-78.63000000000001,,,,,,,
161671,2021-07-25 02,2021-07-25 04,NC,1,1,0,0,1000,1,37149,35.14,-82.03,35.309999999999995,-81.92,,,,,,,
161672,2021-07-25 02,2021-07-25 04,SC,1,1,0,0,1000,1,45083,35.13,-82.0,35.239999999999995,-81.88,,,,,,,
161612,2021-07-25 05,2021-07-28 02,AZ,9,8,0,0,165000,3,04019;04021;04023,31.34,-111.39,32.65,-110.65,,,,,,,
162203,2021-07-25 08,2021-07-26 04,AZ,9,8,2,0,0,4,04001;04005;04017;04025,34.06,-113.07,35.98,-109.5,,,,,,,
161511,2021-07-25 14,2021-07-25 16,IL,1,2,0,0,0,1,17163,38.290000000000006,-89.93,38.449999999999996,-89.71,,,,,,,
161690,2021-07-25 15,2021-07-26 03,AZ,22,23,0,0,235000,4,04007;04012;04013;04021,32.89,-114.31,34.16,-110.77,,,,,,,
161512,2021-07-25 16,2021-07-25 18,MO,2,5,0,0,60000,2,29099;29189,38.42,-90.6,38.559999999999995,-90.4,,,,,,,
159140,2021-07-25 20,2021-07-26 03,NM,2,2,0,0,20000,2,35027;35043,33.52,-106.71,35.76,-105.62,,,,,,,
161949,2021-07-25 20,2021-07-26 04,CO,5,7,0,0,0,3,08027;08043;08055,37.46,-105.29,38.5,-105.09,,,,,,,
161684,2021-07-25 22,2021-07-25 22,TN,2,2,0,0,0,2,47037;47125,36.13,-87.38,36.55,-86.62,,,,,,,
161779,2021-07-25 23,2021-07-26 11,CA,4,9,0,0,5000,1,06065,33.58,-116.19,33.97,-115.26,,,,,,,
159244,2021-07-26 00,2021-07-26 06,AL,1,1,0,0,0,1,01103,34.28,-86.97,34.4,-86.85000000000001,,,,,,,
159627,2021-07-26 03,2021-07-26 03,CO,1,0,0,0,10000,1,08077,38.910000000000004,-108.71,39.029999999999994,-108.60000000000001,,,,,,,
161043,2021-07-26 03,2021-07-26 06,MD,2,3,0,0,0,1,24015,39.56,-76.17999999999999,39.709999999999994,-75.99000000000001,,,,,,,
161478,2021-07-26 10,2021-07-26 13,CA,5,6,0,0,6000,1,06065,33.56,-116.41,33.75,-115.99,,,,,,,
159167,2021-07-26 19,2021-07-27 04,NM,3,4,0,0,145000,3,35007;35027;35043,33.69,-106.45,36.58,-105.04,,,,,,,
161676,2021-07-26 19,2021-07-27 00,CA,7,7,0,0,26000,2,06027;06071,35.48,-117.2,36.79,-116.16,,,,,,,
161473,2021-07-26 20,2021-07-27 00,VA,10,10,0,0,0,4,51041;51149;51570;51730,37.22,-77.72,37.35,-77.18,,,,,,,
161003,2021-07-26 22,2021-07-27 00,NM,1,1,0,0,0,1,35013,32.370000000000005,-106.53999999999999,32.489999999999995,-106.43,,,,,,,
161653,2021-07-27 03,2021-07-27 03,NH,1,0,0,1,20000,1,33007,44.400000000000006,-71.61999999999999,44.529999999999994,-71.46000000000001,,,,,,,
160567,2021-07-27 05,2021-07-27 06,NC,2,2,0,0,0,1,37079,35.45,-77.73,35.599999999999994,-77.62,,,,,,,
159544,2021-07-27 06,2021-07-27 09,NC,6,6,0,0,125000,3,37085;37101;37195,35.29,-78.61,35.72,-77.91,,,,,,,
162257,2021-07-27 06,2021-07-28 04,AZ,2,2,0,0,0,1,04005,35.1,-111.61,36.87,-111.31,,,,,,,
159213,2021-07-27 17,2021-07-28 03,NM,3,3,1,0,25000,3,35001;35033;35045,35.14,-108.26,37.0,-105.37,,,,,,,
161441,2021-07-27 20,2021-07-27 22,AL,1,1,0,0,0,1,01117,33.190000000000005,-86.89,33.309999999999995,-86.75,,,,,,,
161826,2021-07-27 21,2021-07-27 22,AZ,1,1,0,0,0,1,04007,33.330000000000005,-110.83,33.44,-110.72,,,,,,,
160807,2021-07-27 23,2021-07-28 00,GA,9,9,0,0,0,2,13095;13177,31.53,-84.21,31.65,-84.08,,,,,,,
161372,2021-07-28 00,2021-07-28 00,LA,2,2,0,0,75000,1,22033,30.45,-91.23,30.57,-91.11,,,,,,,
159774,2021-07-28 02,2021-07-28 02,CO,3,0,0,0,800000,1,08067,37.06,-107.84,37.22,-107.69,,,,,,,
161046,2021-07-28 02,2021-07-28 03,VA,1,2,0,0,0,1,51015,38.09,-79.11999999999999,38.199999999999996,-79.01,,,,,,,
159857,2021-07-28 13,2021-07-28 17,SC,1,2,0,0,100000,1,45029,32.84,-80.77,32.98,-80.61,,,,,,,
161827,2021-07-28 20,2021-07-28 22,CA,2,2,0,0,0,2,06065;06071,33.91,-116.15,34.11,-115.89,,,,,,,
161297,2021-07-28 21,2021-07-28 23,ID,1,1,0,0,0,1,16013,43.71,-114.64,43.839999999999996,-114.48,,,,,,,
160817,2021-07-28 22,2021-07-29 01,WY,1,0,0,0,750000,1,56037,41.53,-109.34,41.66,-109.22,,,,,,,
159259,2021-07-28 23,2021-07-29 00,SC,1,2,0,0,5000,1,45079,33.93,-81.08,34.04,-80.97,,,,,,,
159630,2021-07-29 02,2021-07-29 02,UT,1,1,0,0,2500000,1,49019,38.510000000000005,-109.61,38.62,-109.5,,,,,,,
162297,2021-07-29 02,2021-07-29 04,AZ,2,3,0,0,0,1,04017,34.38,-110.29,34.92,-110.13,,,,,,,
160588,2021-07-29 16,2021-07-29 19,OH,1,1,0,0,100000,1,39007,41.790000000000006,-80.86,41.91,-80.75,,,,,,,
159396,2021-07-29 20,2021-07-30 00,PA,2,2,0,0,0,2,42017;42025,40.4,-75.62,40.81,-75.04,,,,,,,
159403,2021-07-29 20,2021-07-29 22,NM,1,1,0,0,0,1,35043,35.970000000000006,-107.00999999999999,36.089999999999996,-106.89,,,,,,,
159776,2021-07-29 21,2021-07-30 23,WY,3,4,0,0,0,1,56001,41.1,-106.27,41.3,-106.03,,,,,,,
161834,2021-07-29 21,2021-07-30 06,AZ,5,8,0,0,40000000,2,04007;04013,33.38,-111.96,33.9,-110.83,,,,,,,
161042,2021-07-29 22,2021-07-30 01,NY,24,26,0,0,130000,2,36091;36115,43.08,-73.75,43.42,-73.41,,,,,,,
161614,2021-07-29 22,2021-07-30 03,AZ,2,2,1,1,0,2,04019;04023,31.58,-112.82,31.99,-110.92,,,,,,,
161808,2021-07-29 22,2021-07-29 23,NJ,5,5,0,0,0,3,34003;34013;34031,40.760000000000005,-74.3,40.94,-74.06,,,,,,,
161810,2021-07-29 22,2021-07-29 22,CT,1,1,0,0,0,1,09001,41.150000000000006,-73.27,41.269999999999996,-73.15,,,,,,,
162311,2021-07-29 22,2021-07-30 05,AZ,4,11,0,0,0,4,04001;04005;04007;04025,33.82,-112.34,35.85,-109.68,,,,,,,
159397,2021-07-29 23,2021-07-30 02,NJ,8,14,0,0,0,4,34005;34021;34023;34025,40.07,-74.83,40.34,-74.03,,,,,,,
161616,2021-07-29 23,2021-08-01 03,AZ,3,3,0,0,13000,1,04015,34.73,-114.13,35.78,-113.61,,,,,,,
159606,2021-07-30 00,2021-07-30 02,OH,1,4,0,0,0,1,39131,39.010000000000005,-83.19,39.15,-83.07000000000001,,,,,,,
161044,2021-07-30 00,2021-07-30 02,VT,18,6,0,1,4230000,2,50003;50025,42.9,-73.27,43.23,-72.44,,,,,,,
161377,2021-07-30 00,2021-08-01 04,UT,12,11,0,0,300000,7,49013;49017;49021;49025;49049;49053;49055,37.0,-113.3,40.17,-110.54,,,,,,,
160549,2021-07-30 01,2021-07-30 03,WV,2,2,0,0,0,1,54061,39.57,-80.03999999999999,39.69,-79.9,,,,,,,
161654,2021-07-30 01,2021-07-30 07,NH,20,22,0,0,2174000,6,33001;33005;33011;33013;33017;33019,42.74,-72.39,43.57,-70.99,,,,,,,
159400,2021-07-30 02,2021-07-30 04,IN,2,1,0,0,20000,2,18005;18145,39.300000000000004,-85.83,39.419999999999995,-85.67,,,,,,,
159607,2021-07-30 02,2021-07-30 04,KY,2,1,0,0,100000,1,21135,38.540000000000006,-83.6,38.739999999999995,-83.16,,,,,,,
159632,2021-07-30 04,2021-07-30 09,KY,18,19,0,0,2030000,8,21011;21025;21109;21165;21175;21197;21205;21237,37.49,-84.17,38.18,-83.34,,,,,,,
161577,2021-07-30 04,2021-07-30 09,KY,4,4,1,0,2005000,3,21049;21151;21181,37.73,-84.26,38.33,-84.0,,,,,,,
161486,2021-07-30 19,2021-07-31 06,CO,6,4,0,0,95000,3,08013;08049;08069,39.97,-106.16,40.71,-105.0,,,,,,,
161798,2021-07-30 20,2021-07-31 02,CA,1,4,0,0,20000,1,06071,34.120000000000005,-116.95,34.239999999999995,-116.84,,,,,,,
161314,2021-07-30 21,2021-07-30 23,ID,3,3,0,0,0,2,16031;16077,42.04,-114.0,42.57,-112.85,,,,,,,
160159,2021-07-30 22,2021-07-31 00,MO,1,1,0,0,0,1,29023,36.67,-90.50999999999999,36.79,-90.33,,,,,,,
161617,2021-07-30 22,2021-07-31 04,CA,4,6,0,0,14000,2,06027;06071,34.12,-117.32,36.42,-116.24,,,,,,,
159777,2021-07-30 23,2021-07-31 02,WY,1,2,0,0,0,1,56031,41.7,-104.91,41.809999999999995,-104.78,,,,,,,
162384,2021-07-30 23,2021-07-31 02,AZ,1,3,0,0,0,1,04007,34.290000000000006,-111.45,34.459999999999994,-111.29,,,,,,,
159421,2021-07-31 00,2021-07-31 02,NV,1,1,0,0,0,1,32007,40.59,-115.46,40.709999999999994,-115.32000000000001,,,,,,,
160821,2021-07-31 01,2021-07-31 03,WY,1,1,0,0,0,1,56037,41.550000000000004,-109.33,41.66,-109.22,,,,,,,
161615,2021-07-31 01,2021-07-31 05,AZ,3,2,0,0,5000,1,04019,31.99,-112.84,32.34,-110.83,,,,,,,
161835,2021-07-31 01,2021-07-31 04,CA,4,5,0,0,10000,2,06025;06065,32.74,-115.87,33.92,-114.71,,,,,,,
160820,2021-07-31 02,2021-07-31 13,WY,1,1,0,0,0,1,56025,42.71,-106.39,42.82,-106.28,,,,,,,
159550,2021-07-31 03,2021-08-01 03,NV,2,2,0,0,0,2,32005;32021,38.54,-119.65,38.95,-118.34,,,,,,,
161627,2021-07-31 13,2021-07-31 15,MO,1,3,0,0,0,1,29127,39.63,-91.48,39.739999999999995,-91.32,,,,,,,
161628,2021-07-31 14,2021-07-31 17,IL,1,2,0,0,0,1,17061,39.25,-90.64999999999999,39.46,-90.53,,,,,,,
161618,2021-07-31 18,2021-07-31 20,NV,1,1,0,0,2000,1,32017,37.56,-114.78,37.669999999999995,-114.66,,,,,,,
159404,2021-07-31 19,2021-07-31 23,NM,2,1,0,0,40000,2,35033;35049,35.37,-106.19,36.22,-105.33,,,,,,,
161487,2021-07-31 19,2021-08-01 00,CO,4,0,0,0,40000,2,08013;08069,40.11,-105.69,40.71,-105.28,,,,,,,
159711,2021-07-31 21,2021-08-01 01,CO,3,4,0,0,20000,2,08077;08113,38.02,-108.75,39.35,-108.1,,,,,,,
161315,2021-07-31 21,2021-08-01 04,ID,3,3,0,0,0,3,16031;16071;16077,42.16,-114.27,42.73,-112.12,,,,,,,
162385,2021-07-31 21,2021-08-01 01,AZ,2,2,1,0,0,2,04005;04025,34.58,-112.22,36.99,-111.28,,,,,,,
159420,2021-07-31 22,2021-08-01 01,NV,2,2,0,0,0,1,32007,40.61,-115.78,40.72,-115.65,,,,,,,
160818,2021-07-31 22,2021-08-01 01,WY,1,1,0,0,25000,1,56023,41.720000000000006,-110.61,41.849999999999994,-110.5,,,,,,,
161950,2021-07-31 22,2021-08-01 06,CO,12,23,0,0,0,6,08009;08041;08055;08071;08089;08101,37.1,-105.13,39.1,-102.35,,,,,,,
161687,2021-08-01 03,2021-08-01 04,TN,3,3,0,0,0,1,47037,36.06,-86.96,36.17,-86.76,,,,,,,
162438,2021-08-01 07,2021-08-01 11,CO,6,9,0,0,0,1,08101,38.2,-104.61,38.339999999999996,-104.46,,,,,,,
162789,2021-08-01 07,2021-08-01 22,ID,2,4,0,0,0,2,16001;16039,43.49,-116.16,43.629999999999995,-115.43,,,,,,,
162616,2021-08-01 10,2021-08-03 00,UT,13,19,1,1,11157200,10,49011;49013;49015;49021;49025;49031;49033;49035;49045;49055,37.1,-113.09,41.72,-110.86,,,,,,,
162220,2021-08-01 16,2021-08-01 18,VA,1,1,0,0,0,1,51550,36.580000000000005,-76.28,36.72,-76.15,,,,,,,
160301,2021-08-01 19,2021-08-02 14,NV,2,3,0,0,800000,2,32007;32033,39.01,-115.44,40.66,-114.18,,,,,,,
161905,2021-08-01 23,2021-08-03 01,ID,6,6,0,0,0,3,16013;16037;16077,42.41,-114.65,44.61,-112.82,,,,,,,
162629,2021-08-01 23,2021-08-02 05,AZ,5,8,0,0,0,3,04001;04007;04017,33.84,-111.38,35.9,-109.69,,,,,,,
161766,2021-08-02 01,2021-08-02 02,MT,1,0,0,0,0,1,30093,45.95,-112.61,46.08,-112.5,,,,,,,
162223,2021-08-02 04,2021-08-02 06,AZ,1,4,0,0,0,1,04007,33.78,-110.61,33.9,-110.5,,,,,,,
161746,2021-08-02 05,2021-08-02 06,NH,2,4,0,0,405000,1,33019,43.17,-72.44,43.349999999999994,-72.26,,,,,,,
162270,2021-08-02 13,2021-08-02 17,TX,8,8,0,0,0,4,48029;48091;48209;48259,29.63,-98.74,30.06,-98.02,,,,,,,
161775,2021-08-02 20,2021-08-02 21,MT,1,0,0,0,0,1,30063,47.09,-113.50999999999999,47.209999999999994,-113.38000000000001,,,,,,,
162506,2021-08-02 20,2021-08-02 22,AL,1,3,0,0,0,1,01101,32.27,-86.19,32.42,-86.03,,,,,,,
159488,2021-08-02 21,2021-08-02 23,MS,1,1,0,0,2000,1,28073,31.09,-89.46,31.2,-89.35000000000001,,,,,,,
160270,2021-08-02 22,2021-08-02 22,MT,1,1,0,0,0,1,30031,45.620000000000005,-111.1,45.73,-110.99000000000001,,,,,,,
162439,2021-08-02 23,2021-08-03 02,CO,4,4,0,0,0,3,08015;08055;08109,37.4,-106.01,38.53,-105.07,,,,,,,
162084,2021-08-03 01,2021-08-03 05,AZ,2,2,0,0,7000,1,04019,32.190000000000005,-110.83,32.309999999999995,-110.65,,,,,,,
161406,2021-08-03 17,2021-08-03 19,SC,3,3,0,0,0,2,45051;45067,33.69,-79.41,34.18,-78.82,,,,,,,
159716,2021-08-03 21,2021-08-03 21,CO,1,0,0,0,100000,1,08037,39.35,-106.49,39.459999999999994,-106.38000000000001,,,,,,,
162711,2021-08-04 02,2021-08-04 04,CO,2,0,0,0,25000,2,08049;08069,40.1,-106.05,40.47,-105.43,,,,,,,
162769,2021-08-04 12,2021-08-04 14,NC,8,8,0,0,0,3,37031;37055;37095,34.66,-77.05,35.65,-75.44,,,,,,,
162402,2021-08-04 14,2021-08-04 14,NC,2,2,0,0,0,1,37053,36.28,-75.88,36.43,-75.76,,,,,,,
162440,2021-08-04 21,2021-08-04 23,CO,1,1,0,0,0,1,08099,38.040000000000006,-102.67,38.15,-102.56,,,,,,,
159608,2021-08-05 00,2021-08-05 02,WV,1,1,0,0,8000,1,54033,39.36,-80.39,39.48,-80.22,,,,,,,
162410,2021-08-05 18,2021-08-06 21,FL,2,2,0,0,0,2,12029;12123,29.63,-83.43,29.92,-83.07,,,,,,,
162245,2021-08-07 00,2021-08-07 02,AZ,2,1,0,0,0,2,04019;04023,31.65,-111.23,31.830000000000002,-111.11,,,,,,,
161607,2021-08-07 20,2021-08-08 00,WI,3,11,0,0,392000,3,55063;55081;55123,43.72,-91.23,43.84,-90.71,,,,,,,
162404,2021-08-07 20,2021-08-07 23,VA,2,2,0,0,0,2,51115;51700,37.13,-76.52,37.39,-76.29,,,,,,,
162908,2021-08-07 22,2021-08-08 00,NC,2,2,0,0,0,1,37191,35.18,-78.07,35.29,-77.88,,,,,,,
162760,2021-08-07 23,2021-08-08 00,NY,1,1,0,0,0,1,36055,42.940000000000005,-77.83,43.05,-77.7,,,,,,,
159620,2021-08-08 00,2021-08-08 02,WI,1,1,0,0,0,1,55035,44.800000000000004,-91.56,44.91,-91.41,,,,,,,
162233,2021-08-08 02,2021-08-08 04,NE,17,29,0,0,0,4,31023;31055;31109;31153,40.9,-97.13,41.28,-95.92,,,,,,,
162792,2021-08-08 02,2021-08-08 04,IA,4,5,0,0,0,1,19155,41.18,-95.95,41.33,-95.79,,,,,,,
161726,2021-08-08 05,2021-08-08 09,WI,2,0,0,0,2000,2,55079;55089,42.98,-88.07,43.33,-87.89,,,,,,,
161161,2021-08-08 22,2021-08-09 00,VA,1,0,0,0,0,1,51165,38.330000000000005,-78.75999999999999,38.44,-78.65,,,,,,,
162034,2021-08-08 22,2021-08-09 01,IL,1,3,0,0,0,1,17113,40.5,-89.26,40.66,-89.08,,,,,,,
162400,2021-08-09 01,2021-08-09 05,AZ,3,3,0,0,0,2,04003;04023,31.37,-111.03,31.93,-109.79,,,,,,,
162145,2021-08-09 05,2021-08-09 07,IA,2,2,0,0,0,2,19037;19067,43.010000000000005,-92.69,43.129999999999995,-92.3,,,,,,,
161173,2021-08-09 11,2021-08-09 15,IL,1,0,0,0,10000,1,17191,38.38,-88.42,38.49,-88.31,,,,,,,
159785,2021-08-09 19,2021-08-09 22,DE,2,3,0,0,0,1,10001,38.92,-75.73,39.07,-75.56,,,,,,,
162420,2021-08-09 22,2021-08-10 01,CA,1,1,0,0,2000,1,06071,34.07,-115.97,34.19,-115.85000000000001,,,,,,,
161165,2021-08-09 23,2021-08-10 01,MD,3,2,0,0,0,2,24031;24033,38.910000000000004,-77.06,39.08,-76.87,,,,,,,
162647,2021-08-09 23,2021-08-10 01,AZ,1,1,0,0,0,1,04025,34.410000000000004,-112.44,34.57,-112.3,,,,,,,
162517,2021-08-10 05,2021-08-10 08,MI,1,1,0,0,1340000,1,26021,41.84,-86.67,42.019999999999996,-86.51,,,,,,,
159786,2021-08-10 09,2021-08-10 11,NJ,2,3,0,0,0,1,34005,40.03,-74.82,40.19,-74.66,,,,,,,
162525,2021-08-10 12,2021-08-12 11,AZ,12,10,0,0,268000,2,04003;04019,31.38,-112.06,32.62,-109.6,,,,,,,
162393,2021-08-10 15,2021-08-10 22,AZ,2,3,0,0,0,2,04013;04021,32.98,-112.14,33.29,-111.78,,,,,,,
162508,2021-08-10 20,2021-08-10 22,AL,1,1,0,0,0,1,01073,33.53,-86.83,33.65,-86.71000000000001,,,,,,,
162419,2021-08-10 21,2021-08-14 06,AZ,10,10,0,0,10000,1,04015,34.74,-114.24,37.0,-112.98,,,,,,,
162784,2021-08-10 21,2021-08-11 01,AZ,1,5,0,0,0,1,04025,34.4,-112.69,34.98,-112.56,,,,,,,
159847,2021-08-11 00,2021-08-11 03,WI,1,0,0,0,0,1,55009,44.42,-88.13,44.589999999999996,-88.01,,,,,,,
162411,2021-08-11 03,2021-08-11 04,AZ,2,1,0,0,0,1,04012,33.61,-114.27,33.76,-114.15,,,,,,,
162858,2021-08-11 04,2021-08-11 05,MI,4,4,0,1,325000,2,26009;26089,44.8,-86.06,44.94,-85.19,,,,,,,
162401,2021-08-11 05,2021-08-12 04,CA,3,2,0,0,0,1,06073,33.25,-116.42,33.37,-116.24,,,,,,,
162412,2021-08-11 05,2021-08-11 09,CA,2,1,0,0,15000,1,06025,32.79,-114.9,33.42,-114.72,,,,,,,
162518,2021-08-11 10,2021-08-13 03,AZ,12,11,0,0,10000,3,04007;04012;04013,32.98,-114.05,33.98,-110.9,,,,,,,
161208,2021-08-11 12,2021-08-11 13,IA,2,2,0,0,0,1,19057,40.760000000000005,-91.23,40.879999999999995,-91.07000000000001,,,,,,,
159822,2021-08-11 14,2021-08-11 18,WV,3,2,0,0,9000,3,54005;54015;54081,37.76,-81.61,38.48,-81.06,,,,,,,
159849,2021-08-11 19,2021-08-11 23,WI,1,2,0,0,10000,1,55073,44.86,-90.11,44.989999999999995,-89.96,,,,,,,
159677,2021-08-11 21,2021-08-11 23,PA,1,2,0,0,0,1,42043,40.18,-76.96,40.339999999999996,-76.81,,,,,,,
162666,2021-08-12 00,2021-08-12 02,NC,1,3,0,0,1000,1,37119,35.14,-80.89,35.309999999999995,-80.75,,,,,,,
162788,2021-08-12 00,2021-08-12 02,AZ,1,1,0,0,0,1,04025,34.54,-112.64999999999999,34.69,-112.51,,,,,,,
162852,2021-08-12 01,2021-08-12 02,NM,1,1,0,0,0,1,35029,31.8,-108.07,31.91,-107.91,,,,,,,
162322,2021-08-12 08,2021-08-12 13,MI,2,0,0,0,100000,2,26093;26099,42.51,-84.05,42.67,-82.99,,,,,,,
161073,2021-08-12 15,2021-08-12 20,IL,1,4,0,0,12200000,1,17053,40.4,-88.50999999999999,40.51,-88.4,,,,,,,
162036,2021-08-12 15,2021-08-13 00,IL,2,2,0,0,0,2,17113;17173,39.58,-89.02,40.58,-88.45,,,,,,,
162075,2021-08-12 17,2021-08-12 18,IA,1,1,0,0,0,1,19007,40.56,-92.98,40.69,-92.87,,,,,,,
161711,2021-08-12 22,2021-08-13 04,PA,6,10,0,0,25000,3,42003;42065;42129,40.15,-80.09,41.17,-79.09,,,,,,,
162256,2021-08-12 22,2021-08-13 00,KS,1,1,0,0,0,1,20109,38.910000000000004,-101.24,39.029999999999994,-101.13000000000001,,,,,,,
162639,2021-08-12 23,2021-08-13 00,UT,1,2,0,0,0,1,49025,36.96,-112.6,37.08,-112.48,,,,,,,
159823,2021-08-13 00,2021-08-13 03,NM,1,1,0,0,20000,1,35011,34.31,-104.25,34.44,-104.14,,,,,,,
162854,2021-08-13 01,2021-08-13 05,TX,2,5,2,0,0,1,48141,31.72,-106.52,31.91,-106.39,,,,,,,
162474,2021-08-13 02,2021-08-13 04,FL,1,1,0,0,1000,1,12086,25.759999999999998,-80.17999999999999,25.87,-80.07000000000001,,,,,,,
162857,2021-08-13 02,2021-08-13 05,NM,1,2,0,0,750000,1,35013,31.9,-106.73,32.01,-106.60000000000001,,,,,,,
162555,2021-08-13 03,2021-08-13 04,KS,1,1,0,0,0,1,20091,38.830000000000005,-94.84,38.94,-94.72,,,,,,,
162421,2021-08-13 04,2021-08-13 06,NV,1,1,0,0,2000,1,32003,36.1,-114.86999999999999,36.209999999999994,-114.76,,,,,,,
161930,2021-08-13 07,2021-08-13 09,AR,1,1,0,0,20000,1,05031,35.800000000000004,-90.77,35.93,-90.64,,,,,,,
162168,2021-08-13 07,2021-08-13 11,KS,2,2,0,0,0,2,20045;20111,38.43,-96.24,38.99,-95.23,,,,,,,
160862,2021-08-13 16,2021-08-13 19,MO,2,2,0,0,0,2,29023;29207,36.84,-90.58,36.96,-90.13,,,,,,,
159828,2021-08-13 18,2021-08-13 21,WV,1,1,0,0,2000,1,54005,38.040000000000006,-81.92999999999999,38.15,-81.78,,,,,,,
159881,2021-08-13 19,2021-08-13 22,OH,1,1,0,0,3000,1,39087,38.38,-82.42999999999999,38.5,-82.32000000000001,,,,,,,
159824,2021-08-13 20,2021-08-13 23,NM,1,1,0,0,0,1,35027,33.53,-105.78,33.65,-105.65,,,,,,,
162037,2021-08-13 20,2021-08-13 23,TN,1,1,0,0,20000,1,47157,34.99,-90.0,35.19,-89.89,,,,,,,
162746,2021-08-13 20,2021-08-13 23,OK,2,2,0,0,0,1,40109,35.43,-97.6,35.559999999999995,-97.44,,,,,,,
159939,2021-08-13 21,2021-08-14 05,AL,3,3,0,0,0,1,01033,34.68,-87.77,34.8,-87.61,,,,,,,
162044,2021-08-13 23,2021-08-14 01,NY,4,4,0,0,0,1,36001,42.57,-73.98,42.739999999999995,-73.83,,,,,,,
162899,2021-08-13 23,2021-08-14 03,TX,2,4,0,0,100000,1,48141,31.8,-106.61,31.92,-105.92,,,,,,,
161713,2021-08-14 00,2021-08-14 04,PA,3,5,0,0,65000,3,42003;42085;42121,40.49,-80.25,41.51,-79.65,,,,,,,
162087,2021-08-14 00,2021-08-14 01,CO,1,0,0,0,10000,1,08049,40.2,-106.11,40.33,-105.95,,,,,,,
162606,2021-08-14 00,2021-08-14 04,AZ,3,5,0,0,22000,2,04003;04009,31.9,-110.3,32.62,-109.67,,,,,,,
162898,2021-08-14 01,2021-08-14 03,NM,2,5,0,0,250000,1,35013,31.95,-106.73,32.33,-106.57000000000001,,,,,,,
162570,2021-08-14 05,2021-08-14 17,AZ,21,20,2,0,25134500,3,04012;04013;04021,32.81,-113.95,33.89,-111.09,,,,,,,
162900,2021-08-14 09,2021-08-14 20,NM,3,5,0,0,250000,2,35013;35035,31.95,-106.68,32.95,-105.37,,,,,,,
162901,2021-08-14 17,2021-08-14 19,TX,1,0,0,0,0,1,48141,31.849999999999998,-106.67,31.98,-106.55,,,,,,,
159852,2021-08-14 21,2021-08-14 22,KY,1,1,0,0,0,1,21069,38.24,-83.78,38.349999999999994,-83.67,,,,,,,
162512,2021-08-14 21,2021-08-16 22,KY,6,6,0,0,0,2,21123;21181,37.5,-85.8,38.34,-84.03,,,,,,,
159821,2021-08-14 23,2021-08-15 03,MS,2,2,0,0,4000,2,28073;28133,31.25,-90.66,33.45,-89.48,,,,,,,
162607,2021-08-14 23,2021-08-15 02,AZ,3,8,0,0,23000,2,04003;04019,31.7,-110.78,32.28,-109.7,,,,,,,
162651,2021-08-14 23,2021-08-14 23,NC,1,1,0,0,0,1,37081,36.02,-79.88,36.14,-79.76,,,,,,,
160732,2021-08-15 01,2021-08-15 02,TN,2,2,0,0,0,2,47093;47123,35.36,-84.3,35.96,-83.89,,,,,,,
161917,2021-08-15 03,2021-08-15 05,MD,1,1,0,0,0,1,24009,38.52,-76.6,38.629999999999995,-76.49000000000001,,,,,,,
162702,2021-08-15 03,2021-08-15 05,VA,1,1,0,0,0,1,51085,37.68,-77.52,37.79,-77.4,,,,,,,
161918,2021-08-15 04,2021-08-15 09,VA,10,10,0,0,0,3,51013;51059;51510,38.73,-77.19,38.88,-77.04,,,,,,,
162542,2021-08-15 12,2021-08-15 13,TX,2,2,0,0,0,1,48451,31.36,-100.53999999999999,31.48,-100.42,,,,,,,
159869,2021-08-15 14,2021-08-15 16,WV,2,4,0,0,30000,1,54043,38.150000000000006,-81.96,38.309999999999995,-81.81,,,,,,,
162313,2021-08-15 18,2021-08-15 22,TX,5,2,0,0,10000,1,48453,30.21,-97.86,30.35,-97.68,,,,,,,
162713,2021-08-15 21,2021-08-16 03,VA,8,8,0,0,0,3,51041;51087;51760,37.24,-77.62,37.64,-77.41,,,,,,,
159936,2021-08-15 22,2021-08-16 02,NM,2,2,0,0,35000,2,35045;35055,36.29,-108.03,36.88,-106.04,,,,,,,
159851,2021-08-15 23,2021-08-16 02,KY,2,2,0,0,0,1,21125,37.06,-84.16,37.199999999999996,-84.04,,,,,,,
161312,2021-08-15 23,2021-08-16 00,WY,1,3,0,0,0,1,56001,41.24,-105.61,41.36,-105.5,,,,,,,
162213,2021-08-16 00,2021-08-16 01,LA,1,1,0,0,0,1,22019,30.11,-93.31,30.240000000000002,-93.2,,,,,,,
159938,2021-08-16 01,2021-08-16 08,AL,1,1,0,0,0,1,01071,34.74,-86.08,34.849999999999994,-85.96000000000001,,,,,,,
160735,2021-08-16 04,2021-08-16 06,TN,1,1,0,0,0,1,47011,35.1,-84.98,35.22,-84.87,,,,,,,
162679,2021-08-16 08,2021-08-16 17,NC,2,3,0,0,6000500,2,37109;37175,35.13,-82.9,35.53,-81.27,,,,,,,
162754,2021-08-16 19,2021-08-17 00,VA,8,8,0,0,0,5,51041;51087;51093;51710;51740,36.83,-77.61,37.61,-76.28,,,,,,,
162302,2021-08-16 20,2021-08-17 04,FL,35,35,0,0,100000,5,12005;12013;12059;12063;12133,30.17,-85.77,30.88,-85.06,,,,,,,
162695,2021-08-16 20,2021-08-18 04,AZ,10,8,0,0,769000,4,04003;04009;04019;04021,31.33,-111.48,32.75,-109.24,,,,,,,
162907,2021-08-16 20,2021-08-16 22,NM,1,0,0,0,0,1,35017,32.71,-107.98,32.839999999999996,-107.86,,,,,,,
159889,2021-08-16 21,2021-08-16 22,TX,1,1,0,0,0,1,48201,29.7,-95.53,29.86,-95.41,,,,,,,
162810,2021-08-16 22,2021-08-17 03,AZ,3,1,0,0,0,2,04001;04017,34.38,-110.62,34.67,-109.65,,,,,,,
161924,2021-08-16 23,2021-08-17 06,VA,2,3,0,0,0,2,51059;51510,38.8,-77.15,38.93,-77.03,,,,,,,
161926,2021-08-17 01,2021-08-17 03,WV,2,1,0,0,0,1,54065,39.6,-78.2,39.73,-78.04,,,,,,,
162301,2021-08-17 01,2021-08-17 03,AL,1,1,0,0,0,1,01045,31.259999999999998,-85.53999999999999,31.37,-85.43,,,,,,,
161925,2021-08-17 04,2021-08-17 06,DC,1,1,0,0,0,1,11001,38.900000000000006,-77.11,39.01,-77.0,,,,,,,
161923,2021-08-17 05,2021-08-17 06,MD,1,2,0,0,0,1,24031,39.0,-77.07,39.12,-76.96000000000001,,,,,,,
162889,2021-08-17 05,2021-08-17 16,AZ,7,7,0,0,1000,3,04007;04013;04021,33.0,-112.45,33.63,-110.85,,,,,,,
160528,2021-08-17 10,2021-08-17 23,GA,8,8,0,0,20000,5,13035;13089;13135;13285;13311,32.9,-85.05,34.74,-83.67,,,,,,,
162541,2021-08-17 13,2021-08-17 16,TX,5,6,0,0,0,2,48235;48451,31.25,-100.82,31.48,-100.45,,,,,,,
161176,2021-08-17 14,2021-08-17 17,OK,2,2,0,0,25000,1,40135,35.440000000000005,-95.04,35.589999999999996,-94.91,,,,,,,
160133,2021-08-17 16,2021-08-17 18,OH,2,2,0,0,75000,2,39049;39089,39.9,-82.88,40.0,-82.68,,,,,,,
162690,2021-08-17 17,2021-08-17 20,GA,1,0,0,0,2000,1,13137,34.39,-83.67,34.51,-83.56,,,,,,,
159930,2021-08-17 18,2021-08-17 21,DE,3,3,0,0,0,1,10003,39.550000000000004,-75.78999999999999,39.739999999999995,-75.65,,,,,,,
162681,2021-08-17 19,2021-08-18 22,NC,9,8,5,0,204507000,8,37011;37021;37087;37089;37111;37115;37175;37199,35.23,-82.95,36.12,-81.9,,,,,,,
162862,2021-08-17 19,2021-08-18 09,AZ,6,12,0,0,0,2,04005;04025,34.57,-112.1,36.14,-111.17,,,,,,,
162315,2021-08-17 22,2021-08-18 01,TX,1,1,0,0,0,1,48465,29.34,-100.98,29.44,-100.87,,,,,,,
162361,2021-08-17 23,2021-08-18 04,NY,10,10,0,0,105000,3,36011;36023;36067,42.66,-76.57,43.06,-76.03,,,,,,,
162507,2021-08-17 23,2021-08-18 00,CO,1,0,0,0,10000,1,08069,40.440000000000005,-105.42,40.559999999999995,-105.26,,,,,,,
162388,2021-08-18 02,2021-08-18 06,NC,1,1,0,0,25000,1,37189,36.14,-81.73,36.26,-81.62,,,,,,,
162640,2021-08-18 05,2021-08-19 20,UT,16,20,0,0,336000,5,49017;49021;49025;49053;49055,37.19,-113.21,38.26,-110.78,,,,,,,
160261,2021-08-18 08,2021-08-18 13,WV,4,4,0,0,18000,2,54011;54043,38.23,-82.13,38.43,-81.97,,,,,,,
160268,2021-08-18 09,2021-08-18 14,OH,10,10,0,0,33000,4,39009;39087;39105;39163,38.48,-82.64,39.53,-82.06,,,,,,,
160180,2021-08-18 11,2021-08-18 13,TX,3,3,0,0,0,1,48423,32.3,-95.36,32.42,-95.17,,,,,,,
162866,2021-08-18 11,2021-08-19 21,AZ,11,24,0,0,0,4,04005;04007;04017;04025,33.77,-112.57,36.87,-110.38,,,,,,,
161016,2021-08-18 15,2021-08-19 04,AZ,34,39,2,0,8124000,3,04007;04013;04021,33.06,-112.21,33.97,-110.76,,,,,,,
160477,2021-08-18 17,2021-08-19 04,PA,4,4,0,0,0,3,42013;42071;42133,40.01,-78.23,40.48,-76.33,,,,,,,
162316,2021-08-18 17,2021-08-18 18,TX,1,1,0,0,0,1,48137,29.73,-100.08,29.84,-99.96000000000001,,,,,,,
162115,2021-08-18 20,2021-08-19 01,TN,3,3,0,0,0,2,47015;47037,35.81,-86.81,36.17,-86.08,,,,,,,
162513,2021-08-18 21,2021-08-19 13,KY,2,2,0,0,0,2,21073;21213,36.74,-86.7,38.18,-84.89,,,,,,,
162459,2021-08-18 22,2021-08-19 07,NY,19,12,1,1,33500000,3,36099;36101;36123,42.02,-77.65,42.69,-76.81,,,,,,,
162460,2021-08-19 01,2021-08-19 02,PA,1,1,0,0,10000,1,42015,41.910000000000004,-76.49,42.019999999999996,-76.38000000000001,,,,,,,
160226,2021-08-19 03,2021-08-19 10,PA,33,48,0,0,0,7,42029;42045;42077;42089;42091;42095;42101,39.96,-75.71,41.08,-75.01,,,,,,,
160856,2021-08-19 10,2021-08-19 11,IN,1,1,0,0,0,1,18147,37.88,-87.05,38.05,-86.82,,,,,,,
161870,2021-08-19 12,2021-08-19 13,CT,4,0,0,0,153000,1,09003,41.720000000000006,-72.82,41.849999999999994,-72.65,,,,,,,
160344,2021-08-19 13,2021-08-19 23,WV,13,14,0,0,63000,5,54005;54007;54035;54053;54099,38.06,-82.51,38.92,-80.71,,,,,,,
161177,2021-08-19 13,2021-08-19 18,OK,2,2,0,0,0,2,40023;40127,34.09,-95.53999999999999,34.22,-95.37,,,,,,,
161869,2021-08-19 15,2021-08-19 15,MA,2,0,0,0,10000,1,25027,42.230000000000004,-71.86,42.349999999999994,-71.72,,,,,,,
162605,2021-08-19 15,2021-08-19 17,KY,4,4,0,0,400000,1,21237,37.59,-83.53,37.769999999999996,-83.38000000000001,,,,,,,
160340,2021-08-19 19,2021-08-19 22,OH,2,2,0,0,6000,1,39009,39.260000000000005,-82.11,39.4,-81.93,,,,,,,
160529,2021-08-19 19,2021-08-20 02,GA,10,10,0,0,180000,1,13233,33.93,-85.33,34.06,-85.07,,,,,,,
160141,2021-08-19 20,2021-08-19 23,MS,1,2,0,0,4000,1,28087,33.42,-88.38,33.519999999999996,-88.25,,,,,,,
160335,2021-08-19 20,2021-08-19 22,VA,2,2,0,0,6000,1,51027,37.290000000000006,-82.19,37.48,-82.01,,,,,,,
166997,2021-08-19 20,2021-08-19 21,OH,1,0,0,0,100000,1,39155,41.14,-80.82,41.25,-80.71000000000001,,,,,,,
160011,2021-08-19 22,2021-08-20 04,AL,4,4,0,0,0,1,01059,34.290000000000006,-87.82,34.41,-87.65,,,,,,,
160142,2021-08-19 22,2021-08-20 01,LA,1,1,0,0,1000,1,22083,32.42,-91.82,32.54,-91.71000000000001,,,,,,,
162094,2021-08-19 23,2021-08-20 01,TN,1,2,0,0,0,1,47157,35.010000000000005,-89.75,35.129999999999995,-89.62,,,,,,,
162222,2021-08-19 23,2021-08-20 00,TX,1,0,0,0,50000,1,48135,31.8,-102.45,31.96,-102.32000000000001,,,,,,,
162078,2021-08-20 00,2021-08-20 00,NE,1,1,0,0,0,1,31101,41.07,-101.78999999999999,41.19,-101.68,,,,,,,
162562,2021-08-20 00,2021-08-20 02,VA,1,0,0,0,25000,1,51770,37.220000000000006,-80.0,37.33,-79.89,,,,,,,
162089,2021-08-20 01,2021-08-20 09,CO,1,6,0,0,50000,1,08095,40.39,-102.36,40.489999999999995,-102.05,,,,,,,
162767,2021-08-20 07,2021-08-20 10,VA,1,1,0,0,0,1,51670,37.24,-77.35,37.349999999999994,-77.24000000000001,,,,,,,
162475,2021-08-20 08,2021-08-20 10,CO,1,0,0,0,10000,1,08069,40.46,-105.36999999999999,40.58,-105.2,,,,,,,
162377,2021-08-20 10,2021-08-20 14,VA,8,8,0,0,0,3,51059;51113;51510,38.38,-78.19,38.98,-77.04,,,,,,,
162902,2021-08-20 11,2021-08-20 13,TN,2,2,0,0,0,1,47019,36.31,-82.17,36.48,-82.07,,,,,,,
162667,2021-08-20 12,2021-08-20 14,DC,3,1,0,0,0,1,11001,38.84,-77.1,39.029999999999994,-76.9,,,,,,,
160864,2021-08-20 21,2021-08-21 00,MO,1,1,0,0,15000,1,29031,37.260000000000005,-89.59,37.37,-89.48,,,,,,,
162236,2021-08-20 21,2021-08-20 22,TX,1,1,0,0,1000000,1,48243,30.47,-103.88,30.59,-103.75,,,,,,,
162118,2021-08-21 10,2021-08-22 02,TN,25,19,20,0,101034600,6,47043;47081;47083;47085;47119;47161,35.53,-87.92,36.46,-87.07,,,,,,,
160858,2021-08-21 12,2021-08-21 16,KY,3,3,0,0,75000,3,21035;21145;21157,36.52,-88.51,37.01,-88.29,,,,,,,
162332,2021-08-21 19,2021-08-21 20,IL,1,2,0,0,0,1,17121,38.52,-89.06,38.68,-88.92,,,,,,,
162834,2021-08-21 20,2021-08-21 21,FL,1,1,0,0,0,1,12091,30.36,-86.67,30.470000000000002,-86.55,,,,,,,
161732,2021-08-21 21,2021-08-21 22,TX,1,1,0,0,50000,1,48381,35.07,-102.00999999999999,35.22,-101.9,,,,,,,
162785,2021-08-21 22,2021-08-22 01,NY,2,2,0,0,0,1,36013,42.1,-79.3,42.25,-79.17,,,,,,,
162612,2021-08-22 02,2021-08-22 06,NY,11,12,0,0,0,6,36005;36047;36059;36061;36081;36085,40.6,-74.08,40.83,-73.63,,,,,,,
162614,2021-08-22 02,2021-08-22 07,NJ,8,9,0,0,0,5,34003;34013;34017;34031;34039,40.66,-74.25,40.86,-74.03,,,,,,,
160873,2021-08-22 05,2021-08-22 14,NJ,31,49,0,0,0,8,34019;34021;34023;34025;34027;34029;34035;34041,39.66,-75.09,40.87,-74.02,,,,,,,
162619,2021-08-22 17,2021-08-22 18,CT,2,3,0,0,0,2,09009;09011,41.41,-72.83,41.55,-72.11,,,,,,,
160493,2021-08-22 18,2021-08-22 20,SC,3,3,0,0,41000,1,45063,33.84,-81.13,34.01,-80.98,,,,,,,
162132,2021-08-22 18,2021-08-22 22,CT,4,0,0,0,700000,2,09003;09013,41.720000000000006,-72.53,41.9,-72.41,,,,,,,
162621,2021-08-22 18,2021-08-23 01,NY,17,18,0,0,0,5,36047;36059;36081;36087;36119,40.65,-74.05,41.14,-73.69,,,,,,,
160182,2021-08-22 19,2021-08-22 20,PA,1,5,0,0,0,1,42071,40.050000000000004,-76.11,40.209999999999994,-75.98,,,,,,,
162791,2021-08-22 19,2021-08-22 23,VA,2,2,0,0,0,2,51115;51550,36.58,-76.35,37.45,-76.18,,,,,,,
162676,2021-08-22 20,2021-08-23 01,NJ,8,7,0,0,0,2,34003;34031,40.88,-74.38,41.21,-73.98,,,,,,,
160874,2021-08-23 01,2021-08-23 06,PA,13,9,0,0,0,2,42089;42095,40.86,-75.59,41.15,-75.04,,,,,,,
162594,2021-08-23 01,2021-08-23 05,PA,11,11,0,0,161000,3,42069;42079;42127,41.27,-75.82,41.48,-75.39,,,,,,,
162595,2021-08-23 02,2021-08-23 03,NY,3,3,0,0,30000,2,36017;36053,42.72,-75.82,42.87,-75.59,,,,,,,
161989,2021-08-23 03,2021-08-23 09,NE,1,1,0,0,3050000,1,31083,40.18,-99.63,40.3,-99.33,,,,,,,
162082,2021-08-23 18,2021-08-23 20,NY,2,2,0,0,0,1,36039,42.150000000000006,-74.06,42.349999999999994,-73.92,,,,,,,
162833,2021-08-23 21,2021-08-24 03,AZ,1,0,0,1,7000,1,04003,31.53,-109.41,31.8,-109.2,,,,,,,
161079,2021-08-24 23,2021-08-25 02,IL,4,3,0,0,0,2,17031;17111,41.86,-88.62,42.43,-87.65,,,,,,,
161640,2021-08-25 12,2021-08-25 14,IA,1,2,0,0,0,1,19095,41.53,-92.13,41.65,-91.94,,,,,,,
160376,2021-08-25 16,2021-08-25 19,IN,2,1,0,0,300000,2,18063;18097,39.64,-86.45,39.82,-86.02,,,,,,,
166146,2021-08-25 19,2021-08-25 22,OH,1,0,0,0,100000,1,39155,41.190000000000005,-80.92,41.33,-80.76,,,,,,,
160736,2021-08-25 20,2021-08-25 22,TN,2,2,0,0,0,1,47093,35.85,-84.17,36.01,-84.03,,,,,,,
161717,2021-08-25 21,2021-08-26 00,PA,3,7,0,0,26000,2,42003;42019,40.38,-80.17,40.93,-79.84,,,,,,,
160747,2021-08-25 22,2021-08-26 01,WV,2,2,0,0,33000,1,54047,37.330000000000005,-81.48,37.48,-81.36,,,,,,,
161082,2021-08-26 02,2021-08-26 05,IN,1,0,0,0,0,1,18089,41.410000000000004,-87.42,41.529999999999994,-87.31,,,,,,,
160427,2021-08-26 18,2021-08-27 00,OH,3,3,0,0,10000,2,39001;39113,38.79,-84.22,39.76,-83.49,,,,,,,
162195,2021-08-26 21,2021-08-26 22,IL,1,1,0,0,0,1,17041,39.74,-88.50999999999999,39.849999999999994,-88.4,,,,,,,
160723,2021-08-27 00,2021-08-27 02,VT,1,1,0,0,10000,1,50001,43.910000000000004,-72.96,44.019999999999996,-72.83,,,,,,,
162514,2021-08-27 00,2021-08-27 02,KY,1,1,0,0,0,1,21111,38.2,-85.83,38.309999999999995,-85.71000000000001,,,,,,,
161718,2021-08-27 03,2021-08-27 03,PA,1,2,0,0,0,1,42065,41.14,-79.19,41.26,-79.05,,,,,,,
162336,2021-08-27 17,2021-08-27 20,MI,2,0,0,0,200000,2,26125;26163,42.35,-83.31,42.51,-82.85,,,,,,,
162698,2021-08-27 18,2021-08-27 21,NY,3,3,0,0,15000,1,36101,42.120000000000005,-77.42,42.29,-77.12,,,,,,,
162764,2021-08-27 20,2021-08-27 22,NJ,2,2,0,0,0,2,34017;34031,40.7,-74.17999999999999,40.86,-74.04,,,,,,,
160478,2021-08-27 21,2021-08-27 23,PA,1,2,0,0,0,1,42117,41.74,-77.16,41.87,-77.04,,,,,,,
160495,2021-08-27 21,2021-08-27 22,KY,1,1,0,0,0,1,21117,38.940000000000005,-84.64,39.05,-84.53,,,,,,,
161185,2021-08-27 21,2021-08-27 23,NJ,1,1,0,0,0,1,34023,40.400000000000006,-74.39999999999999,40.519999999999996,-74.28,,,,,,,
162768,2021-08-27 23,2021-08-28 08,NY,4,4,0,0,0,2,36085;36103,40.51,-74.26,40.87,-73.13,,,,,,,
161088,2021-08-28 02,2021-08-28 07,IA,4,4,0,0,0,1,19195,43.32,-93.22,43.45,-93.04,,,,,,,
161192,2021-08-28 03,2021-08-28 08,WI,3,3,0,0,61500,3,55097;55135;55141,44.28,-90.31,44.69,-89.17,,,,,,,
162520,2021-08-28 04,2021-08-28 10,IA,4,5,0,0,7170000,4,19037;19065;19067;19131,42.69,-93.03,43.45,-91.78,,,,,,,
162524,2021-08-28 06,2021-08-28 08,WI,1,1,0,0,435000,1,55123,43.370000000000005,-90.89,43.47,-90.66,,,,,,,
161187,2021-08-28 08,2021-08-28 18,PA,7,10,0,0,0,4,42011;42045;42091;42101,39.86,-76.06,40.42,-75.16,,,,,,,
161657,2021-08-28 13,2021-08-28 15,IA,1,1,0,0,0,1,19019,42.400000000000006,-91.97,42.529999999999994,-91.84,,,,,,,
161719,2021-08-28 21,2021-08-28 21,PA,1,4,0,0,50000,1,42031,41.17,-79.78999999999999,41.309999999999995,-79.61,,,,,,,
162484,2021-08-28 22,2021-08-29 01,WV,2,2,0,0,0,1,54023,38.97,-79.28,39.13,-79.11,,,,,,,
162867,2021-08-28 23,2021-08-29 00,AZ,2,1,0,0,0,2,04019;04023,31.34,-110.94,32.05,-110.72,,,,,,,
161193,2021-08-29 02,2021-08-29 05,WI,1,1,0,0,0,1,55015,43.88,-88.17999999999999,44.019999999999996,-88.07000000000001,,,,,,,
162794,2021-08-29 02,2021-08-29 05,SD,8,7,0,0,0,2,46083;46099,43.44,-96.85,43.56,-96.65,,,,,,,
162830,2021-08-29 02,2021-08-29 06,MN,2,2,0,0,0,2,27101;27117,43.93,-96.33,44.05,-95.63,,,,,,,
162360,2021-08-29 04,2021-08-29 07,WI,1,0,0,0,18000,1,55117,43.800000000000004,-88.1,43.93,-87.97,,,,,,,
161188,2021-08-29 17,2021-08-29 19,NJ,2,5,0,0,0,2,34001;34009,39.2,-74.67,39.37,-74.53,,,,,,,
162229,2021-08-29 21,2021-08-30 03,FL,1,1,0,0,0,1,12033,30.39,-87.39,30.51,-87.27,,,,,,,
162428,2021-08-29 23,2021-09-01 06,AZ,6,6,0,0,30000,1,04015,34.56,-114.36,35.58,-113.54,,,,,,,
162497,2021-08-30 01,2021-08-30 02,VA,1,1,0,0,5000,1,51121,37.14,-80.45,37.25,-80.34,,,,,,,
162429,2021-08-30 02,2021-08-31 00,CA,4,4,0,0,66000,1,06071,34.18,-116.08,35.48,-114.62,,,,,,,
162128,2021-08-30 04,2021-08-30 12,LA,3,0,1,0,0,3,22051;22071;22089,29.93,-90.47,30.03,-90.06,,,,,,,
160593,2021-08-30 12,2021-08-31 03,MS,14,18,0,0,582000,12,28019;28023;28025;28031;28035;28067;28069;28075;28087;28127;28129;28159,31.3,-89.78,33.66,-88.44,,,,,,,
160751,2021-08-30 13,2021-08-31 01,WV,11,11,0,0,109000,5,54043;54047;54059;54099;54109,37.46,-82.53,38.41,-81.79,,,,,,,
161167,2021-08-30 13,2021-08-31 05,MS,2,4,3,7,1800000,1,28039,30.77,-88.77,31.04,-88.57000000000001,,,,,,,
160909,2021-08-30 14,2021-08-30 23,VA,2,2,1,0,2510000,1,51027,37.36,-82.08,37.519999999999996,-81.93,,,,,,,
162604,2021-08-30 15,2021-08-30 18,KY,5,6,0,0,60000,1,21195,37.46,-82.6,37.65,-82.19,,,,,,,
161166,2021-08-30 16,2021-08-31 12,AL,3,3,0,0,0,1,01097,30.55,-88.32,30.71,-88.13,,,,,,,
162146,2021-08-30 16,2021-08-31 02,IN,3,3,0,0,0,3,18019;18037;18117,38.26,-86.8,38.59,-85.74,,,,,,,
161955,2021-08-30 17,2021-08-30 19,ND,1,0,0,0,35000,1,38065,47.07,-101.67,47.26,-101.51,,,,,,,
162129,2021-08-30 18,2021-08-31 06,MS,1,1,0,0,0,1,28059,30.32,-88.64,30.46,-88.47,,,,,,,
162197,2021-08-30 18,2021-08-30 19,IL,1,1,0,0,0,1,17025,38.59,-88.39999999999999,38.73,-88.29,,,,,,,
162515,2021-08-30 18,2021-08-30 20,KY,1,1,0,0,0,1,21211,38.160000000000004,-85.27,38.269999999999996,-85.16,,,,,,,
160857,2021-08-30 20,2021-08-31 03,KY,2,2,0,0,10000,2,21059;21149,37.49,-87.21,37.79,-87.07000000000001,,,,,,,
162373,2021-08-30 20,2021-08-30 22,MO,1,4,0,0,20000,1,29510,38.61,-90.28,38.779999999999994,-90.14,,,,,,,
160908,2021-08-30 21,2021-08-31 00,OH,1,1,0,0,5000,1,39087,38.35,-82.57,38.48,-82.46000000000001,,,,,,,
160853,2021-08-30 22,2021-08-31 00,IL,1,1,0,0,0,1,17145,38.0,-89.47,38.129999999999995,-89.33,,,,,,,
162903,2021-08-30 22,2021-08-31 00,TN,1,1,0,0,0,1,47011,35.09,-84.96,35.22,-84.83,,,,,,,
162812,2021-08-31 00,2021-08-31 01,VA,1,1,0,0,0,1,51041,37.400000000000006,-77.53,37.51,-77.42,,,,,,,
162938,2021-08-31 03,2021-08-31 03,CA,1,1,0,0,0,1,06065,33.470000000000006,-115.99,33.589999999999996,-115.88000000000001,,,,,,,
162776,2021-08-31 08,2021-08-31 10,NE,2,1,0,0,0,2,31055;31107,41.28,-97.91,42.48,-96.28,,,,,,,
162826,2021-08-31 13,2021-08-31 16,FL,1,1,0,0,0,1,12091,30.38,-86.66,30.490000000000002,-86.54,,,,,,,
161722,2021-08-31 17,2021-08-31 23,PA,3,10,0,0,76000,2,42125;42129,40.28,-80.0,40.5,-79.55,,,,,,,
161723,2021-08-31 17,2021-08-31 19,OH,1,1,0,0,25000,1,39119,40.06,-82.07,40.169999999999995,-81.96000000000001,,,,,,,
162253,2021-08-31 17,2021-08-31 19,FL,1,1,0,0,0,1,12005,30.08,-85.66,30.19,-85.55,,,,,,,
161658,2021-08-31 19,2021-08-31 20,IL,1,1,0,0,0,1,17131,41.25,-90.53999999999999,41.37,-90.43,,,,,,,
162940,2021-08-31 20,2021-09-01 05,CA,4,4,2,0,1005000,1,06025,32.69,-115.86,33.44,-114.73,,,,,,,
160697,2021-08-31 21,2021-08-31 22,NM,1,1,0,0,0,1,35027,33.49,-105.64,33.599999999999994,-105.53,,,,,,,
160737,2021-08-31 22,2021-09-01 00,TN,1,1,0,0,0,1,47093,35.81,-84.24,35.919999999999995,-84.10000000000001,,,,,,,
162906,2021-09-01 00,2021-09-01 03,AZ,1,1,0,0,0,1,04025,34.56,-111.97,34.739999999999995,-111.81,,,,,,,
163205,2021-09-01 05,2021-09-01 09,VA,2,2,0,0,0,2,51003;51059,38.01,-78.51,38.94,-77.3,,,,,,,
163204,2021-09-01 07,2021-09-01 23,MD,10,7,1,4,1000000,5,24001;24015;24021;24025;24031,39.07,-78.89,39.71,-75.93,,,,,,,
162856,2021-09-01 08,2021-09-01 10,IL,1,1,0,0,0,1,17135,39.07,-89.5,39.28,-89.39,,,,,,,
163273,2021-09-01 08,2021-09-01 10,DC,1,1,0,0,0,1,11001,38.89,-77.11,39.01,-76.99000000000001,,,,,,,
162154,2021-09-01 10,2021-09-01 17,PA,39,44,0,0,158000,4,42003;42063;42125;42129,40.25,-80.43,40.66,-79.05,,,,,,,
163264,2021-09-01 10,2021-09-01 12,AZ,1,1,0,0,0,1,04013,33.650000000000006,-113.36,33.76,-113.25,,,,,,,
161421,2021-09-01 11,2021-09-01 17,WV,5,13,0,0,22000,4,54001;54007;54015;54097,38.46,-81.26,39.27,-79.92,,,,,,,
162156,2021-09-01 11,2021-09-01 20,WV,13,13,0,0,0,4,54009;54069;54077;54093,39.14,-80.65,40.28,-79.53,,,,,,,
162155,2021-09-01 12,2021-09-01 14,OH,2,2,0,0,0,2,39013;39081,40.06,-80.82,40.2,-80.66,,,,,,,
160766,2021-09-01 14,2021-09-02 03,PA,10,15,0,0,0,8,42013;42041;42043;42061;42071;42075;42111;42133,39.75,-79.13,40.68,-75.92,,,,,,,
163420,2021-09-01 14,2021-09-03 02,UT,4,4,0,0,3000000,3,49017;49053;49055,37.25,-112.96,38.38,-110.75,,,,,,,
163121,2021-09-01 15,2021-09-02 19,AZ,7,8,0,0,0,4,04001;04005;04007;04017,33.96,-111.67,36.93,-109.47,,,,,,,
163233,2021-09-01 16,2021-09-02 04,PA,6,6,0,0,44000,2,42069;42079,41.11,-76.0,41.39,-75.72,,,,,,,
162539,2021-09-01 19,2021-09-02 04,PA,17,134,4,0,354110000,9,42011;42017;42029;42045;42077;42089;42091;42095;42101,39.73,-76.3,41.04,-74.98,,,,,,,
162533,2021-09-01 20,2021-09-02 02,DE,1,7,0,0,3600000,1,10003,39.580000000000005,-75.78,39.779999999999994,-75.53,,,,,,,
163135,2021-09-01 20,2021-09-01 21,NV,1,1,0,0,1000,1,32017,37.88,-114.50999999999999,37.989999999999995,-114.4,,,,,,,
162538,2021-09-01 21,2021-09-02 05,NJ,17,101,16,0,233000000,10,34005;34007;34019;34021;34023;34025;34027;34035;34037;34041,39.66,-75.13,41.34,-74.1,,,,,,,
163555,2021-09-01 21,2021-09-02 06,NY,75,59,18,0,470920000,10,36005;36047;36059;36061;36071;36081;36085;36087;36103;36119,40.52,-74.62,41.42,-72.67,,,,,,,
163518,2021-09-01 22,2021-09-02 07,NJ,52,39,13,7,0,5,34003;34013;34017;34031;34039,40.62,-74.42,41.14,-73.92,,,,,,,
162971,2021-09-02 01,2021-09-02 03,NY,20,13,0,0,2400000,2,36027;36111,41.48,-74.45,41.78,-73.54,,,,,,,
163232,2021-09-02 01,2021-09-02 05,NY,4,4,0,0,14000,1,36105,41.63,-74.96,41.809999999999995,-74.65,,,,,,,
163260,2021-09-02 02,2021-09-02 09,CT,15,12,0,0,5866510,4,09001;09007;09009;09011,41.01,-73.71,41.63,-71.79,,,,,,,
163444,2021-09-02 02,2021-09-02 05,TX,2,2,0,0,0,2,48141;48229,31.16,-106.61,31.98,-105.36,,,,,,,
162973,2021-09-02 05,2021-09-02 06,CT,5,4,0,0,0,1,09005,41.53,-73.32,41.95,-73.05,,,,,,,
163048,2021-09-02 05,2021-09-02 15,CT,9,0,0,0,278000,1,09003,41.67,-72.95,41.83,-72.37,,,,,,,
163050,2021-09-02 05,2021-09-02 12,MA,8,0,0,0,571000,7,25001;25005;25013;25017;25023;25025;25027,41.69,-72.74,42.4,-70.58,,,,,,,
163049,2021-09-02 07,2021-09-02 09,RI,2,0,0,0,54000,1,44005,41.46,-71.35,41.64,-71.2,,,,,,,
162999,2021-09-02 19,2021-09-02 22,FL,1,0,0,0,0,1,12086,25.71,-80.25,25.84,-80.14,,,,,,,
163134,2021-09-02 19,2021-09-02 20,AZ,1,1,0,0,1000,1,04015,35.1,-113.86,35.22,-113.74000000000001,,,,,,,
163286,2021-09-03 12,2021-09-03 13,KS,1,1,0,0,0,1,20045,38.74,-95.34,38.849999999999994,-95.22,,,,,,,
161915,2021-09-04 00,2021-09-04 00,WY,2,2,0,0,0,1,56021,41.09,-104.62,41.209999999999994,-104.5,,,,,,,
160852,2021-09-05 00,2021-09-05 05,NM,2,3,0,0,400000,2,35005;35057,33.39,-106.05,35.03,-104.54,,,,,,,
160854,2021-09-05 16,2021-09-05 23,NM,2,3,0,0,35000,2,35003;35053,33.23,-108.26,33.87,-107.67,,,,,,,
163445,2021-09-05 17,2021-09-06 00,NM,2,2,0,0,0,2,35013;35017,31.93,-108.64,32.95,-106.66,,,,,,,
163265,2021-09-05 22,2021-09-05 23,KS,1,2,0,0,0,1,20203,38.440000000000005,-101.42999999999999,38.55,-101.3,,,,,,,
163178,2021-09-05 23,2021-09-06 00,AZ,1,1,0,0,0,1,04009,32.78,-109.8,32.91,-109.65,,,,,,,
162065,2021-09-06 00,2021-09-06 03,MS,3,3,0,0,65000,3,28015;28019;28097,33.29,-89.78,33.47,-89.17,,,,,,,
163399,2021-09-06 14,2021-09-06 17,LA,2,8,0,0,75000,2,22009;22019,30.31,-93.18,31.11,-92.17,,,,,,,
162458,2021-09-08 03,2021-09-09 04,GA,3,10,0,0,2010000,2,13067;13121,33.92,-84.58,34.09,-84.29,,,,,,,
162055,2021-09-08 23,2021-09-11 22,FL,4,4,0,0,0,2,12005;12073,30.13,-85.74,30.44,-84.33,,,,,,,
163041,2021-09-08 23,2021-09-09 00,NC,2,2,0,0,0,1,37185,36.34,-78.23,36.47,-78.10000000000001,,,,,,,
163200,2021-09-09 00,2021-09-09 03,NY,1,1,0,0,0,1,36039,42.300000000000004,-73.86999999999999,42.41,-73.76,,,,,,,
160993,2021-09-09 02,2021-09-09 06,PA,5,3,0,0,0,2,42077;42095,40.64,-75.57,40.93,-75.09,,,,,,,
160994,2021-09-09 03,2021-09-09 06,NJ,1,1,0,0,0,1,34041,40.84,-75.13,40.97,-74.98,,,,,,,
163275,2021-09-09 03,2021-09-09 05,MD,1,1,0,0,0,1,24021,39.370000000000005,-77.48,39.48,-77.37,,,,,,,
163044,2021-09-09 15,2021-09-09 18,NC,2,2,0,0,0,1,37183,35.760000000000005,-78.72,35.9,-78.56,,,,,,,
163436,2021-09-09 19,2021-09-09 20,VA,2,2,0,0,0,1,51710,36.85,-76.33,36.95,-76.18,,,,,,,
163422,2021-09-11 19,2021-09-11 22,UT,2,2,0,0,0,2,49007;49055,38.2,-111.24,39.75,-110.89,,,,,,,
163458,2021-09-13 04,2021-09-13 05,NY,1,1,0,0,0,1,36029,42.870000000000005,-78.91,42.98,-78.8,,,,,,,
163403,2021-09-14 16,2021-09-14 22,TX,2,11,0,0,0,2,48245;48361,29.98,-94.13,30.13,-93.75,,,,,,,
163434,2021-09-14 16,2021-09-15 12,LA,11,12,0,0,520000,6,22033;22063;22071;22089;22105;22117,29.92,-91.13,30.73,-89.87,,,,,,,
163404,2021-09-15 10,2021-09-15 12,LA,1,2,0,0,0,1,22039,30.61,-92.3,30.77,-92.13000000000001,,,,,,,
163020,2021-09-15 12,2021-09-15 19,KY,4,4,0,0,0,2,21179;21213,36.74,-86.73,37.85,-85.41,,,,,,,
163540,2021-09-15 12,2021-09-15 15,KY,4,3,0,0,28000,1,21011,38.1,-83.85,38.269999999999996,-83.67,,,,,,,
163437,2021-09-15 13,2021-09-15 16,MS,1,1,0,0,0,1,28047,30.33,-89.07,30.45,-88.96000000000001,,,,,,,
163321,2021-09-15 14,2021-09-15 14,TN,1,1,0,0,0,1,47135,35.550000000000004,-87.91,35.73,-87.76,,,,,,,
163481,2021-09-15 17,2021-09-15 23,AL,5,7,0,0,250000,2,01003;01097,30.29,-88.27,30.67,-87.46,,,,,,,
163052,2021-09-15 18,2021-09-15 22,NY,3,3,0,0,0,2,36057;36091,42.89,-74.52,43.13,-73.61,,,,,,,
161216,2021-09-15 20,2021-09-15 23,PA,1,2,0,0,0,1,42113,41.290000000000006,-76.52,41.489999999999995,-76.37,,,,,,,
163533,2021-09-15 20,2021-09-16 22,FL,3,6,0,0,0,3,12033;12091;12113,30.33,-87.37,30.490000000000002,-86.48,,,,,,,
161435,2021-09-15 22,2021-09-15 22,SC,1,0,0,0,5000,1,45079,34.07,-80.92,34.18,-80.8,,,,,,,
163277,2021-09-15 23,2021-09-16 00,MD,1,0,0,0,0,1,24043,39.61,-77.58,39.72,-77.46000000000001,,,,,,,
163528,2021-09-16 19,2021-09-16 21,VA,8,8,0,0,0,2,51087;51760,37.46,-77.50999999999999,37.629999999999995,-77.32000000000001,,,,,,,
163279,2021-09-16 20,2021-09-16 22,VA,2,0,0,0,0,1,51510,38.760000000000005,-77.19,38.89,-76.99000000000001,,,,,,,
163441,2021-09-17 15,2021-09-17 18,MS,3,3,0,0,20000,1,28047,30.34,-88.99,30.52,-88.84,,,,,,,
161402,2021-09-17 22,2021-09-19 05,AL,13,13,0,0,0,3,01033;01083;01103,34.6,-88.0,35.0,-86.84,,,,,,,
163486,2021-09-18 00,2021-09-18 02,CA,1,1,0,0,0,1,06065,33.67,-115.46,33.779999999999994,-115.32000000000001,,,,,,,
163105,2021-09-18 14,2021-09-20 01,AL,4,12,1,0,0,4,01073;01117;01123;01125,32.95,-87.61,33.42,-85.94,,,,,,,
163323,2021-09-18 16,2021-09-18 19,TN,6,7,0,0,15000,3,47003;47031;47037,35.4,-86.87,36.13,-86.21,,,,,,,
163567,2021-09-18 19,2021-09-20 01,TN,4,4,0,0,0,3,47007;47065;47153,35.02,-85.4,35.58,-85.15,,,,,,,
162663,2021-09-18 23,2021-09-20 02,GA,2,2,0,0,0,1,13275,30.8,-84.06,30.91,-83.93,,,,,,,
163266,2021-09-18 23,2021-09-18 23,AZ,1,1,0,0,0,1,04013,33.0,-112.31,33.12,-112.2,,,,,,,
163363,2021-09-18 23,2021-09-19 02,AZ,1,3,0,0,0,1,04025,34.46,-112.53,34.64,-112.36,,,,,,,
162382,2021-09-19 00,2021-09-19 04,MS,2,2,0,0,0,1,28071,34.14,-89.71,34.3,-89.56,,,,,,,
162662,2021-09-19 00,2021-09-19 03,AL,1,1,0,0,5000,1,01061,31.06,-86.07,31.18,-85.95,,,,,,,
161401,2021-09-19 12,2021-09-29 19,AL,3,3,1,0,0,2,01071;01089,34.66,-86.57,34.94,-86.29,,,,,,,
163529,2021-09-19 18,2021-09-21 00,TN,13,20,0,0,0,2,47051;47103,35.01,-86.67,35.33,-86.19,,,,,,,
161531,2021-09-19 21,2021-09-20 00,FL,1,0,0,0,0,1,12117,28.73,-81.33,28.85,-81.19,,,,,,,
163574,2021-09-20 13,2021-09-21 04,GA,6,9,0,0,60000,4,13091;13175;13235;13303,32.14,-83.46,32.96,-82.9,,,,,,,
163324,2021-09-20 15,2021-09-21 01,TN,12,12,0,0,10000,3,47081;47099;47119,35.02,-87.59,35.96,-86.99,,,,,,,
163536,2021-09-20 20,2021-09-20 22,FL,1,2,0,0,0,1,12091,30.68,-86.63,30.79,-86.5,,,,,,,
163061,2021-09-20 22,2021-09-21 01,WI,3,0,0,0,0,2,55031;55129,45.73,-91.89,46.64,-91.66,,,,,,,
161446,2021-09-21 01,2021-09-21 07,AL,1,2,0,0,0,1,01033,34.64,-87.59,34.76,-87.48,,,,,,,
162661,2021-09-21 19,2021-09-21 20,FL,2,2,0,0,0,1,12073,30.38,-84.39,30.5,-84.26,,,,,,,
162689,2021-09-22 02,2021-09-23 00,VA,13,17,0,0,56000,5,51019;51023;51121;51141;51678,36.6,-80.61,37.8,-79.45,,,,,,,
163325,2021-09-22 02,2021-09-22 02,TN,1,1,0,0,0,1,47037,36.09,-86.91,36.209999999999994,-86.74000000000001,,,,,,,
162688,2021-09-22 03,2021-09-23 00,NC,3,3,0,0,16000,1,37171,36.39,-80.64,36.57,-80.5,,,,,,,
163114,2021-09-22 17,2021-09-22 20,NC,3,3,0,0,0,2,37019;37129,34.120000000000005,-78.14,34.309999999999995,-77.85,,,,,,,
163045,2021-09-22 23,2021-09-23 04,NC,4,4,0,0,0,2,37123;37125,35.35,-79.8,35.45,-79.57,,,,,,,
163280,2021-09-23 09,2021-09-23 11,MD,4,4,0,0,0,1,24021,39.43,-77.36999999999999,39.62,-77.18,,,,,,,
161951,2021-09-23 14,2021-09-23 16,MD,2,2,0,0,0,2,24029;24035,38.98,-76.23,39.24,-76.10000000000001,,,,,,,
161953,2021-09-23 15,2021-09-23 21,PA,21,24,0,0,0,5,42017;42029;42045;42091;42101,39.82,-75.84,40.34,-74.95,,,,,,,
161952,2021-09-23 17,2021-09-23 22,NJ,7,7,0,0,0,5,34001;34007;34019;34021;34023,39.36,-75.13,40.65,-74.45,,,,,,,
163732,2021-09-23 22,2021-09-23 22,NJ,2,2,0,0,0,1,34039,40.59,-74.36999999999999,40.71,-74.23,,,,,,,
163734,2021-09-24 03,2021-09-24 04,CT,2,2,0,0,0,1,09001,41.18,-73.48,41.29,-73.21,,,,,,,
162978,2021-09-24 22,2021-09-24 22,CA,1,1,0,0,0,1,06073,32.7,-117.02,32.809999999999995,-116.91,,,,,,,
161756,2021-09-26 09,2021-09-26 12,ME,2,0,0,0,20000,2,23011;23023,44.160000000000004,-69.75,44.3,-69.58,,,,,,,
162064,2021-09-26 14,2021-09-26 17,ME,2,4,0,0,0,2,23009;23019,44.63,-69.21,44.77,-68.22,,,,,,,
163364,2021-09-26 15,2021-09-28 05,AZ,4,4,0,0,0,2,04005;04025,34.08,-112.34,36.68,-110.8,,,,,,,
163405,2021-09-28 12,2021-09-28 19,LA,3,5,0,0,25000,3,22011;22019;22115,30.13,-93.51,31.17,-92.91,,,,,,,
163424,2021-09-28 21,2021-09-28 22,UT,1,1,0,0,0,1,49055,38.13,-111.27,38.269999999999996,-111.14,,,,,,,
163439,2021-09-28 23,2021-09-29 00,LA,1,2,0,0,0,1,22087,29.89,-90.00999999999999,30.0,-89.9,,,,,,,
163162,2021-09-29 01,2021-09-29 04,OK,1,2,0,0,0,1,40031,34.57,-98.47,34.709999999999994,-98.3,,,,,,,
163272,2021-09-29 07,2021-09-29 10,TX,4,3,0,0,0,2,48029;48209,29.52,-98.28,29.99,-97.93,,,,,,,
163123,2021-09-30 20,2021-09-30 22,TX,1,1,0,0,25000,1,48355,27.759999999999998,-97.61999999999999,27.89,-97.46000000000001,,,,,,,
163365,2021-09-30 21,2021-09-30 21,TX,1,1,0,0,0,1,48441,32.410000000000004,-99.81,32.519999999999996,-99.7,,,,,,,
163622,2021-10-01 09,2021-10-01 12,TX,1,1,0,0,0,1,48453,30.15,-97.92,30.28,-97.75,,,,,,,
163692,2021-10-01 11,2021-10-01 16,TX,7,10,0,0,100000,2,48355;48409,27.76,-97.59,27.99,-97.06,,,,,,,
163878,2021-10-01 13,2021-10-01 17,TX,5,5,0,0,0,4,48157;48201;48407;48473,29.58,-96.04,30.8,-95.07,,,,,,,
162070,2021-10-01 22,2021-10-02 03,TX,6,0,0,0,26000,1,48061,25.84,-97.51,26.01,-97.41,,,,,,,
162628,2021-10-02 14,2021-10-02 16,OK,1,1,0,0,50000,1,40143,36.050000000000004,-96.05,36.199999999999996,-95.93,,,,,,,
163561,2021-10-02 21,2021-10-02 22,LA,2,2,0,0,20000,1,22025,31.77,-91.82,31.87,-91.71,,,,,,,
163408,2021-10-03 01,2021-10-03 07,AR,5,5,0,0,125000,1,05119,34.74,-92.32,34.91,-92.11,,,,,,,
163576,2021-10-04 01,2021-10-07 06,AL,11,68,2,0,0,9,01009;01017;01021;01073;01081;01085;01113;01117;01127,32.29,-87.1,34.24,-85.05,,,,,,,
163508,2021-10-04 02,2021-10-04 04,MS,1,2,0,0,4000,1,28099,32.61,-89.28,32.72,-89.14,,,,,,,
163823,2021-10-04 12,2021-10-05 10,FL,5,6,0,0,0,3,12033;12091;12113,30.33,-87.27,30.52,-86.41,,,,,,,
163785,2021-10-04 13,2021-10-06 06,AL,9,9,0,0,100000,3,01003;01053;01131,30.47,-87.88,32.01,-86.83,,,,,,,
163226,2021-10-04 14,2021-10-07 14,FL,33,33,0,0,10000,3,12005;12131;12133,30.03,-86.35,30.45,-85.52,,,,,,,
163973,2021-10-04 16,2021-10-05 21,GA,8,8,0,0,0,3,13139;13159;13215,32.43,-85.01,34.31,-83.67,,,,,,,
163921,2021-10-04 21,2021-10-05 00,NY,7,7,0,0,205000,2,36023;36101,42.35,-77.12,42.72,-76.07,,,,,,,
163967,2021-10-05 01,2021-10-05 01,MS,1,1,0,0,25000,1,28047,30.34,-88.94,30.45,-88.83,,,,,,,
163842,2021-10-05 17,2021-10-05 19,AZ,5,6,0,0,6000,1,04015,34.56,-113.69,35.22,-113.5,,,,,,,
164042,2021-10-05 21,2021-10-05 23,AZ,2,2,0,0,0,2,04007;04013,33.46,-111.48,33.77,-111.25,,,,,,,
162047,2021-10-05 22,2021-10-06 06,AL,4,4,0,0,0,2,01033;01077,34.730000000000004,-87.55,34.919999999999995,-87.39,,,,,,,
163898,2021-10-05 22,2021-10-06 15,UT,3,4,0,0,0,3,49007;49025;49053,37.0,-112.98,39.76,-110.9,,,,,,,
163562,2021-10-05 23,2021-10-06 01,MS,2,3,0,0,6000,2,28103;28159,33.11,-89.07,33.23,-88.58,,,,,,,
163998,2021-10-06 02,2021-10-06 02,TN,2,2,0,0,0,1,47099,35.06,-87.55,35.32,-87.41,,,,,,,
162957,2021-10-06 14,2021-10-06 21,GA,18,19,0,0,85000,7,13079;13169;13207;13211;13237;13289;13293,32.59,-84.23,33.57,-83.28,,,,,,,
163999,2021-10-06 21,2021-10-07 04,TN,12,12,1,1,35000,7,47003;47035;47049;47085;47133;47135;47175,35.46,-87.84,36.24,-85.0,,,,,,,
162046,2021-10-06 22,2021-10-07 19,AL,12,9,2,0,0,2,01089;01095,34.32,-86.54,34.71,-86.4,,,,,,,
163568,2021-10-06 23,2021-10-07 01,TN,1,1,0,0,0,1,47153,35.38,-85.42999999999999,35.51,-85.3,,,,,,,
162969,2021-10-07 10,2021-10-07 15,SC,2,11,0,0,100000,2,45001;45007,34.28,-82.65,34.71,-82.33,,,,,,,
163811,2021-10-07 10,2021-10-07 13,GA,1,7,0,0,250000,1,13105,34.14,-83.13,34.26,-82.93,,,,,,,
163812,2021-10-07 11,2021-10-07 16,NC,4,10,0,0,1360000,4,37023;37089;37111;37161,35.43,-82.3,35.76,-81.67,,,,,,,
163627,2021-10-07 22,2021-10-08 01,IL,1,1,0,0,0,1,17179,40.56,-89.53,40.68,-89.41,,,,,,,
163301,2021-10-08 02,2021-10-08 04,KY,4,4,0,0,0,1,21049,37.87,-84.25999999999999,38.01,-84.10000000000001,,,,,,,
163228,2021-10-08 11,2021-10-08 15,GA,5,5,0,0,170000,2,13017;13155,31.63,-83.27,31.73,-83.06,,,,,,,
163813,2021-10-08 16,2021-10-08 18,SC,1,1,0,0,1000,1,45045,34.84,-82.5,34.949999999999996,-82.38000000000001,,,,,,,
162453,2021-10-08 20,2021-10-08 23,KY,1,1,0,0,10000,1,21089,38.46,-82.75999999999999,38.58,-82.62,,,,,,,
163646,2021-10-08 20,2021-10-09 00,MI,1,0,0,0,3400000,1,26125,42.67,-83.31,42.82,-83.19,,,,,,,
162447,2021-10-08 23,2021-10-09 04,WV,2,5,0,0,5500,2,54039;54079,38.36,-82.04,38.489999999999995,-81.57,,,,,,,
164089,2021-10-09 09,2021-10-09 19,NC,9,9,0,0,250000,3,37037;37101;37183,35.43,-79.24,35.91,-78.14,,,,,,,
163476,2021-10-11 01,2021-10-11 04,OK,1,1,0,0,0,1,40109,35.5,-97.62,35.62,-97.51,,,,,,,
162340,2021-10-14 03,2021-10-14 17,TX,22,20,2,0,50000,12,48029;48031;48055;48091;48123;48149;48177;48187;48209;48255;48285;48493,29.09,-98.75,30.13,-96.89,,,,,,,
163792,2021-10-14 15,2021-10-14 17,TX,6,10,0,0,0,2,48355;48409,27.69,-97.58,28.04,-97.25,,,,,,,
163623,2021-10-15 21,2021-10-15 22,TX,1,1,0,0,0,1,48029,29.36,-98.64,29.55,-98.52,,,,,,,
163598,2021-10-22 01,2021-10-22 04,TX,1,2,0,0,5000,1,48043,29.13,-103.00999999999999,29.240000000000002,-102.9,,,,,,,
163032,2021-10-22 06,2021-10-22 06,CA,1,0,0,0,3200000,1,06105,41.040000000000006,-122.84,41.169999999999995,-122.7,,,,,,,
162583,2021-10-23 19,2021-10-24 02,MO,1,1,0,0,0,1,29209,36.89,-93.44,37.01,-93.32000000000001,,,,,,,
163539,2021-10-24 08,2021-10-24 20,CA,2,2,0,0,0,2,06035;06057,39.32,-120.31,40.02,-120.09,,,,,,,
163803,2021-10-24 22,2021-10-25 00,IL,1,1,0,0,0,1,17001,39.93,-91.11,40.03,-90.97,,,,,,,
163630,2021-10-24 23,2021-10-25 02,IL,2,2,0,0,0,2,17057;17169,40.17,-90.56,40.48,-90.08,,,,,,,
163470,2021-10-25 03,2021-10-25 07,IL,1,0,0,0,0,1,17075,40.49,-88.09,40.599999999999994,-87.78,,,,,,,
163066,2021-10-25 04,2021-10-25 06,MO,1,1,0,0,0,1,29017,37.330000000000005,-89.98,37.449999999999996,-89.86,,,,,,,
163670,2021-10-25 07,2021-10-25 08,AR,1,1,0,0,0,1,05021,36.190000000000005,-90.33,36.32,-90.22,,,,,,,
162608,2021-10-25 14,2021-10-25 22,CA,10,10,0,0,0,5,06019;06029;06039;06043;06107,35.47,-119.88,37.46,-118.74,,,,,,,
163483,2021-10-26 00,2021-10-26 05,CA,1,1,0,0,5000,1,06071,34.0,-117.02,34.11,-116.91,,,,,,,
163853,2021-10-26 03,2021-10-26 12,NY,2,2,0,0,0,2,36087;36119,40.970000000000006,-74.06,41.16,-73.77,,,,,,,
162717,2021-10-26 08,2021-10-26 13,NJ,19,23,0,0,0,5,34019;34021;34023;34025;34035,40.29,-74.82,40.67,-74.09,,,,,,,
163849,2021-10-26 13,2021-10-26 14,NJ,4,4,0,0,0,3,34003;34013;34031,40.71,-74.22,40.88,-74.03,,,,,,,
163922,2021-10-26 16,2021-10-27 01,NY,33,34,0,0,1247000,8,36007;36011;36023;36025;36067;36099;36105;36109,41.72,-76.88,43.17,-74.63,,,,,,,
163923,2021-10-26 17,2021-10-26 22,PA,4,6,0,0,4000,2,42115;42127,41.6,-75.53,41.85,-75.06,,,,,,,
163875,2021-10-27 17,2021-10-27 18,TX,1,1,0,0,0,1,48245,30.029999999999998,-94.21,30.21,-94.04,,,,,,,
163970,2021-10-27 23,2021-10-28 00,LA,1,1,0,0,0,1,22117,30.77,-90.17999999999999,30.900000000000002,-90.06,,,,,,,
163227,2021-10-28 08,2021-10-28 09,FL,2,2,0,0,0,2,12005;12133,30.25,-85.96,30.47,-85.69,,,,,,,
163925,2021-10-30 01,2021-10-30 03,PA,1,1,0,0,2000,1,42015,41.720000000000006,-76.63,41.83,-76.51,,,,,,,
163924,2021-10-30 02,2021-10-30 05,NY,12,11,0,0,143000,2,36097;36101,42.01,-77.29,42.53,-77.02,,,,,,,
163966,2021-10-31 06,2021-10-31 08,ME,1,0,0,0,2000000,1,23031,43.440000000000005,-70.52,43.559999999999995,-70.39,,,,,,,
163755,2021-11-05 10,2021-11-05 13,FL,1,6,0,0,10000,1,12086,25.71,-80.25,25.86,-80.13000000000001,,,,,,,
163758,2021-11-18 22,2021-11-19 01,FL,2,5,0,0,25000,1,12086,25.72,-80.25,25.87,-80.07000000000001,,,,,,,
163950,2021-11-21 20,2021-11-21 23,FL,1,3,0,0,5000,1,12111,27.259999999999998,-80.44,27.44,-80.33,,,,,,,
163641,2021-12-06 10,2021-12-06 11,IN,1,1,0,0,1000,1,18137,39.24,-85.16,39.36,-85.05,,,,,,,
165384,2021-12-06 20,2021-12-06 22,LA,1,2,0,0,0,1,22033,30.4,-91.22,30.51,-91.11,,,,,,,
164616,2021-12-10 09,2021-12-10 11,AL,1,1,0,0,0,1,01003,30.61,-87.7,30.720000000000002,-87.58,,,,,,,
163735,2021-12-11 02,2021-12-11 05,AR,1,1,0,0,0,1,05085,34.900000000000006,-92.07,35.019999999999996,-91.95,,,,,,,
165022,2021-12-11 07,2021-12-11 09,TN,1,2,0,0,0,1,47157,35.080000000000005,-90.11999999999999,35.209999999999994,-89.99000000000001,,,,,,,
164737,2021-12-11 09,2021-12-11 12,KY,3,3,1,0,0,3,21027;21073;21209,37.79,-86.28,38.34,-84.66,,,,,,,
164977,2021-12-14 20,2021-12-15 08,CA,3,3,0,0,805000,2,06059;06065,33.74,-117.65,34.08,-116.96,,,,,,,
164130,2021-12-16 23,2021-12-16 23,TX,1,0,0,0,0,1,48037,33.39,-94.17,33.519999999999996,-93.99000000000001,,,,,,,
163897,2021-12-17 21,2021-12-18 01,AR,4,3,0,0,0,2,05007;05143,35.93,-94.51,36.48,-94.11,,,,,,,
165136,2021-12-17 22,2021-12-18 10,MO,18,18,1,1,10000,6,29067;29091;29119;29153;29213;29215,36.53,-94.11,37.1,-91.68,,,,,,,
164069,2021-12-22 23,2021-12-22 23,CO,1,0,0,0,0,1,08097,39.32,-107.14,39.43,-107.03,,,,,,,
164994,2021-12-24 15,2021-12-24 17,NV,1,1,0,0,1000,1,32003,36.07,-115.48,36.18,-115.37,,,,,,,
165012,2021-12-29 16,2021-12-29 18,MS,1,1,0,0,0,1,28013,33.91,-89.33,34.05,-89.22,,,,,,,
165185,2021-12-29 17,2021-12-29 20,AR,1,1,0,0,0,1,05119,34.59,-92.44,34.769999999999996,-92.3,,,,,,,
165013,2021-12-29 21,2021-12-29 23,TN,1,1,0,0,0,1,47075,35.540000000000006,-89.31,35.65,-89.2,,,,,,,
165054,2021-12-30 13,2021-12-30 21,GA,10,13,0,0,0,6,13077;13089;13113;13211;13217;13223,33.4,-84.85,33.86,-83.68,,,,,,,
165097,2021-12-31 01,2021-12-31 01,CA,1,0,0,0,0,1,06071,34.190000000000005,-117.35,34.3,-117.24000000000001,,,,,,,
165242,2022-01-01 06,2022-01-01 09,AR,1,1,0,0,0,1,05127,34.86,-94.24,34.989999999999995,-94.13000000000001,,,,,,,
165898,2022-01-01 10,2022-01-01 20,KY,9,10,0,0,0,5,21001;21009;21045;21087;21217,37.0,-86.12,37.36,-84.81,,,,,,,
166011,2022-01-01 12,2022-01-01 16,KY,15,15,0,0,970000,4,21025;21071;21195;21203,37.37,-84.46,37.7,-82.24,,,,,,,
164395,2022-01-01 13,2022-01-01 18,WV,3,3,0,0,6000,2,54059;54081,37.62,-82.17,37.79,-81.2,,,,,,,
164653,2022-01-02 01,2022-01-02 05,KY,3,3,0,0,2000,2,21019;21127,37.99,-82.92,38.44,-82.72,,,,,,,
164273,2022-01-02 03,2022-01-02 04,NJ,1,2,0,0,0,1,34023,40.43,-74.50999999999999,40.559999999999995,-74.39,,,,,,,
164230,2022-01-02 04,2022-01-02 11,AL,3,3,0,0,0,2,01083;01089,34.7,-86.79,34.86,-86.55,,,,,,,
165130,2022-01-03 11,2022-01-03 14,NC,9,9,0,0,15000,3,37063;37135;37183,35.77,-79.06,35.98,-78.54,,,,,,,
165617,2022-01-09 00,2022-01-09 08,TX,7,7,0,0,240000,2,48201;48291,29.78,-95.54,30.45,-94.76,,,,,,,
166052,2022-01-09 03,2022-01-09 04,TX,1,1,0,0,0,1,48199,30.43,-94.68,30.59,-94.58,,,,,,,
164646,2022-01-09 09,2022-01-09 11,TX,2,1,0,0,0,2,48403;48405,31.23,-94.15,31.34,-94.0,,,,,,,
165565,2022-01-09 12,2022-01-09 15,AR,2,2,0,0,0,1,05119,34.78,-92.3,34.94,-92.1,,,,,,,
166106,2022-01-09 14,2022-01-09 17,TN,1,1,0,0,0,1,47167,35.480000000000004,-89.7,35.599999999999994,-89.59,,,,,,,
165263,2022-01-09 17,2022-01-09 21,KY,1,0,0,0,0,1,21219,36.870000000000005,-87.22,36.98,-87.1,,,,,,,
164889,2022-01-11 23,2022-01-12 01,FL,1,1,0,0,0,1,12086,25.71,-80.24,25.830000000000002,-80.13000000000001,,,,,,,
164442,2022-01-13 22,2022-01-13 22,CO,1,0,0,0,0,1,08097,39.32,-107.14,39.43,-107.03,,,,,,,
164894,2022-01-21 01,2022-01-21 04,FL,1,2,0,0,0,1,12011,26.06,-80.21,26.19,-80.10000000000001,,,,,,,
164853,2022-02-02 00,2022-02-02 00,CO,1,0,0,0,0,1,08097,39.32,-107.14,39.43,-107.03,,,,,,,
164817,2022-02-03 18,2022-02-03 20,MS,3,6,0,0,9000,2,28035;28073,31.07,-89.6,31.29,-89.32,,,,,,,
166887,2022-02-03 18,2022-02-03 23,LA,6,6,0,0,30000,4,22071;22095;22103;22117,29.98,-90.49,30.8,-89.85,,,,,,,
166501,2022-02-03 19,2022-02-04 01,MS,2,2,0,0,0,2,28039;28111,30.91,-89.07,31.38,-88.52,,,,,,,
166883,2022-02-03 21,2022-02-04 05,AL,12,13,0,0,200000,6,01013;01025;01035;01041;01099;01129,31.3,-88.17,31.99,-86.35,,,,,,,
166495,2022-02-04 03,2022-02-04 10,AL,5,7,0,0,0,5,01011;01081;01085;01087;01113,31.96,-86.41,32.53,-85.43,,,,,,,
166932,2022-02-04 10,2022-02-04 11,PA,1,0,0,0,0,1,42119,40.830000000000005,-77.17999999999999,40.94,-77.04,,,,,,,
166304,2022-02-04 11,2022-02-04 17,GA,2,2,0,0,20000,2,13145;13199,32.75,-84.94,32.91,-84.78,,,,,,,
164985,2022-02-06 23,2022-02-06 23,CO,1,0,0,0,0,1,08037,39.32,-107.14,39.43,-107.03,,,,,,,
165820,2022-02-17 14,2022-02-18 00,KY,4,1,0,0,85000,4,21055;21083;21145;21157,36.72,-88.75,37.34,-88.08,,,,,,,
166136,2022-02-17 15,2022-02-17 16,OH,1,1,0,0,20000,1,39043,41.36,-82.41,41.47,-82.29,,,,,,,
166286,2022-02-17 15,2022-02-17 18,AR,1,1,0,0,0,1,05119,34.690000000000005,-92.32,34.8,-92.21000000000001,,,,,,,
165971,2022-02-17 16,2022-02-18 02,IL,1,3,0,0,0,1,17197,41.260000000000005,-88.21,41.379999999999995,-88.10000000000001,,,,,,,
165817,2022-02-17 17,2022-02-17 21,IL,2,2,0,0,0,2,17087;17199,37.33,-88.98,37.8,-88.79,,,,,,,
165821,2022-02-17 18,2022-02-17 21,MO,1,1,0,0,10000,1,29023,36.71,-90.45,36.83,-90.31,,,,,,,
165818,2022-02-17 19,2022-02-17 22,IN,2,1,0,0,0,2,18051;18163,37.98,-87.61999999999999,38.31,-87.43,,,,,,,
167083,2022-02-17 22,2022-02-17 22,TN,1,1,0,0,0,1,47147,36.410000000000004,-86.89,36.599999999999994,-86.65,,,,,,,
166525,2022-02-17 23,2022-02-18 04,AL,4,9,0,0,0,4,01009;01057;01073;01125,33.09,-87.95,34.11,-86.65,,,,,,,
166307,2022-02-18 16,2022-02-18 18,NY,2,0,0,0,505000,2,36019;36031,44.38,-73.74,44.5,-73.62,,,,,,,
165976,2022-02-22 15,2022-02-22 20,IL,1,0,0,0,0,1,17197,41.260000000000005,-88.21,41.379999999999995,-88.10000000000001,,,,,,,
165734,2022-02-22 16,2022-02-22 18,KY,1,1,0,0,0,1,21105,36.660000000000004,-89.05,36.779999999999994,-88.94,,,,,,,
167085,2022-02-23 01,2022-02-23 01,TN,1,1,0,0,0,1,47099,35.040000000000006,-87.33,35.16,-87.21000000000001,,,,,,,
166782,2022-02-23 06,2022-02-23 10,AL,5,7,0,0,0,5,01057;01075;01093;01127;01133,33.56,-88.27,34.3,-87.11,,,,,,,
166306,2022-02-23 08,2022-02-23 17,GA,1,0,0,0,0,1,13083,34.830000000000005,-85.53,34.959999999999994,-85.4,,,,,,,
166901,2022-02-24 04,2022-02-24 05,MS,1,0,0,0,2000,1,28105,33.39,-88.85,33.519999999999996,-88.74000000000001,,,,,,,
165281,2022-02-24 09,2022-02-24 17,TN,4,4,0,0,0,1,47127,35.25,-86.39,35.4,-86.26,,,,,,,
166886,2022-02-24 16,2022-02-24 20,TN,10,10,0,0,0,7,47029;47059;47063;47073;47091;47093;47163,36.04,-83.99,36.59,-81.77,,,,,,,
167821,2022-03-06 23,2022-03-07 01,KY,1,1,0,0,0,1,21123,37.43,-85.8,37.54,-85.69,,,,,,,
166490,2022-03-07 00,2022-03-07 01,MO,1,1,0,0,0,1,29023,36.7,-90.49,36.83,-90.35000000000001,,,,,,,
165654,2022-03-07 09,2022-03-07 10,IN,1,0,0,0,25000,1,18041,39.550000000000004,-85.22,39.669999999999995,-85.11,,,,,,,
165947,2022-03-11 17,2022-03-11 17,CO,1,0,0,0,0,1,08097,39.31,-107.08,39.419999999999995,-106.97,,,,,,,
167112,2022-03-12 10,2022-03-12 13,FL,2,2,0,0,5000,1,12123,29.98,-83.64999999999999,30.12,-83.52,,,,,,,
168227,2022-03-16 19,2022-03-16 22,AL,1,7,1,1,0,1,01073,33.31,-86.94,33.419999999999995,-86.8,,,,,,,
167403,2022-03-17 12,2022-03-17 14,NC,1,1,0,0,0,1,37183,35.730000000000004,-78.7,35.839999999999996,-78.59,,,,,,,
166526,2022-03-18 10,2022-03-18 13,MS,6,7,0,0,16000,4,28031;28035;28067;28091,31.23,-89.85,31.69,-89.12,,,,,,,
168229,2022-03-18 12,2022-03-18 14,AL,1,2,0,0,0,1,01117,33.290000000000006,-86.86,33.43,-86.7,,,,,,,
166550,2022-03-18 16,2022-03-18 22,AL,13,14,0,0,0,4,01031;01045;01061;01069,31.03,-86.17,31.51,-85.23,,,,,,,
167113,2022-03-18 22,2022-03-19 12,FL,15,15,0,0,3000,6,12005;12013;12039;12063;12077;12133,30.16,-85.79,30.97,-84.73,,,,,,,
166749,2022-03-22 05,2022-03-22 10,TX,5,4,0,0,0,5,48073;48203;48347;48401;48423,31.77,-95.45,32.48,-94.24,,,,,,,
166856,2022-03-22 08,2022-03-22 14,LA,14,16,0,0,0,5,22015;22017;22031;22085;22119,31.63,-94.04,33.0,-93.46,,,,,,,
167194,2022-03-22 11,2022-03-22 14,AR,1,1,0,0,0,1,05051,34.410000000000004,-93.13,34.519999999999996,-93.02,,,,,,,
167721,2022-03-22 16,2022-03-22 19,LA,3,6,0,0,10000,3,22009;22039;22079,30.86,-92.55,31.33,-92.08,,,,,,,
167531,2022-03-22 22,2022-03-23 00,LA,1,1,0,0,0,1,22033,30.37,-91.21,30.48,-91.10000000000001,,,,,,,
167532,2022-03-22 22,2022-03-22 23,MS,1,1,0,0,0,1,28005,31.279999999999998,-90.78999999999999,31.400000000000002,-90.68,,,,,,,
168231,2022-03-23 00,2022-03-23 08,AL,5,14,3,0,0,5,01015;01073;01117;01121;01125,33.21,-87.7,33.64,-85.9,,,,,,,
168025,2022-03-24 00,2022-03-24 02,NC,1,3,0,0,1000,1,37175,35.150000000000006,-82.83,35.26,-82.71000000000001,,,,,,,
167911,2022-03-24 12,2022-03-24 14,VA,1,1,0,0,0,1,51700,37.080000000000005,-76.6,37.22,-76.48,,,,,,,
166205,2022-03-30 02,2022-03-30 05,KS,1,1,0,0,0,1,20139,38.730000000000004,-95.74,38.839999999999996,-95.63000000000001,,,,,,,
167329,2022-03-30 15,2022-03-30 23,MO,7,7,0,0,0,4,29067;29153;29225;29229,36.54,-92.93,37.17,-92.37,,,,,,,
167771,2022-03-31 06,2022-03-31 18,IL,1,1,1,0,0,1,17173,39.31,-88.89999999999999,39.43,-88.77,,,,,,,
167095,2022-03-31 11,2022-03-31 12,FL,1,1,0,0,0,1,12005,30.09,-85.66,30.2,-85.55,,,,,,,
167880,2022-03-31 20,2022-03-31 22,PA,2,2,0,0,2500,1,42015,41.540000000000006,-76.5,41.66,-76.38000000000001,,,,,,,
168290,2022-04-05 03,2022-04-05 07,TX,6,5,0,0,180000,3,48085;48113;48121,32.68,-96.91,33.19,-96.64,,,,,,,
168351,2022-04-05 11,2022-04-05 17,MS,4,11,0,0,24000,4,28035;28073;28091;28121,31.23,-89.98,32.42,-89.33,,,,,,,
166394,2022-04-05 18,2022-04-05 19,SC,1,1,0,0,0,1,45079,33.93,-81.08,34.04,-80.97,,,,,,,
166395,2022-04-06 22,2022-04-06 23,GA,1,2,0,0,20,1,13181,33.64,-82.49,33.75,-82.37,,,,,,,
167308,2022-04-11 06,2022-04-11 14,MO,5,5,0,0,0,1,29097,37.02,-94.57,37.199999999999996,-94.29,,,,,,,
167442,2022-04-12 10,2022-04-12 18,KY,2,0,0,0,0,2,21145;21157,36.82,-88.65,37.03,-88.44,,,,,,,
167604,2022-04-13 05,2022-04-13 07,TX,3,3,0,0,0,2,48347;48419,31.6,-94.66,31.77,-94.19,,,,,,,
170436,2022-04-13 11,2022-04-13 18,WI,1,0,0,0,0,1,55099,45.35,-90.11999999999999,45.459999999999994,-90.01,,,,,,,
168142,2022-04-13 14,2022-04-13 20,AR,8,7,0,0,50000,4,05007;05015;05087;05143,36.1,-94.52,36.37,-93.45,,,,,,,
167833,2022-04-13 15,2022-04-14 00,AR,8,8,0,0,0,6,05009;05089;05095;05119;05125;05135,34.57,-93.13,36.28,-91.19,,,,,,,
168283,2022-04-13 15,2022-04-14 04,MO,22,22,0,0,15000,9,29009;29043;29065;29067;29091;29153;29203;29225;29229,36.51,-93.86,37.79,-91.2,,,,,,,
167611,2022-04-13 21,2022-04-13 23,AR,1,1,0,0,0,1,05077,34.75,-90.85,34.86,-90.7,,,,,,,
167614,2022-04-13 21,2022-04-14 02,TN,4,4,0,0,5000,2,47157;47167,35.12,-89.98,35.48,-89.73,,,,,,,
167205,2022-04-13 23,2022-04-14 01,KY,1,0,0,0,0,1,21145,36.95,-88.69,37.08,-88.58,,,,,,,
167613,2022-04-14 00,2022-04-14 02,MS,1,1,0,0,0,1,28003,34.900000000000006,-88.57,35.01,-88.45,,,,,,,
170469,2022-04-14 00,2022-04-14 02,MS,1,1,0,0,5000,1,28089,32.56,-90.11,32.669999999999995,-90.0,,,,,,,
168761,2022-04-14 05,2022-04-14 07,LA,1,1,0,0,0,1,22071,29.89,-90.17999999999999,30.02,-90.02,,,,,,,
168652,2022-04-15 14,2022-04-15 15,FL,1,1,0,0,0,1,12099,26.689999999999998,-80.13,26.810000000000002,-80.02,,,,,,,
166720,2022-04-16 07,2022-04-16 07,AL,2,2,0,0,0,1,01033,34.67,-87.97,34.83,-87.81,,,,,,,
168128,2022-04-16 07,2022-04-16 15,MS,2,1,0,0,20000,2,28013;28071,34.02,-89.51,34.51,-89.28,,,,,,,
174378,2022-04-17 23,2022-04-18 03,MS,6,9,0,0,85000,4,28035;28049;28065;28121,31.33,-90.19,32.32,-89.32,,,,,,,
167871,2022-04-21 08,2022-04-25 21,AR,3,3,0,0,0,3,05063;05067;05097,34.44,-93.92,35.8,-91.2,,,,,,,
168286,2022-04-21 11,2022-04-22 08,MO,6,6,0,0,15000,4,29009;29039;29119;29145,36.73,-94.41,37.67,-93.7,,,,,,,
169081,2022-04-22 13,2022-04-22 17,IA,8,8,0,0,0,5,19049;19077;19127;19153;19169,41.71,-94.44,42.02,-92.91,,,,,,,
169671,2022-04-23 16,2022-04-24 00,MN,4,0,0,0,290000,4,27029;27107;27119;27125,47.22,-97.02,47.94,-95.39,,,,,,,
169661,2022-04-23 21,2022-04-24 00,ND,2,4,0,0,100000,2,38035;38097,47.4,-97.14,47.92,-96.99000000000001,,,,,,,
167166,2022-04-24 09,2022-04-24 10,TX,1,1,0,0,200000,1,48227,32.190000000000005,-101.58,32.33,-101.39,,,,,,,
168892,2022-04-25 03,2022-04-25 07,TX,2,2,0,0,0,1,48181,33.540000000000006,-96.61,33.72,-96.45,,,,,,,
168936,2022-04-25 21,2022-04-25 21,TX,1,1,0,0,0,1,48025,28.36,-97.96,28.48,-97.85000000000001,,,,,,,
167182,2022-04-29 02,2022-04-29 08,KS,1,0,0,0,0,1,20147,39.82,-99.55,40.01,-99.44,,,,,,,
168153,2022-04-29 02,2022-04-29 02,NE,2,2,0,0,0,1,31141,41.42,-97.62,41.599999999999994,-97.49,,,,,,,
168155,2022-04-30 01,2022-04-30 01,NE,1,1,0,0,0,1,31067,40.330000000000005,-96.73,40.489999999999995,-96.58,,,,,,,
168289,2022-04-30 08,2022-04-30 16,MO,3,3,0,0,0,1,29097,37.050000000000004,-94.57,37.199999999999996,-94.34,,,,,,,
170168,2022-05-01 21,2022-05-01 22,LA,1,1,0,0,0,1,22053,30.16,-92.71,30.27,-92.59,,,,,,,
168681,2022-05-02 01,2022-05-02 02,TX,1,1,0,0,1000,1,48415,32.53,-101.02,32.709999999999994,-100.9,,,,,,,
169793,2022-05-02 23,2022-05-06 01,AR,9,8,0,0,0,8,05001;05005;05019;05039;05049;05069;05121;05135,33.83,-93.19,36.39,-90.91,,,,,,,
169577,2022-05-05 01,2022-05-05 19,OK,7,12,0,0,2000000,5,40001;40097;40111;40135;40143,35.49,-96.13,36.3,-94.77,,,,,,,
168325,2022-05-05 02,2022-05-05 08,KS,5,5,0,0,0,2,20021;20037,37.16,-94.84,37.54,-94.62,,,,,,,
169617,2022-05-05 03,2022-05-05 22,MO,16,16,1,0,10000,8,29011;29043;29057;29059;29077;29097;29167;29225,37.04,-94.58,37.75,-92.86,,,,,,,
169665,2022-05-05 03,2022-05-05 07,OK,2,2,0,0,0,1,40125,35.21,-96.95,35.36,-96.83,,,,,,,
169580,2022-05-05 06,2022-05-05 14,AR,5,4,1,0,50000,3,05007;05033;05143,35.61,-94.27,36.24,-94.08,,,,,,,
169780,2022-05-05 16,2022-05-05 19,TX,1,1,0,0,0,1,48257,32.52,-96.38,32.629999999999995,-96.26,,,,,,,
168991,2022-05-05 19,2022-05-05 20,AR,1,1,0,0,0,1,05099,33.77,-93.44,33.879999999999995,-93.33,,,,,,,
168994,2022-05-05 20,2022-05-05 23,TX,2,2,0,0,0,2,48365;48459,32.21,-95.03,32.8,-94.58,,,,,,,
167619,2022-05-06 13,2022-05-06 20,WV,12,26,1,0,1118000,10,54005;54011;54013;54015;54035;54039;54043;54079;54087;54099,37.98,-82.49,38.83,-81.08,,,,,,,
168114,2022-05-06 16,2022-05-07 01,KY,7,10,0,0,8000,5,21025;21065;21071;21159;21199,37.27,-84.58,37.86,-82.49,,,,,,,
167632,2022-05-06 18,2022-05-06 23,OH,7,6,0,0,20000,5,39001;39027;39047;39129;39141,38.68,-84.16,39.55,-82.77,,,,,,,
169416,2022-05-06 20,2022-05-07 00,KY,1,1,0,0,0,1,21097,38.330000000000005,-84.36,38.44,-84.25,,,,,,,
167631,2022-05-06 21,2022-05-07 00,KY,2,3,0,0,0,2,21161;21201,38.43,-83.97,38.57,-83.75,,,,,,,
167617,2022-05-07 00,2022-05-07 07,OH,2,2,0,0,1000,2,39087;39115,38.63,-82.67,39.55,-81.82,,,,,,,
169768,2022-05-07 21,2022-05-07 22,NC,1,1,0,0,0,1,37183,35.730000000000004,-78.73,35.839999999999996,-78.62,,,,,,,
168183,2022-05-08 00,2022-05-08 04,SD,1,1,0,0,0,1,46045,45.300000000000004,-99.3,45.41,-99.2,,,,,,,
170207,2022-05-09 12,2022-05-09 13,ND,1,1,0,0,0,1,38027,47.540000000000006,-98.85,47.65,-98.74000000000001,,,,,,,
168749,2022-05-10 22,2022-05-11 01,TX,2,2,0,0,5000,1,48371,30.82,-102.95,30.94,-102.82000000000001,,,,,,,
168735,2022-05-11 23,2022-05-12 02,IL,1,1,0,0,0,1,17011,41.260000000000005,-89.27,41.39,-89.16,,,,,,,
170209,2022-05-12 00,2022-05-12 03,MN,2,2,0,0,0,2,27005;27167,46.55,-96.74,46.82,-95.83,,,,,,,
169953,2022-05-12 15,2022-05-13 01,MN,1,0,0,0,0,1,27031,47.760000000000005,-90.24,47.87,-90.13000000000001,,,,,,,
169490,2022-05-12 19,2022-05-13 00,MI,2,6,0,0,3002000,2,26043;26103,45.79,-88.06,46.51,-87.69,,,,,,,
167988,2022-05-12 22,2022-05-13 03,WI,2,1,0,0,465500,2,55075;55083,44.99,-88.44,45.17,-88.08,,,,,,,
169954,2022-05-13 02,2022-05-13 18,MN,4,3,0,0,0,3,27031;27075;27137,46.91,-92.88,47.87,-89.93,,,,,,,
168568,2022-05-13 22,2022-05-14 04,IL,1,1,0,0,0,1,17187,40.830000000000005,-90.75,40.989999999999995,-90.63000000000001,,,,,,,
168446,2022-05-14 00,2022-05-14 03,IL,1,1,0,0,0,1,17201,42.24,-89.42999999999999,42.379999999999995,-89.32000000000001,,,,,,,
170056,2022-05-14 00,2022-05-14 03,IL,1,1,0,0,0,1,17057,40.63,-90.49,40.739999999999995,-90.35000000000001,,,,,,,
169077,2022-05-14 01,2022-05-14 04,MO,1,1,0,0,0,1,29139,38.95,-91.31,39.129999999999995,-91.21000000000001,,,,,,,
169620,2022-05-14 04,2022-05-14 12,MO,1,1,0,0,0,1,29091,36.970000000000006,-91.77,37.08,-91.66,,,,,,,
176066,2022-05-14 08,2022-05-14 08,KY,1,0,1,0,0,1,21205,38.160000000000004,-83.6,38.279999999999994,-83.49000000000001,,,,,,,
169786,2022-05-14 21,2022-05-14 23,KY,1,1,0,0,0,1,21073,38.14,-84.95,38.25,-84.84,,,,,,,
167677,2022-05-14 22,2022-05-14 23,IN,2,2,0,0,0,1,18041,39.480000000000004,-85.25999999999999,39.65,-85.06,,,,,,,
168711,2022-05-14 23,2022-05-15 03,OH,2,2,0,0,750000,2,39103;39151,40.91,-82.02,41.07,-81.37,,,,,,,
168855,2022-05-15 00,2022-05-15 01,PA,1,1,0,0,1000,1,42125,40.010000000000005,-80.08,40.12,-79.97,,,,,,,
167678,2022-05-15 01,2022-05-15 03,OH,1,2,0,0,0,1,39047,39.410000000000004,-83.47,39.519999999999996,-83.36,,,,,,,
169841,2022-05-15 18,2022-05-15 21,AR,1,1,0,0,0,1,05101,36.050000000000004,-93.19,36.16,-93.08,,,,,,,
169795,2022-05-15 20,2022-05-15 22,NY,3,3,0,0,0,1,36001,42.61,-73.91,42.739999999999995,-73.79,,,,,,,
167805,2022-05-16 23,2022-05-17 01,VT,1,0,0,0,5000,1,50001,43.620000000000005,-73.13,43.75,-73.0,,,,,,,
169727,2022-05-18 02,2022-05-18 08,KS,7,7,0,0,0,4,20087;20127;20161;20177,38.76,-96.85,39.25,-95.21,,,,,,,
169870,2022-05-20 03,2022-05-20 05,MN,1,1,0,0,150000,1,27169,43.980000000000004,-91.73,44.129999999999995,-91.55,,,,,,,
168032,2022-05-20 11,2022-05-20 14,OH,3,2,0,0,70000,2,39017;39165,39.28,-84.55,39.39,-84.16,,,,,,,
170366,2022-05-20 18,2022-05-20 20,FL,1,1,0,0,5000,1,12099,26.3,-80.14999999999999,26.42,-80.04,,,,,,,
168277,2022-05-21 18,2022-05-21 19,SC,2,11,0,0,40,1,45079,33.93,-81.1,34.07,-80.97,,,,,,,
168763,2022-05-22 00,2022-05-22 03,PA,1,1,0,0,500000,1,42049,41.82,-79.94,41.97,-79.81,,,,,,,
169436,2022-05-22 01,2022-05-22 03,NY,1,1,0,0,0,1,36013,41.95,-79.67999999999999,42.059999999999995,-79.57000000000001,,,,,,,
169849,2022-05-23 20,2022-05-24 06,NC,4,4,0,0,0,3,37001;37135;37183,35.78,-79.44,36.11,-78.73,,,,,,,
168214,2022-05-24 01,2022-05-24 03,TX,4,0,0,0,0,4,48017;48079;48219;48279,33.74,-102.62,33.89,-102.43,,,,,,,
168034,2022-05-24 02,2022-05-24 10,TX,2,2,0,0,330000,2,48427;48505,26.31,-99.27,26.92,-98.69,,,,,,,
169589,2022-05-24 08,2022-05-24 14,OK,1,1,0,0,0,1,40037,36.02,-96.66,36.169999999999995,-96.53,,,,,,,
168273,2022-05-24 22,2022-05-25 00,TX,1,0,0,0,0,1,48303,33.370000000000005,-102.01,33.48,-101.73,,,,,,,
169942,2022-05-24 23,2022-05-24 23,TX,1,1,0,0,0,1,48049,31.61,-99.00999999999999,31.720000000000002,-98.91,,,,,,,
170047,2022-05-25 18,2022-05-25 21,LA,2,2,0,0,0,2,22071;22089,29.89,-90.46,30.04,-89.99,,,,,,,
169358,2022-05-25 23,2022-05-26 19,FL,2,2,0,0,0,1,12045,29.68,-85.36999999999999,29.8,-85.24000000000001,,,,,,,
170248,2022-05-26 14,2022-05-26 15,AL,1,1,0,0,250000,1,01003,30.48,-87.96,30.59,-87.85000000000001,,,,,,,
170250,2022-05-26 17,2022-05-26 18,FL,1,1,0,0,0,1,12113,30.439999999999998,-87.14999999999999,30.55,-87.04,,,,,,,
169999,2022-05-26 19,2022-05-27 01,NC,3,1,0,0,32000,3,37087;37089;37175,35.14,-82.91,35.4,-82.45,,,,,,,
169276,2022-05-26 21,2022-05-26 22,KY,2,2,0,0,0,1,21013,36.62,-83.78999999999999,36.78,-83.61,,,,,,,
168731,2022-05-26 22,2022-05-27 10,IA,3,3,0,0,0,2,19057;19105,40.83,-91.36,42.18,-91.11,,,,,,,
169867,2022-05-27 19,2022-05-27 22,IN,1,1,0,0,300000,1,18183,41.190000000000005,-85.52,41.32,-85.41,,,,,,,
169860,2022-05-27 21,2022-05-27 23,NC,1,1,0,0,0,1,37183,35.56,-78.97,35.669999999999995,-78.84,,,,,,,
170009,2022-05-27 21,2022-05-28 17,NJ,3,3,0,0,0,3,34017;34031;34039,40.71,-74.32,40.86,-74.16,,,,,,,
168059,2022-05-27 23,2022-05-28 00,VA,1,1,0,0,0,1,51003,37.74,-78.55,37.849999999999994,-78.44,,,,,,,
169978,2022-05-28 10,2022-05-28 15,ME,1,3,0,0,0,1,23003,47.1,-68.0,47.26,-67.79,,,,,,,
170373,2022-05-29 21,2022-05-29 23,FL,2,3,0,0,0,1,12086,25.82,-80.38,25.96,-80.25,,,,,,,
168727,2022-05-30 19,2022-05-31 05,SD,2,2,0,0,0,1,46029,44.86,-97.17,44.98,-97.03,,,,,,,
169844,2022-05-31 00,2022-05-31 02,KS,1,1,0,0,0,1,20085,39.52,-95.66,39.629999999999995,-95.5,,,,,,,
169217,2022-05-31 05,2022-05-31 11,KS,1,1,0,0,0,1,20169,38.67,-97.75,38.8,-97.64,,,,,,,
168294,2022-06-01 01,2022-06-01 03,TX,1,3,0,0,1000000,1,48191,34.58,-100.72,34.7,-100.61,,,,,,,
169040,2022-06-01 02,2022-06-01 05,KS,3,5,0,0,0,3,20015;20035;20173,37.15,-97.41,37.78,-96.96,,,,,,,
169676,2022-06-01 02,2022-06-01 05,OK,2,4,0,0,0,2,40065;40141,34.37,-99.36,34.67,-99.01,,,,,,,
168571,2022-06-01 04,2022-06-01 05,IL,1,1,0,0,0,1,17067,40.230000000000004,-91.07,40.349999999999994,-90.96000000000001,,,,,,,
169219,2022-06-01 06,2022-06-01 08,KS,2,4,0,0,0,2,20015;20173,37.68,-97.49,37.78,-96.98,,,,,,,
171178,2022-06-01 22,2022-06-02 01,OK,1,1,0,0,0,1,40039,35.47,-99.07,35.6,-98.95,,,,,,,
168184,2022-06-02 00,2022-06-02 01,IN,1,0,0,0,10000,1,18041,39.650000000000006,-85.13,39.76,-85.01,,,,,,,
168535,2022-06-02 01,2022-06-02 04,NJ,2,3,0,0,0,2,34027;34035,40.63,-74.62,40.79,-74.42,,,,,,,
169167,2022-06-02 16,2022-06-02 19,MS,1,1,0,0,2000,1,28105,33.38,-88.88,33.51,-88.77,,,,,,,
171603,2022-06-02 19,2022-06-02 20,NJ,2,2,0,0,0,1,34003,40.900000000000006,-74.14,41.089999999999996,-74.01,,,,,,,
168221,2022-06-02 20,2022-06-02 22,MD,1,1,0,0,0,1,24031,38.92,-77.16,39.029999999999994,-77.05,,,,,,,
171604,2022-06-02 20,2022-06-02 22,NY,5,2,0,0,0,1,36119,40.830000000000005,-73.89999999999999,40.97,-73.74000000000001,,,,,,,
168198,2022-06-02 21,2022-06-03 04,AL,7,7,0,0,0,1,01077,34.84,-87.76,34.989999999999995,-87.66,,,,,,,
168220,2022-06-02 22,2022-06-02 22,DC,1,0,0,0,0,1,11001,38.900000000000006,-77.11,39.01,-77.0,,,,,,,
171670,2022-06-02 23,2022-06-03 03,TN,8,8,0,0,15000,2,47015;47099,35.21,-87.5,35.82,-86.11,,,,,,,
171810,2022-06-03 00,2022-06-03 02,WA,1,1,0,0,0,1,53013,46.28,-117.91,46.39,-117.8,,,,,,,
171562,2022-06-03 02,2022-06-03 22,WA,3,5,0,0,435000,3,53003;53007;53047,46.28,-120.42,48.74,-117.35,,,,,,,
171756,2022-06-03 02,2022-06-03 03,LA,1,1,0,0,0,1,22005,30.24,-90.94,30.35,-90.82000000000001,,,,,,,
169371,2022-06-03 09,2022-06-03 11,TX,1,1,0,0,5000,1,48335,32.330000000000005,-100.92999999999999,32.44,-100.8,,,,,,,
170379,2022-06-04 00,2022-06-04 01,TX,2,2,0,0,150000,1,48439,32.58,-97.3,32.81,-97.19,,,,,,,
171323,2022-06-04 00,2022-06-04 01,GA,1,1,0,0,0,1,13087,30.689999999999998,-84.59,30.8,-84.48,,,,,,,
171662,2022-06-04 05,2022-06-04 17,FL,3,11,0,0,20000,3,12011;12021;12086,25.68,-81.74,26.18,-80.15,,,,,,,
171003,2022-06-05 14,2022-06-05 17,OK,1,1,0,0,0,1,40109,35.61,-97.58,35.72,-97.47,,,,,,,
171565,2022-06-05 18,2022-06-06 01,WA,11,12,0,0,545000,5,53003;53007;53017;53047;53063,46.41,-120.37,48.03,-117.06,,,,,,,
170331,2022-06-05 21,2022-06-06 03,KS,1,2,0,0,1250000,1,20163,39.41,-99.47,39.57,-99.35000000000001,,,,,,,
170510,2022-06-05 21,2022-06-05 22,NE,5,5,0,0,0,1,31055,41.14,-96.24,41.309999999999995,-95.98,,,,,,,
170927,2022-06-06 02,2022-06-06 05,KS,4,4,0,0,1600,2,20053;20105,38.77,-98.3,39.07,-98.10000000000001,,,,,,,
171709,2022-06-06 19,2022-06-07 17,FL,1,0,0,0,0,1,12086,25.52,-80.39,25.650000000000002,-80.27,,,,,,,
170133,2022-06-06 22,2022-06-07 02,IL,2,1,0,0,0,2,17095;17175,40.77,-90.43,41.09,-89.67,,,,,,,
171431,2022-06-07 00,2022-06-07 02,CO,1,1,0,0,0,1,08099,38.040000000000006,-102.67,38.16,-102.52,,,,,,,
171006,2022-06-07 12,2022-06-07 16,OK,2,3,0,0,0,2,40049;40109,34.77,-97.74,35.54,-96.95,,,,,,,
170540,2022-06-07 15,2022-06-07 19,AR,6,5,0,0,0,2,05033;05131,35.3,-94.41,35.5,-94.3,,,,,,,
170480,2022-06-07 19,2022-06-10 17,AR,4,4,0,0,0,3,05051;05097;05145,34.68,-93.67,35.46,-91.69,,,,,,,
169726,2022-06-07 22,2022-06-08 05,AL,4,4,0,0,0,2,01089;01095,34.34,-86.57,34.64,-86.29,,,,,,,
170530,2022-06-07 22,2022-06-08 15,AL,9,31,0,0,0,5,01015;01055;01073;01117;01121,33.16,-86.97,34.03,-85.9,,,,,,,
170919,2022-06-07 22,2022-06-08 00,AR,1,2,0,0,0,1,05055,35.970000000000006,-90.52,36.11,-90.41,,,,,,,
171672,2022-06-07 23,2022-06-07 23,TN,1,1,0,0,0,1,47189,36.03,-86.11999999999999,36.14,-86.01,,,,,,,
171458,2022-06-08 06,2022-06-08 08,CO,1,1,0,0,0,1,08099,38.03,-102.67999999999999,38.15,-102.57000000000001,,,,,,,
171007,2022-06-08 11,2022-06-08 18,OK,10,11,0,0,0,5,40015;40039;40051;40123;40129,34.67,-99.93,35.66,-96.62,,,,,,,
170542,2022-06-08 16,2022-06-08 21,AR,3,3,0,0,0,2,05033;05131,35.17,-94.42,35.53,-94.31,,,,,,,
170541,2022-06-08 17,2022-06-08 20,OK,3,3,0,0,0,3,40101;40121;40135,34.94,-95.77,35.74,-95.11,,,,,,,
169819,2022-06-08 22,2022-06-08 23,TX,1,1,0,0,8000,1,48389,30.9,-103.77,31.01,-103.66,,,,,,,
168494,2022-06-08 23,2022-06-09 03,MD,6,5,0,0,0,2,24005;24027,39.15,-76.94,39.35,-76.68,,,,,,,
168580,2022-06-08 23,2022-06-09 01,OH,1,1,0,0,250,1,39127,39.760000000000005,-82.35,39.87,-82.23,,,,,,,
168477,2022-06-09 02,2022-06-09 07,WV,2,2,0,0,3250,2,54015;54087,38.49,-81.35,38.64,-81.13,,,,,,,
168536,2022-06-09 08,2022-06-09 10,PA,1,1,0,0,0,1,42045,39.86,-75.32,39.98,-75.2,,,,,,,
171527,2022-06-09 18,2022-06-09 21,FL,2,3,0,0,0,2,12011;12086,25.55,-80.38,26.03,-80.14,,,,,,,
170545,2022-06-10 10,2022-06-10 13,OK,3,5,0,0,0,2,40101;40135,35.45,-95.43,35.76,-94.77,,,,,,,
170546,2022-06-10 11,2022-06-10 13,AR,2,5,0,0,0,1,05131,35.21,-94.44,35.37,-94.26,,,,,,,
171761,2022-06-10 15,2022-06-10 19,LA,8,8,0,0,90000,2,22051;22071,29.9,-90.23,30.09,-90.0,,,,,,,
169169,2022-06-10 19,2022-06-10 21,MS,2,3,0,0,10000,1,28035,31.259999999999998,-89.36999999999999,31.38,-89.26,,,,,,,
168542,2022-06-11 18,2022-06-11 19,SC,1,1,0,0,110,1,45079,33.93,-81.08,34.04,-80.97,,,,,,,
170140,2022-06-12 13,2022-06-12 16,IL,1,1,0,0,0,1,17169,40.040000000000006,-90.67,40.19,-90.56,,,,,,,
168491,2022-06-12 15,2022-06-12 15,IN,1,1,0,0,10000,1,18133,39.77,-87.07,39.879999999999995,-86.95,,,,,,,
168831,2022-06-13 03,2022-06-13 06,SD,1,0,0,0,0,1,46055,43.95,-101.8,44.05,-101.06,,,,,,,
171605,2022-06-13 06,2022-06-13 07,CT,1,1,0,0,0,1,09001,40.99,-73.59,41.099999999999994,-73.48,,,,,,,
169754,2022-06-13 12,2022-06-13 21,MI,1,1,0,0,10000,1,26131,46.650000000000006,-89.81,46.79,-89.7,,,,,,,
168496,2022-06-13 13,2022-06-13 15,MN,1,1,0,0,0,1,27147,44.03,-93.28,44.15,-93.17,,,,,,,
168658,2022-06-13 21,2022-06-13 23,IN,2,2,0,0,0,2,18023;18059,39.85,-86.4,40.42,-85.79,,,,,,,
170579,2022-06-14 05,2022-06-14 10,ND,1,0,0,0,150000,1,38103,47.32,-99.44,47.43,-99.31,,,,,,,
168704,2022-06-14 14,2022-06-14 16,WV,1,1,1,0,5000,1,54103,39.57,-80.71,39.709999999999994,-80.52,,,,,,,
168538,2022-06-14 15,2022-06-14 20,WV,7,7,0,0,9000,2,54033;54083,38.54,-80.35,39.39,-79.95,,,,,,,
169721,2022-06-15 16,2022-06-17 17,MT,1,0,0,0,500000,1,30029,48.09,-114.24,48.37,-113.75,,,,,,,
170890,2022-06-16 01,2022-06-16 02,KS,2,2,0,0,0,1,20111,38.150000000000006,-96.08,38.349999999999994,-95.89,,,,,,,
171484,2022-06-16 04,2022-06-16 04,KS,1,1,0,0,0,1,20073,38.040000000000006,-96.28,38.22,-96.16,,,,,,,
169055,2022-06-16 14,2022-06-17 08,OH,2,4,0,0,1000,1,39167,39.52,-81.46,39.69,-81.16,,,,,,,
168643,2022-06-16 22,2022-06-17 00,SC,9,8,0,0,63100,2,45063;45079,33.92,-81.13,34.089999999999996,-80.99,,,,,,,
171625,2022-06-16 22,2022-06-16 22,NC,1,1,0,0,0,1,37167,35.17,-80.36,35.279999999999994,-80.25,,,,,,,
168860,2022-06-17 00,2022-06-17 01,VA,1,1,0,0,0,1,51137,38.190000000000005,-78.16,38.3,-78.05,,,,,,,
168706,2022-06-17 01,2022-06-17 06,OH,1,2,0,0,80000,1,39121,39.75,-81.68,39.919999999999995,-81.53,,,,,,,
169045,2022-06-17 02,2022-06-17 07,WV,2,2,0,0,1000,2,54041;54095,38.89,-81.06,39.53,-80.4,,,,,,,
170150,2022-06-17 10,2022-06-17 15,IL,8,8,0,0,0,4,17021;17049;17137;17173,39.11,-90.11,39.65,-88.49,,,,,,,
169058,2022-06-17 20,2022-06-17 23,WV,1,1,0,0,250,1,54067,38.18,-81.03999999999999,38.309999999999995,-80.91,,,,,,,
168713,2022-06-19 00,2022-06-19 02,NM,2,2,0,0,30000,2,35039;35061,34.81,-106.84,36.19,-105.91,,,,,,,
171713,2022-06-19 03,2022-06-19 17,UT,2,2,0,0,0,2,49007;49055,38.22,-111.2,39.68,-110.84,,,,,,,
169287,2022-06-19 21,2022-06-19 23,NM,2,2,0,0,100000,1,35006,35.03,-107.64999999999999,35.169999999999995,-107.47,,,,,,,
171149,2022-06-21 02,2022-06-21 05,NM,1,1,0,0,0,1,35051,33.28,-107.74,33.39,-107.61,,,,,,,
171150,2022-06-22 16,2022-06-23 03,NM,2,2,0,0,0,2,35013;35051,32.16,-107.56,32.85,-106.66,,,,,,,
168861,2022-06-22 21,2022-06-22 22,VA,4,4,0,0,0,3,51139;51187;51840,38.63,-78.55,39.17,-78.18,,,,,,,
169134,2022-06-22 22,2022-06-22 22,CA,1,2,0,0,0,1,06065,33.88,-116.86999999999999,33.989999999999995,-116.76,,,,,,,
169024,2022-06-22 23,2022-06-23 02,CA,1,2,0,0,5000,1,06065,33.800000000000004,-115.32,33.91,-115.18,,,,,,,
170159,2022-06-23 01,2022-06-23 10,WV,4,7,0,0,5750,2,54001;54067,38.21,-81.03,39.19,-79.98,,,,,,,
170190,2022-06-23 12,2022-06-23 14,NY,1,3,0,0,80000,1,36033,44.730000000000004,-74.34,44.849999999999994,-74.18,,,,,,,
171847,2022-06-23 18,2022-06-23 23,UT,2,2,0,0,110000,1,49055,38.17,-111.21,38.37,-110.71,,,,,,,
171522,2022-06-23 22,2022-06-23 23,AZ,1,0,0,0,0,1,04019,31.72,-111.6,31.84,-111.42,,,,,,,
169222,2022-06-24 02,2022-06-24 10,MN,2,3,0,0,1530000,2,27097;27145,45.5,-94.52,46.12,-94.15,,,,,,,
170930,2022-06-24 04,2022-06-24 06,MN,1,1,0,0,0,1,27035,46.160000000000004,-94.14999999999999,46.269999999999996,-94.04,,,,,,,
171269,2022-06-24 22,2022-06-25 01,ND,1,1,0,0,20000,1,38103,47.720000000000006,-99.64,47.839999999999996,-99.47,,,,,,,
171873,2022-06-25 01,2022-06-25 04,GA,1,1,0,0,0,1,13225,32.6,-83.86999999999999,32.72,-83.75,,,,,,,
170975,2022-06-25 08,2022-06-25 09,IA,1,1,0,0,0,1,19141,42.96,-95.78999999999999,43.07,-95.68,,,,,,,
169884,2022-06-25 09,2022-06-25 12,IA,2,2,0,0,0,2,19019;19103,41.67,-91.89,42.42,-91.42,,,,,,,
169936,2022-06-25 23,2022-06-26 01,NM,1,1,1,0,0,1,35049,35.59,-106.08,35.709999999999994,-105.91,,,,,,,
170243,2022-06-26 00,2022-06-26 01,KY,1,2,0,0,3000,1,21043,38.25,-83.23,38.36,-83.11,,,,,,,
170244,2022-06-26 00,2022-06-26 01,VA,1,2,0,0,250,1,51051,37.080000000000005,-82.55,37.19,-82.43,,,,,,,
170193,2022-06-26 03,2022-06-26 08,IL,3,3,0,0,0,3,17021;17113;17167,39.57,-89.58,40.55,-89.03,,,,,,,
170241,2022-06-26 14,2022-06-27 13,WV,2,3,0,0,3500,2,54007;54081,37.67,-81.27,38.71,-80.66,,,,,,,
171417,2022-06-26 19,2022-06-26 22,AZ,2,3,0,0,160000,1,04005,35.19,-111.71,35.37,-111.51,,,,,,,
171841,2022-06-26 21,2022-06-30 22,UT,3,3,0,0,0,3,49017;49053;49055,37.18,-112.98,38.28,-111.07,,,,,,,
169290,2022-06-26 22,2022-06-27 01,NM,1,4,0,0,500000,1,35005,33.370000000000005,-104.56,33.489999999999995,-104.45,,,,,,,
169361,2022-06-27 00,2022-06-28 04,OH,1,1,0,0,0,1,39121,39.830000000000005,-81.55,39.949999999999996,-81.41,,,,,,,
170586,2022-06-27 00,2022-06-27 03,AZ,3,3,0,0,0,3,04012;04013;04021,32.9,-113.99,33.92,-111.73,,,,,,,
169352,2022-06-27 01,2022-06-27 01,CO,1,0,0,0,25000,1,08067,37.17,-107.64999999999999,37.29,-107.54,,,,,,,
169362,2022-06-27 01,2022-06-27 03,PA,1,1,0,0,0,1,42007,40.690000000000005,-80.42,40.839999999999996,-80.3,,,,,,,
171874,2022-06-27 21,2022-06-28 00,GA,1,1,0,0,0,1,13089,33.660000000000004,-84.36,33.769999999999996,-84.25,,,,,,,
171152,2022-06-27 22,2022-06-28 00,NM,1,1,0,0,0,1,35035,32.800000000000004,-105.7,32.94,-105.57000000000001,,,,,,,
169456,2022-06-29 02,2022-06-29 05,AZ,2,3,0,0,51000,1,04015,35.1,-114.03,35.46,-113.88,,,,,,,
169330,2022-06-29 14,2022-06-29 15,SC,1,2,0,0,1100,1,45079,33.900000000000006,-81.03999999999999,34.01,-80.93,,,,,,,
171380,2022-06-29 22,2022-06-30 00,AL,1,1,0,0,0,1,01045,31.25,-85.61999999999999,31.36,-85.48,,,,,,,
171537,2022-06-29 22,2022-06-30 01,GA,5,5,0,0,0,2,13173;13185,30.66,-83.34,31.04,-83.17,,,,,,,
171426,2022-06-30 00,2022-06-30 02,AZ,1,1,0,0,0,1,04025,34.7,-112.14,34.83,-112.03,,,,,,,
171875,2022-06-30 01,2022-06-30 02,GA,1,1,0,0,0,1,13097,33.620000000000005,-84.86,33.73,-84.75,,,,,,,
171772,2022-06-30 10,2022-06-30 11,MS,2,2,0,0,0,1,28047,30.47,-89.23,30.61,-89.06,,,,,,,
171743,2022-06-30 15,2022-06-30 17,AL,1,1,0,0,0,1,01003,30.529999999999998,-87.95,30.64,-87.84,,,,,,,
171744,2022-06-30 16,2022-06-30 18,FL,2,2,0,0,0,2,12033;12113,30.31,-87.26,30.470000000000002,-87.16,,,,,,,
169275,2022-06-30 21,2022-06-30 22,MS,1,1,0,0,1000,1,28037,31.41,-90.95,31.53,-90.83,,,,,,,
169293,2022-06-30 22,2022-06-30 22,NM,2,2,0,0,150000,1,35033,35.970000000000006,-105.49,36.169999999999995,-105.32000000000001,,,,,,,
171716,2022-07-01 01,2022-07-01 02,AZ,1,1,0,0,0,1,04007,33.330000000000005,-110.83,33.44,-110.72,,,,,,,
171560,2022-07-01 06,2022-07-01 06,AZ,1,1,0,0,0,1,04019,31.62,-111.5,31.81,-111.38000000000001,,,,,,,
172439,2022-07-01 13,2022-07-01 17,TX,2,12,0,0,25000,2,48245;48361,29.85,-94.04,30.11,-93.79,,,,,,,
169325,2022-07-01 18,2022-07-02 05,NM,3,7,0,0,375000,3,35033;35047;35049,35.47,-105.89,36.03,-105.34,,,,,,,
172197,2022-07-01 18,2022-07-01 20,CO,1,1,0,0,0,1,08015,38.410000000000004,-106.14,38.529999999999994,-106.03,,,,,,,
169317,2022-07-01 19,2022-07-01 20,VA,1,1,0,0,0,1,51165,38.39,-79.17999999999999,38.5,-79.07000000000001,,,,,,,
172597,2022-07-01 21,2022-07-01 22,UT,1,1,0,0,0,1,49055,38.14,-111.2,38.25,-111.07000000000001,,,,,,,
169523,2022-07-01 22,2022-07-02 01,SD,2,2,0,0,1250000,2,46093;46103,44.050000000000004,-103.09,44.19,-102.97,,,,,,,
172673,2022-07-01 22,2022-07-02 02,AZ,3,7,0,0,500,1,04019,32.15,-111.22,32.36,-110.88,,,,,,,
171539,2022-07-02 02,2022-07-02 02,IL,1,1,0,0,0,1,17033,38.95,-87.97,39.059999999999995,-87.84,,,,,,,
169354,2022-07-02 21,2022-07-03 00,NM,1,2,0,0,300000,1,35033,35.85,-105.53,35.98,-105.33,,,,,,,
170511,2022-07-02 21,2022-07-02 22,KY,1,1,0,0,0,1,21107,37.25,-87.58,37.41,-87.47,,,,,,,
169392,2022-07-02 23,2022-07-04 02,MD,24,22,0,0,0,4,24005;24015;24031;24033,38.94,-77.19,39.71,-75.89,,,,,,,
172199,2022-07-02 23,2022-07-03 02,CO,3,3,0,0,0,1,08101,38.330000000000005,-104.74,38.459999999999994,-104.56,,,,,,,
172628,2022-07-03 01,2022-07-03 03,NC,3,3,0,0,0,1,37067,36.040000000000006,-80.36,36.209999999999994,-80.19,,,,,,,
169353,2022-07-03 02,2022-07-03 04,PA,1,0,0,0,0,1,42029,39.690000000000005,-76.11999999999999,39.809999999999995,-76.01,,,,,,,
169396,2022-07-03 04,2022-07-03 06,DC,2,2,0,0,0,1,11001,38.88,-77.1,39.019999999999996,-76.99000000000001,,,,,,,
171030,2022-07-03 12,2022-07-03 15,AR,1,1,0,0,1000,1,05003,33.24,-92.0,33.349999999999994,-91.87,,,,,,,
171964,2022-07-03 12,2022-07-03 15,AR,1,1,0,0,0,1,05011,33.24,-92.42,33.36,-92.3,,,,,,,
172159,2022-07-03 14,2022-07-03 20,AR,7,7,0,0,0,1,05139,33.13,-92.78,33.39,-92.37,,,,,,,
172838,2022-07-03 21,2022-07-04 18,WA,4,7,0,0,16000,2,53007;53065,47.3,-120.11,48.56,-118.12,,,,,,,
170029,2022-07-04 00,2022-07-04 03,MT,3,3,0,0,700000,1,30049,46.52,-112.1,46.65,-111.95,,,,,,,
172238,2022-07-04 01,2022-07-04 02,KS,1,1,0,0,200,1,20205,37.59,-95.78999999999999,37.699999999999996,-95.67,,,,,,,
172196,2022-07-04 02,2022-07-04 05,SD,1,1,0,0,0,1,46021,45.730000000000004,-100.22,45.839999999999996,-100.09,,,,,,,
170446,2022-07-04 04,2022-07-04 04,MT,1,1,0,0,0,1,30025,46.300000000000004,-104.35,46.43,-104.23,,,,,,,
171410,2022-07-04 05,2022-07-04 09,ND,1,0,0,0,500000,1,38089,46.81,-102.91,46.949999999999996,-102.78,,,,,,,
172001,2022-07-04 07,2022-07-04 20,MI,1,0,0,0,20000,1,26131,46.63,-89.44,46.739999999999995,-89.33,,,,,,,
171928,2022-07-04 15,2022-07-04 19,SC,9,9,0,0,32000,1,45051,33.58,-79.04,33.88,-78.62,,,,,,,
171328,2022-07-04 16,2022-07-04 16,NC,1,1,0,0,1000,1,37019,33.81,-78.05,33.919999999999995,-77.93,,,,,,,
171837,2022-07-04 19,2022-07-04 23,IL,3,3,0,0,0,1,17011,41.27,-89.49,41.419999999999995,-89.19,,,,,,,
171041,2022-07-04 20,2022-07-05 02,MS,2,1,0,0,7000,2,28067;28121,31.66,-89.99,32.28,-89.17,,,,,,,
169421,2022-07-04 21,2022-07-04 23,SC,1,4,0,0,100000,1,45079,33.95,-81.13,34.11,-80.96000000000001,,,,,,,
172674,2022-07-04 21,2022-07-05 00,AZ,1,0,0,0,5000,1,04003,31.82,-109.54,31.96,-109.39,,,,,,,
172894,2022-07-04 22,2022-07-05 02,WA,2,12,0,0,1050000,1,53047,48.55,-120.31,48.74,-119.78,,,,,,,
169439,2022-07-05 02,2022-07-05 04,NM,1,1,0,0,25000,1,35031,35.74,-108.86,35.849999999999994,-108.69,,,,,,,
171897,2022-07-05 16,2022-07-05 19,LA,1,1,0,0,0,1,22071,29.96,-90.17999999999999,30.080000000000002,-89.99000000000001,,,,,,,
171046,2022-07-05 19,2022-07-07 01,WV,2,2,0,0,500,2,54039;54099,37.93,-82.42,38.2,-81.43,,,,,,,
172644,2022-07-05 21,2022-07-06 00,KY,3,3,0,0,15000,2,21051;21173,37.15,-83.96,38.04,-83.78,,,,,,,
169443,2022-07-05 22,2022-07-05 23,NM,1,1,0,0,25000,1,35045,36.21,-107.78999999999999,36.33,-107.68,,,,,,,
172922,2022-07-05 22,2022-07-06 00,MN,2,2,0,0,0,2,27033;27133,43.64,-96.22,44.18,-95.44,,,,,,,
172381,2022-07-05 23,2022-07-06 01,AZ,1,1,0,0,0,1,04005,36.85,-111.49,37.01,-111.36,,,,,,,
172630,2022-07-05 23,2022-07-06 01,NC,2,2,0,0,10000,1,37067,35.970000000000006,-80.42999999999999,36.089999999999996,-80.25,,,,,,,
172747,2022-07-05 23,2022-07-06 00,SD,1,1,0,0,20000,1,46099,43.660000000000004,-96.56,43.779999999999994,-96.45,,,,,,,
170119,2022-07-06 01,2022-07-06 03,MN,1,5,0,0,300000,1,27047,43.5,-93.36,43.67,-93.2,,,,,,,
171270,2022-07-06 01,2022-07-06 04,WI,1,2,0,0,10000,1,55079,42.89,-88.03,43.01,-87.86,,,,,,,
172649,2022-07-06 01,2022-07-06 04,IN,2,7,0,0,25000,2,18003;18183,41.07,-85.35,41.24,-85.14,,,,,,,
171951,2022-07-06 02,2022-07-06 04,IA,1,1,0,0,185000,1,19043,43.03,-91.32,43.14,-91.18,,,,,,,
172497,2022-07-06 02,2022-07-06 02,GA,1,1,0,0,0,1,13075,31.09,-83.46,31.2,-83.34,,,,,,,
169731,2022-07-06 03,2022-07-06 07,IL,1,1,0,0,0,1,17111,42.150000000000006,-88.6,42.29,-88.49000000000001,,,,,,,
171835,2022-07-06 03,2022-07-06 05,IL,1,1,0,0,0,1,17085,42.34,-90.05,42.449999999999996,-89.95,,,,,,,
169467,2022-07-06 06,2022-07-06 06,SC,1,1,0,0,300000,1,45075,33.440000000000005,-80.92999999999999,33.55,-80.81,,,,,,,
170505,2022-07-06 07,2022-07-06 10,OH,3,4,0,0,30000,2,39049;39073,39.47,-83.03,39.99,-82.51,,,,,,,
172618,2022-07-07 00,2022-07-07 01,UT,1,1,0,0,35000,1,49015,39.06,-110.3,39.19,-110.18,,,,,,,
171509,2022-07-07 01,2022-07-07 17,NE,3,3,0,0,0,3,31041;31069;31161,41.53,-102.38,42.75,-99.35,,,,,,,
170916,2022-07-07 02,2022-07-07 04,MT,1,1,0,0,0,1,30065,46.47,-108.58,46.57,-108.45,,,,,,,
172200,2022-07-07 03,2022-07-07 05,CO,1,1,0,0,0,1,08089,37.93,-103.61,38.04,-103.5,,,,,,,
171614,2022-07-07 06,2022-07-07 06,NE,1,1,0,0,0,1,31013,42.03,-102.94,42.15,-102.81,,,,,,,
172860,2022-07-07 08,2022-07-07 09,MO,1,1,0,0,5000,1,29021,39.67,-94.84,39.849999999999994,-94.7,,,,,,,
172281,2022-07-07 17,2022-07-07 23,SD,2,0,0,0,0,2,46045;46049,44.99,-99.35,45.46,-99.12,,,,,,,
171581,2022-07-07 18,2022-07-07 22,IL,1,0,0,0,0,1,17029,39.43,-88.44,39.54,-88.33,,,,,,,
169592,2022-07-07 19,2022-07-07 21,NM,1,1,0,0,50000,1,35027,33.34,-105.69,33.449999999999996,-105.56,,,,,,,
170552,2022-07-07 19,2022-07-07 20,CO,1,2,0,0,15000,1,08069,40.39,-105.33,40.5,-105.2,,,,,,,
170514,2022-07-07 22,2022-07-07 23,KY,1,1,0,0,20000,1,21177,37.14,-87.13,37.269999999999996,-87.0,,,,,,,
172604,2022-07-07 22,2022-07-08 04,NC,2,2,0,0,15000,2,37051;37183,34.97,-78.99,35.79,-78.64,,,,,,,
172670,2022-07-07 22,2022-07-07 23,NE,1,1,0,0,25000,1,31051,42.39,-96.91,42.5,-96.79,,,,,,,
172671,2022-07-07 22,2022-07-07 23,IA,1,1,0,0,0,1,19193,42.45,-96.5,42.57,-96.39,,,,,,,
169603,2022-07-08 00,2022-07-08 01,SC,1,1,0,0,10000,1,45003,33.38,-81.97,33.5,-81.85000000000001,,,,,,,
172770,2022-07-08 00,2022-07-08 02,TX,1,1,0,0,0,1,48141,31.8,-106.5,31.93,-106.38000000000001,,,,,,,
171582,2022-07-08 11,2022-07-08 14,IL,2,2,0,0,0,2,17017;17167,39.77,-90.35,40.0,-89.65,,,,,,,
169610,2022-07-08 14,2022-07-08 15,IN,1,1,0,0,2000,1,18153,39.0,-87.56,39.19,-87.39,,,,,,,
172468,2022-07-08 17,2022-07-08 20,IA,2,2,0,0,0,2,19103;19139,41.38,-91.47,41.72,-91.07,,,,,,,
171507,2022-07-08 20,2022-07-08 21,KY,1,1,0,0,0,1,21207,37.050000000000004,-85.1,37.16,-84.98,,,,,,,
171583,2022-07-08 20,2022-07-08 23,IL,2,2,0,0,0,1,17095,40.85,-90.39,41.019999999999996,-90.27,,,,,,,
171047,2022-07-08 21,2022-07-08 23,WV,2,3,0,0,3500,2,54039;54079,38.330000000000005,-81.78,38.519999999999996,-81.52,,,,,,,
172567,2022-07-09 00,2022-07-09 00,TX,1,1,0,0,0,1,48375,35.13,-102.06,35.25,-101.95,,,,,,,
169593,2022-07-09 01,2022-07-09 04,NM,1,1,0,0,25000,1,35047,35.540000000000006,-105.46,35.68,-105.34,,,,,,,
169751,2022-07-09 02,2022-07-09 07,VA,4,6,0,0,0,2,51003;51059,38.01,-78.52,38.85,-77.23,,,,,,,
169752,2022-07-09 04,2022-07-09 13,MD,9,10,0,0,0,2,24031;24037,38.26,-77.21,39.02,-76.65,,,,,,,
170705,2022-07-09 05,2022-07-09 07,KY,1,0,0,0,4000,1,21107,37.190000000000005,-87.61,37.33,-87.47,,,,,,,
169753,2022-07-09 06,2022-07-09 07,DC,4,1,0,0,0,1,11001,38.830000000000005,-77.14,39.029999999999994,-76.96000000000001,,,,,,,
172631,2022-07-09 13,2022-07-09 18,VA,9,9,0,0,0,6,51073;51103;51115;51133;51159;51193,37.41,-76.69,38.15,-76.31,,,,,,,
172009,2022-07-09 16,2022-07-10 01,AL,2,3,0,0,0,2,01017;01073,32.88,-86.98,33.55,-85.19,,,,,,,
172310,2022-07-09 20,2022-07-10 01,AL,2,2,0,0,0,1,01097,30.61,-88.13,30.740000000000002,-88.0,,,,,,,
172601,2022-07-09 22,2022-07-10 04,NC,7,8,0,1,151500,4,37051;37063;37135;37183,35.04,-79.03,36.01,-78.42,,,,,,,
172786,2022-07-10 02,2022-07-10 04,TN,2,3,0,0,0,2,47013;47025,36.35,-84.16,36.46,-83.57,,,,,,,
169902,2022-07-10 03,2022-07-10 05,KY,2,2,0,0,0,1,21013,36.59,-83.72,36.709999999999994,-83.57000000000001,,,,,,,
172792,2022-07-10 03,2022-07-10 04,VA,1,1,0,0,0,1,51169,36.540000000000006,-82.71,36.69,-82.57000000000001,,,,,,,
169601,2022-07-10 19,2022-07-10 19,CO,1,3,0,0,1000,1,08091,38.120000000000005,-107.83,38.23,-107.72,,,,,,,
172779,2022-07-10 22,2022-07-11 01,FL,1,1,0,0,0,1,12033,30.37,-87.28999999999999,30.5,-87.12,,,,,,,
169596,2022-07-11 20,2022-07-12 01,NM,2,4,0,0,100000,2,35007;35033,36.06,-105.38,36.33,-104.45,,,,,,,
172495,2022-07-11 20,2022-07-15 12,FL,4,4,0,0,0,3,12005;12013;12063,30.17,-85.65,30.77,-85.14,,,,,,,
172496,2022-07-11 21,2022-07-11 23,GA,3,3,0,0,0,2,13131;13205,30.95,-84.26,31.15,-84.13,,,,,,,
172210,2022-07-11 22,2022-07-12 01,CO,2,2,0,0,0,2,08043;08055,37.4,-105.75,38.33,-105.07,,,,,,,
169629,2022-07-12 16,2022-07-12 22,AL,1,1,0,0,0,1,01089,34.82,-86.7,34.94,-86.59,,,,,,,
171050,2022-07-12 20,2022-07-13 04,WV,6,12,0,0,1005950,4,54039;54047;54079;54081,37.2,-81.98,38.47,-81.16,,,,,,,
171898,2022-07-12 22,2022-07-12 22,LA,1,1,0,0,30000,1,22103,30.24,-89.86999999999999,30.36,-89.73,,,,,,,
169600,2022-07-12 23,2022-07-13 04,NM,3,4,0,0,200000,2,35033;35047,35.77,-105.36,36.01,-105.25,,,,,,,
169725,2022-07-13 01,2022-07-13 06,VA,3,2,0,0,115000,1,51185,37.06,-81.8,37.18,-81.35,,,,,,,
171255,2022-07-13 01,2022-07-13 04,VA,1,2,0,1,1800000,1,51027,37.27,-82.06,37.39,-81.95,,,,,,,
172986,2022-07-13 02,2022-07-13 05,TN,4,4,0,0,0,4,47003;47055;47099;47117,35.25,-87.34,35.67,-86.58,,,,,,,
172556,2022-07-13 03,2022-07-13 04,TN,1,2,0,0,250000,1,47155,35.7,-83.49,35.839999999999996,-83.37,,,,,,,
172187,2022-07-13 15,2022-07-13 19,OK,1,1,0,0,0,1,40153,36.410000000000004,-99.46,36.519999999999996,-99.29,,,,,,,
172897,2022-07-13 23,2022-07-14 02,MS,1,1,0,0,0,1,28153,31.61,-88.7,31.720000000000002,-88.58,,,,,,,
172599,2022-07-14 00,2022-07-14 03,NC,5,5,0,0,0,2,37063;37135,35.85,-79.06,36.0,-78.96,,,,,,,
171575,2022-07-14 04,2022-07-14 06,AZ,1,1,0,0,0,1,04013,33.330000000000005,-111.81,33.44,-111.7,,,,,,,
172383,2022-07-14 18,2022-07-14 22,AZ,3,4,0,0,50000,2,04005;04025,34.53,-112.43,35.29,-111.51,,,,,,,
172621,2022-07-14 20,2022-07-14 21,UT,1,1,0,0,0,1,49017,37.71,-111.74,37.83,-111.61,,,,,,,
172886,2022-07-14 22,2022-07-15 05,AZ,6,6,0,0,6000,1,04015,34.73,-114.18,35.74,-113.55,,,,,,,
171746,2022-07-15 00,2022-07-15 04,SC,2,3,0,0,45000,2,45019;45035,32.870000000000005,-80.23,33.0,-80.05,,,,,,,
173025,2022-07-15 01,2022-07-15 03,NC,3,3,0,0,50000,1,37147,35.510000000000005,-77.44,35.669999999999995,-77.3,,,,,,,
170122,2022-07-15 09,2022-07-15 12,WI,1,1,0,0,0,1,55017,44.89,-90.99,45.029999999999994,-90.88000000000001,,,,,,,
170204,2022-07-15 10,2022-07-15 12,WI,1,1,0,0,0,1,55141,44.53,-90.36,44.66,-90.25,,,,,,,
171997,2022-07-15 10,2022-07-15 12,WI,1,3,0,0,128000,1,55019,44.52,-90.36999999999999,44.69,-90.26,,,,,,,
172592,2022-07-15 10,2022-07-15 23,NC,9,9,0,0,85000,2,37051;37183,35.15,-78.79,35.92,-78.65,,,,,,,
171332,2022-07-15 13,2022-07-15 13,NC,2,2,0,0,2000,1,37019,33.81,-78.09,33.959999999999994,-77.97,,,,,,,
173026,2022-07-15 13,2022-07-15 14,NC,1,1,0,0,0,1,37137,35.03,-76.78,35.15,-76.65,,,,,,,
172667,2022-07-15 14,2022-07-15 14,TX,1,1,0,0,0,1,48469,28.81,-97.1,28.92,-96.97,,,,,,,
172130,2022-07-15 15,2022-07-15 17,IA,1,1,0,0,410000,1,19043,42.99,-91.46,43.129999999999995,-91.33,,,,,,,
172660,2022-07-15 19,2022-07-15 23,VA,4,5,0,0,0,3,51095;51199;51730,37.17,-77.41,37.29,-76.53,,,,,,,
169843,2022-07-15 23,2022-07-16 01,CO,1,3,2,0,350000,1,08069,40.43,-105.39,40.58,-105.28,,,,,,,
169975,2022-07-16 00,2022-07-16 00,CO,6,4,0,0,6000,1,08077,38.970000000000006,-108.67999999999999,39.14,-108.5,,,,,,,
171129,2022-07-16 01,2022-07-16 01,NV,1,1,0,0,0,1,32021,38.480000000000004,-118.49,38.61,-118.38000000000001,,,,,,,
172458,2022-07-16 01,2022-07-16 03,AZ,1,2,0,0,0,1,04005,35.25,-111.64,35.41,-111.51,,,,,,,
171130,2022-07-16 05,2022-07-16 05,CA,1,1,0,0,0,1,06051,37.61,-118.52,37.8,-118.36,,,,,,,
172757,2022-07-16 18,2022-07-16 19,NJ,1,1,0,0,0,1,34003,40.78,-74.14,40.9,-74.03,,,,,,,
169876,2022-07-16 19,2022-07-16 21,VA,1,1,0,0,0,1,51011,37.260000000000005,-78.82,37.37,-78.71000000000001,,,,,,,
172434,2022-07-16 20,2022-07-16 21,NC,1,1,0,0,0,1,37081,35.980000000000004,-80.00999999999999,36.099999999999994,-79.9,,,,,,,
170405,2022-07-16 22,2022-07-17 01,MD,5,3,0,0,0,1,24003,38.92,-76.7,39.03,-76.57,,,,,,,
172814,2022-07-16 22,2022-07-17 01,ND,1,1,0,0,0,1,38073,46.31,-97.69,46.419999999999995,-97.57000000000001,,,,,,,
172696,2022-07-16 23,2022-07-17 02,MD,5,5,0,0,0,1,24045,38.31,-75.63,38.449999999999996,-75.51,,,,,,,
170406,2022-07-17 00,2022-07-17 02,VA,2,2,0,0,0,1,51510,38.75,-77.11,38.87,-76.98,,,,,,,
169893,2022-07-17 08,2022-07-17 10,OH,1,1,0,0,50000,1,39081,40.31,-80.73,40.44,-80.55,,,,,,,
171796,2022-07-17 11,2022-07-17 12,IL,1,1,0,0,0,1,17121,38.550000000000004,-89.19,38.739999999999995,-89.08,,,,,,,
171812,2022-07-17 12,2022-07-17 15,IL,1,1,0,0,0,1,17049,39.07,-88.6,39.18,-88.49000000000001,,,,,,,
170185,2022-07-17 20,2022-07-17 23,IN,2,3,0,0,30000,2,18035;18095,39.97,-85.79,40.2,-85.42,,,,,,,
171190,2022-07-17 23,2022-07-18 17,WV,3,5,0,0,1250,3,54011;54079;54099,38.32,-82.58,38.47,-81.91,,,,,,,
171304,2022-07-18 00,2022-07-18 02,KY,1,1,0,0,0,1,21195,37.330000000000005,-82.31,37.44,-82.2,,,,,,,
172459,2022-07-18 00,2022-07-18 02,AZ,1,1,0,0,0,1,04025,34.45,-111.89,34.58,-111.75,,,,,,,
172758,2022-07-18 18,2022-07-18 21,NJ,14,15,0,0,0,2,34003;34031,40.800000000000004,-74.14,40.98,-73.97,,,,,,,
172759,2022-07-18 18,2022-07-18 21,NY,9,9,0,0,0,4,36005;36061;36103;36119,40.85,-73.94,41.12,-72.35,,,,,,,
172627,2022-07-18 20,2022-07-18 23,UT,1,2,0,0,0,1,49055,38.14,-111.3,38.26,-111.13000000000001,,,,,,,
169945,2022-07-18 21,2022-07-18 21,SC,1,2,0,0,5100,1,45079,33.93,-81.08,34.04,-80.97,,,,,,,
172760,2022-07-18 21,2022-07-18 22,CT,2,2,0,0,0,1,09001,40.96,-73.66,41.099999999999994,-73.53,,,,,,,
172888,2022-07-18 22,2022-07-19 01,CA,2,2,0,0,11000,1,06071,34.830000000000005,-117.11,34.97,-116.77,,,,,,,
172460,2022-07-20 00,2022-07-20 04,AZ,2,3,0,0,0,1,04007,34.220000000000006,-111.41,34.37,-111.01,,,,,,,
172943,2022-07-20 00,2022-07-20 03,NC,1,1,0,0,500,1,37179,35.080000000000005,-80.69,35.19,-80.58,,,,,,,
171904,2022-07-20 22,2022-07-21 01,LA,1,1,0,0,0,1,22071,29.91,-90.17,30.04,-90.05,,,,,,,
170067,2022-07-20 23,2022-07-21 01,NM,2,2,0,0,150000,2,35027;35033,33.31,-105.65,36.0,-105.33,,,,,,,
172503,2022-07-21 00,2022-07-21 02,AZ,1,2,0,0,0,1,04025,34.57,-112.36999999999999,34.68,-112.22,,,,,,,
172787,2022-07-21 02,2022-07-21 11,TN,7,7,0,0,1000,2,47001;47093,35.96,-84.21,36.12,-83.93,,,,,,,
172791,2022-07-21 04,2022-07-21 09,NC,3,3,0,0,1000000,1,37039,35.080000000000005,-84.03999999999999,35.26,-83.88000000000001,,,,,,,
172367,2022-07-21 07,2022-07-21 10,KY,3,3,0,0,0,2,21009;21057,36.79,-85.95,37.03,-85.32,,,,,,,
172987,2022-07-21 09,2022-07-21 09,TN,1,1,0,0,10000,1,47141,36.11,-85.57,36.22,-85.46000000000001,,,,,,,
170069,2022-07-21 19,2022-07-22 00,NM,2,6,3,0,2500000,2,35033;35047,35.66,-105.53,36.07,-105.37,,,,,,,
172762,2022-07-21 19,2022-07-21 19,NY,1,1,0,0,0,1,36059,40.720000000000006,-73.53,40.839999999999996,-73.41,,,,,,,
172236,2022-07-21 22,2022-07-22 00,AL,1,2,0,0,0,1,01073,33.400000000000006,-87.05,33.599999999999994,-86.94,,,,,,,
172419,2022-07-22 01,2022-07-22 02,AZ,2,2,0,0,0,1,04007,33.300000000000004,-110.83,33.44,-110.71000000000001,,,,,,,
171906,2022-07-22 11,2022-07-22 14,LA,5,5,0,0,0,1,22033,30.42,-91.2,30.53,-90.99,,,,,,,
171127,2022-07-22 18,2022-07-22 19,MS,1,2,0,0,2000,1,28031,31.52,-89.69,31.68,-89.54,,,,,,,
171333,2022-07-22 21,2022-07-22 21,SC,2,2,0,0,15000,1,45051,33.77,-78.74,33.89,-78.60000000000001,,,,,,,
171344,2022-07-23 05,2022-07-23 10,NE,1,0,0,0,5000,1,31019,40.91,-99.19,41.05,-98.99,,,,,,,
170430,2022-07-23 08,2022-07-23 13,IL,1,5,0,0,0,1,17097,42.410000000000004,-87.95,42.529999999999994,-87.8,,,,,,,
171816,2022-07-23 21,2022-07-23 22,IL,1,1,0,0,0,1,17113,40.52,-88.67999999999999,40.629999999999995,-88.55,,,,,,,
172612,2022-07-23 22,2022-07-24 03,AZ,3,8,0,0,250000,1,04005,34.86,-111.77,35.28,-111.5,,,,,,,
170128,2022-07-24 00,2022-07-24 09,NM,2,2,0,0,150000,1,35033,35.93,-105.5,36.099999999999994,-105.34,,,,,,,
170111,2022-07-24 01,2022-07-24 02,CO,1,1,0,0,15000,1,08049,40.1,-106.09,40.269999999999996,-105.94,,,,,,,
171590,2022-07-24 05,2022-07-24 07,WI,1,2,0,0,5000,1,55079,43.1,-88.05,43.239999999999995,-87.94,,,,,,,
172795,2022-07-24 05,2022-07-24 06,TN,1,1,0,0,0,1,47155,35.67,-83.7,35.779999999999994,-83.58,,,,,,,
172214,2022-07-24 07,2022-07-24 08,MN,1,1,0,0,908000,1,27099,43.730000000000004,-92.88,43.87,-92.75,,,,,,,
172445,2022-07-24 16,2022-07-24 17,AZ,1,2,0,0,0,1,04013,32.940000000000005,-112.44,33.11,-112.25,,,,,,,
172686,2022-07-24 19,2022-07-25 02,AZ,7,5,0,0,55000,3,04003;04011;04019,31.45,-112.81,33.06,-109.29,,,,,,,
170126,2022-07-24 21,2022-07-25 01,CO,2,7,0,0,50000,2,08069;08087,40.26,-105.46,40.48,-103.82,,,,,,,
172613,2022-07-24 21,2022-07-25 09,AZ,5,5,0,0,0,2,04005;04017,34.68,-111.55,36.94,-110.0,,,,,,,
172773,2022-07-24 22,2022-07-25 00,NM,1,1,0,0,0,1,35035,32.88,-105.99,32.989999999999995,-105.85000000000001,,,,,,,
170187,2022-07-25 01,2022-07-25 04,IN,1,6,0,0,100000,1,18083,38.45,-87.79,38.68,-87.55,,,,,,,
171548,2022-07-25 01,2022-07-25 03,MT,3,3,0,0,0,1,30111,45.730000000000004,-108.59,45.86,-108.44,,,,,,,
172498,2022-07-25 01,2022-07-25 03,GA,5,5,0,0,0,1,13095,31.5,-84.27,31.650000000000002,-84.10000000000001,,,,,,,
172910,2022-07-25 01,2022-07-28 01,AZ,22,41,0,0,57000,1,04015,34.47,-114.63,36.99,-112.98,,,,,,,
171824,2022-07-25 04,2022-07-25 05,IL,1,1,0,0,0,1,17101,38.760000000000005,-87.59,38.87,-87.47,,,,,,,
171945,2022-07-25 06,2022-07-25 08,IN,1,1,0,0,0,1,18037,38.25,-87.00999999999999,38.36,-86.9,,,,,,,
172152,2022-07-25 10,2022-07-25 11,PA,2,2,0,0,0,1,42003,40.43,-80.22,40.57,-79.99,,,,,,,
172447,2022-07-25 15,2022-07-26 08,AZ,2,2,0,0,0,1,04013,33.21,-112.52,33.86,-112.19,,,,,,,
172796,2022-07-25 17,2022-07-26 03,TN,3,3,0,0,0,2,47059;47145,35.86,-84.64,36.22,-82.69,,,,,,,
170260,2022-07-25 19,2022-07-25 23,NM,5,4,0,0,165000,4,35027;35031;35053;35057,33.35,-108.59,35.53,-105.42,,,,,,,
172761,2022-07-25 19,2022-07-26 04,AZ,5,4,0,0,0,3,04005;04017;04025,34.39,-112.69,36.16,-110.01,,,,,,,
172912,2022-07-25 21,2022-07-26 00,NV,4,5,0,0,7000,1,32003,36.01,-115.25,36.32,-114.9,,,,,,,
170403,2022-07-25 22,2022-07-26 00,MD,4,1,0,0,0,1,24037,38.23,-76.61,38.34,-76.43,,,,,,,
172632,2022-07-25 22,2022-07-26 00,UT,2,3,0,0,1000,1,49053,37.0,-113.44,37.25,-112.95,,,,,,,
170191,2022-07-26 00,2022-07-26 01,NJ,1,1,0,0,0,1,34001,39.38,-74.67,39.489999999999995,-74.55,,,,,,,
172911,2022-07-26 00,2022-07-26 02,CA,2,2,0,0,4000,1,06071,34.13,-116.42,34.93,-114.77,,,,,,,
172018,2022-07-26 06,2022-07-26 17,MO,7,37,2,0,145075000,7,29007;29113;29139;29183;29189;29219;29510,38.53,-92.11,39.23,-90.18,,,,,,,
172019,2022-07-26 10,2022-07-26 15,IL,4,6,0,0,10065000,4,17005;17117;17163;17189,38.26,-90.26,39.1,-89.14,,,,,,,
171201,2022-07-26 14,2022-07-27 22,WV,8,21,0,0,1506250,4,54019;54047;54059;54109,37.52,-82.23,38.12,-80.87,,,,,,,
171636,2022-07-26 14,2022-07-26 19,KY,10,10,0,0,0,3,21071;21153;21195,37.5,-83.03,37.79,-82.06,,,,,,,
171175,2022-07-26 15,2022-07-26 16,IL,1,1,0,0,0,1,17081,38.220000000000006,-89.09,38.339999999999996,-88.91,,,,,,,
172831,2022-07-26 18,2022-07-27 09,AZ,3,4,0,0,0,3,04001;04005;04007,33.81,-111.54,36.32,-109.31,,,,,,,
171909,2022-07-26 19,2022-07-26 21,LA,2,2,0,0,0,1,22033,30.46,-91.25,30.59,-91.13000000000001,,,,,,,
170264,2022-07-26 20,2022-07-27 03,NM,5,11,0,0,330000,4,35001;35045;35047;35049,34.97,-108.07,36.83,-105.25,,,,,,,
172296,2022-07-26 23,2022-07-27 05,CO,8,8,0,0,0,3,08023;08041;08101,37.17,-105.39,39.07,-104.2,,,,,,,
172687,2022-07-26 23,2022-07-27 01,AZ,2,7,0,1,0,1,04019,31.96,-110.94,32.22,-110.77,,,,,,,
171695,2022-07-27 08,2022-07-27 11,WV,3,4,0,0,75000,1,54025,37.900000000000006,-80.76,38.04,-80.66,,,,,,,
172654,2022-07-27 10,2022-07-27 13,KY,2,2,0,0,0,1,21195,37.220000000000006,-82.66,37.4,-82.45,,,,,,,
170745,2022-07-27 12,2022-07-27 13,IL,1,1,0,0,0,1,17065,37.86,-88.53999999999999,37.98,-88.4,,,,,,,
171189,2022-07-27 13,2022-07-28 15,VA,4,7,0,0,14400,2,51027;51051,37.11,-82.49,37.279999999999994,-82.02,,,,,,,
170370,2022-07-27 19,2022-07-28 00,NM,4,6,0,0,85000,3,35031;35033;35049,35.83,-109.05,36.0,-105.49,,,,,,,
171910,2022-07-27 20,2022-07-27 21,LA,1,1,0,0,0,1,22071,29.86,-90.17,29.970000000000002,-90.06,,,,,,,
172832,2022-07-27 20,2022-07-28 06,AZ,6,9,0,0,200000,3,04001;04005;04017,35.22,-111.66,36.75,-109.72,,,,,,,
172775,2022-07-27 21,2022-07-28 00,NM,2,2,0,0,0,2,35017;35035,32.85,-108.0,32.95,-105.95,,,,,,,
172448,2022-07-28 00,2022-07-28 02,AZ,2,0,0,0,0,1,04007,33.31,-110.82,33.449999999999996,-110.65,,,,,,,
172563,2022-07-28 01,2022-07-29 19,KY,22,83,40,0,35000,15,21013;21025;21051;21065;21071;21095;21119;21129;21133;21153;21159;21189;21193;21195;21237,36.7,-83.98,37.87,-82.37,,,,,,,
170990,2022-07-28 05,2022-07-28 06,CO,1,2,0,0,5000,1,08121,40.150000000000006,-103.03,40.269999999999996,-102.92,,,,,,,
172369,2022-07-28 07,2022-07-28 09,KY,1,1,0,0,0,1,21137,37.42,-84.53,37.58,-84.37,,,,,,,
172798,2022-07-28 09,2022-07-28 16,VA,7,6,0,0,0,1,51195,36.91,-82.64,37.15,-82.45,,,,,,,
172835,2022-07-28 16,2022-07-28 17,PA,1,2,0,0,0,1,42003,40.34,-80.14,40.449999999999996,-80.03,,,,,,,
172678,2022-07-28 19,2022-07-29 06,AZ,7,10,0,0,1004000,4,04007;04012;04013;04021,33.38,-114.24,33.85,-110.86,,,,,,,
173004,2022-07-28 19,2022-07-28 23,MO,3,20,0,0,0,3,29099;29189;29510,38.45,-90.54,38.72,-90.25,,,,,,,
171911,2022-07-28 20,2022-07-28 23,LA,1,1,0,0,0,1,22033,30.36,-91.14,30.470000000000002,-91.01,,,,,,,
172688,2022-07-28 20,2022-07-29 00,AZ,2,7,0,0,25000,2,04019;04021,32.23,-110.73,32.56,-110.59,,,,,,,
173008,2022-07-28 20,2022-07-29 00,IL,1,0,0,0,0,1,17163,38.550000000000004,-90.23,38.72,-90.12,,,,,,,
172875,2022-07-28 21,2022-07-29 04,AZ,5,8,0,0,0,3,04007;04017;04025,34.21,-111.86,36.27,-110.32,,,,,,,
171176,2022-07-28 22,2022-07-29 01,IL,1,0,0,0,4000,1,17185,38.370000000000005,-87.82,38.5,-87.68,,,,,,,
172913,2022-07-28 23,2022-08-01 04,AZ,15,42,1,0,84000,1,04015,34.72,-114.53,37.0,-112.96,,,,,,,
170452,2022-07-29 00,2022-07-29 02,NM,1,4,0,0,75000,1,35033,35.84,-105.53,35.98,-105.4,,,,,,,
172880,2022-07-29 00,2022-07-29 00,ME,4,3,0,0,30000,1,23001,44.02,-70.24,44.18,-70.1,,,,,,,
171622,2022-07-29 03,2022-07-29 03,WY,1,0,0,0,0,1,56001,41.1,-106.28,41.239999999999995,-106.16,,,,,,,
172915,2022-07-29 04,2022-08-01 01,NV,6,13,0,0,49000,3,32003;32017;32023,35.7,-116.35,37.92,-114.3,,,,,,,
171249,2022-07-29 06,2022-07-31 21,WV,4,6,0,0,1700,3,54011;54015;54099,37.9,-82.57,38.5,-81.09,,,,,,,
172776,2022-07-29 20,2022-07-29 22,NM,1,2,0,0,10000,1,35035,33.09,-105.88,33.22,-105.76,,,,,,,
172877,2022-07-29 20,2022-07-31 04,AZ,4,25,0,0,1020000,3,04001;04005;04017,35.24,-111.71,36.94,-109.05,,,,,,,
170555,2022-07-29 21,2022-07-30 04,NM,6,6,0,0,40000,2,35031;35047,35.46,-108.95,35.86,-105.29,,,,,,,
171128,2022-07-29 22,2022-07-29 23,MS,1,1,0,0,2000,1,28011,33.660000000000004,-90.77,33.8,-90.65,,,,,,,
172297,2022-07-30 00,2022-07-30 03,CO,3,3,0,0,0,1,08041,38.84,-104.74,39.11,-104.45,,,,,,,
172645,2022-07-30 00,2022-07-31 03,UT,3,3,0,0,1000,2,49025;49053,37.0,-112.98,37.43,-111.92,,,,,,,
172914,2022-07-30 01,2022-08-01 04,CA,20,29,0,0,1156000,2,06027;06071,34.31,-118.19,37.31,-114.22,,,,,,,
170611,2022-07-30 02,2022-07-30 08,AL,1,1,0,0,0,1,01049,34.21,-86.14,34.32,-86.02,,,,,,,
172222,2022-07-30 09,2022-07-30 16,MO,1,1,0,0,0,1,29153,36.660000000000004,-92.72,36.769999999999996,-92.61,,,,,,,
172930,2022-07-30 09,2022-07-31 04,AZ,4,7,0,0,0,2,04005;04025,34.54,-112.45,36.94,-111.41,,,,,,,
171913,2022-07-30 17,2022-07-30 19,LA,2,1,0,0,0,2,22071;22087,29.88,-90.09,30.02,-89.97,,,,,,,
172466,2022-07-30 20,2022-07-31 05,AZ,16,16,0,0,235000,4,04007;04013;04021;04027,32.64,-114.39,33.84,-110.96,,,,,,,
170718,2022-07-30 21,2022-07-30 21,UT,2,0,0,0,25000,1,49019,38.440000000000005,-109.55,38.589999999999996,-109.41,,,,,,,
170556,2022-07-30 22,2022-07-31 04,NM,3,4,0,0,50000,3,35043;35049;35059,35.15,-106.69,36.28,-103.22,,,,,,,
172689,2022-07-30 22,2022-07-30 23,AZ,1,2,0,0,0,1,04019,32.220000000000006,-110.95,32.36,-110.84,,,,,,,
173071,2022-07-30 23,2022-07-31 03,GA,1,1,0,0,0,1,13115,34.06,-85.39,34.18,-85.28,,,,,,,
171293,2022-07-31 01,2022-08-01 07,CA,5,18,0,0,0,1,06071,34.04,-117.62,34.5,-116.87,,,,,,,
171250,2022-07-31 16,2022-07-31 19,KY,2,3,0,0,700,1,21019,38.33,-82.79,38.45,-82.66,,,,,,,
171477,2022-07-31 18,2022-08-01 02,KY,9,8,0,0,30000,3,21013;21195;21235,36.6,-84.17,37.63,-82.26,,,,,,,
172802,2022-07-31 18,2022-08-01 04,TN,7,11,0,0,1000,2,47093;47151,36.0,-84.43,36.59,-83.85,,,,,,,
172690,2022-07-31 19,2022-08-01 05,AZ,4,3,0,0,3000000,2,04019;04023,31.34,-112.8,32.34,-110.73,,,,,,,
170553,2022-07-31 20,2022-07-31 20,CO,1,0,0,0,5000,1,08069,40.400000000000006,-105.47,40.51,-105.36,,,,,,,
170722,2022-07-31 20,2022-07-31 20,CO,1,0,0,0,500,1,08033,37.75,-108.11999999999999,37.86,-108.01,,,,,,,
170557,2022-07-31 22,2022-08-01 04,NM,4,4,0,0,0,4,35006;35033;35039;35053,34.2,-107.61,35.98,-105.45,,,,,,,
172738,2022-07-31 22,2022-08-01 00,AZ,1,1,0,0,0,1,04013,33.2,-112.94,33.32,-112.83,,,,,,,
170626,2022-08-01 01,2022-08-01 04,VA,1,1,0,0,0,1,51031,37.25,-79.3,37.37,-79.17,,,,,,,
173931,2022-08-01 05,2022-08-01 06,TN,2,3,0,0,0,2,47067;47073,36.45,-83.22,36.599999999999994,-82.67,,,,,,,
171430,2022-08-01 10,2022-08-01 16,KY,7,7,0,0,244000,4,21071;21119;21133;21195,37.19,-83.06,37.7,-82.34,,,,,,,
171454,2022-08-01 13,2022-08-02 13,WV,2,14,0,0,40000,2,54007;54059,37.68,-82.29,38.68,-80.71,,,,,,,
170723,2022-08-01 16,2022-08-01 16,CO,1,0,0,0,5000,1,08007,37.17,-106.78,37.279999999999994,-106.67,,,,,,,
171441,2022-08-01 19,2022-08-01 21,CA,3,6,0,0,0,1,06071,34.26,-117.56,34.51,-116.81,,,,,,,
173105,2022-08-01 20,2022-08-01 21,UT,2,2,0,0,1000,2,49015;49055,38.29,-111.33,39.29,-111.16,,,,,,,
173789,2022-08-01 20,2022-08-05 21,CA,10,18,0,0,270000,2,06027;06071,34.13,-118.0,37.39,-115.45,,,,,,,
170560,2022-08-01 21,2022-08-02 03,NM,4,4,0,0,20000,3,35043;35047;35049,35.14,-106.7,35.64,-105.24,,,,,,,
173252,2022-08-01 21,2022-08-01 21,AZ,1,1,0,0,0,1,04025,34.49,-112.50999999999999,34.64,-112.36,,,,,,,
173790,2022-08-01 21,2022-08-02 03,NV,3,3,0,0,102000,2,32003;32009,35.48,-117.81,37.48,-114.92,,,,,,,
173163,2022-08-01 22,2022-08-01 23,CA,1,1,0,0,0,1,06065,33.970000000000006,-116.17999999999999,34.08,-116.07000000000001,,,,,,,
172999,2022-08-01 23,2022-08-02 17,IL,9,11,0,0,0,6,17025;17033;17049;17079;17101;17159,38.58,-88.63,39.18,-87.82,,,,,,,
172527,2022-08-02 00,2022-08-02 03,CO,1,1,0,0,0,1,08109,38.07,-106.39999999999999,38.19,-106.29,,,,,,,
172387,2022-08-02 06,2022-08-02 10,OH,1,1,0,0,100,1,39163,39.17,-82.39,39.29,-82.24000000000001,,,,,,,
173003,2022-08-02 11,2022-08-02 19,IL,9,9,0,0,0,6,17035;17115;17143;17167;17179;17203,39.3,-89.66,40.79,-88.46,,,,,,,
172819,2022-08-02 13,2022-08-02 14,IL,1,1,0,0,0,1,17191,38.470000000000006,-88.53999999999999,38.62,-88.38000000000001,,,,,,,
172820,2022-08-02 13,2022-08-02 15,IN,1,3,0,0,15000,1,18129,37.99,-88.04,38.12,-87.85,,,,,,,
177584,2022-08-02 13,2022-08-02 17,MS,4,5,0,0,1095000,2,28089;28163,32.55,-90.17,32.93,-89.99,,,,,,,
173160,2022-08-02 19,2022-08-02 20,AZ,1,1,0,0,0,1,04003,31.64,-110.44,31.76,-110.33,,,,,,,
173477,2022-08-02 23,2022-08-03 02,GA,1,1,0,0,0,1,13321,31.599999999999998,-84.06,31.720000000000002,-83.94,,,,,,,
171112,2022-08-03 00,2022-08-03 04,CA,1,3,0,0,0,1,06093,41.480000000000004,-122.36999999999999,41.58,-122.26,,,,,,,
171113,2022-08-03 00,2022-08-03 06,CA,1,3,0,1,0,1,06093,41.78,-123.00999999999999,41.91,-122.82000000000001,,,,,,,
171080,2022-08-03 01,2022-08-03 02,CA,1,0,0,0,2000,1,06105,41.02,-122.93,41.169999999999995,-122.73,,,,,,,
173407,2022-08-03 14,2022-08-03 15,LA,4,4,0,0,10000,1,22033,30.349999999999998,-91.24,30.53,-91.06,,,,,,,
173534,2022-08-03 16,2022-08-03 21,LA,3,3,0,0,15000,3,22097;22099;22113,30.0,-92.19,30.82,-91.8,,,,,,,
170641,2022-08-03 18,2022-08-04 01,NM,5,5,0,0,40000,4,35027;35033;35047;35057,33.35,-106.23,36.14,-105.37,,,,,,,
172735,2022-08-03 21,2022-08-04 01,CO,2,2,0,0,0,1,08043,38.32,-105.75,38.46,-105.52,,,,,,,
173227,2022-08-03 22,2022-08-04 05,IL,5,1,0,0,0,5,17029;17045;17049;17115;17173,39.12,-88.87,39.82,-87.81,,,,,,,
170726,2022-08-03 23,2022-08-03 23,CO,1,1,0,0,500,1,08053,37.74,-107.19,37.849999999999994,-107.08,,,,,,,
175410,2022-08-04 00,2022-08-04 03,AZ,1,0,1,0,20000,1,04015,35.13,-113.78999999999999,35.239999999999995,-113.68,,,,,,,
173161,2022-08-04 03,2022-08-04 06,AZ,2,3,0,0,5000,1,04003,31.46,-110.12,31.67,-109.9,,,,,,,
173901,2022-08-04 03,2022-08-04 15,MO,4,22,0,0,595000,3,29099;29123;29189,37.4,-90.68,38.73,-90.38,,,,,,,
173902,2022-08-04 05,2022-08-04 09,IL,2,3,0,0,25000,2,17027;17133,38.32,-90.37,38.52,-89.14,,,,,,,
173238,2022-08-04 12,2022-08-04 15,AZ,6,5,0,0,5500,2,04012;04013,33.49,-113.99,33.92,-111.98,,,,,,,
173401,2022-08-04 12,2022-08-04 18,MO,1,1,0,0,0,1,29015,38.260000000000005,-93.16,38.37,-93.04,,,,,,,
172825,2022-08-04 15,2022-08-04 19,IL,1,4,0,0,100000,1,17199,37.660000000000004,-88.98,37.779999999999994,-88.84,,,,,,,
172826,2022-08-04 20,2022-08-04 22,IN,1,3,0,0,10000,1,18147,38.09,-86.9,38.239999999999995,-86.8,,,,,,,
170660,2022-08-04 21,2022-08-05 03,NM,2,2,0,0,65000,2,35047;35049,35.78,-105.89,35.919999999999995,-105.39,,,,,,,
173354,2022-08-04 21,2022-08-04 23,NY,1,1,0,0,0,1,36001,42.57,-73.92,42.68,-73.81,,,,,,,
170794,2022-08-04 22,2022-08-05 01,MD,6,2,0,0,0,2,24001;24005,39.27,-78.89,39.73,-76.56,,,,,,,
173445,2022-08-04 22,2022-08-05 00,VA,1,1,0,0,0,1,51800,36.67,-76.64,36.779999999999994,-76.52,,,,,,,
172736,2022-08-04 23,2022-08-05 06,CO,4,5,0,0,0,3,08015;08043;08119,38.34,-106.07,38.96,-105.25,,,,,,,
172830,2022-08-05 06,2022-08-05 12,KY,2,6,0,0,150000,2,21107;21177,37.160000000000004,-87.46,37.349999999999994,-87.1,,,,,,,
172829,2022-08-05 11,2022-08-05 13,IL,1,2,0,0,0,1,17055,37.910000000000004,-89.17,38.019999999999996,-89.0,,,,,,,
172389,2022-08-05 17,2022-08-05 18,OH,1,1,0,0,250,1,39127,39.85,-82.46,39.959999999999994,-82.32000000000001,,,,,,,
172063,2022-08-05 18,2022-08-06 01,WV,6,6,0,0,5250,6,54013;54039;54083;54087;54097;54101,38.35,-81.64,38.91,-79.85,,,,,,,
172086,2022-08-05 19,2022-08-05 21,AR,1,1,0,0,20000,1,05031,35.84,-90.64,35.959999999999994,-90.53,,,,,,,
170698,2022-08-05 20,2022-08-06 01,NM,2,3,0,0,75000,1,35033,35.940000000000005,-105.44,36.11,-105.29,,,,,,,
170795,2022-08-05 21,2022-08-05 22,DC,1,0,0,0,0,1,11001,38.84,-77.00999999999999,38.949999999999996,-76.9,,,,,,,
170940,2022-08-05 21,2022-08-05 22,CO,1,4,0,0,20000,1,08069,40.52,-105.58,40.629999999999995,-105.45,,,,,,,
172075,2022-08-05 21,2022-08-06 02,PA,15,23,0,0,480000,6,42003;42019;42051;42073;42125;42129,39.95,-80.51,41.08,-79.39,,,,,,,
173529,2022-08-05 21,2022-08-06 03,VA,9,9,0,0,0,4,51041;51075;51135;51760,37.07,-78.05,37.73,-77.43,,,,,,,
170742,2022-08-05 22,2022-08-06 00,MD,1,0,0,0,0,1,24041,38.78,-76.08,38.9,-75.97,,,,,,,
171276,2022-08-05 22,2022-08-05 22,NV,1,1,0,0,0,1,32031,39.330000000000005,-119.89,39.449999999999996,-119.74000000000001,,,,,,,
172087,2022-08-05 22,2022-08-05 23,TN,1,1,0,0,0,1,47157,35.010000000000005,-90.08,35.129999999999995,-89.97,,,,,,,
172422,2022-08-05 22,2022-08-06 01,VA,3,4,0,0,750,2,51027;51051,37.080000000000005,-82.48,37.209999999999994,-81.87,,,,,,,
172570,2022-08-05 22,2022-08-05 23,TN,1,1,0,0,0,1,47123,35.42,-84.42,35.599999999999994,-84.25,,,,,,,
172917,2022-08-05 22,2022-08-06 01,VA,2,2,0,0,10000,1,51185,37.03,-81.88,37.15,-81.76,,,,,,,
173402,2022-08-05 22,2022-08-06 09,MO,9,9,0,0,3000,1,29077,37.13,-93.37,37.279999999999994,-93.27,,,,,,,
170743,2022-08-05 23,2022-08-06 01,NJ,2,4,0,0,50000,1,34029,40.040000000000006,-74.33,40.19,-74.15,,,,,,,
170797,2022-08-05 23,2022-08-06 00,MD,1,0,0,0,0,1,24510,39.24,-76.63,39.349999999999994,-76.52,,,,,,,
171251,2022-08-06 03,2022-08-07 03,NV,1,1,0,0,0,1,32033,39.18,-115.96,39.29,-115.85000000000001,,,,,,,
171540,2022-08-06 04,2022-08-06 06,SD,2,1,0,0,0,2,46095;46121,43.300000000000004,-100.95,43.44,-100.51,,,,,,,
173056,2022-08-06 09,2022-08-06 10,IN,1,1,0,0,30000,1,18155,38.830000000000005,-84.98,38.94,-84.87,,,,,,,
173495,2022-08-06 12,2022-08-06 19,KY,8,8,0,0,0,5,21065;21109;21125;21197;21203,37.22,-84.34,37.87,-83.86,,,,,,,
173057,2022-08-06 13,2022-08-06 14,OH,1,1,0,0,0,1,39061,39.0,-84.47,39.12,-84.36,,,,,,,
172321,2022-08-06 17,2022-08-06 20,KY,3,3,0,0,0,3,21005;21207;21239,37.03,-84.97,38.07,-84.73,,,,,,,
172370,2022-08-06 22,2022-08-06 23,IN,1,1,0,0,0,1,18043,38.24,-86.0,38.349999999999994,-85.88000000000001,,,,,,,
170932,2022-08-06 23,2022-08-07 00,NM,1,1,0,0,0,1,35047,35.59,-105.32,35.699999999999996,-105.2,,,,,,,
172574,2022-08-07 00,2022-08-07 02,TN,2,3,0,0,0,1,47065,34.95,-85.33,35.099999999999994,-85.15,,,,,,,
172739,2022-08-07 00,2022-08-07 05,CO,3,3,0,0,0,2,08011;08089,37.92,-103.64,38.11,-103.3,,,,,,,
173597,2022-08-07 03,2022-08-07 03,AZ,1,0,0,0,0,1,04023,31.29,-110.98,31.41,-110.87,,,,,,,
173874,2022-08-07 08,2022-08-07 14,SD,3,3,0,0,0,1,46099,43.49,-96.8,43.66,-96.64,,,,,,,
173458,2022-08-07 11,2022-08-08 15,IL,6,8,0,0,0,1,17177,42.25,-89.92,42.43,-89.63,,,,,,,
171852,2022-08-07 17,2022-08-07 20,IL,2,2,0,0,0,1,17031,41.53,-87.82,41.69,-87.67,,,,,,,
173255,2022-08-07 18,2022-08-08 07,AZ,6,8,0,0,1000000,3,04005;04017;04025,34.31,-112.46,35.4,-110.42,,,,,,,
170908,2022-08-07 20,2022-08-08 01,AL,1,1,0,0,0,1,01043,34.080000000000005,-86.91,34.19,-86.8,,,,,,,
170933,2022-08-07 20,2022-08-08 01,NM,1,1,1,1,20000,1,35033,36.03,-105.35,36.16,-105.21000000000001,,,,,,,
172781,2022-08-07 23,2022-08-08 08,CO,7,7,0,0,0,3,08043;08055;08101,37.61,-105.16,38.45,-104.68,,,,,,,
173256,2022-08-07 23,2022-08-08 04,AZ,2,0,0,0,0,2,04007;04013,33.35,-112.43,33.71,-110.81,,,,,,,
173419,2022-08-08 00,2022-08-08 07,MO,2,2,0,0,0,1,29065,37.67,-91.8,37.809999999999995,-91.69,,,,,,,
170935,2022-08-08 01,2022-08-08 04,CO,1,3,0,0,260000,1,08031,39.77,-105.08,39.94,-104.97,,,,,,,
173793,2022-08-08 01,2022-08-12 03,AZ,11,18,0,0,22000,1,04015,34.45,-114.48,36.13,-113.65,,,,,,,
173612,2022-08-08 03,2022-08-08 06,AZ,2,2,0,0,75000,2,04003;04019,31.81,-110.67,31.96,-110.2,,,,,,,
172837,2022-08-08 07,2022-08-08 09,WI,1,0,0,0,10000,1,55043,42.61,-90.78,42.739999999999995,-90.67,,,,,,,
171854,2022-08-08 10,2022-08-08 15,IL,7,9,0,0,0,3,17037;17141;17201,41.91,-89.6,42.31,-88.72,,,,,,,
170844,2022-08-08 20,2022-08-08 22,MD,1,1,0,0,0,1,24033,38.870000000000005,-76.99,38.989999999999995,-76.87,,,,,,,
170934,2022-08-08 20,2022-08-08 23,NM,1,2,0,0,20000,1,35047,35.800000000000004,-105.48,35.91,-105.36,,,,,,,
173794,2022-08-08 20,2022-08-12 02,CA,6,7,0,1,6000,1,06071,34.18,-116.4,35.5,-114.97,,,,,,,
173478,2022-08-08 21,2022-08-09 23,GA,2,2,0,0,0,2,13087;13185,30.86,-84.58,31.03,-83.37,,,,,,,
173298,2022-08-08 22,2022-08-09 06,CA,4,5,0,0,3000,2,06025;06065,32.83,-115.82,33.86,-114.88,,,,,,,
173406,2022-08-08 22,2022-08-09 13,MO,6,6,0,0,0,4,29043;29077;29169;29209,36.98,-93.48,37.81,-92.21,,,,,,,
171443,2022-08-08 23,2022-08-09 04,CA,2,5,0,0,0,2,06065;06073,32.79,-116.67,33.82,-116.1,,,,,,,
173228,2022-08-09 02,2022-08-09 15,IL,6,2,0,0,0,3,17033;17035;17173,39.0,-88.97,39.59,-87.73,,,,,,,
173512,2022-08-09 02,2022-08-09 04,NM,1,1,0,0,25000,1,35029,32.160000000000004,-107.84,32.33,-107.73,,,,,,,
173527,2022-08-09 04,2022-08-09 09,AL,1,1,0,0,0,1,01077,34.81,-87.75999999999999,34.93,-87.65,,,,,,,
173235,2022-08-09 17,2022-08-09 20,AR,1,1,0,0,0,1,05091,33.440000000000005,-94.05,33.57,-93.93,,,,,,,
173236,2022-08-09 17,2022-08-09 20,TX,1,0,0,0,0,1,48037,33.43,-94.17,33.55,-93.99000000000001,,,,,,,
173409,2022-08-09 19,2022-08-09 20,LA,3,3,0,0,10000,1,22051,29.89,-90.23,30.04,-90.09,,,,,,,
178462,2022-08-09 19,2022-08-09 22,AR,1,1,0,0,2000,1,05003,33.1,-92.00999999999999,33.209999999999994,-91.9,,,,,,,
170936,2022-08-09 20,2022-08-09 23,NM,2,2,0,0,95000,2,35027;35043,33.38,-106.28,35.28,-105.64,,,,,,,
173302,2022-08-09 20,2022-08-09 22,AZ,3,1,0,0,0,1,04012,33.48,-114.28999999999999,33.86,-114.15,,,,,,,
173617,2022-08-09 20,2022-08-10 00,AZ,3,3,0,0,0,2,04019;04023,31.34,-111.11,32.45,-110.92,,,,,,,
173257,2022-08-09 21,2022-08-10 04,AZ,1,1,0,0,0,1,04025,34.45,-112.56,34.62,-112.39,,,,,,,
173795,2022-08-09 22,2022-08-11 06,NV,4,4,0,0,8000,2,32003;32017,35.69,-115.23,37.91,-114.28,,,,,,,
173430,2022-08-09 23,2022-08-10 00,NY,1,1,0,0,0,1,36059,40.75,-73.74,40.86,-73.62,,,,,,,
173411,2022-08-10 13,2022-08-10 14,MS,1,2,0,0,0,1,28059,30.34,-88.58,30.46,-88.47,,,,,,,
173937,2022-08-10 15,2022-08-10 23,TN,4,7,0,0,0,4,47019;47059;47065;47091,35.04,-85.3,36.41,-81.95,,,,,,,
170910,2022-08-10 16,2022-08-10 22,AL,3,3,0,0,0,1,01077,34.75,-87.73,34.9,-87.60000000000001,,,,,,,
173329,2022-08-10 16,2022-08-10 18,LA,1,1,0,0,0,1,22073,32.5,-92.19,32.62,-92.02,,,,,,,
172388,2022-08-10 17,2022-08-11 00,KY,2,2,0,0,0,2,21045;21073,37.33,-84.98,38.22,-84.81,,,,,,,
173410,2022-08-10 17,2022-08-10 19,LA,3,3,0,0,0,2,22051;22071,29.81,-90.17999999999999,29.970000000000002,-90.02,,,,,,,
173165,2022-08-10 19,2022-08-10 20,VA,1,0,0,0,0,1,51163,37.88,-79.63,37.989999999999995,-79.52,,,,,,,
171557,2022-08-10 20,2022-08-10 23,VA,7,1,0,0,0,4,51047;51059;51061;51510,38.46,-77.87,38.99,-77.09,,,,,,,
172319,2022-08-10 20,2022-08-11 00,KY,11,11,0,0,16000,3,21195;21199;21203,37.26,-84.61,37.43,-82.53,,,,,,,
173777,2022-08-10 20,2022-08-11 00,VA,6,6,0,0,0,4,51550;51700;51800;51810,36.62,-76.57,37.14,-76.06,,,,,,,
171556,2022-08-10 21,2022-08-10 23,MD,8,2,0,0,0,2,24031;24033,38.89,-77.12,39.11,-76.79,,,,,,,
171735,2022-08-10 21,2022-08-10 23,DC,1,1,0,0,0,1,11001,38.870000000000005,-77.06,38.98,-76.94,,,,,,,
172094,2022-08-10 21,2022-08-12 02,WV,14,38,0,0,2344750,11,54011;54013;54017;54021;54033;54035;54039;54067;54085;54099;54107,38.33,-82.54,39.37,-80.35,,,,,,,
172395,2022-08-10 22,2022-08-11 02,KY,2,3,0,0,8250,2,21019;21127,38.0,-82.8,38.48,-82.62,,,,,,,
171558,2022-08-10 23,2022-08-11 01,WV,2,1,0,0,100000,1,54027,39.32,-78.7,39.51,-78.6,,,,,,,
173258,2022-08-10 23,2022-08-11 02,AZ,3,5,0,0,0,2,04005;04025,34.32,-112.24,35.41,-111.56,,,,,,,
173297,2022-08-10 23,2022-08-10 23,WA,1,1,0,0,0,1,53023,46.410000000000004,-117.57,46.54,-117.46000000000001,,,,,,,
170980,2022-08-11 00,2022-08-11 19,NV,2,0,0,0,0,2,32007;32015,39.24,-117.59,40.69,-115.74,,,,,,,
173304,2022-08-11 00,2022-08-11 02,AZ,2,0,0,0,0,1,04013,32.94,-112.98,33.47,-112.58,,,,,,,
173618,2022-08-11 03,2022-08-11 05,AZ,1,2,0,0,0,1,04019,32.260000000000005,-110.96,32.379999999999995,-110.85000000000001,,,,,,,
173520,2022-08-11 17,2022-08-11 19,NM,1,1,0,0,0,1,35035,33.11,-105.82,33.239999999999995,-105.68,,,,,,,
173412,2022-08-11 19,2022-08-11 20,LA,1,1,0,0,0,1,22033,30.37,-91.2,30.48,-91.09,,,,,,,
173284,2022-08-11 20,2022-08-12 02,AZ,4,11,0,0,30000,3,04001;04005;04017,35.52,-112.78,36.62,-109.81,,,,,,,
173291,2022-08-11 21,2022-08-15 02,UT,7,7,0,0,21000,5,49035;49043;49045;49053;49055,37.21,-112.98,40.95,-111.18,,,,,,,
173521,2022-08-11 21,2022-08-11 23,TX,1,1,0,0,0,1,48229,31.68,-105.47,31.84,-105.34,,,,,,,
173594,2022-08-11 23,2022-08-11 23,NC,2,2,0,0,0,1,37183,35.74,-78.72,35.9,-78.56,,,,,,,
171084,2022-08-12 00,2022-08-12 02,NM,1,1,0,0,0,1,35043,35.75,-106.64,35.86,-106.53,,,,,,,
171576,2022-08-12 00,2022-08-12 02,WY,1,1,0,0,0,1,56007,41.150000000000006,-106.39,41.3,-106.23,,,,,,,
171019,2022-08-12 01,2022-08-12 01,UT,4,4,0,0,3200,2,49019;49037,38.44,-109.58,38.62,-109.38,,,,,,,
173341,2022-08-12 16,2022-08-13 12,AZ,22,10,0,0,90000,4,04007;04012;04013;04027,32.62,-114.63,33.96,-110.79,,,,,,,
173547,2022-08-12 17,2022-08-13 05,AZ,5,8,0,0,50000,3,04005;04017;04025,33.96,-112.23,36.69,-110.73,,,,,,,
173620,2022-08-12 19,2022-08-12 23,AZ,2,2,0,0,25000,1,04019,32.02,-111.3,32.37,-110.77,,,,,,,
173797,2022-08-12 20,2022-08-16 00,AZ,19,43,0,0,104000,1,04015,34.6,-114.67,36.99,-112.99,,,,,,,
171085,2022-08-12 23,2022-08-13 00,NM,1,1,0,0,70000,1,35055,36.21,-105.84,36.32,-105.72,,,,,,,
173798,2022-08-12 23,2022-08-14 04,CA,7,10,0,0,59000,1,06071,34.07,-116.33,35.04,-114.63,,,,,,,
171944,2022-08-13 02,2022-08-13 02,CA,1,1,0,0,0,1,06073,33.1,-116.3,33.209999999999994,-116.19,,,,,,,
173631,2022-08-13 10,2022-08-14 03,CA,4,4,0,0,6000,2,06025;06065,32.81,-115.42,33.73,-114.8,,,,,,,
173591,2022-08-13 19,2022-08-13 22,AZ,1,2,0,0,50000,1,04005,35.260000000000005,-111.63,35.419999999999995,-111.51,,,,,,,
174005,2022-08-13 20,2022-08-14 02,ID,3,13,0,0,19000,3,16043;16071;16077,42.17,-112.84,44.53,-111.33,,,,,,,
171638,2022-08-13 21,2022-08-13 23,WY,4,6,0,0,76380,1,56001,41.16,-106.13,41.33,-105.56,,,,,,,
171136,2022-08-14 00,2022-08-14 02,NV,1,1,0,0,0,1,32033,39.21,-114.99,39.32,-114.88000000000001,,,,,,,
173469,2022-08-14 01,2022-08-14 03,FL,3,3,0,0,0,2,12039;12063,30.68,-85.03,30.78,-84.83,,,,,,,
173625,2022-08-14 01,2022-08-14 05,AZ,2,0,0,0,0,2,04019;04021,32.48,-110.91,32.62,-110.77,,,,,,,
173641,2022-08-14 01,2022-08-14 03,AZ,2,2,0,0,0,2,04012;04027,33.01,-114.35,33.21,-114.21000000000001,,,,,,,
173930,2022-08-14 09,2022-08-15 06,AZ,9,12,0,0,0,5,04001;04005;04007;04017;04025,33.89,-113.0,36.36,-109.45,,,,,,,
173602,2022-08-14 17,2022-08-15 10,TX,10,20,0,0,110000,1,48355,27.62,-97.64,27.9,-97.3,,,,,,,
171243,2022-08-14 20,2022-08-14 20,UT,1,2,0,0,5000,1,49037,38.010000000000005,-109.45,38.129999999999995,-109.34,,,,,,,
171640,2022-08-14 22,2022-08-14 23,WY,1,1,0,0,0,1,56007,41.09,-106.53,41.22,-106.4,,,,,,,
173262,2022-08-15 00,2022-08-15 05,AZ,8,10,0,0,65000,4,04007;04012;04013;04027,33.0,-114.23,34.12,-110.76,,,,,,,
171642,2022-08-15 01,2022-08-15 01,NE,1,1,0,0,0,1,31105,41.18,-103.72,41.29,-103.59,,,,,,,
173644,2022-08-15 02,2022-08-15 03,AZ,1,1,0,0,0,1,04009,32.830000000000005,-109.89,32.949999999999996,-109.78,,,,,,,
172288,2022-08-15 07,2022-08-16 22,WV,3,16,0,0,10000250,2,54019;54039,38.04,-81.86,38.48,-81.1,,,,,,,
173112,2022-08-15 11,2022-08-15 12,WV,1,1,0,0,0,1,54025,37.900000000000006,-80.71,38.01,-80.59,,,,,,,
173741,2022-08-15 12,2022-08-16 03,TX,10,11,0,0,100000,3,48283;48311;48479,27.45,-99.56,28.41,-98.43,,,,,,,
173951,2022-08-15 14,2022-08-16 10,AZ,6,7,0,0,0,2,04001;04005,35.3,-111.57,36.95,-109.54,,,,,,,
171194,2022-08-15 20,2022-08-15 22,CO,2,7,0,0,45000,2,08005;08069,39.61,-105.44,40.46,-104.9,,,,,,,
173733,2022-08-15 21,2022-08-19 22,UT,9,9,1,1,30000,1,49053,37.0,-113.0,37.31,-112.87,,,,,,,
172783,2022-08-15 22,2022-08-16 02,CO,2,2,0,0,0,1,08041,38.970000000000006,-104.49,39.129999999999995,-104.35,,,,,,,
173943,2022-08-15 22,2022-08-16 00,TN,1,1,0,0,1000,1,47019,36.25,-82.25999999999999,36.37,-82.13000000000001,,,,,,,
173251,2022-08-16 01,2022-08-16 09,AZ,1,3,0,0,20000,1,04005,36.63,-111.78999999999999,36.769999999999996,-111.64,,,,,,,
173750,2022-08-16 09,2022-08-16 16,TX,1,0,0,0,100000,1,48131,27.38,-98.6,27.5,-98.48,,,,,,,
173423,2022-08-16 12,2022-08-16 20,MO,1,1,0,0,5000,1,29029,38.1,-92.84,38.209999999999994,-92.72,,,,,,,
170942,2022-08-16 14,2022-08-16 16,CO,1,2,0,0,10000,1,08014,39.85,-105.14,39.97,-105.03,,,,,,,
171253,2022-08-16 18,2022-08-17 02,NM,9,9,0,0,515000,5,35007;35031;35033;35045;35047,35.52,-109.05,36.71,-104.93,,,,,,,
173314,2022-08-16 22,2022-08-17 01,MN,2,2,0,0,10000,1,27061,47.17,-93.59,47.29,-93.47,,,,,,,
173532,2022-08-16 22,2022-08-17 00,CA,1,1,0,0,0,1,06065,33.77,-115.82,33.879999999999995,-115.7,,,,,,,
173800,2022-08-16 22,2022-08-19 05,CA,4,5,0,0,18000,1,06071,34.12,-116.41,35.18,-114.3,,,,,,,
173974,2022-08-16 23,2022-08-17 04,AZ,2,3,0,0,0,2,04001;04005,35.37,-111.59,35.68,-109.04,,,,,,,
171256,2022-08-17 17,2022-08-18 02,NM,2,2,0,0,125000,2,35027;35045,33.35,-108.1,36.16,-105.64,,,,,,,
173984,2022-08-17 18,2022-08-18 03,AZ,5,6,0,0,0,2,04005;04025,34.38,-112.09,35.32,-111.48,,,,,,,
173541,2022-08-17 22,2022-08-18 04,AZ,3,3,0,0,0,3,04012;04013;04027,33.35,-114.25,33.99,-112.77,,,,,,,
173801,2022-08-17 22,2022-08-19 22,AZ,11,12,0,0,28000,1,04015,34.47,-114.56,37.0,-112.86,,,,,,,
171254,2022-08-17 23,2022-08-18 01,MN,1,0,0,0,5000,1,27059,45.53,-93.28,45.64,-93.14,,,,,,,
172446,2022-08-18 00,2022-08-18 02,TX,1,0,0,0,10000,1,48043,29.24,-103.58,29.36,-103.46000000000001,,,,,,,
178463,2022-08-18 11,2022-08-18 12,LA,1,1,0,0,2000,1,22041,31.9,-91.78999999999999,32.01,-91.68,,,,,,,
178907,2022-08-18 13,2022-08-18 13,MS,1,1,0,0,1000,1,28001,31.64,-91.41,31.75,-91.29,,,,,,,
173630,2022-08-18 15,2022-08-18 19,AL,4,4,0,0,0,2,01003;01097,30.58,-88.25,30.75,-87.9,,,,,,,
171390,2022-08-19 00,2022-08-19 01,SC,2,3,0,0,0,1,45013,32.330000000000005,-80.78,32.48,-80.63000000000001,,,,,,,
173689,2022-08-19 01,2022-08-19 05,AZ,4,3,0,0,25000,1,04013,33.62,-112.19,33.92,-111.83,,,,,,,
173330,2022-08-19 02,2022-08-19 04,TX,1,1,0,0,0,1,48005,31.279999999999998,-94.78999999999999,31.39,-94.68,,,,,,,
173986,2022-08-19 02,2022-08-19 11,AZ,3,4,0,0,0,3,04005;04017;04025,34.56,-111.85,36.71,-110.2,,,,,,,
173693,2022-08-19 04,2022-08-19 06,CA,1,2,0,0,15000,1,06065,33.900000000000006,-114.59,34.099999999999994,-114.43,,,,,,,
172593,2022-08-19 13,2022-08-19 22,SC,4,4,0,0,36000,1,45051,33.620000000000005,-79.03,33.769999999999996,-78.86,,,,,,,
173660,2022-08-19 19,2022-08-19 21,AZ,3,16,0,0,0,1,04019,32.13,-111.22,32.39,-110.96,,,,,,,
171319,2022-08-19 20,2022-08-19 23,NM,1,1,0,0,0,1,35027,33.370000000000005,-105.50999999999999,33.48,-105.39,,,,,,,
172424,2022-08-19 21,2022-08-20 00,VA,1,1,0,0,100,1,51051,36.96,-82.38,37.08,-82.25,,,,,,,
173503,2022-08-19 21,2022-08-20 00,IA,2,2,0,0,20000,1,19153,41.56,-93.71,41.669999999999995,-93.53,,,,,,,
173705,2022-08-19 23,2022-08-20 09,AZ,10,4,0,0,0,2,04012;04013,33.01,-113.62,33.97,-111.7,,,,,,,
173991,2022-08-20 00,2022-08-20 04,AZ,2,2,0,0,0,2,04007;04025,33.75,-112.44,34.58,-111.23,,,,,,,
173522,2022-08-20 01,2022-08-20 03,NM,1,1,0,0,0,1,35051,33.330000000000005,-107.5,33.449999999999996,-107.38000000000001,,,,,,,
171857,2022-08-20 02,2022-08-20 05,IL,2,2,0,0,0,1,17141,41.99,-89.64,42.16,-89.48,,,,,,,
173446,2022-08-20 02,2022-08-20 05,IA,1,1,0,0,0,1,19139,41.32,-91.41,41.43,-91.3,,,,,,,
173499,2022-08-20 02,2022-08-20 05,KY,3,3,0,0,0,1,21013,36.720000000000006,-83.63,36.89,-83.52,,,,,,,
173453,2022-08-20 05,2022-08-20 09,IL,1,1,0,0,0,1,17015,41.95,-89.86999999999999,42.07,-89.76,,,,,,,
173523,2022-08-20 07,2022-08-20 09,TX,1,1,0,0,0,1,48141,31.72,-106.45,31.84,-106.34,,,,,,,
173751,2022-08-20 14,2022-08-21 02,AZ,4,0,0,0,15000,2,04019;04023,31.51,-110.94,32.52,-110.47,,,,,,,
171338,2022-08-20 16,2022-08-20 18,NM,1,1,0,0,25000,1,35027,33.27,-105.69,33.419999999999995,-105.58,,,,,,,
173682,2022-08-20 16,2022-08-21 01,NM,2,1,0,0,2000,1,35035,32.07,-105.87,33.16,-105.5,,,,,,,
173835,2022-08-20 19,2022-08-21 12,AZ,6,7,0,0,75000,4,04007;04012;04013;04021,33.06,-113.56,33.99,-110.91,,,,,,,
172520,2022-08-20 21,2022-08-20 23,NM,7,7,0,0,26200,1,35015,32.2,-104.62,32.55,-104.19,,,,,,,
173240,2022-08-20 21,2022-08-20 23,IL,1,1,0,0,0,1,17179,40.64,-89.49,40.75,-89.34,,,,,,,
173888,2022-08-20 21,2022-08-20 23,CA,1,1,0,0,0,1,06065,33.940000000000005,-116.22,34.059999999999995,-116.11,,,,,,,
171433,2022-08-20 22,2022-08-21 00,AZ,1,0,0,0,0,1,04025,34.25,-112.28,34.419999999999995,-112.08,,,,,,,
173842,2022-08-20 22,2022-08-23 01,UT,7,7,0,0,0,4,49015;49017;49053;49055,37.05,-113.55,39.39,-111.05,,,,,,,
172521,2022-08-20 23,2022-08-21 02,TX,3,3,0,0,23000,1,48329,31.89,-102.2,32.08,-102.05,,,,,,,
173335,2022-08-20 23,2022-08-21 01,CO,1,1,0,0,0,1,08049,40.06,-106.1,40.169999999999995,-105.99000000000001,,,,,,,
171600,2022-08-21 02,2022-08-21 04,UT,5,4,0,0,10000750,2,49019;49037,38.47,-110.01,38.57,-109.49,,,,,,,
172876,2022-08-21 04,2022-08-21 07,MO,1,0,0,0,0,1,29035,36.95,-91.11,37.08,-90.97,,,,,,,
171529,2022-08-21 06,2022-08-21 09,TX,1,1,0,0,0,1,48219,33.71,-102.63,33.82,-102.5,,,,,,,
173992,2022-08-21 07,2022-08-22 06,AZ,6,10,0,0,0,3,04005;04007;04025,33.75,-112.78,36.87,-111.21,,,,,,,
173332,2022-08-21 12,2022-08-22 04,VA,9,7,0,0,0,4,51035;51067;51141;51163,36.59,-80.77,37.93,-79.28,,,,,,,
172374,2022-08-21 13,2022-08-22 11,WV,6,11,0,0,6450,6,54001;54005;54007;54015;54033;54035,38.04,-81.96,39.3,-80.05,,,,,,,
173685,2022-08-21 13,2022-08-22 01,NM,2,2,0,0,0,2,35029;35035,31.78,-107.79,33.1,-105.97,,,,,,,
171786,2022-08-21 16,2022-08-21 19,VA,3,1,0,0,500000,1,51125,37.7,-78.98,37.849999999999994,-78.71,,,,,,,
173020,2022-08-21 18,2022-08-21 20,PA,2,3,0,0,0,1,42057,39.78,-78.11,39.94,-77.95,,,,,,,
173988,2022-08-21 18,2022-08-22 01,OH,2,4,0,0,1050000,2,39093;39147,41.15,-83.43,41.38,-82.11,,,,,,,
172076,2022-08-21 20,2022-08-21 21,OH,1,1,0,0,0,1,39119,39.900000000000006,-82.06,40.01,-81.95,,,,,,,
173215,2022-08-21 20,2022-08-21 20,NC,1,1,0,0,0,1,37133,34.7,-77.52,34.809999999999995,-77.4,,,,,,,
172394,2022-08-21 21,2022-08-22 00,OH,1,1,0,0,500,1,39127,39.690000000000005,-82.14999999999999,39.8,-82.02,,,,,,,
173860,2022-08-21 21,2022-08-21 22,UT,1,0,0,0,1000,1,49017,37.510000000000005,-112.11,37.629999999999995,-111.93,,,,,,,
173331,2022-08-21 22,2022-08-22 00,TX,2,2,0,0,0,2,48183;48459,32.480000000000004,-94.97,32.62,-94.71,,,,,,,
171787,2022-08-22 03,2022-08-22 23,MD,4,2,0,0,0,1,24025,39.36,-76.46,39.55,-76.26,,,,,,,
172078,2022-08-22 03,2022-08-22 04,PA,1,2,0,0,0,1,42129,40.32,-79.14,40.44,-79.03,,,,,,,
173247,2022-08-22 03,2022-08-22 20,TX,31,25,1,0,852720000,6,48113;48139;48251;48257;48439;48467,32.25,-97.53,32.91,-95.85,,,,,,,
173803,2022-08-22 03,2022-08-22 08,AZ,6,9,0,0,11000,1,04015,35.05,-114.44,36.01,-113.99,,,,,,,
171459,2022-08-22 09,2022-08-22 15,NJ,3,5,0,0,0,2,34029;34035,39.66,-74.7,40.6,-74.16,,,,,,,
173539,2022-08-22 11,2022-08-22 19,TX,3,3,0,0,0,2,48459;48499,32.56,-95.66,32.88,-94.94,,,,,,,
173431,2022-08-22 20,2022-08-22 21,NJ,2,2,0,0,0,1,34039,40.59,-74.42,40.73,-74.3,,,,,,,
173013,2022-08-22 21,2022-08-23 01,TX,10,10,0,0,0,2,48453;48465,29.39,-100.93,30.36,-97.71,,,,,,,
171432,2022-08-22 22,2022-08-23 01,NM,3,4,0,0,75000,3,35001;35043;35055,35.06,-106.93,36.42,-105.6,,,,,,,
173336,2022-08-22 22,2022-08-23 01,CO,1,1,0,0,15000,1,08049,40.03,-106.03,40.15,-105.89,,,,,,,
173708,2022-08-22 23,2022-08-23 03,WA,1,1,0,0,1000,1,53047,48.6,-120.63,48.709999999999994,-120.52,,,,,,,
173686,2022-08-23 01,2022-08-23 03,TX,1,1,0,0,0,1,48141,31.73,-106.57,31.85,-106.45,,,,,,,
173979,2022-08-23 02,2022-08-23 03,ME,1,1,0,0,34000,1,23031,43.46,-70.75999999999999,43.589999999999996,-70.62,,,,,,,
178461,2022-08-23 14,2022-08-23 15,MS,1,0,0,0,1000,1,28163,32.800000000000004,-90.47,32.91,-90.36,,,,,,,
173432,2022-08-23 16,2022-08-23 18,NY,3,3,0,0,0,1,36103,40.78,-73.42999999999999,40.959999999999994,-73.29,,,,,,,
172453,2022-08-23 19,2022-08-23 21,RI,2,0,0,0,28000,1,44007,41.75,-71.46,41.94,-71.3,,,,,,,
173438,2022-08-23 20,2022-08-23 23,CT,3,3,0,0,0,1,09009,41.38,-73.13,41.57,-72.98,,,,,,,
173999,2022-08-23 20,2022-08-24 01,AZ,4,4,0,0,0,1,04025,34.48,-113.29,35.01,-112.03,,,,,,,
178464,2022-08-23 20,2022-08-23 22,LA,1,1,0,0,10000,1,22041,31.96,-91.92999999999999,32.07,-91.78,,,,,,,
173642,2022-08-23 23,2022-08-24 07,AZ,4,3,0,0,0,3,04012;04013;04021,33.41,-114.23,33.8,-111.53,,,,,,,
171574,2022-08-24 00,2022-08-24 05,AL,1,1,0,0,0,1,01089,34.620000000000005,-86.77,34.73,-86.66,,,,,,,
172436,2022-08-24 01,2022-08-24 03,ND,1,2,0,0,250000,1,38015,46.830000000000005,-100.85,46.94,-100.6,,,,,,,
173844,2022-08-24 02,2022-08-24 06,AZ,2,3,0,0,1510000,2,04003;04019,31.89,-110.97,32.15,-110.21,,,,,,,
173225,2022-08-24 10,2022-08-26 01,MS,106,109,0,0,5091000,17,28023;28031;28035;28049;28061;28065;28067;28069;28075;28079;28089;28099;28101;28121;28123;28127;28129,31.21,-90.2,32.89,-88.54,,,,,,,
173543,2022-08-24 11,2022-08-24 13,LA,3,3,0,0,0,1,22059,31.63,-92.33,31.810000000000002,-92.13,,,,,,,
178465,2022-08-24 13,2022-08-24 22,LA,3,3,0,0,106000,2,22025;22041,31.8,-91.75,32.31,-91.6,,,,,,,
171460,2022-08-24 14,2022-08-24 15,TX,1,1,0,0,0,1,48089,29.68,-96.39,29.8,-96.27,,,,,,,
173538,2022-08-24 14,2022-08-26 22,LA,6,13,0,0,50000,4,22019;22023;22055;22079,30.05,-93.4,31.31,-91.98,,,,,,,
173955,2022-08-24 19,2022-08-25 00,AL,8,10,0,0,0,4,01003;01023;01025;01097,30.33,-88.34,32.03,-87.62,,,,,,,
174000,2022-08-24 19,2022-08-24 23,AZ,4,4,0,0,500000,2,04005;04025,34.52,-112.53,36.74,-110.87,,,,,,,
172270,2022-08-24 20,2022-08-24 20,CA,1,1,0,0,0,1,06073,32.650000000000006,-116.42,32.76,-116.31,,,,,,,
173981,2022-08-24 20,2022-08-24 23,MS,1,1,0,0,0,1,28111,31.34,-89.0,31.45,-88.88000000000001,,,,,,,
173807,2022-08-24 21,2022-08-27 03,CA,10,14,0,0,34000,2,06027;06071,34.09,-116.88,36.47,-114.57,,,,,,,
172255,2022-08-24 22,2022-08-25 00,SD,2,2,0,0,20000,2,46033;46102,43.21,-103.74,43.56,-102.25,,,,,,,
173604,2022-08-24 22,2022-08-25 05,WY,1,0,0,0,20000,1,56029,44.410000000000004,-109.91,44.519999999999996,-109.79,,,,,,,
173696,2022-08-24 23,2022-08-25 04,CA,4,5,0,0,100000,2,06025;06065,33.27,-115.99,33.73,-114.66,,,,,,,
173700,2022-08-24 23,2022-08-25 06,AZ,4,5,0,0,500000,2,04012;04027,32.6,-114.38,33.96,-113.87,,,,,,,
173808,2022-08-24 23,2022-08-26 03,NV,2,1,0,0,3000,1,32023,36.07,-116.09,36.45,-115.77,,,,,,,
173978,2022-08-25 00,2022-08-25 01,AL,1,1,0,0,0,1,01099,31.74,-87.35,31.87,-87.24000000000001,,,,,,,
173806,2022-08-25 01,2022-08-25 03,AZ,1,2,0,0,1000,1,04015,35.300000000000004,-113.75,35.419999999999995,-113.64,,,,,,,
173935,2022-08-25 02,2022-08-25 04,AZ,2,2,0,0,10000,1,04019,32.2,-111.21,32.33,-110.9,,,,,,,
173980,2022-08-25 13,2022-08-25 16,AL,4,5,0,0,0,2,01003;01097,30.24,-88.35,30.51,-87.68,,,,,,,
173546,2022-08-25 16,2022-08-28 02,AL,2,4,0,0,0,1,01101,32.300000000000004,-86.46,32.47,-86.26,,,,,,,
173987,2022-08-25 16,2022-08-26 00,MS,6,8,0,0,0,3,28041;28131;28153,30.83,-89.16,31.62,-88.58,,,,,,,
173417,2022-08-25 18,2022-08-25 20,MS,4,8,0,0,0,2,28047;28059,30.32,-88.98,30.490000000000002,-88.65,,,,,,,
173473,2022-08-25 20,2022-08-27 18,FL,2,2,0,0,0,2,12005;12079,30.16,-85.7,30.37,-83.48,,,,,,,
174006,2022-08-25 23,2022-08-26 01,AZ,1,1,0,0,0,1,04017,35.75,-110.16,35.93,-110.01,,,,,,,
173949,2022-08-26 02,2022-08-26 04,AZ,2,3,0,0,3000,1,04019,32.080000000000005,-111.02,32.23,-110.8,,,,,,,
173944,2022-08-26 12,2022-08-26 14,TN,2,3,0,0,0,1,47063,36.14,-83.33,36.279999999999994,-83.16,,,,,,,
171601,2022-08-26 22,2022-08-26 22,UT,1,0,0,0,500,1,49037,37.550000000000004,-110.03999999999999,37.66,-109.93,,,,,,,
174023,2022-08-26 22,2022-08-27 00,AZ,1,1,0,0,0,1,04001,34.16,-109.41,34.32,-109.25,,,,,,,
173862,2022-08-27 02,2022-08-27 03,UT,1,1,0,0,0,1,49053,37.17,-113.03,37.29,-112.91,,,,,,,
174024,2022-08-27 19,2022-08-28 03,AZ,2,6,0,0,0,1,04025,33.94,-112.23,34.4,-111.98,,,,,,,
173834,2022-08-27 22,2022-08-27 22,VA,1,1,0,0,0,1,51800,36.660000000000004,-76.72,36.769999999999996,-76.61,,,,,,,
173813,2022-08-27 23,2022-08-28 03,AZ,2,3,0,0,20000,2,04013;04021,33.37,-112.97,33.78,-111.36,,,,,,,
173014,2022-08-28 03,2022-08-28 05,TX,2,1,0,0,0,1,48491,30.48,-97.89,30.59,-97.72,,,,,,,
171999,2022-08-28 23,2022-08-29 02,TX,1,1,0,0,0,1,48305,33.330000000000005,-101.86,33.44,-101.73,,,,,,,
172605,2022-08-29 01,2022-08-29 04,TX,1,1,0,0,40000,1,48135,31.82,-102.45,31.93,-102.32000000000001,,,,,,,
172336,2022-08-29 16,2022-08-29 19,IL,1,2,0,0,10000,1,17081,38.34,-89.11,38.489999999999995,-88.98,,,,,,,
172079,2022-08-29 19,2022-08-29 20,PA,2,2,0,0,0,1,42007,40.63,-80.34,40.75,-80.19,,,,,,,
172339,2022-08-29 19,2022-08-29 21,KY,1,0,0,0,5000,1,21107,37.27,-87.55,37.379999999999995,-87.44,,,,,,,
173748,2022-08-29 19,2022-08-30 06,OK,2,2,0,0,0,2,40013;40017,34.14,-97.7,35.57,-96.25,,,,,,,
174061,2022-08-29 19,2022-08-29 20,TX,3,3,0,0,0,2,48007;48355,27.79,-97.43,28.16,-96.99,,,,,,,
171717,2022-08-29 20,2022-08-29 20,SC,2,2,0,0,11200,1,45075,33.440000000000005,-80.92,33.559999999999995,-80.79,,,,,,,
173136,2022-08-29 20,2022-08-29 22,IN,1,1,0,0,0,1,18155,38.74,-85.05,38.849999999999994,-84.93,,,,,,,
173422,2022-08-29 20,2022-08-30 04,MO,12,14,0,0,2000,3,29043;29065;29077,37.04,-93.33,37.67,-91.55,,,,,,,
172080,2022-08-29 21,2022-08-29 22,OH,2,2,0,0,30000,1,39013,39.92,-80.81,40.029999999999994,-80.7,,,,,,,
172081,2022-08-29 21,2022-08-29 22,WV,1,1,0,0,0,1,54051,39.92,-80.78999999999999,40.029999999999994,-80.68,,,,,,,
173137,2022-08-29 21,2022-08-29 23,KY,2,2,0,0,108000,1,21077,38.720000000000006,-84.84,38.849999999999994,-84.66,,,,,,,
173866,2022-08-29 21,2022-08-29 21,TX,1,1,0,0,0,1,48375,35.230000000000004,-101.75999999999999,35.339999999999996,-101.65,,,,,,,
172715,2022-08-29 22,2022-08-30 00,AR,1,0,2,0,0,1,05007,36.28,-94.27,36.4,-94.16,,,,,,,
172092,2022-08-30 02,2022-08-30 03,MS,1,1,0,0,0,1,28081,34.190000000000005,-88.74,34.3,-88.62,,,,,,,
171785,2022-08-30 03,2022-08-30 08,IN,2,2,0,0,8000,2,18097;18167,39.56,-87.25,39.92,-86.06,,,,,,,
173268,2022-08-30 03,2022-08-30 06,IL,2,2,0,0,0,2,17029;17137,39.49,-90.14,39.7,-88.32,,,,,,,
173015,2022-08-30 11,2022-08-30 18,TX,8,8,0,0,0,6,48019;48137;48271;48323;48385;48465,28.68,-100.93,29.77,-99.42,,,,,,,
173579,2022-08-30 19,2022-08-30 22,TX,3,3,0,0,0,1,48027,31.029999999999998,-97.7,31.16,-97.55,,,,,,,
173016,2022-08-31 13,2022-08-31 17,TX,2,2,0,0,0,2,48385;48463,29.51,-100.07,29.65,-99.94,,,,,,,
172003,2022-08-31 18,2022-08-31 22,TX,3,3,0,0,0,3,48169;48303;48445,33.1,-102.4,33.43,-101.31,,,,,,,
172659,2022-08-31 18,2022-09-01 02,TX,6,6,0,0,600,2,48243;48415,30.8,-103.89,32.6,-100.82,,,,,,,
172658,2022-08-31 21,2022-08-31 23,NM,2,2,0,0,1200,1,35015,32.36,-104.31,32.489999999999995,-104.19,,,,,,,
173480,2022-08-31 22,2022-08-31 22,GA,2,2,0,0,0,1,13185,30.67,-83.39,30.81,-83.17,,,,,,,
172744,2022-09-01 16,2022-09-02 04,TX,1,1,0,0,5000,1,48043,29.04,-104.27,29.58,-103.21,,,,,,,
174074,2022-09-01 19,2022-09-01 22,OK,1,1,0,0,0,1,40153,36.400000000000006,-99.27,36.519999999999996,-99.05,,,,,,,
172743,2022-09-01 22,2022-09-02 00,NM,1,1,0,0,500,1,35015,32.17,-104.17,32.29,-104.04,,,,,,,
173849,2022-09-01 22,2022-09-01 23,AL,1,1,0,0,0,1,01031,31.279999999999998,-85.86,31.39,-85.75,,,,,,,
174149,2022-09-01 23,2022-09-02 02,TX,1,1,0,0,0,1,48419,31.759999999999998,-94.25999999999999,31.88,-94.13000000000001,,,,,,,
173487,2022-09-02 02,2022-09-02 08,MO,1,1,0,0,0,1,29009,36.75,-93.71,36.86,-93.60000000000001,,,,,,,
174527,2022-09-02 20,2022-09-02 20,TX,1,1,0,0,0,1,48451,31.39,-100.49,31.5,-100.37,,,,,,,
173491,2022-09-02 21,2022-09-03 05,MO,1,1,0,0,0,1,29109,36.92,-93.85,37.04,-93.74000000000001,,,,,,,
174320,2022-09-03 00,2022-09-03 05,AZ,2,2,0,0,2000,1,04015,35.06,-114.28999999999999,35.71,-114.12,,,,,,,
173249,2022-09-03 02,2022-09-03 06,AZ,2,2,0,0,0,2,04012;04013,33.46,-114.23,33.99,-112.77,,,,,,,
172806,2022-09-03 03,2022-09-03 05,TX,1,1,0,0,1000,1,48443,30.099999999999998,-102.47,30.21,-102.36,,,,,,,
174123,2022-09-03 08,2022-09-04 03,TN,3,3,0,0,5000,3,47041;47119;47149,35.61,-87.07,35.93,-85.78,,,,,,,
174374,2022-09-03 13,2022-09-03 15,SC,1,5,0,0,10000,1,45073,34.690000000000005,-83.17,34.8,-83.04,,,,,,,
174499,2022-09-03 15,2022-09-03 21,LA,12,13,0,0,10000,2,22033;22071,29.92,-91.16,30.44,-90.07,,,,,,,
174515,2022-09-03 15,2022-09-03 16,TX,2,7,0,0,0,1,48355,27.72,-97.47,27.83,-97.35,,,,,,,
172815,2022-09-03 20,2022-09-03 22,TX,1,0,0,0,30000,1,48043,29.259999999999998,-103.36,29.38,-103.21,,,,,,,
173168,2022-09-03 20,2022-09-03 23,IN,2,4,0,0,18055000,2,18115;18155,38.830000000000005,-85.19,38.97,-84.99,,,,,,,
172393,2022-09-03 21,2022-09-03 23,IN,1,1,1,0,200000,1,18077,38.77,-85.28999999999999,38.879999999999995,-85.17,,,,,,,
173169,2022-09-03 21,2022-09-03 23,KY,2,1,0,0,20000,1,21041,38.620000000000005,-85.29,38.76,-85.16,,,,,,,
173177,2022-09-03 21,2022-09-03 23,IN,1,2,0,0,75000,1,18163,37.96,-87.61,38.08,-87.45,,,,,,,
173179,2022-09-03 21,2022-09-04 02,KY,2,2,0,0,0,2,21059;21101,37.77,-87.58,37.9,-87.15,,,,,,,
173578,2022-09-03 21,2022-09-04 03,KY,4,4,0,0,0,4,21073;21211;21213;21223,36.73,-86.58,38.61,-84.97,,,,,,,
174321,2022-09-03 23,2022-09-04 04,CA,2,2,0,0,12000,1,06027,36.34,-117.29,36.51,-116.86,,,,,,,
174446,2022-09-04 01,2022-09-04 02,IA,1,1,0,0,0,1,19057,40.75,-91.17,40.86,-91.06,,,,,,,
174222,2022-09-04 04,2022-09-04 07,IL,1,1,0,0,0,1,17115,39.79,-89.07,39.9,-88.94,,,,,,,
174274,2022-09-04 09,2022-09-04 11,AL,1,0,0,0,0,1,01019,34.32,-85.55,34.45,-85.42,,,,,,,
174535,2022-09-04 11,2022-09-05 02,GA,1,32,0,0,0,1,13055,34.35,-85.46,34.489999999999995,-85.26,,,,,,,
173945,2022-09-04 14,2022-09-04 16,TN,1,1,0,0,0,1,47007,35.56,-85.24,35.699999999999996,-85.13000000000001,,,,,,,
174338,2022-09-04 14,2022-09-04 18,IL,1,2,0,0,0,1,17135,39.15,-89.57,39.27,-89.42,,,,,,,
171988,2022-09-04 15,2022-09-04 23,AL,3,3,0,0,0,2,01043;01095,34.29,-86.66,34.42,-86.28,,,,,,,
174223,2022-09-04 20,2022-09-04 23,IL,1,1,0,0,0,1,17115,39.88,-89.03,39.989999999999995,-88.88000000000001,,,,,,,
174175,2022-09-04 22,2022-09-05 01,OH,1,0,0,0,4500000,1,39099,40.96,-80.73,41.099999999999994,-80.62,,,,,,,
172379,2022-09-04 23,2022-09-05 02,NY,1,1,0,0,0,1,36009,42.010000000000005,-78.49,42.12,-78.38000000000001,,,,,,,
174323,2022-09-05 01,2022-09-05 03,AZ,1,7,0,0,10000,1,04015,35.05,-114.36,35.25,-114.18,,,,,,,
173213,2022-09-05 02,2022-09-05 04,MS,1,1,0,0,15000,1,28103,33.17,-88.61999999999999,33.279999999999994,-88.5,,,,,,,
173369,2022-09-05 02,2022-09-05 04,PA,2,2,0,0,0,2,42085;42121,41.21,-80.1,41.33,-79.91,,,,,,,
173170,2022-09-05 11,2022-09-05 16,OH,2,2,0,0,25000,2,39025;39131,38.96,-84.14,39.22,-83.08,,,,,,,
174769,2022-09-05 14,2022-09-05 17,GA,1,3,0,0,1000,1,13241,34.730000000000004,-83.48,34.849999999999994,-83.36,,,,,,,
173142,2022-09-05 15,2022-09-05 15,MA,1,0,0,0,0,1,25027,42.02,-71.92999999999999,42.129999999999995,-71.81,,,,,,,
174734,2022-09-05 15,2022-09-05 18,SC,1,0,0,0,1000,1,45073,34.910000000000004,-83.17,35.019999999999996,-83.06,,,,,,,
173143,2022-09-05 16,2022-09-05 21,RI,6,1,0,3,1031500,1,44007,41.76,-71.65,41.91,-71.43,,,,,,,
174555,2022-09-05 16,2022-09-05 18,IN,1,1,0,0,0,1,18037,38.39,-86.86,38.5,-86.75,,,,,,,
172380,2022-09-05 19,2022-09-06 02,NY,9,9,0,0,0,2,36003;36009,42.08,-78.98,42.47,-77.93,,,,,,,
173185,2022-09-05 19,2022-09-05 21,IN,1,1,0,0,0,1,18173,38.13,-87.5,38.26,-87.38000000000001,,,,,,,
173876,2022-09-05 20,2022-09-06 01,AR,4,4,0,0,0,3,05069;05119;05125,34.15,-92.75,34.81,-92.02,,,,,,,
174365,2022-09-05 22,2022-09-06 17,CT,5,5,0,0,0,2,09009;09011,41.26,-72.96,41.61,-72.0,,,,,,,
174556,2022-09-05 23,2022-09-07 00,KY,3,3,0,0,0,2,21009;21217,36.92,-85.81,37.43,-85.4,,,,,,,
172101,2022-09-06 11,2022-09-06 15,PA,5,4,0,0,0,3,42029;42091;42101,39.95,-75.61,40.09,-75.09,,,,,,,
172349,2022-09-07 16,2022-09-07 18,MD,1,4,0,0,0,1,24043,39.61,-77.77,39.73,-77.65,,,,,,,
174163,2022-09-09 18,2022-09-10 03,CA,5,7,0,0,18000,1,06025,32.66,-116.13,33.33,-115.56,,,,,,,
174068,2022-09-09 21,2022-09-13 03,CA,9,15,0,0,0,3,06065;06071;06073,32.61,-117.62,34.8,-116.18,,,,,,,
174189,2022-09-10 01,2022-09-10 10,AZ,2,6,0,0,10000,1,04013,32.97,-112.66,33.22,-112.4,,,,,,,
174079,2022-09-10 04,2022-09-10 06,FL,1,1,0,0,0,1,12113,30.32,-87.14,30.44,-87.01,,,,,,,
174042,2022-09-10 20,2022-09-11 04,AZ,4,5,0,0,0,2,04005;04017,35.04,-112.78,36.87,-110.23,,,,,,,
174600,2022-09-10 21,2022-09-11 01,NC,3,3,0,0,0,2,37051;37101,35.18,-79.01,35.62,-78.34,,,,,,,
174608,2022-09-10 21,2022-09-14 03,CA,17,26,0,0,462000,2,06027;06071,34.83,-118.62,37.43,-116.11,,,,,,,
172179,2022-09-10 22,2022-09-11 00,NM,1,2,0,0,200000,1,35047,35.6,-105.45,35.75,-105.3,,,,,,,
174609,2022-09-10 22,2022-09-14 11,NV,8,14,0,0,167000,3,32003;32017;32023,36.05,-116.14,37.82,-114.4,,,,,,,
174607,2022-09-10 23,2022-09-13 15,AZ,12,31,0,0,129000,1,04015,34.48,-114.49,35.71,-113.42,,,,,,,
173033,2022-09-11 03,2022-09-11 10,NV,1,1,0,0,0,1,32023,38.49,-117.3,38.599999999999994,-117.19,,,,,,,
173822,2022-09-11 13,2022-09-11 17,IL,3,9,0,0,3100000,2,17031;17043,41.79,-87.98,41.94,-87.74,,,,,,,
173848,2022-09-11 13,2022-09-11 17,FL,10,10,0,0,0,2,12005;12045,30.1,-85.86,30.24,-85.3,,,,,,,
174308,2022-09-11 13,2022-09-11 16,AL,1,1,0,0,0,1,01087,32.290000000000006,-85.97,32.47,-85.86,,,,,,,
173154,2022-09-11 21,2022-09-12 05,CA,8,1,0,0,0,3,06037;06083;06111,34.17,-119.82,35.01,-117.67,,,,,,,
174416,2022-09-12 01,2022-09-12 05,AZ,1,0,0,0,0,1,04019,31.79,-111.08,31.900000000000002,-110.93,,,,,,,
174190,2022-09-12 04,2022-09-12 16,AZ,6,3,0,0,10000,3,04012;04013;04021,33.25,-114.03,34.13,-111.59,,,,,,,
174044,2022-09-12 07,2022-09-13 01,AZ,3,3,0,0,0,1,04025,34.09,-113.29,35.31,-112.05,,,,,,,
172420,2022-09-12 18,2022-09-12 19,NM,1,1,0,0,20000,1,35027,33.31,-105.69,33.43,-105.59,,,,,,,
174423,2022-09-12 21,2022-09-12 23,AZ,1,1,0,0,0,1,04019,32.07,-111.17,32.209999999999994,-111.06,,,,,,,
174343,2022-09-12 22,2022-09-13 00,VA,2,2,0,0,0,1,51117,36.580000000000005,-78.27,36.769999999999996,-78.07000000000001,,,,,,,
172350,2022-09-12 23,2022-09-13 00,MD,1,0,0,0,0,1,24005,39.39,-76.84,39.5,-76.73,,,,,,,
174669,2022-09-12 23,2022-09-13 02,CA,4,7,0,0,4400000,1,06071,33.96,-116.97,34.15,-116.86,,,,,,,
173972,2022-09-13 01,2022-09-13 02,NV,2,2,0,0,0,2,32005;32021,38.15,-119.59,38.79,-118.79,,,,,,,
174369,2022-09-13 08,2022-09-13 08,NJ,1,1,0,0,0,1,34013,40.63,-74.25999999999999,40.75,-74.14,,,,,,,
174370,2022-09-13 08,2022-09-13 19,NY,5,5,0,0,0,2,36081;36119,40.72,-73.91,40.93,-73.77,,,,,,,
173129,2022-09-13 14,2022-09-13 15,MA,2,2,0,0,2000,1,25005,41.56,-71.06,41.69,-70.92,,,,,,,
173695,2022-09-13 15,2022-09-15 22,UT,4,4,0,0,0,3,49017;49053;49055,37.19,-113.23,38.23,-111.13,,,,,,,
172849,2022-09-15 00,2022-09-15 03,TX,2,2,0,0,10500,2,48135;48329,31.93,-102.41,32.04,-102.14,,,,,,,
174050,2022-09-15 00,2022-09-15 02,AZ,1,1,0,0,0,1,04005,36.14,-112.73,36.32,-112.57,,,,,,,
173034,2022-09-15 01,2022-09-15 20,NV,1,1,0,0,0,1,32023,38.93,-117.25,39.05,-117.14,,,,,,,
172449,2022-09-19 01,2022-09-19 02,NM,1,1,0,0,0,1,35027,33.31,-105.69,33.419999999999995,-105.58,,,,,,,
174224,2022-09-19 06,2022-09-19 14,IL,2,0,0,0,0,2,17019;17167,39.73,-89.71,40.1,-88.24,,,,,,,
174083,2022-09-19 20,2022-09-19 23,NY,1,1,0,0,0,1,36115,43.17,-73.46,43.279999999999994,-73.35000000000001,,,,,,,
174206,2022-09-21 16,2022-09-22 10,AZ,8,9,0,0,10000,2,04013;04021,32.95,-112.82,33.73,-112.12,,,,,,,
174139,2022-09-21 19,2022-09-22 05,UT,7,7,0,0,11100,3,49017;49025;49045,37.0,-112.35,40.43,-111.56,,,,,,,
174051,2022-09-22 01,2022-09-22 05,AZ,1,1,0,0,0,1,04005,36.800000000000004,-111.66,36.919999999999995,-111.54,,,,,,,
174052,2022-09-22 20,2022-09-22 22,AZ,1,1,0,0,0,1,04025,34.45,-112.27,34.629999999999995,-112.15,,,,,,,
172611,2022-09-22 22,2022-09-23 00,NM,1,1,0,0,0,1,35043,35.71,-107.25,35.89,-107.13,,,,,,,
174211,2022-09-23 03,2022-09-23 05,AZ,1,1,0,0,0,1,04012,33.64,-114.28,33.75,-114.17,,,,,,,
174212,2022-09-23 20,2022-09-24 02,AZ,4,4,0,0,0,2,04012;04013,33.2,-114.29,33.97,-113.19,,,,,,,
174213,2022-09-24 00,2022-09-24 02,CA,1,0,0,0,1000,1,06025,33.96,-114.57,34.089999999999996,-114.44,,,,,,,
174610,2022-09-25 01,2022-09-25 02,CA,1,1,0,0,1000,1,06071,34.040000000000006,-116.35,34.15,-116.23,,,,,,,
174371,2022-09-26 03,2022-09-26 03,NJ,2,1,0,0,0,1,34039,40.63,-74.35,40.739999999999995,-74.23,,,,,,,
174612,2022-09-28 15,2022-09-28 17,NV,1,0,0,0,1000,1,32003,36.17,-115.13,36.279999999999994,-114.99000000000001,,,,,,,
174634,2022-09-28 19,2022-09-28 19,CA,1,6,0,0,0,1,06071,34.040000000000006,-116.23,34.15,-116.10000000000001,,,,,,,
174611,2022-09-28 21,2022-09-30 00,CA,2,7,0,0,35000,1,06071,34.080000000000005,-116.31,34.23,-115.91,,,,,,,
174589,2022-09-28 22,2022-09-28 23,AZ,1,1,0,0,0,1,04019,32.220000000000006,-110.78999999999999,32.33,-110.68,,,,,,,
174411,2022-09-28 23,2022-09-29 01,CA,1,5,0,0,0,1,06071,33.95,-117.17,34.07,-117.03,,,,,,,
174569,2022-09-29 05,2022-09-29 23,FL,8,18,0,0,0,5,12009;12095;12097;12117;12127,28.18,-81.44,29.16,-80.86,,,,,,,
173080,2022-09-29 13,2022-09-29 16,FL,2,3,0,0,0,2,12035;12109,29.61,-81.34,29.9,-81.19,,,,,,,
174140,2022-09-29 20,2022-09-29 23,UT,2,2,0,0,0,2,49053;49055,37.21,-112.97,38.26,-111.22,,,,,,,
174192,2022-09-30 17,2022-09-30 18,SC,1,1,0,0,0,1,45043,33.38,-79.19,33.5,-79.07000000000001,,,,,,,
174566,2022-09-30 17,2022-09-30 20,SC,6,7,0,0,150000,2,45019;45035,32.72,-80.18,33.01,-79.95,,,,,,,
173118,2022-09-30 22,2022-09-30 22,CO,1,0,0,0,5000,1,08077,39.07,-108.38,39.18,-108.27,,,,,,,
174597,2022-10-01 01,2022-10-01 03,NC,3,3,0,0,0,2,37063;37183,35.76,-78.92,36.04,-78.59,,,,,,,
174772,2022-10-01 22,2022-10-02 01,CA,1,1,0,0,0,1,06065,33.74,-115.39,33.919999999999995,-115.23,,,,,,,
174871,2022-10-01 22,2022-10-03 02,UT,5,5,0,0,1000,3,49017;49053;49055,37.0,-113.47,38.3,-111.02,,,,,,,
174055,2022-10-02 06,2022-10-02 11,AZ,1,1,0,0,250000,1,04005,36.25,-112.83,36.36,-112.71000000000001,,,,,,,
173123,2022-10-02 22,2022-10-02 23,UT,2,1,0,0,26005000,1,49019,38.470000000000006,-110.0,38.599999999999994,-109.5,,,,,,,
173124,2022-10-02 23,2022-10-03 00,CO,2,0,0,0,10000,2,08077;08085,38.2,-108.67999999999999,39.07,-108.53,,,,,,,
174676,2022-10-03 19,2022-10-04 00,AZ,4,4,0,0,4000,1,04015,34.73,-114.03,35.45,-113.6,,,,,,,
174056,2022-10-03 21,2022-10-04 00,AZ,2,4,0,0,0,1,04025,34.7,-112.07,34.879999999999995,-111.79,,,,,,,
174773,2022-10-04 01,2022-10-04 03,AZ,1,1,0,0,0,1,04021,33.31,-111.49,33.419999999999995,-111.38000000000001,,,,,,,
174917,2022-10-06 10,2022-10-06 23,AZ,3,4,0,0,5000,2,04013;04027,32.86,-114.36,33.07,-112.35,,,,,,,
174919,2022-10-06 22,2022-10-07 00,CA,1,0,0,0,1000,1,06025,32.900000000000006,-115.0,33.05,-114.82000000000001,,,,,,,
175072,2022-10-10 23,2022-10-11 00,TX,1,1,0,0,250000,1,48371,30.82,-102.99,30.970000000000002,-102.86,,,,,,,
174677,2022-10-11 00,2022-10-11 02,AZ,2,2,0,0,2000,1,04015,35.1,-114.25999999999999,35.279999999999994,-114.13000000000001,,,,,,,
174754,2022-10-12 20,2022-10-12 21,CA,1,0,0,0,0,1,06065,33.68,-116.89999999999999,33.8,-116.79,,,,,,,
173259,2022-10-12 22,2022-10-13 00,GA,1,4,0,0,75100,1,13033,33.03,-82.08,33.16,-81.97,,,,,,,
174678,2022-10-12 22,2022-10-13 00,CA,1,1,0,0,1000,1,06071,34.09,-116.42999999999999,34.199999999999996,-116.33,,,,,,,
174862,2022-10-13 18,2022-10-13 22,FL,2,1,0,0,0,2,12086;12099,25.79,-80.2,26.97,-80.04,,,,,,,
173342,2022-10-13 23,2022-10-14 03,PA,1,0,0,0,0,1,42091,40.34,-75.57,40.459999999999994,-75.46000000000001,,,,,,,
174467,2022-10-15 07,2022-10-15 11,ME,2,2,0,0,0,1,23019,44.88,-68.95,45.62,-68.39,,,,,,,
175008,2022-10-15 19,2022-10-16 22,AZ,17,7,0,0,22000,4,04007;04012;04013;04021,33.0,-114.49,33.72,-110.91,,,,,,,
175009,2022-10-15 19,2022-10-16 03,CA,7,11,0,0,16000,3,06025;06065;06071,32.77,-116.05,34.09,-114.49,,,,,,,
174679,2022-10-15 22,2022-10-16 05,CA,3,4,0,0,16000,1,06071,34.07,-116.04,34.38,-115.68,,,,,,,
174755,2022-10-16 01,2022-10-16 01,CA,1,3,0,0,0,1,06065,33.370000000000005,-116.55,33.489999999999995,-116.44,,,,,,,
174981,2022-10-16 08,2022-10-16 08,TX,1,1,0,0,0,1,48105,30.84,-101.53,30.95,-101.42,,,,,,,
174834,2022-10-16 22,2022-10-17 00,NM,1,1,0,0,0,1,35013,32.190000000000005,-106.78,32.32,-106.66,,,,,,,
175005,2022-10-29 00,2022-10-29 01,TX,1,1,0,0,0,1,48245,29.86,-93.99,29.98,-93.87,,,,,,,
174333,2022-11-05 00,2022-11-05 02,OK,1,1,2,2,0,1,40001,35.720000000000006,-94.83,35.9,-94.7,,,,,,,
174335,2022-11-05 02,2022-11-05 04,AR,1,1,0,0,0,1,05131,35.27,-94.49,35.459999999999994,-94.37,,,,,,,
174635,2022-11-05 03,2022-11-05 03,AR,1,1,0,0,2000,1,05071,35.410000000000004,-93.53999999999999,35.519999999999996,-93.39,,,,,,,
175023,2022-11-08 15,2022-11-08 22,CA,4,3,3,0,0,2,06065;06071,33.89,-117.64,34.23,-116.57,,,,,,,
174684,2022-11-08 20,2022-11-08 22,CA,2,3,0,0,2000,1,06071,34.07,-116.46,34.19,-116.26,,,,,,,
174683,2022-11-09 15,2022-11-09 18,AZ,2,0,0,0,2000,1,04015,35.05,-114.24,35.2,-113.89,,,,,,,
175891,2022-11-11 17,2022-11-11 23,NC,4,7,0,0,7000,4,37011;37027;37121;37149,35.29,-82.25,36.17,-81.74,,,,,,,
175686,2022-11-11 19,2022-11-11 21,VA,1,0,0,0,0,1,51159,37.49,-77.49,37.61,-77.39,,,,,,,
174836,2022-11-11 22,2022-11-12 01,WV,1,2,0,0,2000,1,54107,39.21,-81.67999999999999,39.32,-81.51,,,,,,,
175787,2022-11-20 23,2022-11-21 00,FL,1,0,0,0,0,1,12086,25.81,-80.24,25.94,-80.12,,,,,,,
175649,2022-11-30 01,2022-11-30 02,MS,1,1,0,0,50000,1,28095,33.71,-88.36,33.83,-88.25,,,,,,,
175655,2022-11-30 07,2022-11-30 09,AL,3,9,0,0,0,3,01073;01115;01117,33.33,-86.93,33.78,-86.5,,,,,,,
176302,2022-12-11 00,2022-12-11 00,TX,1,1,0,0,0,1,48399,31.939999999999998,-100.05,32.05,-99.94,,,,,,,
175613,2022-12-11 07,2022-12-11 15,TX,1,1,0,0,0,1,48029,29.37,-98.37,29.54,-98.21,,,,,,,
176166,2022-12-11 12,2022-12-11 13,LA,1,1,0,0,0,1,22039,30.61,-92.28,30.740000000000002,-92.14,,,,,,,
175801,2022-12-11 15,2022-12-12 21,CA,3,1,0,0,0,3,06059;06065;06071,33.79,-117.89,34.04,-116.54,,,,,,,
175940,2022-12-13 11,2022-12-13 14,OK,1,1,0,0,0,1,40027,35.160000000000004,-97.5,35.269999999999996,-97.39,,,,,,,
177216,2022-12-14 04,2022-12-15 00,MS,11,17,0,0,714000,10,28001;28011;28019;28029;28035;28049;28073;28085;28101;28151,31.31,-91.44,33.65,-89.07,,,,,,,
175952,2022-12-14 16,2022-12-14 17,MS,2,2,0,0,300000,2,28005;28157,31.13,-91.53,31.28,-91.05,,,,,,,
176168,2022-12-14 16,2022-12-14 18,LA,1,2,0,0,0,1,22039,30.66,-92.32,30.78,-92.18,,,,,,,
175951,2022-12-14 21,2022-12-15 00,LA,2,2,0,0,0,2,22071;22117,29.98,-90.09,30.81,-89.83,,,,,,,
176002,2022-12-23 09,2022-12-23 10,NY,1,1,0,0,0,1,36087,41.080000000000005,-74.11999999999999,41.19,-74.01,,,,,,,
175536,2022-12-23 15,2022-12-23 16,ME,1,1,0,0,5000,1,23005,43.580000000000005,-70.31,43.72,-70.18,,,,,,,
175368,2022-12-25 16,2022-12-26 02,NY,1,0,0,0,100000,1,36089,44.53,-75.03,44.65,-74.92,,,,,,,
175398,2022-12-30 05,2022-12-30 09,TX,3,3,0,0,0,1,48167,29.34,-95.07,29.51,-94.92,,,,,,,
176178,2022-12-30 10,2022-12-30 11,TX,2,6,0,0,0,2,48199;48245,30.05,-94.41,30.17,-94.26,,,,,,,
175962,2023-01-01 07,2023-01-01 07,CA,1,1,0,0,0,1,06059,33.7,-117.89,33.809999999999995,-117.78,,,,,,,
176842,2023-01-01 08,2023-01-02 01,CA,2,2,0,0,0,2,06065;06073,33.23,-117.3,33.75,-116.84,,,,,,,
176926,2023-01-01 15,2023-01-01 23,UT,2,0,0,0,0,1,49053,37.18,-113.67,37.34,-113.03,,,,,,,
176175,2023-01-02 00,2023-01-02 15,AZ,1,1,0,0,0,1,04025,34.580000000000005,-111.88,34.69,-111.73,,,,,,,
177265,2023-01-02 00,2023-01-02 03,AZ,1,1,0,0,0,1,04021,33.24,-111.36999999999999,33.36,-111.26,,,,,,,
175476,2023-01-02 19,2023-01-03 17,AR,15,15,0,0,0,7,05001;05025;05043;05045;05075;05079;05115,33.65,-93.14,36.07,-90.95,,,,,,,
175431,2023-01-02 22,2023-01-03 09,AR,4,4,0,0,0,2,05073;05139,33.11,-93.52,33.38,-92.6,,,,,,,
175436,2023-01-02 22,2023-01-03 09,LA,15,15,0,0,0,8,22015;22017;22031;22049;22069;22073;22081;22085,31.78,-93.86,32.83,-92.15,,,,,,,
175451,2023-01-03 02,2023-01-03 07,TX,1,1,0,0,0,1,48419,31.84,-94.27,31.95,-94.16,,,,,,,
177252,2023-01-03 02,2023-01-03 15,AR,4,4,0,0,40000,4,05021;05035;05055;05077,34.77,-90.78,36.39,-90.18,,,,,,,
177256,2023-01-03 02,2023-01-03 03,MO,1,1,0,0,0,1,29069,36.43,-90.11999999999999,36.55,-90.01,,,,,,,
176325,2023-01-03 08,2023-01-03 16,KY,28,30,0,0,0,14,21017;21027;21029;21031;21067;21085;21093;21097;21111;21163;21179;21183;21215;21227,36.96,-86.88,38.48,-84.18,,,,,,,
175611,2023-01-03 10,2023-01-03 14,KY,4,6,0,0,80000,4,21035;21047;21177;21221,36.61,-88.37,37.3,-87.05,,,,,,,
177253,2023-01-03 11,2023-01-03 15,TN,3,4,0,0,5000,2,47075;47157,35.11,-90.08,35.66,-89.21,,,,,,,
180915,2023-01-03 13,2023-01-03 16,AR,3,4,0,0,30000,2,05003;05017,33.22,-91.85,33.53,-91.44,,,,,,,
175366,2023-01-03 14,2023-01-03 16,KY,10,11,0,0,40000,5,21023;21081;21187;21191;21201,38.36,-84.93,38.67,-84.07,,,,,,,
175367,2023-01-03 14,2023-01-03 15,OH,1,1,0,0,6000,1,39001,38.7,-83.67,38.809999999999995,-83.56,,,,,,,
177172,2023-01-03 14,2023-01-03 15,LA,1,2,0,0,0,1,22079,31.21,-92.36,31.34,-92.25,,,,,,,
177322,2023-01-03 14,2023-01-03 16,MS,3,3,0,0,20000,2,28033;28143,34.69,-90.39,34.96,-90.12,,,,,,,
180916,2023-01-03 18,2023-01-03 20,MS,2,2,0,0,210000,1,28023,31.939999999999998,-88.78999999999999,32.089999999999996,-88.68,,,,,,,
176804,2023-01-04 06,2023-01-04 08,AL,2,3,0,0,0,2,01115;01117,33.41,-86.7,33.71,-86.38,,,,,,,
176876,2023-01-04 07,2023-01-04 12,AL,3,2,0,0,20000,1,01023,31.93,-88.33,32.08,-88.15,,,,,,,
176877,2023-01-04 11,2023-01-04 17,GA,11,14,0,0,30000,6,13059;13089;13097;13121;13233;13297,33.73,-85.41,34.07,-83.37,,,,,,,
177453,2023-01-04 12,2023-01-04 16,SC,1,1,0,0,10000,1,45045,34.790000000000006,-82.49,34.91,-82.37,,,,,,,
175989,2023-01-05 14,2023-01-05 20,CA,1,0,0,0,0,1,06065,33.81,-116.67,33.94,-116.56,,,,,,,
176014,2023-01-08 04,2023-01-08 06,TX,1,1,0,0,0,1,48285,29.52,-97.17,29.63,-97.03,,,,,,,
177198,2023-01-08 07,2023-01-08 07,TX,1,1,0,0,0,1,48469,28.75,-97.07,28.900000000000002,-96.96000000000001,,,,,,,
180918,2023-01-08 11,2023-01-08 13,MS,2,2,0,0,20000,2,28049;28089,32.29,-90.2,32.56,-90.08,,,,,,,
177417,2023-01-09 15,2023-01-10 05,CA,23,50,2,1,0,4,06037;06079;06083;06111,34.02,-120.85,35.71,-118.41,,,,,,,
175359,2023-01-09 19,2023-01-10 02,CA,2,2,0,0,10000,2,06019;06039,36.15,-120.36,37.23,-119.49,,,,,,,
180919,2023-01-12 17,2023-01-12 17,MS,1,1,0,0,0,1,28023,31.98,-88.78,32.089999999999996,-88.67,,,,,,,
175993,2023-01-14 23,2023-01-16 23,CA,5,2,0,0,0,2,06059;06073,32.76,-117.75,33.6,-116.98,,,,,,,
177405,2023-01-16 17,2023-01-16 20,CA,1,0,0,0,2000,1,06071,33.99,-116.64,34.099999999999994,-116.53,,,,,,,
177238,2023-01-21 12,2023-01-21 13,LA,1,1,0,0,0,1,22033,30.41,-91.07,30.52,-90.96000000000001,,,,,,,
177208,2023-01-24 22,2023-01-25 01,TX,3,5,0,0,10000,3,48199;48241;48245,30.09,-94.23,30.54,-93.94,,,,,,,
177211,2023-01-25 01,2023-01-25 04,LA,2,2,0,0,0,2,22001;22055,30.22,-92.38,30.34,-92.03,,,,,,,
177264,2023-01-29 16,2023-01-29 23,LA,7,7,0,0,0,2,22033;22063,30.35,-91.19,30.46,-90.89,,,,,,,
177621,2023-02-08 14,2023-02-09 02,AR,11,11,0,0,0,9,05045;05051;05065;05115;05127;05135;05137;05145;05149,34.52,-94.18,36.07,-91.64,,,,,,,
177961,2023-02-08 17,2023-02-08 21,TX,1,0,1,0,100000,1,48231,32.940000000000005,-96.3,33.05,-96.19,,,,,,,
176891,2023-02-08 18,2023-02-08 22,AR,3,3,0,0,0,2,05061;05133,33.92,-94.46,34.02,-93.93,,,,,,,
176892,2023-02-08 19,2023-02-08 22,OK,2,2,0,0,0,1,40089,34.18,-94.77,34.47,-94.48,,,,,,,
177982,2023-02-08 19,2023-02-08 21,AR,1,2,0,0,200000,1,05031,35.75,-90.75999999999999,35.87,-90.61,,,,,,,
178013,2023-02-09 01,2023-02-09 02,LA,1,2,0,0,0,1,22019,30.29,-93.3,30.43,-93.18,,,,,,,
176793,2023-02-09 03,2023-02-09 15,IL,1,1,0,0,8000,1,17065,37.910000000000004,-88.63,38.08,-88.45,,,,,,,
178084,2023-02-09 05,2023-02-09 06,LA,1,1,0,0,0,1,22051,29.87,-90.23,29.990000000000002,-90.12,,,,,,,
177566,2023-02-10 16,2023-02-12 00,GA,6,6,0,0,0,3,13019;13027;13185,30.65,-83.47,31.19,-83.14,,,,,,,
177028,2023-02-16 10,2023-02-16 19,KY,5,6,0,0,15000,5,21033;21047;21059;21145;21233,36.65,-88.62,37.71,-87.06,,,,,,,
178015,2023-02-16 12,2023-02-16 18,TN,13,9,0,0,320000,5,47033;47053;47079;47167;47183,35.42,-89.74,36.39,-88.29,,,,,,,
176329,2023-02-16 13,2023-02-16 21,KY,10,10,0,0,0,5,21027;21029;21099;21123;21217,37.34,-86.53,38.02,-85.33,,,,,,,
176239,2023-02-16 17,2023-02-16 21,TN,3,4,0,0,0,2,47119;47161,35.61,-87.93,36.53,-87.06,,,,,,,
176555,2023-02-16 23,2023-02-17 00,MS,1,2,0,0,1000,1,28085,31.37,-90.59,31.5,-90.48,,,,,,,
178086,2023-02-16 23,2023-02-17 00,LA,1,1,0,0,15000,1,22033,30.58,-91.3,30.69,-91.19,,,,,,,
176244,2023-02-17 01,2023-02-17 08,AL,2,3,0,0,0,2,01071;01095,34.32,-86.57,34.59,-85.9,,,,,,,
178090,2023-02-17 01,2023-02-17 03,KY,1,0,0,0,35000,1,21153,37.690000000000005,-83.11999999999999,37.8,-83.01,,,,,,,
176404,2023-02-17 04,2023-02-17 07,TN,2,2,0,0,0,2,47001;47151,36.2,-84.6,36.33,-83.99,,,,,,,
177973,2023-02-22 21,2023-02-23 04,IL,3,0,0,0,0,3,17107;17125;17129,40.1,-90.01,40.25,-89.56,,,,,,,
177806,2023-02-24 14,2023-02-24 17,AR,1,1,0,0,0,1,05125,34.56,-92.53999999999999,34.669999999999995,-92.4,,,,,,,
178226,2023-02-24 22,2023-02-25 14,CA,9,15,0,0,0,3,06037;06083;06111,34.13,-120.4,34.77,-118.32,,,,,,,
177403,2023-02-25 04,2023-02-25 04,CA,1,1,0,0,0,1,06071,34.150000000000006,-117.56,34.279999999999994,-117.44,,,,,,,
177645,2023-03-01 13,2023-03-01 15,CA,1,0,0,0,10000,1,06059,33.690000000000005,-117.89,33.8,-117.77,,,,,,,
176764,2023-03-02 04,2023-03-02 12,AL,8,8,0,0,0,3,01033;01077;01089,34.69,-87.69,34.85,-86.59,,,,,,,
178658,2023-03-02 05,2023-03-03 13,AR,6,6,1,0,0,4,05069;05127;05135;05149,34.19,-94.09,36.32,-91.48,,,,,,,
176854,2023-03-02 06,2023-03-02 12,TN,6,7,0,0,0,4,47009;47093;47115;47155,35.03,-85.7,35.98,-83.62,,,,,,,
178216,2023-03-03 02,2023-03-03 06,OK,2,1,0,0,0,2,40023;40079,34.03,-95.57,34.7,-94.87,,,,,,,
177571,2023-03-03 10,2023-03-03 20,IL,3,6,0,0,200000,3,17065;17077;17165,37.76,-89.43,38.16,-88.45,,,,,,,
177577,2023-03-03 10,2023-03-03 18,MO,3,3,0,0,30000,3,29017;29143;29181,36.42,-90.74,37.3,-89.69,,,,,,,
177572,2023-03-03 12,2023-03-03 18,IN,2,3,0,0,0,2,18125;18163,37.97,-87.55,38.33,-87.15,,,,,,,
177592,2023-03-03 12,2023-03-03 20,KY,11,10,0,0,20000,10,21007;21039;21075;21101;21105;21143;21145;21157;21225;21233,36.53,-89.02,37.83,-87.58,,,,,,,
178546,2023-03-03 13,2023-03-03 15,AR,1,1,0,0,0,1,05035,35.17,-90.25,35.279999999999994,-90.12,,,,,,,
178549,2023-03-03 13,2023-03-03 15,TN,1,1,0,0,15000,1,47167,35.56,-89.74,35.669999999999995,-89.63000000000001,,,,,,,
177500,2023-03-03 15,2023-03-03 18,IN,6,7,0,0,0,5,18019;18025;18037;18043;18061,38.07,-86.81,38.44,-85.75,,,,,,,
178555,2023-03-03 16,2023-03-04 00,MO,1,1,0,0,0,1,29203,36.92,-91.32,37.029999999999994,-91.21000000000001,,,,,,,
178771,2023-03-09 01,2023-03-09 03,TX,3,3,0,0,0,1,48207,33.08,-99.9,33.18,-99.72,,,,,,,
178720,2023-03-09 07,2023-03-09 10,TX,5,6,0,0,110000,1,48181,33.38,-96.94,33.57,-96.59,,,,,,,
177066,2023-03-10 14,2023-03-10 20,CA,3,3,0,0,0,1,06019,36.67,-119.32,36.86,-119.09,,,,,,,
179137,2023-03-10 14,2023-03-11 00,CA,7,19,0,0,0,2,06079;06083,34.44,-120.94,35.69,-119.75,,,,,,,
178551,2023-03-11 22,2023-03-13 01,CA,4,5,0,0,20000,2,06009;06109,37.88,-120.66,38.04,-120.22,,,,,,,
178454,2023-03-12 00,2023-03-12 02,AZ,1,1,0,0,0,1,04013,33.830000000000005,-112.14,33.94,-112.02,,,,,,,
176973,2023-03-12 01,2023-03-12 03,TN,1,1,0,0,0,1,47099,35.260000000000005,-87.35,35.37,-87.24000000000001,,,,,,,
177109,2023-03-13 01,2023-03-13 04,CA,1,1,0,0,0,1,06019,36.620000000000005,-119.92999999999999,36.73,-119.82000000000001,,,,,,,
178160,2023-03-15 04,2023-03-16 01,CA,3,9,0,0,10000,2,06065;06071,33.71,-117.67,34.04,-117.02,,,,,,,
178737,2023-03-15 15,2023-03-15 22,UT,2,2,0,0,0,1,49053,37.0,-113.12,37.35,-112.94,,,,,,,
192577,2023-03-15 15,2023-03-15 19,UT,1,2,0,0,0,1,49053,37.230000000000004,-114.07,37.349999999999994,-113.93,,,,,,,
178976,2023-03-15 16,2023-03-16 03,NV,2,10,0,0,17000,1,32003,35.11,-115.41,36.15,-114.62,,,,,,,
178974,2023-03-15 23,2023-03-16 05,AZ,4,9,0,0,41000,1,04015,34.74,-114.63,35.19,-114.43,,,,,,,
178975,2023-03-15 23,2023-03-16 03,CA,4,10,0,0,54000,2,06027;06071,34.55,-116.69,35.99,-114.6,,,,,,,
178657,2023-03-16 03,2023-03-16 05,AZ,3,3,0,0,0,1,04013,33.910000000000004,-112.83,34.05,-112.67,,,,,,,
178786,2023-03-17 01,2023-03-17 04,AR,1,1,0,0,0,1,05113,34.550000000000004,-94.39,34.65,-94.28,,,,,,,
178634,2023-03-21 20,2023-03-21 21,CA,1,1,0,0,0,1,06065,33.45,-117.22,33.559999999999995,-117.11,,,,,,,
178221,2023-03-23 22,2023-03-24 09,OK,3,3,0,0,0,3,40097;40111;40131,35.53,-95.81,36.31,-95.32,,,,,,,
178556,2023-03-23 23,2023-03-24 22,MO,41,44,3,2,28000,14,29009;29043;29067;29077;29085;29109;29119;29145;29169;29209;29213;29215;29225;29229,36.57,-94.62,37.91,-92.12,,,,,,,
177341,2023-03-24 02,2023-03-24 05,OK,2,2,0,0,10000,2,40123;40125,34.76,-97.08,35.33,-96.67,,,,,,,
178790,2023-03-24 10,2023-03-25 04,AR,15,14,0,0,0,12,05051;05069;05071;05083;05085;05113;05115;05117;05119;05125;05127;05145,34.2,-94.24,35.48,-91.56,,,,,,,
178336,2023-03-24 12,2023-03-24 15,IL,2,2,0,0,0,2,17055;17065,37.84,-89.1,38.11,-88.37,,,,,,,
178222,2023-03-24 13,2023-03-24 16,AR,3,2,0,0,0,2,05047;05131,35.27,-94.31,35.459999999999994,-93.73,,,,,,,
178341,2023-03-24 19,2023-03-25 06,MO,3,3,0,0,0,3,29017;29035;29223,36.83,-91.17,37.17,-89.96,,,,,,,
178597,2023-03-25 01,2023-03-25 03,TN,1,1,0,0,0,1,47157,35.09,-90.0,35.209999999999994,-89.89,,,,,,,
178339,2023-03-25 02,2023-03-25 07,KY,4,4,0,0,20000,4,21035;21083;21107;21157,36.61,-88.57,37.42,-87.47,,,,,,,
178596,2023-03-25 03,2023-03-25 04,MS,4,4,0,0,40000,4,28071;28107;28115;28117,34.3,-89.91,34.52,-88.62,,,,,,,
180848,2023-03-25 03,2023-03-25 05,MS,1,1,0,0,1000,1,28015,33.42,-89.88,33.529999999999994,-89.75,,,,,,,
178958,2023-03-26 13,2023-03-28 03,GA,44,51,0,0,195000,10,13021;13121;13169;13171;13199;13207;13231;13237;13285;13293,32.83,-85.16,33.78,-83.26,,,,,,,
180850,2023-03-26 23,2023-03-27 01,MS,2,2,0,0,2000,1,28121,32.16,-90.17,32.29,-90.02,,,,,,,
181723,2023-03-26 23,2023-03-27 01,MS,3,6,0,0,22000,1,28049,32.190000000000005,-90.29,32.36,-90.19,,,,,,,
177861,2023-03-27 02,2023-03-27 03,AL,1,1,0,0,0,1,01023,31.99,-88.28999999999999,32.11,-88.17,,,,,,,
178115,2023-03-27 02,2023-03-27 14,AL,6,10,0,0,0,6,01017;01021;01027;01037;01111;01123,32.98,-86.88,33.22,-85.23,,,,,,,
177353,2023-03-27 06,2023-03-27 12,SC,4,1,0,0,35400,1,45085,33.92,-80.44,34.02,-80.32,,,,,,,
177841,2023-04-01 02,2023-04-01 04,MI,1,1,0,0,5000,1,26021,41.77,-86.32,41.879999999999995,-86.21000000000001,,,,,,,
177975,2023-04-01 02,2023-04-01 04,IN,2,4,0,0,15000,1,18141,41.66,-86.28999999999999,41.76,-86.12,,,,,,,
180962,2023-04-03 10,2023-04-03 11,MS,1,1,0,0,5000,1,28075,32.330000000000005,-88.71,32.44,-88.60000000000001,,,,,,,
180963,2023-04-05 23,2023-04-06 00,MS,1,1,0,0,1000,1,28049,32.24,-90.28999999999999,32.349999999999994,-90.18,,,,,,,
178409,2023-04-06 08,2023-04-06 12,TX,3,3,0,0,0,2,48005;48419,31.28,-94.75,31.77,-94.08,,,,,,,
178408,2023-04-06 09,2023-04-06 15,LA,3,3,0,0,0,2,22015;22031,32.28,-93.78,32.59,-93.56,,,,,,,
179443,2023-04-06 14,2023-04-06 16,TX,1,1,0,0,0,1,48013,28.759999999999998,-98.3,28.87,-98.19,,,,,,,
179850,2023-04-07 01,2023-04-07 03,TX,1,1,0,0,0,1,48339,30.31,-95.83,30.42,-95.72,,,,,,,
179684,2023-04-07 02,2023-04-07 04,LA,2,3,0,0,15000,2,22019;22023,29.939999999999998,-93.4,30.12,-93.24,,,,,,,
179722,2023-04-07 11,2023-04-07 11,NC,3,3,0,0,0,1,37183,35.510000000000005,-78.84,35.65,-78.71000000000001,,,,,,,
179936,2023-04-07 16,2023-04-07 17,LA,1,1,0,0,0,1,22033,30.47,-91.24,30.580000000000002,-91.13000000000001,,,,,,,
179618,2023-04-10 21,2023-04-11 01,FL,1,1,0,0,100000,1,12086,25.73,-80.25,25.84,-80.14,,,,,,,
179780,2023-04-12 17,2023-04-13 10,FL,3,6,0,0,28000000,2,12011;12086,25.9,-80.34,26.16,-80.11,,,,,,,
178894,2023-04-15 00,2023-04-19 04,NE,5,5,0,0,0,3,31053;31055;31153,41.13,-96.49,41.43,-95.9,,,,,,,
178934,2023-04-15 00,2023-04-15 00,IA,1,2,0,0,0,1,19155,41.2,-95.95,41.309999999999995,-95.84,,,,,,,
177821,2023-04-15 17,2023-04-15 22,PA,3,4,0,0,3000,1,42077,40.470000000000006,-75.6,40.66,-75.39,,,,,,,
177822,2023-04-15 20,2023-04-16 02,NJ,3,3,0,0,3000,3,34005;34019;34023,39.96,-74.89,40.48,-74.55,,,,,,,
179163,2023-04-16 00,2023-04-16 03,MO,1,2,0,0,0,1,29189,38.480000000000004,-90.73,38.66,-90.61,,,,,,,
179202,2023-04-19 04,2023-04-19 04,NE,1,1,0,0,0,1,31053,41.370000000000005,-96.53999999999999,41.48,-96.43,,,,,,,
178179,2023-04-19 21,2023-04-20 00,WI,1,2,0,0,20000,1,55131,43.31,-88.43,43.44,-88.11,,,,,,,
178593,2023-04-20 22,2023-04-20 22,IL,1,1,0,0,0,1,17143,40.760000000000005,-89.61999999999999,40.879999999999995,-89.51,,,,,,,
180003,2023-04-20 22,2023-04-21 01,TX,4,4,0,0,10000,2,48027;48293,31.12,-97.39,31.53,-96.53,,,,,,,
179603,2023-04-21 00,2023-04-21 03,TX,5,5,0,0,50000,3,48029;48453;48491,29.48,-98.61,30.45,-97.74,,,,,,,
178484,2023-04-21 01,2023-04-21 04,TX,2,2,0,0,0,1,48037,33.370000000000005,-94.14999999999999,33.5,-94.0,,,,,,,
179622,2023-04-21 01,2023-04-21 01,AR,1,1,0,0,0,1,05125,34.56,-92.53,34.669999999999995,-92.39,,,,,,,
179837,2023-04-23 15,2023-04-23 16,TX,6,9,0,0,0,2,48355;48479,27.47,-99.52,27.86,-97.33,,,,,,,
180029,2023-04-27 01,2023-04-27 05,TX,3,3,0,0,0,3,48027;48289;48293,31.06,-97.44,31.45,-95.96,,,,,,,
180238,2023-04-27 17,2023-04-27 18,AL,1,1,0,0,0,1,01003,30.38,-87.73,30.490000000000002,-87.58,,,,,,,
180332,2023-04-27 17,2023-04-27 20,FL,1,1,0,0,0,1,12033,30.38,-87.3,30.5,-87.18,,,,,,,
180065,2023-04-28 21,2023-04-29 00,TX,1,1,0,0,0,1,48027,31.04,-97.78999999999999,31.150000000000002,-97.67,,,,,,,
179339,2023-04-30 22,2023-05-01 00,NY,2,2,0,0,0,1,36081,40.690000000000005,-73.84,40.849999999999994,-73.73,,,,,,,
179340,2023-04-30 23,2023-05-01 00,NJ,1,1,0,0,0,1,34017,40.67,-74.1,40.79,-73.99000000000001,,,,,,,
180138,2023-05-01 09,2023-05-01 15,ME,36,23,0,0,1466000,7,23001;23005;23007;23013;23015;23017;23025,43.79,-71.0,44.77,-69.35,,,,,,,
180968,2023-05-01 10,2023-05-01 13,NH,3,0,0,0,0,2,33003;33009,43.87,-71.67,44.3,-71.06,,,,,,,
181055,2023-05-03 04,2023-05-03 04,ID,1,1,0,0,250,1,16079,47.220000000000006,-116.28999999999999,47.33,-116.18,,,,,,,
180882,2023-05-05 10,2023-05-05 10,LA,1,1,0,0,1000,1,22097,30.49,-92.22,30.62,-92.05,,,,,,,
180870,2023-05-06 00,2023-05-06 03,TX,2,2,0,0,0,1,48053,30.669999999999998,-98.28,30.82,-98.14,,,,,,,
180648,2023-05-06 02,2023-05-06 03,TX,1,1,0,0,0,1,48027,31.04,-97.78,31.150000000000002,-97.66,,,,,,,
179208,2023-05-07 00,2023-05-07 04,TX,1,1,0,0,10000,1,48009,33.510000000000005,-98.50999999999999,33.65,-98.39,,,,,,,
180515,2023-05-07 03,2023-05-07 03,TX,1,1,0,0,0,1,48049,31.49,-99.17999999999999,31.6,-99.07000000000001,,,,,,,
179796,2023-05-07 10,2023-05-07 13,IL,2,2,0,0,6000,1,17113,40.42,-89.1,40.52,-88.93,,,,,,,
179800,2023-05-07 21,2023-05-08 00,IL,1,0,0,0,4000,1,17167,39.63,-89.89999999999999,39.739999999999995,-89.76,,,,,,,
181129,2023-05-07 23,2023-05-08 04,TX,2,2,0,0,10000,1,48275,33.52,-99.91,33.65,-99.74000000000001,,,,,,,
180540,2023-05-08 03,2023-05-08 03,TX,2,2,0,0,0,2,48105;48441,30.44,-101.47,32.46,-100.01,,,,,,,
181049,2023-05-08 21,2023-05-08 23,TX,2,2,0,0,5000,2,48199;48361,30.08,-94.37,30.27,-93.76,,,,,,,
178523,2023-05-08 23,2023-05-08 23,TX,1,1,0,0,0,1,48201,30.05,-95.64999999999999,30.16,-95.54,,,,,,,
180871,2023-05-09 00,2023-05-09 00,TX,1,1,0,0,0,1,48149,29.82,-96.91,29.93,-96.8,,,,,,,
179671,2023-05-09 07,2023-05-09 09,KY,2,2,0,0,0,1,21125,37.09,-84.17999999999999,37.239999999999995,-84.03,,,,,,,
181000,2023-05-09 16,2023-05-10 12,TX,3,3,0,0,200000,2,48201;48239,28.71,-96.37,29.9,-95.33,,,,,,,
181119,2023-05-09 18,2023-05-09 23,LA,12,12,0,0,17000,2,22051;22071,29.919999999999998,-90.13,30.09,-89.99,,,,,,,
180656,2023-05-09 19,2023-05-10 12,TX,3,4,0,0,10000,3,48007;48057;48409,27.88,-97.17,28.63,-96.61,,,,,,,
179967,2023-05-10 02,2023-05-10 04,AL,1,2,0,0,0,1,01125,33.150000000000006,-87.61999999999999,33.269999999999996,-87.45,,,,,,,
178806,2023-05-10 06,2023-05-10 06,NE,1,1,0,0,0,1,31157,41.75,-103.77,41.94,-103.65,,,,,,,
181090,2023-05-10 20,2023-05-10 23,MS,1,1,0,0,0,1,28003,34.830000000000005,-88.59,35.0,-88.46000000000001,,,,,,,
178578,2023-05-10 21,2023-05-11 04,AL,3,3,0,0,0,1,01077,34.760000000000005,-87.72,34.9,-87.60000000000001,,,,,,,
179826,2023-05-10 22,2023-05-11 03,KS,2,5,0,0,16000,2,20179;20193,39.38,-101.06,39.56,-100.53,,,,,,,
180090,2023-05-11 07,2023-05-11 17,TX,7,7,0,0,0,4,48347;48365;48401;48419,31.39,-94.9,32.26,-94.06,,,,,,,
179580,2023-05-11 08,2023-05-12 00,MN,1,3,0,0,0,1,27161,43.870000000000005,-93.58,44.0,-93.45,,,,,,,
180663,2023-05-11 12,2023-05-12 15,AR,7,7,0,0,0,4,05025;05039;05051;05125,33.93,-93.18,34.65,-91.99,,,,,,,
180093,2023-05-11 13,2023-05-11 23,LA,5,7,0,0,0,4,22017;22031;22081;22111,31.99,-94.02,32.79,-92.36,,,,,,,
180984,2023-05-11 13,2023-05-11 16,CO,1,1,0,0,0,1,08041,38.720000000000006,-104.78,38.83,-104.67,,,,,,,
180649,2023-05-11 16,2023-05-11 21,AR,1,1,0,0,0,1,05139,33.18,-92.73,33.29,-92.62,,,,,,,
179806,2023-05-11 21,2023-05-12 11,KS,2,1,0,0,0,2,20023;20153,39.800000000000004,-101.51,39.97,-100.9,,,,,,,
180561,2023-05-11 21,2023-05-12 03,NE,2,1,0,0,30000,2,31029;31161,40.49,-102.21,42.82,-101.52,,,,,,,
179575,2023-05-12 01,2023-05-12 05,SD,1,1,0,0,0,1,46102,42.95,-102.62,43.05,-102.12,,,,,,,
180650,2023-05-12 13,2023-05-12 17,AR,6,6,0,0,0,2,05057;05061,33.84,-93.96,33.99,-93.5,,,,,,,
181199,2023-05-12 19,2023-05-12 20,NE,1,1,0,0,0,1,31071,41.730000000000004,-99.2,41.849999999999994,-99.08,,,,,,,
180091,2023-05-12 22,2023-05-13 01,NE,3,3,0,0,0,3,31021;31053;31127,40.39,-96.79,41.89,-95.84,,,,,,,
180706,2023-05-12 22,2023-05-12 22,TX,1,1,0,0,0,1,48335,32.150000000000006,-101.0,32.33,-100.9,,,,,,,
180146,2023-05-13 04,2023-05-13 05,IA,1,1,0,0,500000,1,19085,41.75,-95.96,41.87,-95.85000000000001,,,,,,,
180895,2023-05-13 04,2023-05-13 04,TX,1,1,0,0,0,1,48451,31.39,-100.5,31.5,-100.39,,,,,,,
179211,2023-05-13 05,2023-05-13 08,OK,1,1,0,0,20000,1,40073,35.800000000000004,-98.0,35.919999999999995,-97.89,,,,,,,
180873,2023-05-13 07,2023-05-13 20,TX,17,17,0,0,0,5,48029;48123;48177;48255;48285,28.85,-98.74,29.57,-97.08,,,,,,,
180725,2023-05-13 11,2023-05-13 13,TX,3,3,0,0,0,1,48409,27.95,-97.6,28.07,-97.36,,,,,,,
180863,2023-05-13 22,2023-05-14 00,VA,2,2,0,0,0,2,51135;51147,37.17,-78.42,37.28,-78.11,,,,,,,
180948,2023-05-13 22,2023-05-14 00,IA,3,3,0,0,476000,1,19021,42.69,-95.03999999999999,42.87,-94.89,,,,,,,
179213,2023-05-14 01,2023-05-14 04,OK,1,1,0,0,0,1,40119,36.03,-96.84,36.18,-96.73,,,,,,,
180652,2023-05-14 01,2023-05-14 02,TX,1,1,0,0,0,1,48449,33.07,-95.03,33.18,-94.91,,,,,,,
179071,2023-05-14 02,2023-05-14 06,IA,1,1,0,0,0,1,19151,42.790000000000006,-94.91,42.91,-94.8,,,,,,,
181001,2023-05-14 15,2023-05-14 17,TX,3,2,0,0,0,2,48201;48339,29.73,-95.79,30.4,-95.3,,,,,,,
180212,2023-05-14 19,2023-05-14 20,UT,1,1,0,0,0,1,49055,38.24,-111.35,38.37,-111.21000000000001,,,,,,,
179627,2023-05-14 21,2023-05-15 04,IL,6,7,0,0,27000,3,17017;17021;17167,39.4,-90.08,39.92,-89.49,,,,,,,
181563,2023-05-14 23,2023-05-15 02,MO,2,6,0,0,0,2,29189;29510,38.5,-90.34,38.62,-90.18,,,,,,,
180366,2023-05-15 04,2023-05-15 08,MO,1,0,0,0,0,1,29067,36.95,-92.58,37.07,-92.47,,,,,,,
179214,2023-05-15 14,2023-05-15 17,OK,1,2,0,0,10000,1,40133,35.160000000000004,-96.75999999999999,35.3,-96.65,,,,,,,
181002,2023-05-15 19,2023-05-15 20,TX,1,1,0,0,0,1,48201,29.87,-95.66,29.98,-95.55,,,,,,,
179310,2023-05-15 21,2023-05-16 08,MO,8,8,0,0,0,5,29059;29077;29097;29215;29229,37.09,-94.13,37.48,-91.95,,,,,,,
181381,2023-05-16 00,2023-05-16 01,OR,1,0,0,0,0,1,41013,44.09,-121.13,44.23,-121.03,,,,,,,
179003,2023-05-16 06,2023-05-16 10,MO,1,1,0,0,25000,1,29223,37.120000000000005,-90.75999999999999,37.23,-90.63000000000001,,,,,,,
180726,2023-05-16 16,2023-05-16 17,TX,3,4,0,0,0,2,48355;48409,27.73,-97.45,27.89,-97.32,,,,,,,
181056,2023-05-16 20,2023-05-16 23,ID,1,1,0,0,250,1,16057,46.650000000000006,-117.09,46.76,-116.98,,,,,,,
179273,2023-05-16 23,2023-05-17 00,TX,1,1,0,0,0,1,48201,29.849999999999998,-95.36999999999999,29.96,-95.25,,,,,,,
180474,2023-05-16 23,2023-05-17 00,TN,1,2,0,0,0,1,47093,35.89,-83.97,36.059999999999995,-83.86,,,,,,,
180907,2023-05-17 01,2023-05-17 04,VA,9,9,0,0,0,5,51041;51117;51127;51145;51760,36.74,-78.2,37.55,-77.04,,,,,,,
179295,2023-05-17 18,2023-05-19 03,GA,10,10,0,0,0,2,13071;13275,30.82,-84.0,31.19,-83.82,,,,,,,
181054,2023-05-17 21,2023-05-17 22,AL,1,1,0,0,0,1,01003,30.23,-87.75,30.35,-87.63000000000001,,,,,,,
178841,2023-05-18 18,2023-05-18 19,NM,1,1,0,0,0,1,35033,36.09,-105.28999999999999,36.199999999999996,-105.18,,,,,,,
180370,2023-05-18 19,2023-05-18 22,AL,2,3,0,0,0,2,01009;01055,33.95,-86.62,34.089999999999996,-85.96,,,,,,,
180707,2023-05-18 20,2023-05-18 21,TX,2,2,0,0,0,1,48227,32.18,-101.55,32.32,-101.39,,,,,,,
178730,2023-05-18 21,2023-05-19 03,AL,2,2,0,0,0,1,01089,34.720000000000006,-86.74,34.839999999999996,-86.62,,,,,,,
178795,2023-05-18 22,2023-05-19 02,TN,2,8,0,0,500000,2,47015;47141,35.81,-86.09,36.23,-85.4,,,,,,,
180728,2023-05-19 02,2023-05-19 02,TX,1,1,0,0,0,1,48479,27.529999999999998,-99.58,27.64,-99.46000000000001,,,,,,,
180788,2023-05-19 02,2023-05-19 05,TX,4,5,0,0,0,2,48341;48381,34.95,-102.01,36.06,-101.66,,,,,,,
179688,2023-05-19 13,2023-05-19 17,NC,7,4,0,0,72000,1,37019,34.120000000000005,-78.11999999999999,34.309999999999995,-77.97,,,,,,,
180316,2023-05-19 23,2023-05-24 03,AZ,2,2,0,0,0,1,04025,34.09,-112.41,34.55,-112.14,,,,,,,
180735,2023-05-20 00,2023-05-20 01,AZ,1,1,0,0,0,1,04013,33.92,-112.83,34.029999999999994,-112.71000000000001,,,,,,,
180814,2023-05-20 02,2023-05-20 02,TX,2,3,0,0,0,1,48451,31.39,-100.5,31.52,-100.38000000000001,,,,,,,
180709,2023-05-20 04,2023-05-20 07,TX,4,4,0,0,0,2,48003;48329,31.96,-102.59,32.36,-101.99,,,,,,,
180875,2023-05-20 08,2023-05-20 12,TX,1,1,0,0,0,1,48013,29.18,-98.85,29.3,-98.72,,,,,,,
180676,2023-05-20 18,2023-05-21 00,UT,2,1,2,0,500,2,49017;49025,37.06,-112.02,37.58,-111.43,,,,,,,
178845,2023-05-20 21,2023-05-20 22,NM,1,1,0,0,0,1,35045,36.67,-108.25999999999999,36.79,-108.15,,,,,,,
180548,2023-05-20 21,2023-05-23 00,CA,7,9,0,0,97000,2,06027;06071,34.13,-117.24,36.53,-115.67,,,,,,,
181053,2023-05-20 22,2023-05-21 00,WA,1,0,0,0,500,1,53007,47.830000000000005,-121.09,47.949999999999996,-120.97,,,,,,,
181703,2023-05-21 02,2023-05-22 02,CA,2,3,0,0,0,1,06071,34.53,-117.55,34.65,-117.4,,,,,,,
181352,2023-05-21 04,2023-05-21 13,OR,1,0,0,0,0,1,41031,44.49,-121.32,44.599999999999994,-121.21000000000001,,,,,,,
181303,2023-05-21 23,2023-05-22 02,ID,1,0,0,0,500,1,16021,48.74,-116.59,48.849999999999994,-116.48,,,,,,,
179296,2023-05-22 22,2023-05-22 23,FL,1,1,0,0,0,1,12013,30.41,-85.11999999999999,30.52,-84.99000000000001,,,,,,,
180791,2023-05-22 23,2023-05-23 00,TX,1,1,0,0,0,1,48179,35.31,-101.05,35.44,-100.94,,,,,,,
180790,2023-05-23 00,2023-05-23 01,OK,1,1,0,0,0,1,40007,36.49,-100.97,36.599999999999994,-100.82,,,,,,,
181363,2023-05-24 00,2023-05-24 06,ID,2,10,0,0,950000,2,16019;16065,43.48,-112.13,43.87,-111.78,,,,,,,
179484,2023-05-24 01,2023-05-24 03,TX,1,0,0,0,0,1,48189,34.18,-101.8,34.339999999999996,-101.68,,,,,,,
180880,2023-05-24 02,2023-05-24 03,TX,2,2,0,0,0,1,48227,32.12,-101.55,32.31,-101.4,,,,,,,
181570,2023-05-24 15,2023-05-24 15,MO,1,1,0,0,0,1,29139,38.68,-91.65,38.8,-91.41,,,,,,,
181364,2023-05-24 22,2023-05-24 23,ID,2,2,0,0,0,1,16031,42.13,-114.22,42.53,-113.78,,,,,,,
181342,2023-05-24 23,2023-05-24 23,CO,1,1,0,0,0,1,08101,38.290000000000006,-104.7,38.4,-104.59,,,,,,,
178920,2023-05-25 02,2023-05-27 09,NM,8,18,0,0,1151000,3,35009;35037;35041,33.91,-103.75,35.16,-103.05,,,,,,,
179666,2023-05-25 03,2023-05-25 03,MT,1,1,0,0,0,1,30017,46.36,-105.83,46.489999999999995,-105.72,,,,,,,
180793,2023-05-25 06,2023-05-25 07,TX,1,1,0,0,0,1,48357,36.35,-100.75,36.489999999999995,-100.58,,,,,,,
180429,2023-05-25 15,2023-05-26 21,KS,5,6,0,0,45540,4,20065;20153;20179;20193,39.23,-101.21,39.91,-99.97,,,,,,,
180884,2023-05-26 01,2023-05-26 01,TX,1,1,0,0,0,1,48043,29.24,-103.86999999999999,29.37,-103.68,,,,,,,
179421,2023-05-26 06,2023-05-26 06,MT,1,1,0,0,0,1,30105,48.14,-106.69,48.25,-106.58,,,,,,,
180237,2023-05-26 07,2023-05-26 18,NE,2,8,0,0,312000,2,31057;31087,40.06,-101.54,40.36,-101.32,,,,,,,
180795,2023-05-26 10,2023-05-26 13,TX,2,2,0,0,0,2,48117;48381,34.81,-102.41,34.97,-101.97,,,,,,,
180570,2023-05-26 12,2023-05-26 15,NE,5,5,0,0,225000,2,31029;31085,40.290000000000006,-101.52,40.48,-101.09,,,,,,,
179489,2023-05-26 13,2023-05-26 15,TX,1,2,0,0,0,1,48303,33.43,-102.07,33.599999999999994,-101.95,,,,,,,
180346,2023-05-26 19,2023-05-26 21,FL,1,1,0,0,0,1,12086,25.54,-80.46,25.66,-80.32000000000001,,,,,,,
180796,2023-05-27 06,2023-05-27 08,TX,2,4,0,0,0,1,48117,34.7,-102.53999999999999,34.87,-102.35000000000001,,,,,,,
179490,2023-05-27 08,2023-05-27 11,TX,1,1,0,0,0,1,48069,34.690000000000005,-102.52,34.8,-102.4,,,,,,,
179606,2023-05-27 13,2023-05-27 13,MT,1,0,0,0,0,1,30083,47.39,-104.39,47.5,-104.28,,,,,,,
181398,2023-05-27 22,2023-05-27 23,WA,1,1,0,0,500,1,53025,47.220000000000006,-119.83,47.33,-119.72,,,,,,,
181302,2023-05-27 23,2023-05-28 01,ID,1,0,0,0,500,1,16055,47.650000000000006,-116.85,47.76,-116.74000000000001,,,,,,,
179491,2023-05-28 01,2023-05-28 03,TX,1,0,0,0,0,1,48079,33.760000000000005,-102.92,33.87,-102.67,,,,,,,
180797,2023-05-28 22,2023-05-28 23,OK,1,1,0,0,0,1,40007,36.75,-100.82,36.86,-100.59,,,,,,,
179492,2023-05-29 01,2023-05-29 06,TX,3,5,0,0,0,3,48303;48345;48501,32.95,-102.89,34.08,-100.87,,,,,,,
180480,2023-05-29 01,2023-05-29 04,KS,1,2,0,0,5000,1,20137,39.77,-100.08,39.879999999999995,-99.97,,,,,,,
179328,2023-05-29 11,2023-05-29 17,WV,8,2,0,0,379000,1,54055,37.25,-81.29,37.35,-81.04,,,,,,,
179682,2023-05-29 12,2023-05-29 17,VA,5,2,0,0,275000,3,51021;51063;51185,36.82,-81.32,37.28,-80.44,,,,,,,
180840,2023-05-29 13,2023-05-29 13,KS,1,1,0,0,0,1,20007,37.06,-98.45,37.16,-98.34,,,,,,,
180878,2023-05-29 21,2023-05-30 02,TX,8,9,0,0,0,3,48029;48171;48259,29.33,-98.94,30.18,-98.45,,,,,,,
180575,2023-05-29 23,2023-05-30 02,NE,2,2,0,0,11000,2,31029;31171,40.36,-101.57,41.99,-100.55,,,,,,,
179459,2023-05-30 20,2023-05-31 00,IA,2,2,0,0,0,1,19187,42.45,-94.25,42.57,-94.12,,,,,,,
181068,2023-05-30 23,2023-05-31 02,KS,1,0,0,0,0,1,20199,38.89,-102.07,39.0,-101.96000000000001,,,,,,,
181371,2023-05-31 00,2023-05-31 02,ID,1,3,0,0,0,1,16005,42.82,-112.56,42.98,-112.38000000000001,,,,,,,
181246,2023-05-31 10,2023-06-01 01,KS,2,2,0,0,0,2,20103;20121,38.7,-95.13,39.21,-94.95,,,,,,,
179455,2023-05-31 23,2023-05-31 23,NM,2,1,0,0,0,2,35009;35011,34.47,-104.01,34.89,-103.44,,,,,,,
180802,2023-06-01 01,2023-06-01 03,TX,2,2,0,0,0,2,48375;48381,34.97,-101.94,35.23,-101.79,,,,,,,
179494,2023-06-01 14,2023-06-01 20,TX,2,4,0,0,0,2,48169;48305,32.96,-101.93,33.39,-101.55,,,,,,,
182716,2023-06-01 23,2023-06-02 00,ID,1,0,0,0,0,1,16041,42.18,-112.03999999999999,42.3,-111.88000000000001,,,,,,,
180070,2023-06-02 02,2023-06-02 03,MT,2,2,0,0,0,1,30065,46.300000000000004,-108.41,46.43,-108.28,,,,,,,
181501,2023-06-02 19,2023-06-02 21,MA,1,1,0,0,25000,1,25003,42.63,-73.17999999999999,42.76,-73.07000000000001,,,,,,,
180085,2023-06-02 20,2023-06-02 20,MA,1,0,0,0,200,1,25017,42.57,-71.42,42.68,-71.31,,,,,,,
181519,2023-06-02 20,2023-06-04 20,TX,8,8,0,0,0,6,48087;48179;48295;48375;48381;48483,34.84,-101.94,36.47,-100.22,,,,,,,
182153,2023-06-02 20,2023-06-03 00,TX,7,7,0,0,50000,4,48003;48115;48165;48227,32.22,-102.65,33.02,-101.39,,,,,,,
179452,2023-06-02 21,2023-06-03 01,MT,5,5,0,0,0,3,30019;30033;30105,47.14,-107.35,48.76,-105.58,,,,,,,
182590,2023-06-03 01,2023-06-03 01,MT,1,1,0,0,1600000,1,30111,45.7,-108.67999999999999,45.839999999999996,-108.53,,,,,,,
181316,2023-06-03 19,2023-06-03 22,OK,1,0,0,0,5000,1,40123,34.7,-96.72,34.82,-96.61,,,,,,,
179543,2023-06-03 22,2023-06-03 22,NM,1,1,0,0,0,1,35033,36.05,-105.34,36.15,-105.2,,,,,,,
179847,2023-06-03 22,2023-06-04 01,LA,9,9,1,0,0,2,22015;22017,32.400000000000006,-93.87,32.599999999999994,-93.71,,,,,,,
179496,2023-06-04 02,2023-06-04 06,TX,2,2,0,0,0,2,48369;48437,34.5,-102.77,34.67,-101.74,,,,,,,
181335,2023-06-04 08,2023-06-04 08,TX,1,1,0,0,0,1,48441,32.400000000000006,-100.05,32.51,-99.95,,,,,,,
181495,2023-06-04 20,2023-06-05 00,WY,1,0,0,0,0,1,56019,43.580000000000005,-106.86,43.69,-106.75,,,,,,,
181470,2023-06-04 21,2023-06-04 23,TX,1,1,0,0,0,1,48019,29.55,-99.02,29.67,-98.91,,,,,,,
179546,2023-06-05 23,2023-06-07 01,NM,6,7,0,0,131000,4,35001;35019;35047;35057,34.65,-106.31,35.8,-104.67,,,,,,,
181511,2023-06-06 00,2023-06-11 00,MT,6,5,0,0,395000,5,30007;30013;30027;30049;30059,46.38,-112.31,47.41,-109.43,,,,,,,
179786,2023-06-06 21,2023-06-06 22,ID,1,0,0,0,0,1,16059,45.190000000000005,-114.16,45.309999999999995,-114.04,,,,,,,
180081,2023-06-06 21,2023-06-07 00,MT,3,3,0,0,0,2,30095;30097,45.61,-109.79,45.86,-109.2,,,,,,,
179701,2023-06-06 23,2023-06-07 00,WY,1,1,0,0,0,1,56021,41.56,-105.21,41.669999999999995,-105.09,,,,,,,
182811,2023-06-06 23,2023-06-07 03,CO,2,2,0,0,0,2,08089;08101,37.74,-104.74,38.31,-103.47,,,,,,,
180815,2023-06-07 00,2023-06-07 02,MT,1,1,0,0,15000,1,30093,45.88,-112.6,46.0,-112.41,,,,,,,
181430,2023-06-07 02,2023-06-07 04,ID,1,1,0,0,2000000,1,16001,43.550000000000004,-116.25,43.669999999999995,-116.14,,,,,,,
182151,2023-06-08 02,2023-06-08 04,TX,2,2,0,0,0,2,48003;48227,32.18,-102.62,32.38,-101.5,,,,,,,
180952,2023-06-08 05,2023-06-08 05,MT,1,1,0,0,0,1,30097,45.790000000000006,-109.66,45.9,-109.47,,,,,,,
181520,2023-06-08 09,2023-06-09 09,TX,1,1,0,0,0,1,48375,35.06,-101.98,35.239999999999995,-101.87,,,,,,,
180668,2023-06-08 20,2023-06-08 20,AR,2,2,0,0,0,1,05009,36.17,-93.16,36.29,-93.05,,,,,,,
180953,2023-06-08 20,2023-06-09 03,MT,5,5,0,0,0,4,30003;30009;30037;30095,45.37,-109.59,46.31,-107.68,,,,,,,
179536,2023-06-08 23,2023-06-09 00,TX,1,1,0,0,0,1,48201,29.52,-95.17,29.63,-95.06,,,,,,,
180352,2023-06-08 23,2023-06-09 00,CA,1,0,0,0,0,1,06093,41.77,-122.74,41.89,-122.58,,,,,,,
181073,2023-06-09 20,2023-06-09 21,NH,1,1,0,0,0,1,33015,42.7,-71.27,42.809999999999995,-71.15,,,,,,,
182731,2023-06-09 20,2023-06-09 21,ID,1,14,0,0,1000000,1,16069,46.34,-117.08,46.47,-116.97,,,,,,,
182861,2023-06-09 20,2023-06-09 21,WA,1,5,0,0,20000,1,53003,46.35,-117.11,46.47,-117.0,,,,,,,
182704,2023-06-10 00,2023-06-10 00,MN,1,2,0,0,0,1,27007,47.43,-94.94,47.54,-94.83,,,,,,,
182013,2023-06-10 02,2023-06-10 04,OK,1,1,0,0,15000,1,40131,36.14,-95.82,36.25,-95.69,,,,,,,
182283,2023-06-10 03,2023-06-10 03,TX,1,1,0,0,0,1,48451,31.41,-100.59,31.52,-100.48,,,,,,,
181685,2023-06-10 18,2023-06-10 18,NE,2,2,0,0,0,1,31031,42.81,-100.6,42.93,-100.48,,,,,,,
182420,2023-06-10 19,2023-06-10 21,SD,1,0,0,0,220000,1,46005,44.24,-98.19,44.36,-98.08,,,,,,,
181744,2023-06-11 21,2023-06-12 09,CO,6,6,0,0,210000,4,08039;08069;08073;08123,39.11,-105.63,40.71,-103.51,,,,,,,
179699,2023-06-11 22,2023-06-12 01,WY,2,1,0,0,15000,2,56001;56021,41.12,-105.24,41.94,-104.34,,,,,,,
185741,2023-06-12 01,2023-06-12 01,NV,1,1,0,0,0,1,32019,39.25,-119.55,39.37,-119.41,,,,,,,
181999,2023-06-12 04,2023-06-12 06,OR,1,1,0,0,0,1,41045,43.75,-117.99,43.86,-117.88000000000001,,,,,,,
182812,2023-06-12 07,2023-06-12 20,CO,6,7,0,0,0,3,08041;08043;08101,38.29,-105.23,38.86,-104.69,,,,,,,
179621,2023-06-12 18,2023-06-12 20,NM,1,2,0,0,0,1,35007,36.790000000000006,-104.44,36.94,-104.28,,,,,,,
179823,2023-06-12 21,2023-06-12 23,DE,1,0,0,0,0,1,10003,39.6,-75.63,39.709999999999994,-75.52,,,,,,,
180446,2023-06-12 21,2023-06-12 22,WY,1,2,0,0,0,1,56015,41.59,-104.33,41.69,-104.2,,,,,,,
181803,2023-06-13 00,2023-06-13 02,FL,1,0,0,0,0,1,12086,25.759999999999998,-80.19,25.87,-80.08,,,,,,,
181755,2023-06-14 00,2023-06-14 00,KS,1,1,0,0,0,1,20093,37.89,-101.32,38.0,-101.21000000000001,,,,,,,
181177,2023-06-14 22,2023-06-15 23,GA,17,17,0,0,100000,9,13027;13095;13099;13177;13185;13243;13273;13275;13321,30.78,-85.03,31.85,-83.27,,,,,,,
181165,2023-06-15 14,2023-06-15 18,AL,2,2,0,0,0,1,01067,31.46,-85.26,31.57,-85.09,,,,,,,
186620,2023-06-15 14,2023-06-15 18,MS,3,4,0,0,4000,1,28075,32.42,-88.78,32.61,-88.54,,,,,,,
181174,2023-06-15 18,2023-06-16 12,FL,3,3,0,0,0,2,12067;12079,29.96,-83.47,30.61,-83.25,,,,,,,
182597,2023-06-15 19,2023-06-15 22,AL,2,2,0,0,0,2,01039;01099,31.279999999999998,-87.46,31.400000000000002,-86.52,,,,,,,
181497,2023-06-15 21,2023-06-16 00,WY,1,2,0,0,2866000,1,56025,42.76,-106.58,42.87,-106.44,,,,,,,
182076,2023-06-15 21,2023-06-15 21,KS,1,1,0,0,0,1,20067,37.63,-101.17999999999999,37.739999999999995,-101.07000000000001,,,,,,,
180985,2023-06-15 22,2023-06-16 03,KS,2,2,0,0,0,1,20181,39.440000000000005,-101.66,39.57,-101.52,,,,,,,
181325,2023-06-15 22,2023-06-16 01,OK,1,0,0,0,0,1,40031,34.540000000000006,-98.44,34.65,-98.32000000000001,,,,,,,
179849,2023-06-16 00,2023-06-16 03,OH,3,0,0,0,0,1,39077,41.14,-82.85,41.33,-82.5,,,,,,,
181487,2023-06-16 02,2023-06-16 04,TX,1,1,0,0,0,1,48181,33.6,-96.67,33.709999999999994,-96.55,,,,,,,
182804,2023-06-16 03,2023-06-16 15,FL,8,18,0,0,0,2,12033;12113,30.35,-87.4,30.56,-87.15,,,,,,,
180994,2023-06-16 05,2023-06-16 07,GA,1,2,0,0,0,1,13139,34.230000000000004,-83.88,34.349999999999994,-83.76,,,,,,,
182654,2023-06-16 09,2023-06-16 16,AL,2,3,0,0,0,2,01003;01097,30.54,-88.09,30.76,-87.73,,,,,,,
179824,2023-06-16 16,2023-06-16 17,PA,1,1,0,0,0,1,42101,39.99,-75.1,40.11,-74.98,,,,,,,
182689,2023-06-16 20,2023-06-17 00,VA,3,3,0,0,0,3,51570;51650;51700,36.99,-77.41,37.28,-76.29,,,,,,,
182831,2023-06-16 22,2023-06-16 22,CO,1,1,0,0,0,1,08101,38.24,-104.8,38.349999999999994,-104.69,,,,,,,
181759,2023-06-17 00,2023-06-17 02,CO,1,1,0,0,5000,1,08073,38.86,-103.24,38.98,-103.12,,,,,,,
181629,2023-06-17 01,2023-06-17 07,CO,1,1,0,0,0,1,08017,38.910000000000004,-102.41,39.019999999999996,-102.3,,,,,,,
179447,2023-06-17 03,2023-06-17 05,MS,1,1,0,0,30000,1,28067,31.64,-89.17999999999999,31.75,-89.07000000000001,,,,,,,
182005,2023-06-17 18,2023-06-17 21,NH,4,3,0,0,0,1,33019,43.36,-72.27,43.58,-72.1,,,,,,,
180344,2023-06-17 19,2023-06-17 22,VT,1,1,0,0,50000,1,50005,44.470000000000006,-72.28999999999999,44.599999999999994,-72.16,,,,,,,
182746,2023-06-18 18,2023-06-19 22,AL,22,25,0,0,0,3,01003;01035;01097,30.25,-88.34,31.34,-87.19,,,,,,,
187516,2023-06-19 04,2023-06-19 08,MS,5,8,0,0,65000,4,28007;28079;28099;28101,32.44,-89.61,33.07,-89.13,,,,,,,
181033,2023-06-19 05,2023-06-19 07,KY,1,1,0,0,30000,1,21035,36.650000000000006,-88.46,36.769999999999996,-88.35000000000001,,,,,,,
182329,2023-06-19 17,2023-06-19 19,VA,1,0,0,0,0,1,51690,36.61,-79.92,36.73,-79.8,,,,,,,
182887,2023-06-19 20,2023-06-19 21,FL,1,1,0,0,0,1,12086,25.7,-80.39,25.82,-80.27,,,,,,,
183227,2023-06-19 23,2023-06-20 00,KY,1,1,0,0,0,1,21111,38.040000000000006,-85.7,38.15,-85.59,,,,,,,
182407,2023-06-20 03,2023-06-20 05,LA,1,1,0,0,30000,1,22103,30.23,-89.81,30.34,-89.7,,,,,,,
183381,2023-06-20 08,2023-06-20 23,NC,3,9,0,0,230000,3,37025;37149;37159,35.19,-82.16,35.62,-80.6,,,,,,,
179766,2023-06-20 12,2023-06-20 15,VA,5,5,0,0,0,2,51063;51141,36.74,-80.35,36.88,-80.19,,,,,,,
181204,2023-06-20 13,2023-06-20 15,FL,1,3,0,0,0,1,12083,29.09,-82.2,29.25,-82.09,,,,,,,
182408,2023-06-20 18,2023-06-20 20,MS,1,1,0,0,10000,1,28047,30.41,-89.14,30.52,-89.03,,,,,,,
180110,2023-06-20 21,2023-06-20 22,GA,2,2,0,0,0,2,13073;13245,33.46,-82.16,33.57,-82.01,,,,,,,
181358,2023-06-21 01,2023-06-21 04,AL,1,1,0,0,0,1,01087,32.46,-85.81,32.62,-85.62,,,,,,,
181637,2023-06-21 02,2023-06-21 03,NC,1,1,0,0,10000,1,37155,34.480000000000004,-79.35,34.589999999999996,-79.24000000000001,,,,,,,
180115,2023-06-21 05,2023-06-21 06,SC,1,1,0,0,5000,1,45063,33.92,-81.53999999999999,34.029999999999994,-81.43,,,,,,,
181178,2023-06-21 16,2023-06-21 20,GA,7,6,0,0,0,2,13095;13099,31.3,-84.71,31.6,-84.15,,,,,,,
181169,2023-06-21 20,2023-06-21 22,AL,5,5,0,0,0,2,01067;01069,31.27,-85.41,31.42,-85.3,,,,,,,
181814,2023-06-21 23,2023-06-22 07,CO,4,4,1,0,235000,3,08005;08075;08121,39.65,-104.78,40.65,-103.23,,,,,,,
180361,2023-06-22 00,2023-06-22 02,WY,2,2,0,0,0,2,56021;56031,41.04,-104.84,41.77,-104.05,,,,,,,
182525,2023-06-22 00,2023-06-22 03,NC,1,1,0,0,0,1,37015,35.99,-77.05,36.099999999999994,-76.94,,,,,,,
181175,2023-06-22 05,2023-06-22 20,FL,2,2,0,0,0,1,12029,29.53,-83.36,29.66,-83.08,,,,,,,
182532,2023-06-22 20,2023-06-22 21,TX,1,0,0,0,0,1,48245,29.93,-94.0,30.05,-93.87,,,,,,,
180149,2023-06-23 00,2023-06-23 03,SC,1,4,0,0,500000,1,45063,33.84,-81.6,33.959999999999994,-81.49000000000001,,,,,,,
180152,2023-06-23 00,2023-06-23 03,GA,1,8,0,0,250000,1,13245,33.330000000000005,-82.11999999999999,33.5,-81.96000000000001,,,,,,,
180371,2023-06-23 00,2023-06-23 06,WY,3,6,0,0,0,3,56015;56027;56031,41.71,-104.82,42.79,-104.3,,,,,,,
181265,2023-06-23 00,2023-06-23 03,SD,1,2,0,0,0,1,46123,43.080000000000005,-99.7,43.199999999999996,-99.53,,,,,,,
180374,2023-06-23 01,2023-06-23 02,NE,1,2,0,0,0,1,31157,41.92,-104.0,42.029999999999994,-103.86,,,,,,,
182832,2023-06-23 02,2023-06-23 02,CO,1,1,0,0,0,1,08041,38.980000000000004,-104.50999999999999,39.089999999999996,-104.4,,,,,,,
181267,2023-06-23 06,2023-06-23 11,SD,1,0,0,0,0,1,46137,44.95,-101.8,45.07,-101.62,,,,,,,
181331,2023-06-23 16,2023-06-23 19,OK,1,0,0,0,5000,1,40039,35.470000000000006,-98.77,35.58,-98.66,,,,,,,
182540,2023-06-23 19,2023-06-23 19,VA,4,4,0,0,0,3,51041;51087;51710,36.86,-77.63,37.59,-76.22,,,,,,,
179902,2023-06-23 20,2023-06-23 21,DE,1,1,0,0,0,1,10003,39.43,-75.71,39.54,-75.60000000000001,,,,,,,
179904,2023-06-23 20,2023-06-23 21,PA,2,5,0,0,0,2,42045;42101,39.87,-75.36,40.06,-75.02,,,,,,,
180774,2023-06-23 21,2023-06-24 00,NC,4,5,0,0,0,1,37135,35.84,-79.19,35.98,-79.01,,,,,,,
180588,2023-06-23 22,2023-06-24 01,SD,1,3,0,0,0,1,46081,44.400000000000006,-103.95,44.529999999999994,-103.77,,,,,,,
181103,2023-06-23 22,2023-06-23 23,MT,4,4,0,0,0,2,30075;30095,45.16,-109.46,45.99,-105.79,,,,,,,
179893,2023-06-24 04,2023-06-24 04,MT,1,1,0,0,0,1,30069,46.7,-108.66,46.809999999999995,-108.55,,,,,,,
180384,2023-06-24 04,2023-06-24 04,NE,1,2,0,0,0,1,31157,41.77,-103.69,41.89,-103.58,,,,,,,
181262,2023-06-24 04,2023-06-24 09,SD,1,3,0,0,0,1,46093,44.120000000000005,-103.08,44.25,-102.8,,,,,,,
182385,2023-06-24 07,2023-06-24 10,NE,1,1,0,0,0,1,31015,42.86,-98.89999999999999,42.97,-98.74000000000001,,,,,,,
181132,2023-06-24 23,2023-06-25 00,MT,2,2,0,0,0,1,30009,45.1,-109.41,45.45,-109.21,,,,,,,
182312,2023-06-25 02,2023-06-25 05,MN,2,2,0,0,1500,1,27029,47.400000000000006,-95.45,47.57,-95.32000000000001,,,,,,,
182709,2023-06-25 11,2023-06-25 18,ND,1,1,0,0,0,1,38067,48.5,-97.24,48.629999999999995,-97.13000000000001,,,,,,,
182298,2023-06-25 15,2023-06-25 17,KY,1,1,0,0,0,1,21093,37.6,-85.96,37.709999999999994,-85.85000000000001,,,,,,,
182514,2023-06-25 18,2023-06-25 19,NJ,2,2,0,0,0,2,34003;34031,40.9,-74.25999999999999,41.03,-74.08,,,,,,,
180406,2023-06-25 20,2023-06-25 21,PA,1,1,0,0,0,1,42101,40.0,-75.09,40.11,-74.97,,,,,,,
180464,2023-06-25 20,2023-06-25 21,IN,1,1,0,0,500,1,18183,41.11,-85.55,41.22,-85.44,,,,,,,
180407,2023-06-25 21,2023-06-25 23,NJ,2,0,0,0,0,1,34007,39.760000000000005,-75.1,39.949999999999996,-74.95,,,,,,,
182551,2023-06-25 21,2023-06-25 22,VA,3,3,0,0,0,2,51550;51710,36.77,-76.36999999999999,36.919999999999995,-76.18,,,,,,,
182754,2023-06-25 22,2023-06-25 22,MI,2,2,0,0,0,1,26055,44.68,-85.66,44.8,-85.5,,,,,,,
182006,2023-06-26 00,2023-06-27 03,NH,7,7,0,0,0,3,33005;33009;33011,42.75,-72.51,43.67,-71.44,,,,,,,
182007,2023-06-26 08,2023-06-26 12,ME,2,7,0,0,3128000,1,23017,44.64,-70.75999999999999,44.76,-70.56,,,,,,,
181514,2023-06-26 19,2023-06-26 21,NY,2,2,0,0,0,1,36013,42.03,-79.31,42.169999999999995,-79.15,,,,,,,
180410,2023-06-26 21,2023-06-27 09,PA,8,11,0,0,0,4,42029;42045;42095;42101,39.86,-75.69,40.75,-75.21,,,,,,,
180409,2023-06-26 22,2023-06-27 03,NJ,7,3,0,0,0,4,34019;34027;34037;34041,40.56,-75.11,41.01,-74.44,,,,,,,
182591,2023-06-27 00,2023-06-27 00,VA,1,1,0,0,0,1,51147,37.220000000000006,-78.69,37.33,-78.58,,,,,,,
180408,2023-06-27 03,2023-06-27 05,DE,5,5,0,0,0,1,10003,39.64,-75.74,39.81,-75.46,,,,,,,
181005,2023-06-27 03,2023-06-27 06,NC,9,12,0,0,75000,1,37051,34.99,-79.02,35.14,-78.86,,,,,,,
180072,2023-06-27 20,2023-06-27 22,MD,1,0,0,0,0,1,24510,39.24,-76.63,39.36,-76.5,,,,,,,
180411,2023-06-27 21,2023-06-28 02,PA,3,5,0,0,0,3,42017;42091;42101,40.0,-75.06,40.19,-74.93,,,,,,,
181559,2023-06-27 22,2023-06-28 02,MT,1,0,0,0,100000,1,30043,45.85,-111.74,45.959999999999994,-111.62,,,,,,,
182733,2023-06-27 22,2023-06-29 01,WA,2,2,0,0,2000,2,53007;53051,47.92,-120.94,48.67,-117.37,,,,,,,
183724,2023-06-27 22,2023-06-27 23,MS,1,1,0,0,2000,1,28163,32.550000000000004,-90.64999999999999,32.68,-90.52,,,,,,,
182077,2023-06-28 18,2023-06-28 22,NH,4,4,0,0,0,3,33003;33009;33013,43.37,-72.25,44.16,-71.17,,,,,,,
180564,2023-06-29 13,2023-06-29 19,IN,3,6,0,0,150000,3,18051;18125;18147,38.02,-87.39,38.52,-86.96,,,,,,,
183217,2023-06-29 14,2023-06-29 17,KY,2,3,0,0,0,2,21091;21213,36.68,-86.92,37.94,-86.73,,,,,,,
180565,2023-06-29 15,2023-06-29 20,KY,1,3,0,0,40000,1,21059,37.650000000000006,-87.08,37.79,-86.92,,,,,,,
180571,2023-06-29 20,2023-06-29 22,IN,2,2,0,0,0,2,18051;18125,38.230000000000004,-87.57,38.4,-87.24,,,,,,,
182321,2023-06-29 20,2023-06-30 01,ME,3,7,0,0,0,2,23003;23021,45.27,-69.53,47.3,-68.33,,,,,,,
182050,2023-06-29 21,2023-06-30 01,CO,4,4,0,0,75000,2,08001;08031,39.690000000000005,-105.04,39.839999999999996,-104.54,,,,,,,
182079,2023-06-29 21,2023-06-30 00,ME,7,27,0,0,6500000,2,23007;23025,44.58,-70.19,45.67,-69.72,,,,,,,
182613,2023-06-29 23,2023-06-30 03,WY,2,1,0,0,0,1,56025,43.290000000000006,-107.48,43.41,-106.29,,,,,,,
180272,2023-06-30 21,2023-06-30 23,TX,1,2,0,0,0,1,48219,33.63,-102.4,33.85,-102.22,,,,,,,
181880,2023-06-30 21,2023-07-01 01,KS,3,3,0,0,0,2,20181;20193,39.440000000000005,-101.59,39.57,-101.05,,,,,,,
180825,2023-07-01 02,2023-07-01 04,NC,3,4,0,0,0,1,37063,35.89,-78.99,36.059999999999995,-78.84,,,,,,,
182040,2023-07-01 02,2023-07-01 03,TX,1,1,0,0,0,1,48415,32.64,-100.91,32.76,-100.8,,,,,,,
183331,2023-07-01 08,2023-07-01 09,IL,1,1,0,0,0,1,17001,39.84,-91.38,40.01,-90.91,,,,,,,
180233,2023-07-01 20,2023-07-02 00,VA,6,6,0,0,0,3,51099;51125;51179,37.74,-78.74,38.38,-77.14,,,,,,,
181597,2023-07-01 20,2023-07-01 23,NY,2,2,0,0,0,1,36069,42.82,-77.28,42.949999999999996,-76.99,,,,,,,
183859,2023-07-01 20,2023-07-01 22,TX,2,2,0,0,0,1,48451,31.37,-100.56,31.51,-100.38000000000001,,,,,,,
180234,2023-07-01 21,2023-07-01 22,MD,1,1,0,0,0,1,24033,38.660000000000004,-76.89,38.769999999999996,-76.78,,,,,,,
183348,2023-07-01 21,2023-07-02 03,PA,8,8,0,0,100000,4,42003;42031;42073;42129,40.25,-80.28,41.2,-79.39,,,,,,,
183349,2023-07-01 23,2023-07-02 01,OH,2,2,0,0,750000,1,39029,40.56,-80.63,40.69,-80.48,,,,,,,
180329,2023-07-02 01,2023-07-02 01,IN,1,1,0,0,15000,1,18153,39.03,-87.49,39.16,-87.37,,,,,,,
180342,2023-07-02 05,2023-07-02 23,NY,3,4,0,2,350000,2,36019;36033,44.7,-74.16,44.88,-73.69,,,,,,,
184328,2023-07-02 14,2023-07-02 23,IL,4,14,0,0,500000000,3,17031;17043;17197,41.7,-88.04,42.08,-87.59,,,,,,,
182161,2023-07-02 17,2023-07-02 18,IL,1,0,0,0,0,1,17143,40.67,-89.61,40.779999999999994,-89.5,,,,,,,
183368,2023-07-02 19,2023-07-02 21,AL,1,2,0,0,0,1,01115,33.550000000000004,-86.36,33.68,-86.2,,,,,,,
183351,2023-07-03 00,2023-07-03 02,OH,4,4,0,0,0,1,39157,40.370000000000005,-81.63,40.51,-81.41,,,,,,,
183352,2023-07-03 00,2023-07-03 03,WV,1,1,0,0,0,1,54029,40.38,-80.61999999999999,40.489999999999995,-80.51,,,,,,,
183350,2023-07-03 01,2023-07-03 03,PA,1,1,0,0,0,1,42003,40.43,-79.95,40.55,-79.84,,,,,,,
181598,2023-07-03 20,2023-07-04 02,NY,8,8,0,0,0,2,36003;36121,42.04,-78.28,42.6,-78.02,,,,,,,
183423,2023-07-03 23,2023-07-04 01,PA,1,1,0,0,10000,1,42103,41.410000000000004,-74.98,41.529999999999994,-74.86,,,,,,,
182976,2023-07-04 00,2023-07-04 18,CT,6,0,0,0,0,2,09003;09013,41.66,-72.72,41.96,-72.3,,,,,,,
183626,2023-07-04 00,2023-07-04 03,MD,2,2,0,0,3000,1,24019,38.56,-75.96,38.69,-75.8,,,,,,,
184087,2023-07-04 00,2023-07-04 01,TN,1,1,0,0,0,1,47063,36.160000000000004,-83.38,36.269999999999996,-83.26,,,,,,,
180303,2023-07-04 03,2023-07-04 05,MD,3,2,0,0,0,2,24005;24025,39.32,-76.50999999999999,39.489999999999995,-76.32000000000001,,,,,,,
182249,2023-07-04 03,2023-07-05 00,NH,13,10,0,0,0,4,33003;33005;33007;33009,42.74,-72.32,44.89,-71.1,,,,,,,
183277,2023-07-04 04,2023-07-04 08,TX,1,1,0,0,5000,1,48121,33.1,-96.95,33.22,-96.84,,,,,,,
183586,2023-07-04 18,2023-07-04 20,NJ,6,6,0,0,0,1,34039,40.6,-74.38,40.76,-74.22,,,,,,,
184094,2023-07-04 18,2023-07-05 13,TN,2,2,0,0,10000,2,47065;47143,35.1,-85.29,35.72,-84.87,,,,,,,
182975,2023-07-04 19,2023-07-04 21,MA,5,0,0,0,0,1,25005,41.68,-71.36,41.92,-71.12,,,,,,,
182977,2023-07-04 19,2023-07-04 20,RI,8,1,0,0,0,1,44007,41.78,-71.45,41.89,-71.35,,,,,,,
183587,2023-07-04 19,2023-07-04 22,CT,7,7,0,0,0,3,09001;09007;09009,41.16,-73.23,41.6,-72.69,,,,,,,
180444,2023-07-04 21,2023-07-05 00,NJ,3,3,0,0,0,2,34005;34007,39.82,-75.11,39.97,-74.93,,,,,,,
183296,2023-07-04 22,2023-07-05 04,TN,4,6,0,0,0,3,47039;47069;47157,35.07,-89.79,35.65,-88.11,,,,,,,
181207,2023-07-04 23,2023-07-05 02,WV,2,3,0,0,4500,2,54013;54087,38.67,-81.34,38.849999999999994,-81.03,,,,,,,
183297,2023-07-05 00,2023-07-05 02,MS,1,1,0,0,0,1,28093,34.81,-89.75,34.919999999999995,-89.64,,,,,,,
181923,2023-07-05 01,2023-07-05 03,NE,2,2,0,0,0,1,31159,40.85,-97.39999999999999,40.959999999999994,-97.29,,,,,,,
181619,2023-07-05 18,2023-07-05 20,NC,3,3,0,0,0,1,37151,35.6,-79.8,35.76,-79.68,,,,,,,
180819,2023-07-05 19,2023-07-05 20,VA,4,4,0,0,0,1,51059,38.78,-77.3,38.93,-77.13000000000001,,,,,,,
182986,2023-07-05 20,2023-07-05 21,NC,2,3,0,0,0,2,37061;37133,34.67,-78.0,34.86,-77.45,,,,,,,
180368,2023-07-05 22,2023-07-05 22,SC,2,2,0,0,10000,1,45075,33.440000000000005,-80.92999999999999,33.55,-80.79,,,,,,,
184224,2023-07-05 22,2023-07-06 04,IL,5,5,0,0,0,2,17031;17089,41.57,-88.47,41.86,-87.52,,,,,,,
183165,2023-07-06 02,2023-07-06 03,LA,1,1,0,0,0,1,22019,30.14,-93.25999999999999,30.25,-93.15,,,,,,,
184126,2023-07-06 05,2023-07-07 04,CO,2,2,0,0,0,2,08011;08099,38.010000000000005,-103.24,38.16,-102.61,,,,,,,
183343,2023-07-06 22,2023-07-07 05,AR,3,3,0,0,0,2,05043;05045,33.61,-92.39,35.22,-91.75,,,,,,,
180775,2023-07-06 23,2023-07-07 02,TX,1,1,0,0,0,1,48203,32.440000000000005,-94.47,32.61,-94.35000000000001,,,,,,,
180776,2023-07-07 01,2023-07-07 02,LA,1,1,0,0,0,1,22017,32.31,-93.78999999999999,32.419999999999995,-93.67,,,,,,,
183062,2023-07-07 09,2023-07-07 10,OK,1,1,0,0,0,1,40007,36.800000000000004,-100.57,36.91,-100.45,,,,,,,
184155,2023-07-07 11,2023-07-07 13,TX,3,2,0,0,0,2,48131;48249,27.65,-98.35,27.78,-98.17,,,,,,,
182166,2023-07-07 12,2023-07-07 15,OK,1,0,0,0,10000,1,40073,35.800000000000004,-97.99,35.919999999999995,-97.88000000000001,,,,,,,
180820,2023-07-07 17,2023-07-07 18,VA,1,1,0,0,0,1,51013,38.81,-77.11999999999999,38.919999999999995,-77.01,,,,,,,
180445,2023-07-07 18,2023-07-07 21,PA,2,3,0,0,0,2,42011;42029,40.01,-75.94,40.38,-75.63,,,,,,,
182022,2023-07-07 18,2023-07-07 23,VT,6,14,0,0,450000,6,50005;50009;50017;50021;50023;50027,43.24,-72.82,45.01,-71.48,,,,,,,
182037,2023-07-07 18,2023-07-07 23,NY,2,5,0,0,125000,1,36019,44.68,-73.78999999999999,44.86,-73.60000000000001,,,,,,,
183353,2023-07-07 18,2023-07-07 21,ME,1,1,0,0,0,1,23021,45.92,-69.13,46.029999999999994,-69.02,,,,,,,
183768,2023-07-07 19,2023-07-07 20,VA,1,1,0,0,0,1,51570,37.220000000000006,-77.47,37.33,-77.36,,,,,,,
182915,2023-07-07 20,2023-07-07 22,NY,2,2,0,0,31000,1,36091,43.190000000000005,-74.14999999999999,43.32,-74.02,,,,,,,
183434,2023-07-07 20,2023-07-07 21,NY,2,2,0,0,25000,1,36077,42.660000000000004,-75.24,42.769999999999996,-75.11,,,,,,,
183769,2023-07-07 21,2023-07-07 23,MD,1,1,0,0,0,1,24045,38.31,-75.74,38.419999999999995,-75.62,,,,,,,
183791,2023-07-07 21,2023-07-07 22,ME,1,0,0,0,0,1,23025,45.03,-69.84,45.13,-69.71000000000001,,,,,,,
183430,2023-07-07 22,2023-07-08 01,PA,4,4,0,0,36000,2,42069;42127,41.330000000000005,-75.57,41.529999999999994,-75.3,,,,,,,
182310,2023-07-07 23,2023-07-08 01,NC,1,1,0,0,0,1,37191,35.32,-77.96,35.44,-77.85000000000001,,,,,,,
183531,2023-07-08 00,2023-07-08 07,MO,2,2,0,0,10000,1,29077,37.080000000000005,-93.3,37.209999999999994,-93.18,,,,,,,
182973,2023-07-08 17,2023-07-08 22,NC,3,3,0,0,0,2,37001;37183,35.78,-79.5,36.09,-78.6,,,,,,,
183773,2023-07-08 17,2023-07-09 01,VA,5,5,0,0,0,4,51087;51135;51181;51760,37.11,-77.96,37.64,-76.86,,,,,,,
180471,2023-07-08 18,2023-07-09 00,PA,6,5,0,0,0,3,42029;42045;42101,39.93,-75.6,40.05,-75.13,,,,,,,
180472,2023-07-08 20,2023-07-08 22,NE,4,6,0,0,0,2,31033;31123,41.15,-103.32,41.76,-102.64,,,,,,,
180470,2023-07-08 22,2023-07-08 23,TN,1,1,0,0,0,1,47165,36.53,-86.58,36.65,-86.46000000000001,,,,,,,
182957,2023-07-08 22,2023-07-09 00,KS,1,2,0,0,0,1,20023,39.71,-101.89,39.82,-101.76,,,,,,,
184001,2023-07-08 22,2023-07-09 01,TN,3,3,0,0,10000,1,47113,35.52,-88.88,35.63,-88.73,,,,,,,
182983,2023-07-08 23,2023-07-09 01,CT,3,0,0,0,0,1,09003,41.900000000000006,-72.75,42.05,-72.57000000000001,,,,,,,
182984,2023-07-08 23,2023-07-09 00,MA,1,0,0,0,0,1,25013,42.050000000000004,-72.67,42.16,-72.56,,,,,,,
182250,2023-07-09 00,2023-07-11 09,NH,13,12,0,0,0,5,33005;33007;33009;33013;33019,42.81,-72.46,45.06,-71.36,,,,,,,
185617,2023-07-09 00,2023-07-09 01,MS,1,1,0,0,25000,1,28159,33.07,-89.11999999999999,33.18,-89.0,,,,,,,
183421,2023-07-09 05,2023-07-09 06,OK,1,1,0,0,0,1,40007,36.800000000000004,-100.58,36.93,-100.47,,,,,,,
183853,2023-07-09 05,2023-07-09 09,KY,1,1,0,0,0,1,21235,36.690000000000005,-84.21,36.8,-84.10000000000001,,,,,,,
183422,2023-07-09 06,2023-07-09 07,TX,1,1,0,0,0,1,48357,36.39,-100.64,36.519999999999996,-100.53,,,,,,,
182167,2023-07-09 08,2023-07-09 14,OK,12,11,0,0,160000,5,40017;40027;40039;40109;40123,34.76,-98.69,35.63,-96.65,,,,,,,
180526,2023-07-09 15,2023-07-09 18,PA,5,5,0,0,0,2,42067;42097,40.54,-77.45,40.86,-76.73,,,,,,,
183440,2023-07-09 15,2023-07-09 16,PA,1,1,0,0,10000,1,42079,41.2,-75.95,41.309999999999995,-75.84,,,,,,,
180530,2023-07-09 16,2023-07-10 01,PA,25,32,0,0,0,7,42011;42017;42029;42045;42077;42091;42095,39.96,-76.04,40.68,-75.09,,,,,,,
183593,2023-07-09 16,2023-07-10 13,NY,49,49,1,0,0,4,36071;36079;36087;36119,40.97,-74.55,41.52,-73.61,,,,,,,
183017,2023-07-09 17,2023-07-10 10,NY,8,8,0,0,80000,4,36027;36083;36091;36111,41.47,-74.07,42.89,-73.58,,,,,,,
181215,2023-07-09 18,2023-07-09 22,WV,1,1,0,0,1500,1,54019,38.11,-81.39,38.23,-81.26,,,,,,,
182974,2023-07-09 18,2023-07-09 19,NC,4,4,0,0,0,1,37183,35.720000000000006,-78.78,35.849999999999994,-78.59,,,,,,,
183020,2023-07-09 18,2023-07-10 11,CT,6,6,0,0,1130000,1,09005,41.68,-73.52,41.97,-73.04,,,,,,,
184055,2023-07-09 18,2023-07-10 00,VA,6,6,0,0,0,4,51117;51135;51193;51810,36.62,-78.56,38.08,-76.02,,,,,,,
180527,2023-07-09 19,2023-07-09 20,NM,1,1,0,0,0,1,35027,33.290000000000006,-105.7,33.4,-105.59,,,,,,,
180529,2023-07-09 19,2023-07-10 02,NJ,6,6,0,0,0,4,34015;34019;34033;34035,39.67,-75.5,40.65,-74.68,,,,,,,
184299,2023-07-09 20,2023-07-09 20,NC,2,2,0,0,0,2,37061;37133,34.74,-77.95,34.92,-77.48,,,,,,,
180528,2023-07-09 21,2023-07-09 23,DE,1,0,0,0,0,1,10003,39.57,-75.67999999999999,39.68,-75.57000000000001,,,,,,,
182143,2023-07-09 21,2023-07-11 11,VT,10,36,2,0,137106000,5,50005;50009;50019;50023;50027,43.23,-72.81,45.01,-71.63,,,,,,,
182951,2023-07-09 21,2023-07-10 02,NY,15,15,0,0,0,2,36049;36069,42.78,-77.36,43.96,-75.32,,,,,,,
183355,2023-07-09 22,2023-07-10 07,PA,8,7,0,0,1010000,1,42073,40.85,-80.39999999999999,41.019999999999996,-80.2,,,,,,,
183435,2023-07-09 23,2023-07-10 01,NY,2,2,0,0,15000,2,36097;36101,42.13,-77.54,42.39,-76.87,,,,,,,
182512,2023-07-10 00,2023-07-11 07,NY,2,7,0,0,750000,2,36019;36031,43.75,-74.03,44.61,-73.74,,,,,,,
183411,2023-07-10 00,2023-07-10 02,AL,1,1,0,0,0,1,01121,33.14,-86.52,33.269999999999996,-86.4,,,,,,,
185954,2023-07-10 06,2023-07-10 12,GA,3,3,0,0,70000,1,13115,34.2,-85.21,34.379999999999995,-85.07,,,,,,,
183018,2023-07-10 09,2023-07-10 20,VT,3,3,0,0,625000,2,50003;50025,42.98,-72.97,43.26,-72.59,,,,,,,
182987,2023-07-10 13,2023-07-10 18,MA,4,0,0,0,0,4,25005;25011;25015;25027,41.69,-72.75,42.52,-71.13,,,,,,,
183594,2023-07-10 13,2023-07-10 15,CT,3,3,0,0,0,1,09011,41.300000000000004,-72.21,41.419999999999995,-72.09,,,,,,,
182988,2023-07-10 16,2023-07-10 17,RI,1,0,0,0,0,1,44001,41.7,-71.53999999999999,41.809999999999995,-71.43,,,,,,,
181600,2023-07-10 17,2023-07-10 18,NY,5,5,0,0,0,1,36075,43.35,-76.25,43.519999999999996,-76.11,,,,,,,
182531,2023-07-10 18,2023-07-11 03,VT,2,8,0,0,2025000,2,50019;50023,44.21,-72.69,44.67,-72.4,,,,,,,
184350,2023-07-10 21,2023-07-13 02,WA,2,4,0,0,1005000,2,53017;53047,47.59,-120.22,48.49,-119.67,,,,,,,
183309,2023-07-11 00,2023-07-11 01,LA,1,1,0,0,0,1,22053,30.24,-93.09,30.35,-92.96000000000001,,,,,,,
182169,2023-07-11 08,2023-07-11 13,OK,5,5,0,0,0,4,40027;40083;40099;40123,34.42,-97.68,35.77,-96.65,,,,,,,
185169,2023-07-11 22,2023-07-12 00,MS,1,1,0,0,1000,1,28067,31.64,-89.21,31.77,-89.10000000000001,,,,,,,
180782,2023-07-12 09,2023-07-12 16,AR,17,17,0,0,0,4,05027;05057;05073;05139,33.18,-93.68,33.65,-92.59,,,,,,,
185219,2023-07-12 10,2023-07-12 11,AR,2,5,0,0,14000,1,05003,33.17,-91.95,33.309999999999995,-91.75,,,,,,,
181015,2023-07-12 13,2023-07-12 16,LA,2,2,0,0,0,1,22027,32.84,-93.14,33.01,-93.0,,,,,,,
181954,2023-07-12 13,2023-07-12 16,IA,1,1,0,0,0,1,19015,41.980000000000004,-93.92999999999999,42.089999999999996,-93.82000000000001,,,,,,,
180685,2023-07-13 03,2023-07-13 06,AZ,1,1,0,0,0,1,04007,33.74,-110.24,34.1,-110.11,,,,,,,
183720,2023-07-13 06,2023-07-13 11,KS,1,1,0,0,0,1,20207,37.82,-95.78999999999999,37.93,-95.68,,,,,,,
182324,2023-07-13 07,2023-07-13 14,KS,1,1,0,0,0,1,20037,37.330000000000005,-94.74,37.489999999999995,-94.63000000000001,,,,,,,
183414,2023-07-13 11,2023-07-15 01,AL,2,8,0,0,0,2,01117;01119,32.67,-88.37,33.23,-86.82,,,,,,,
185416,2023-07-13 11,2023-07-13 20,MS,9,30,0,0,3734000,8,28019;28069;28075;28087;28099;28103;28105;28159,32.26,-89.19,33.5,-88.35,,,,,,,
184029,2023-07-13 22,2023-07-15 04,VA,5,3,0,0,55000,2,51031;51680,37.330000000000005,-79.22,37.459999999999994,-79.06,,,,,,,
181220,2023-07-13 23,2023-07-15 23,WV,2,2,0,0,500,2,54015;54081,37.85,-81.21,38.49,-80.84,,,,,,,
182513,2023-07-13 23,2023-07-20 01,VT,4,7,0,0,400000,2,50001;50021,43.4,-73.37,44.13,-72.83,,,,,,,
183438,2023-07-13 23,2023-07-14 02,NY,2,2,0,0,0,1,36021,42.260000000000005,-73.77,42.41,-73.48,,,,,,,
183541,2023-07-14 00,2023-07-14 01,MA,1,1,0,0,0,1,25003,42.400000000000006,-73.31,42.51,-73.2,,,,,,,
183532,2023-07-14 01,2023-07-14 06,MO,2,2,0,0,0,1,29149,36.510000000000005,-91.44,36.629999999999995,-91.27,,,,,,,
183797,2023-07-14 02,2023-07-14 04,NH,1,0,0,0,0,1,33005,42.970000000000006,-72.5,43.11,-72.39,,,,,,,
180669,2023-07-14 04,2023-07-14 07,TN,1,2,0,0,0,1,47189,36.040000000000006,-86.28,36.19,-86.15,,,,,,,
183617,2023-07-14 04,2023-07-14 13,NY,4,4,0,0,0,1,36071,41.32,-74.7,41.489999999999995,-73.98,,,,,,,
182998,2023-07-14 07,2023-07-14 18,FL,14,14,0,0,250000,3,12063;12131;12133,30.32,-86.24,30.9,-85.32,,,,,,,
183113,2023-07-14 09,2023-07-14 12,AR,1,2,0,0,75000,1,05131,35.330000000000005,-94.49,35.459999999999994,-94.3,,,,,,,
184098,2023-07-14 09,2023-07-14 11,TN,1,2,0,0,5000,1,47179,36.190000000000005,-82.59,36.37,-82.45,,,,,,,
183037,2023-07-14 10,2023-07-14 17,NC,7,10,0,0,0,4,37037;37077;37163;37183,34.99,-79.26,36.08,-78.29,,,,,,,
183313,2023-07-14 16,2023-07-14 20,FL,3,4,0,0,0,2,12033;12091,30.349999999999998,-87.24,30.470000000000002,-86.6,,,,,,,
183533,2023-07-14 16,2023-07-14 22,MO,1,1,0,0,0,1,29149,36.52,-91.38,36.629999999999995,-91.27,,,,,,,
185637,2023-07-14 19,2023-07-14 21,MS,2,2,0,0,2000,1,28105,33.29,-88.88,33.46,-88.7,,,,,,,
183885,2023-07-14 20,2023-07-15 00,KS,2,1,0,0,0,2,20045;20087,39.010000000000005,-95.48,39.14,-95.38,,,,,,,
180756,2023-07-14 21,2023-07-14 22,KS,1,1,0,0,0,1,20091,38.940000000000005,-94.78,39.05,-94.66,,,,,,,
180822,2023-07-14 22,2023-07-14 22,VA,1,1,0,0,0,1,51059,38.92,-77.45,39.04,-77.34,,,,,,,
180823,2023-07-14 22,2023-07-15 04,NJ,4,2,0,0,0,3,34027;34037;34041,40.73,-75.18,41.06,-74.5,,,,,,,
180824,2023-07-14 23,2023-07-15 03,PA,3,3,0,0,0,2,42089;42095,40.77,-75.61,41.1,-75.17,,,,,,,
181705,2023-07-14 23,2023-07-14 23,SC,2,2,0,0,10000,1,45051,33.93,-79.32,34.059999999999995,-79.18,,,,,,,
184344,2023-07-15 00,2023-07-15 02,MO,1,1,0,0,0,1,29019,38.88,-92.35,39.029999999999994,-92.24000000000001,,,,,,,
182515,2023-07-15 01,2023-07-15 02,NY,1,1,0,0,75000,1,36031,43.800000000000004,-73.85,43.949999999999996,-73.7,,,,,,,
181425,2023-07-15 02,2023-07-15 04,IL,1,1,0,0,50000,1,17065,37.910000000000004,-88.53999999999999,38.05,-88.43,,,,,,,
182518,2023-07-15 03,2023-07-19 00,VT,4,7,0,0,750000,4,50001;50015;50019;50027,43.25,-73.16,44.75,-72.15,,,,,,,
184345,2023-07-15 03,2023-07-15 06,IL,1,1,0,0,0,1,17163,38.53,-90.09,38.709999999999994,-89.9,,,,,,,
180828,2023-07-15 21,2023-07-16 00,NJ,7,1,0,0,0,3,34021;34023;34035,40.27,-74.86,40.54,-74.3,,,,,,,
180829,2023-07-15 21,2023-07-16 01,PA,2,2,7,0,0,1,42017,40.21,-74.96,40.33,-74.82,,,,,,,
182251,2023-07-15 22,2023-07-16 22,NH,18,22,0,0,0,5,33001;33003;33009;33011;33013,42.81,-72.03,44.06,-71.12,,,,,,,
184364,2023-07-15 23,2023-07-16 02,VA,1,2,0,0,0,1,51109,37.92,-78.27,38.029999999999994,-78.15,,,,,,,
181771,2023-07-16 00,2023-07-16 01,TN,1,1,0,0,0,1,47179,36.18,-82.52,36.309999999999995,-82.39,,,,,,,
180758,2023-07-16 01,2023-07-16 02,NM,1,1,0,0,0,1,35019,35.0,-104.41,35.12,-104.29,,,,,,,
182462,2023-07-16 01,2023-07-16 07,NC,1,3,0,0,0,1,37005,36.39,-81.08,36.529999999999994,-80.94,,,,,,,
180766,2023-07-16 02,2023-07-16 06,VA,15,18,0,0,25000,4,51011;51031;51035;51680,36.66,-80.7,37.39,-78.96,,,,,,,
180731,2023-07-16 03,2023-07-16 05,PA,2,0,0,0,0,1,42081,41.12,-76.98,41.25,-76.8,,,,,,,
183971,2023-07-16 03,2023-07-16 05,NC,2,6,1,1,12000,2,37003;37027,35.900000000000006,-81.52,36.029999999999994,-81.32,,,,,,,
181012,2023-07-16 08,2023-07-16 12,PA,7,8,0,0,0,1,42095,40.67,-75.27,40.87,-75.13,,,,,,,
181011,2023-07-16 10,2023-07-16 17,NJ,6,6,0,0,0,2,34023;34041,40.45,-75.18,40.88,-74.38,,,,,,,
183670,2023-07-16 10,2023-07-16 21,NY,13,14,0,0,0,4,36071;36081;36103;36119,40.72,-74.2,41.34,-72.18,,,,,,,
181010,2023-07-16 11,2023-07-16 21,DE,2,2,0,0,0,1,10005,38.69,-75.61,38.82,-75.46,,,,,,,
181645,2023-07-16 12,2023-07-16 14,CT,1,1,0,0,0,1,09005,41.74,-73.21,41.89,-73.08,,,,,,,
183671,2023-07-16 12,2023-07-16 21,CT,10,11,0,0,0,3,09001;09009;09011,41.3,-73.52,41.64,-72.08,,,,,,,
181993,2023-07-16 13,2023-07-16 17,CT,6,6,0,0,0,1,09003,41.67,-72.95,41.88,-72.37,,,,,,,
181992,2023-07-16 14,2023-07-17 01,MA,11,7,0,0,0,6,25005;25009;25017;25021;25023;25027,41.73,-71.99,42.58,-70.67,,,,,,,
182173,2023-07-16 15,2023-07-16 18,OK,1,1,0,0,0,1,40069,34.120000000000005,-96.92,34.23,-96.8,,,,,,,
184366,2023-07-16 15,2023-07-16 19,VA,11,11,0,0,0,7,51033;51041;51085;51101;51159;51193;51760,37.41,-77.67,38.26,-76.76,,,,,,,
181994,2023-07-16 17,2023-07-16 22,RI,5,7,0,0,0,1,44007,41.75,-71.48,41.89,-71.36,,,,,,,
184371,2023-07-16 17,2023-07-16 21,MD,6,6,0,0,0,2,24019;24047,38.38,-75.94,38.62,-75.06,,,,,,,
182252,2023-07-16 18,2023-07-16 23,ME,4,4,0,0,0,1,23017,43.79,-70.98,44.25,-70.52,,,,,,,
183366,2023-07-16 18,2023-07-16 21,ME,1,1,0,0,0,1,23021,45.120000000000005,-69.61,45.23,-69.47,,,,,,,
181588,2023-07-16 22,2023-07-17 01,NY,8,7,0,0,95000,2,36091;36115,42.92,-73.81,43.11,-73.46,,,,,,,
182699,2023-07-16 22,2023-07-17 03,VT,2,4,0,0,200000,2,50005;50007,44.37,-73.06,44.84,-72.2,,,,,,,
184453,2023-07-17 07,2023-07-17 11,MO,2,2,0,0,0,2,29073;29189,38.400000000000006,-91.55,38.599999999999994,-90.27,,,,,,,
183329,2023-07-18 00,2023-07-18 01,AZ,1,0,0,0,0,1,04019,32.220000000000006,-110.98,32.36,-110.84,,,,,,,
181019,2023-07-18 17,2023-07-18 19,NJ,1,2,0,0,0,1,34025,40.35,-74.09,40.47,-73.97,,,,,,,
183479,2023-07-18 18,2023-07-20 02,UT,3,2,0,0,20000,2,49045;49055,38.27,-112.3,40.55,-111.24,,,,,,,
182254,2023-07-18 19,2023-07-19 03,NH,6,1,0,0,0,3,33007;33009;33015,43.13,-71.91,44.84,-71.17,,,,,,,
182253,2023-07-18 21,2023-07-19 00,ME,3,5,0,0,0,2,23017;23025,44.32,-70.57,45.26,-69.93,,,,,,,
181654,2023-07-18 22,2023-07-19 01,NY,8,10,0,0,45000,2,36001;36111,41.66,-74.19,42.69,-73.79,,,,,,,
184400,2023-07-18 23,2023-07-19 01,KY,4,4,0,0,0,3,21111;21155;21211,37.71,-85.54,38.26,-85.3,,,,,,,
182343,2023-07-19 00,2023-07-19 01,KY,2,2,0,0,50000,2,21037;21117,38.92,-84.57,39.059999999999995,-84.3,,,,,,,
182344,2023-07-19 00,2023-07-19 01,OH,5,6,0,0,80000,2,39015;39025,38.85,-84.2,38.97,-83.96,,,,,,,
183237,2023-07-19 01,2023-07-19 03,NV,1,1,0,0,250000,1,32009,37.57,-118.09,37.75,-117.92,,,,,,,
185828,2023-07-19 01,2023-07-19 22,NV,2,2,0,0,0,2,32019;32021,38.41,-119.25,38.62,-118.6,,,,,,,
180967,2023-07-19 06,2023-07-19 21,KY,8,23,0,0,5250000,8,21007;21035;21039;21075;21083;21105;21145;21157,36.54,-89.25,37.2,-88.24,,,,,,,
184252,2023-07-19 06,2023-07-19 08,WV,2,0,0,0,8000,2,54025;54055,37.2,-81.31,37.33,-81.14,,,,,,,
183579,2023-07-19 08,2023-07-19 17,TN,4,4,0,0,0,2,47079;47183,36.28,-88.71,36.47,-88.27,,,,,,,
180969,2023-07-19 10,2023-07-19 21,IL,5,10,0,0,600000,5,17003;17077;17127;17153;17199,37.0,-89.38,37.81,-88.63,,,,,,,
180970,2023-07-19 12,2023-07-19 18,MO,1,0,0,0,50000,1,29031,37.28,-89.7,37.4,-89.59,,,,,,,
184390,2023-07-19 20,2023-07-19 23,VA,3,3,0,0,0,2,51710;51810,36.78,-76.31,36.95,-76.15,,,,,,,
181676,2023-07-19 21,2023-07-20 15,NV,1,0,0,0,0,1,32007,40.550000000000004,-115.46,40.699999999999996,-115.33,,,,,,,
183038,2023-07-19 23,2023-07-20 01,NC,1,1,0,0,0,1,37163,35.0,-78.64999999999999,35.11,-78.54,,,,,,,
184387,2023-07-20 01,2023-07-20 22,CO,2,3,0,0,0,2,08041;08089,37.78,-104.79,38.89,-103.79,,,,,,,
183536,2023-07-20 12,2023-07-20 18,MO,2,2,0,0,0,1,29029,37.92,-92.86999999999999,38.059999999999995,-92.71000000000001,,,,,,,
181772,2023-07-20 13,2023-07-20 17,TN,5,5,0,0,0,3,47093;47121;47155,35.68,-84.71,35.92,-83.39,,,,,,,
181341,2023-07-20 14,2023-07-20 22,TN,7,15,0,0,350000,6,47003;47031;47035;47049;47141;47185,35.36,-86.3,36.44,-85.02,,,,,,,
183780,2023-07-20 20,2023-07-20 21,CO,1,2,0,0,15000,1,08069,40.410000000000004,-105.47,40.519999999999996,-105.36,,,,,,,
181823,2023-07-20 21,2023-07-21 01,WY,5,9,0,0,60000,2,56001;56021,41.15,-105.63,41.32,-104.79,,,,,,,
184395,2023-07-20 22,2023-07-20 23,VA,1,1,0,0,0,1,51710,36.85,-76.28,36.98,-76.17,,,,,,,
184452,2023-07-20 23,2023-07-21 02,OH,4,1,0,0,4000000,1,39035,41.36,-81.93,41.55,-81.56,,,,,,,
183359,2023-07-21 01,2023-07-21 05,PA,10,11,0,0,22000,3,42003;42007;42085,40.32,-80.38,41.41,-79.84,,,,,,,
182945,2023-07-21 02,2023-07-21 03,CO,1,4,0,0,0,1,08063,39.24,-102.32,39.349999999999994,-102.22,,,,,,,
183793,2023-07-21 03,2023-07-21 05,KS,3,3,0,0,0,1,20055,37.92,-100.92999999999999,38.05,-100.8,,,,,,,
184131,2023-07-21 08,2023-07-21 12,TN,6,6,0,0,75000,2,47047;47157,35.04,-89.99,35.28,-89.55,,,,,,,
181084,2023-07-21 10,2023-07-21 19,AL,11,11,0,0,0,2,01083;01089,34.72,-86.8,34.83,-86.59,,,,,,,
183537,2023-07-21 14,2023-07-21 20,MO,1,1,0,0,0,1,29145,36.790000000000006,-94.67,36.9,-94.54,,,,,,,
182016,2023-07-21 17,2023-07-22 04,MA,34,48,0,0,0,5,25011;25017;25021;25025;25027,42.17,-72.75,42.65,-71.02,,,,,,,
182017,2023-07-21 19,2023-07-21 20,CT,1,1,0,0,0,1,09003,41.690000000000005,-72.67,41.8,-72.56,,,,,,,
184140,2023-07-21 19,2023-07-21 21,MS,1,1,0,0,0,1,28093,34.900000000000006,-89.67999999999999,35.01,-89.57000000000001,,,,,,,
184139,2023-07-21 20,2023-07-21 21,TN,2,2,0,0,50000,2,47157;47167,35.06,-90.00999999999999,35.42,-89.87,,,,,,,
181080,2023-07-21 21,2023-07-21 23,NM,6,7,0,0,40000,3,35007;35033;35047,35.77,-105.45,36.63,-105.04,,,,,,,
182527,2023-07-21 22,2023-07-22 00,VT,1,4,0,0,75000,1,50011,44.82,-72.89999999999999,44.949999999999996,-72.73,,,,,,,
182702,2023-07-21 22,2023-07-22 00,VT,1,4,0,0,100000,1,50011,44.92,-72.72,45.05,-72.61,,,,,,,
183130,2023-07-21 22,2023-07-23 01,GA,6,7,0,0,20000,2,13089;13121,33.71,-84.43,33.9,-84.27,,,,,,,
183843,2023-07-21 22,2023-07-21 23,NH,1,0,0,0,0,1,33011,42.650000000000006,-71.48,42.8,-71.34,,,,,,,
181072,2023-07-22 00,2023-07-22 00,NH,1,0,0,0,0,1,33011,42.650000000000006,-71.5,42.769999999999996,-71.39,,,,,,,
184081,2023-07-23 00,2023-07-23 02,LA,3,3,0,0,0,1,22071,29.919999999999998,-90.13,30.05,-89.98,,,,,,,
184170,2023-07-23 06,2023-07-23 19,AZ,2,2,0,0,0,1,04025,34.07,-112.24,34.38,-112.1,,,,,,,
182904,2023-07-23 21,2023-07-24 00,VA,3,2,0,0,0,1,51770,37.21,-80.03,37.339999999999996,-79.85000000000001,,,,,,,
184245,2023-07-24 04,2023-07-25 00,AZ,1,1,0,0,0,1,04025,34.36,-112.09,34.91,-111.66,,,,,,,
184396,2023-07-24 11,2023-07-24 14,VA,6,6,0,0,0,1,51710,36.800000000000004,-76.36,36.949999999999996,-76.18,,,,,,,
181817,2023-07-24 19,2023-07-24 21,KY,2,2,0,0,0,2,21007;21033,36.95,-89.08,37.15,-87.89,,,,,,,
182529,2023-07-24 20,2023-07-24 22,NY,1,1,0,0,75000,1,36031,43.82,-73.71,43.94,-73.57000000000001,,,,,,,
181463,2023-07-24 21,2023-07-24 22,PA,1,1,0,0,0,1,42011,40.25,-76.00999999999999,40.36,-75.9,,,,,,,
183529,2023-07-24 21,2023-07-25 02,UT,2,2,0,0,1000,2,49025;49027,37.02,-112.28,38.96,-112.02,,,,,,,
182999,2023-07-24 23,2023-07-25 00,FL,2,2,0,0,0,1,12013,30.49,-85.14,30.62,-84.96000000000001,,,,,,,
182255,2023-07-25 00,2023-07-25 01,ME,1,1,0,0,0,1,23017,44.5,-70.36999999999999,44.61,-70.25,,,,,,,
183363,2023-07-25 00,2023-07-25 03,OH,2,2,0,0,0,1,39031,40.17,-81.96,40.33,-81.78,,,,,,,
181412,2023-07-25 17,2023-07-25 22,PA,10,6,0,0,0,3,42029;42045;42091,39.83,-75.74,40.37,-75.37,,,,,,,
181507,2023-07-25 17,2023-07-25 18,MD,4,1,0,0,0,1,24005,39.17,-76.50999999999999,39.29,-76.38000000000001,,,,,,,
182703,2023-07-25 19,2023-07-25 22,MA,4,0,0,0,0,3,25013;25021;25025,42.09,-72.63,42.32,-71.03,,,,,,,
184255,2023-07-25 19,2023-07-25 21,OH,1,0,0,0,75000,1,39035,41.370000000000005,-81.46,41.48,-81.34,,,,,,,
181409,2023-07-25 20,2023-07-25 22,NJ,3,0,0,0,0,1,34025,40.1,-74.17999999999999,40.279999999999994,-73.98,,,,,,,
182707,2023-07-25 20,2023-07-25 22,CT,3,0,0,0,0,1,09003,41.93,-72.67999999999999,42.05,-72.52,,,,,,,
182256,2023-07-25 22,2023-07-26 01,ME,2,7,0,0,0,1,23001,44.040000000000006,-70.3,44.18,-70.11,,,,,,,
183364,2023-07-27 01,2023-07-27 04,PA,5,5,0,0,25000,2,42031;42065,41.07,-79.7,41.22,-79.18,,,,,,,
182352,2023-07-27 20,2023-07-27 22,OH,3,3,0,0,17000,2,39061;39165,39.220000000000006,-84.57,39.379999999999995,-84.11,,,,,,,
183439,2023-07-27 21,2023-07-27 23,PA,1,1,0,0,18000,1,42069,41.42,-75.61999999999999,41.529999999999994,-75.51,,,,,,,
183185,2023-07-27 23,2023-07-28 01,FL,1,2,0,0,0,1,12011,26.009999999999998,-80.21,26.13,-80.08,,,,,,,
183397,2023-07-28 00,2023-07-28 02,WI,4,4,0,0,0,3,55007;55013;55113,45.79,-92.39,46.19,-91.24,,,,,,,
182351,2023-07-28 03,2023-07-28 04,KY,1,1,0,0,0,1,21015,39.03,-84.78,39.14,-84.67,,,,,,,
182705,2023-07-28 03,2023-07-28 06,WV,1,3,0,0,250,1,54039,38.34,-81.88,38.47,-81.75,,,,,,,
184420,2023-07-28 04,2023-07-30 03,KY,6,6,1,0,0,3,21097;21155;21181,37.61,-85.31,38.51,-84.14,,,,,,,
182350,2023-07-28 07,2023-07-28 10,IN,5,5,2,0,552000,1,18047,39.31,-85.1,39.5,-84.9,,,,,,,
181508,2023-07-28 22,2023-07-28 23,VA,1,0,0,0,0,1,51157,38.580000000000005,-78.23,38.69,-78.12,,,,,,,
184250,2023-07-29 00,2023-07-29 01,AZ,1,1,0,0,0,1,04025,34.35,-112.35,34.51,-112.18,,,,,,,
181988,2023-07-29 03,2023-07-29 04,WI,1,1,0,0,25000,1,55025,42.970000000000006,-89.63,43.16,-89.45,,,,,,,
183816,2023-07-29 06,2023-07-29 08,MI,1,2,0,0,0,1,26021,41.8,-86.73,42.13,-86.47,,,,,,,
183365,2023-07-29 11,2023-07-29 12,OH,2,4,0,0,0,1,39157,40.24,-81.56,40.38,-81.43,,,,,,,
181481,2023-07-29 12,2023-07-29 12,GA,1,1,0,0,600,1,13245,33.400000000000006,-82.00999999999999,33.519999999999996,-81.9,,,,,,,
181614,2023-07-29 15,2023-07-29 19,NY,5,5,0,0,0,3,36037;36063;36073,42.99,-78.84,43.36,-78.3,,,,,,,
182813,2023-07-29 17,2023-07-30 01,MA,9,0,0,0,0,5,25009;25017;25021;25025;25027,42.27,-71.77,42.54,-70.96,,,,,,,
182257,2023-07-29 19,2023-07-30 01,ME,4,4,0,0,0,4,23001;23005;23023;23031,43.75,-70.74,44.08,-69.95,,,,,,,
182258,2023-07-29 20,2023-07-29 23,NH,3,1,0,0,0,3,33001;33005;33013,42.73,-72.42,43.46,-71.29,,,,,,,
184388,2023-07-30 01,2023-08-01 02,CO,2,2,0,0,0,2,08041;08043,38.43,-105.24,38.87,-104.9,,,,,,,
184253,2023-07-30 02,2023-07-30 06,AZ,1,1,0,0,0,1,04005,36.24,-112.84,36.36,-112.71000000000001,,,,,,,
184251,2023-07-30 20,2023-07-31 19,AZ,4,5,0,0,0,2,04005;04025,35.18,-112.74,36.32,-111.51,,,,,,,
183495,2023-07-31 07,2023-07-31 09,NC,2,2,0,0,2000,1,37047,34.24,-78.75999999999999,34.35,-78.62,,,,,,,
183561,2023-07-31 21,2023-07-31 22,UT,1,1,0,0,0,1,49055,38.17,-111.28,38.3,-111.12,,,,,,,
183789,2023-07-31 23,2023-08-01 04,CO,3,4,0,0,310000,2,08059;08069,39.26,-105.45,40.59,-105.06,,,,,,,
183880,2023-08-01 03,2023-08-01 04,AZ,2,2,0,0,0,1,04019,32.08,-111.1,32.3,-110.96000000000001,,,,,,,
181681,2023-08-01 09,2023-08-01 20,MO,3,3,0,0,10000,2,29015;29029,37.95,-93.19,38.46,-92.76,,,,,,,
181688,2023-08-01 21,2023-08-01 22,WY,1,0,0,0,0,1,56021,41.07,-104.89,41.19,-104.75,,,,,,,
184949,2023-08-01 21,2023-08-05 03,UT,14,8,0,0,19404000,7,49003;49011;49013;49035;49045;49049;49053,37.21,-112.97,41.65,-110.65,,,,,,,
181526,2023-08-01 23,2023-08-01 23,CO,1,1,0,0,0,1,08045,39.35,-107.25999999999999,39.449999999999996,-107.15,,,,,,,
184929,2023-08-02 01,2023-08-02 03,NV,2,2,0,0,3000,1,32003,36.09,-115.49,36.26,-115.31,,,,,,,
184640,2023-08-02 06,2023-08-02 09,CO,1,0,0,0,35000,1,08069,40.410000000000004,-105.48,40.519999999999996,-105.37,,,,,,,
185963,2023-08-02 09,2023-08-02 14,MO,4,7,0,0,0,4,29019;29071;29073;29151,38.2,-92.16,39.11,-91.36,,,,,,,
183873,2023-08-02 11,2023-08-02 14,NE,2,2,0,0,0,2,31021;31177,41.53,-96.27,41.79,-96.08,,,,,,,
184930,2023-08-02 18,2023-08-02 19,AZ,1,1,0,0,1000,1,04015,36.940000000000005,-113.02,37.05,-112.91,,,,,,,
184931,2023-08-02 21,2023-08-02 23,CA,1,1,0,0,5000,1,06071,35.13,-115.3,35.279999999999994,-115.18,,,,,,,
183819,2023-08-02 22,2023-08-03 00,ID,1,1,0,0,0,1,16039,43.550000000000004,-115.31,43.66,-115.2,,,,,,,
181524,2023-08-03 00,2023-08-03 00,CO,1,2,0,0,0,1,08077,39.06,-108.8,39.169999999999995,-108.68,,,,,,,
186343,2023-08-03 02,2023-08-03 15,MO,6,8,0,0,0,6,29027;29071;29123;29135;29151;29187,37.56,-92.66,38.75,-90.3,,,,,,,
184964,2023-08-03 03,2023-08-03 15,MO,3,4,0,0,0,2,29131;29141,38.34,-92.96,38.65,-92.58,,,,,,,
183589,2023-08-03 06,2023-08-03 12,IL,3,3,0,0,0,1,17025,38.57,-88.65,38.709999999999994,-88.52,,,,,,,
186344,2023-08-03 06,2023-08-03 11,IL,1,2,0,0,0,1,17121,38.71,-89.03,38.879999999999995,-88.91,,,,,,,
183549,2023-08-03 07,2023-08-03 12,IL,2,3,0,0,0,2,17047;17191,38.34,-88.35,38.64,-88.08,,,,,,,
183550,2023-08-03 11,2023-08-03 16,MO,4,8,0,0,60000,4,29017;29031;29201;29207,36.89,-89.98,37.53,-89.65,,,,,,,
183548,2023-08-03 15,2023-08-03 16,KY,1,1,0,0,0,1,21075,36.510000000000005,-89.24,36.62,-89.10000000000001,,,,,,,
184790,2023-08-03 15,2023-08-03 17,TN,1,1,0,0,0,1,47131,36.35,-89.14,36.5,-89.02,,,,,,,
182331,2023-08-03 19,2023-08-03 21,TN,1,3,0,0,10000,1,47059,36.1,-82.82,36.239999999999995,-82.7,,,,,,,
181687,2023-08-03 22,2023-08-03 23,WY,1,0,0,0,0,1,56021,41.09,-104.89,41.19,-104.77,,,,,,,
181574,2023-08-04 00,2023-08-04 01,NV,2,1,0,0,0,1,32007,40.78,-115.82,40.89,-115.7,,,,,,,
184697,2023-08-04 00,2023-08-04 03,VT,2,9,0,0,1300000,2,50001;50027,43.92,-73.41,44.08,-72.88,,,,,,,
184791,2023-08-04 08,2023-08-04 15,TN,8,8,0,0,1525000,4,47053;47113;47131;47183,35.64,-89.31,36.47,-88.76,,,,,,,
184926,2023-08-04 09,2023-08-04 13,AL,2,6,0,0,0,2,01009;01115,33.79,-86.61,34.22,-86.35,,,,,,,
183672,2023-08-04 10,2023-08-04 17,KY,2,4,0,0,2000000,2,21075;21105,36.51,-89.15,36.67,-89.01,,,,,,,
186766,2023-08-04 10,2023-08-04 14,MO,2,3,0,0,0,2,29123;29151,37.37,-91.65,38.5,-90.15,,,,,,,
183667,2023-08-04 12,2023-08-04 17,MO,3,3,0,0,0,3,29017;29031;29143,36.57,-90.07,37.21,-89.55,,,,,,,
184843,2023-08-04 17,2023-08-04 20,NY,3,6,0,0,65000,1,36043,43.040000000000006,-75.16,43.239999999999995,-75.02,,,,,,,
183820,2023-08-04 20,2023-08-04 22,ID,1,1,0,0,0,1,16025,43.28,-114.67999999999999,43.4,-114.57000000000001,,,,,,,
184718,2023-08-04 20,2023-08-05 01,VT,2,7,0,0,200000,2,50021;50027,43.28,-73.02,43.64,-72.5,,,,,,,
184719,2023-08-04 20,2023-08-04 23,NY,1,1,0,0,75000,1,36089,44.13,-75.36999999999999,44.279999999999994,-75.21000000000001,,,,,,,
184703,2023-08-04 21,2023-08-04 23,NY,5,7,0,0,10000,1,36077,42.56,-75.26,42.75,-74.97,,,,,,,
183236,2023-08-04 22,2023-08-05 00,SD,2,2,0,0,0,2,46093;46105,44.92,-102.21,45.089999999999996,-102.0,,,,,,,
184701,2023-08-04 22,2023-08-04 23,NH,2,2,0,0,0,1,33019,43.290000000000006,-72.36999999999999,43.4,-72.25,,,,,,,
181622,2023-08-05 00,2023-08-05 05,MO,3,6,0,0,0,3,29001;29079;29129,40.14,-93.74,40.51,-92.63,,,,,,,
184497,2023-08-05 05,2023-08-05 16,MO,5,5,0,0,0,2,29045;29199,40.34,-92.35,40.6,-91.71,,,,,,,
184498,2023-08-05 08,2023-08-30 16,IA,2,2,0,0,0,1,19111,40.4,-91.41,40.71,-91.24,,,,,,,
184499,2023-08-05 10,2023-08-05 16,IL,1,2,0,0,0,1,17071,40.59,-91.2,40.699999999999996,-91.09,,,,,,,
182285,2023-08-05 11,2023-08-05 16,KY,1,0,0,0,0,1,21105,36.690000000000005,-88.92,36.83,-88.8,,,,,,,
182495,2023-08-05 19,2023-08-05 21,IL,2,2,0,0,0,2,17053;17075,40.45,-88.1,40.64,-87.69,,,,,,,
184966,2023-08-05 19,2023-08-05 22,FL,2,2,0,0,0,1,12091,30.34,-86.67,30.490000000000002,-86.54,,,,,,,
184558,2023-08-05 20,2023-08-06 00,IA,7,7,0,0,1605000,1,19167,43.03,-96.31,43.21,-95.99,,,,,,,
184627,2023-08-05 21,2023-08-05 21,FL,3,3,0,0,0,1,12005,30.08,-85.81,30.240000000000002,-85.62,,,,,,,
184632,2023-08-05 23,2023-08-06 00,GA,1,1,0,0,0,1,13185,30.77,-83.34,30.93,-83.23,,,,,,,
184988,2023-08-06 00,2023-08-06 09,MN,1,1,0,0,0,1,27027,46.800000000000004,-96.82,46.919999999999995,-96.71000000000001,,,,,,,
184987,2023-08-06 01,2023-08-06 09,ND,2,2,0,0,0,1,38017,46.83,-96.89,46.94,-96.74000000000001,,,,,,,
185279,2023-08-06 03,2023-08-06 03,SD,2,2,0,0,50000,1,46077,44.370000000000005,-97.57,44.519999999999996,-97.41,,,,,,,
184587,2023-08-06 17,2023-08-06 19,NC,1,1,0,0,0,1,37005,36.440000000000005,-81.36,36.55,-81.25,,,,,,,
182568,2023-08-06 21,2023-08-07 00,SC,2,3,0,0,30000,1,45079,33.89,-81.08,34.04,-80.92,,,,,,,
184619,2023-08-07 01,2023-08-07 06,IL,4,2,0,0,0,3,17021;17025;17049,38.68,-89.11,39.41,-88.34,,,,,,,
184503,2023-08-07 03,2023-08-07 04,AZ,1,0,0,0,0,1,04023,31.49,-110.81,31.6,-110.68,,,,,,,
181683,2023-08-07 04,2023-08-07 06,IN,1,0,0,0,50000,1,18083,38.690000000000005,-87.46,38.83,-87.34,,,,,,,
185420,2023-08-07 16,2023-08-07 17,OR,1,0,0,0,0,1,41049,45.45,-119.89,45.559999999999995,-119.75,,,,,,,
183089,2023-08-07 17,2023-08-07 20,WV,6,7,0,0,8000,2,54033;54107,39.22,-81.64,39.38,-80.25,,,,,,,
183855,2023-08-07 17,2023-08-07 20,OH,1,3,0,0,3500,1,39167,39.220000000000006,-81.66,39.339999999999996,-81.51,,,,,,,
184868,2023-08-07 18,2023-08-07 21,WV,2,2,0,0,4000,2,54049;54061,39.44,-80.16,39.6,-79.97,,,,,,,
183412,2023-08-07 19,2023-08-07 20,TN,2,2,0,0,5000,2,47059;47089,36.06,-83.52,36.19,-82.84,,,,,,,
182244,2023-08-07 21,2023-08-07 21,WV,1,0,0,0,0,1,54003,39.39,-78.03,39.5,-77.92,,,,,,,
184707,2023-08-07 22,2023-08-07 23,PA,2,2,0,0,23000,1,42115,41.78,-76.06,41.95,-75.91,,,,,,,
185012,2023-08-08 00,2023-08-08 04,KS,2,2,0,0,0,2,20023;20181,39.35,-101.71,39.91,-101.53,,,,,,,
184770,2023-08-08 01,2023-08-08 04,MD,5,5,0,0,0,2,24019;24045,38.4,-76.1,38.58,-75.56,,,,,,,
184706,2023-08-08 02,2023-08-08 03,NY,7,7,0,0,138000,1,36067,43.050000000000004,-76.44,43.23,-76.1,,,,,,,
184051,2023-08-08 03,2023-08-08 05,NY,3,3,0,0,0,2,36049;36075,43.39,-75.93,43.57,-75.45,,,,,,,
184746,2023-08-08 10,2023-08-08 13,OK,1,1,0,0,0,1,40121,35.120000000000005,-95.72,35.23,-95.60000000000001,,,,,,,
184708,2023-08-08 14,2023-08-09 07,ME,10,3,0,0,0,4,23001;23005;23007;23011,43.78,-70.67,44.92,-69.92,,,,,,,
183294,2023-08-08 15,2023-08-08 16,MA,1,0,0,0,0,1,25009,42.64,-71.17999999999999,42.75,-71.07000000000001,,,,,,,
184741,2023-08-08 15,2023-08-08 17,NH,1,1,0,0,0,1,33015,42.77,-71.11999999999999,42.89,-70.99000000000001,,,,,,,
181726,2023-08-08 21,2023-08-08 21,NM,1,8,0,0,1000000,1,35001,35.050000000000004,-106.67,35.19,-106.53,,,,,,,
185011,2023-08-09 07,2023-08-09 13,KS,2,2,0,0,120000,1,20009,38.27,-99.04,38.55,-98.81,,,,,,,
184886,2023-08-09 17,2023-08-09 18,TN,4,4,0,0,0,1,47157,35.16,-89.9,35.28,-89.67,,,,,,,
184967,2023-08-09 17,2023-08-10 08,MO,4,4,0,0,0,3,29009;29077;29153,36.56,-93.93,37.19,-92.25,,,,,,,
183606,2023-08-09 19,2023-08-09 22,IL,1,1,0,0,0,1,17167,39.730000000000004,-89.72,39.87,-89.60000000000001,,,,,,,
184962,2023-08-09 22,2023-08-10 04,KS,1,1,0,0,0,1,20021,36.95,-94.78999999999999,37.08,-94.68,,,,,,,
182102,2023-08-10 00,2023-08-10 02,AZ,1,0,0,0,0,1,04005,35.260000000000005,-111.67999999999999,35.379999999999995,-111.57000000000001,,,,,,,
183418,2023-08-10 09,2023-08-10 11,TN,3,4,0,0,0,2,47009;47093,35.76,-84.01,36.02,-83.9,,,,,,,
184142,2023-08-10 12,2023-08-10 12,AR,4,4,0,0,0,2,05063;05067,35.62,-91.64,35.81,-91.24,,,,,,,
192639,2023-08-10 19,2023-08-10 20,UT,1,1,0,0,0,1,49053,37.150000000000006,-113.06,37.32,-112.91,,,,,,,
184934,2023-08-11 21,2023-08-14 01,CA,2,2,0,0,3000,2,06027;06071,34.13,-118.08,37.33,-116.21,,,,,,,
192657,2023-08-11 21,2023-08-11 23,UT,1,2,0,0,1000,1,49055,38.19,-111.33,38.31,-111.16,,,,,,,
184528,2023-08-12 00,2023-08-12 00,MI,1,2,0,0,0,1,26049,42.94,-83.89,43.05,-83.7,,,,,,,
182104,2023-08-12 03,2023-08-12 04,AZ,1,1,0,0,0,1,04005,36.84,-111.48,37.0,-111.35000000000001,,,,,,,
183015,2023-08-12 15,2023-08-12 17,KY,2,3,0,0,0,2,21035;21083,36.57,-88.76,36.68,-88.26,,,,,,,
181998,2023-08-12 16,2023-08-12 17,TN,3,3,0,0,0,2,47125;47161,36.41,-87.94,36.56,-87.24,,,,,,,
183518,2023-08-12 20,2023-08-12 21,TN,2,2,0,0,0,2,47151;47155,35.88,-84.6,36.3,-83.7,,,,,,,
184867,2023-08-12 21,2023-08-12 22,PA,1,2,0,0,20000,1,42073,40.95,-80.48,41.089999999999996,-80.29,,,,,,,
184869,2023-08-12 21,2023-08-13 00,OH,4,5,0,0,80000,2,39019;39157,40.38,-81.7,40.559999999999995,-81.07,,,,,,,
184914,2023-08-13 00,2023-08-13 03,NY,1,1,0,0,5000,1,36027,41.6,-73.8,41.709999999999994,-73.68,,,,,,,
183692,2023-08-13 02,2023-08-13 03,AZ,1,1,0,0,0,1,04001,35.57,-109.93,35.73,-109.75,,,,,,,
181934,2023-08-13 18,2023-08-13 19,NM,3,3,0,0,0,2,35033;35047,35.85,-105.44,36.04,-105.28,,,,,,,
184936,2023-08-13 20,2023-08-13 22,AZ,1,1,0,0,2000,1,04015,35.400000000000006,-113.67999999999999,35.519999999999996,-113.56,,,,,,,
185252,2023-08-13 20,2023-08-13 23,ME,2,7,0,0,0,2,23019;23021,44.84,-69.63,45.1,-68.73,,,,,,,
184836,2023-08-14 02,2023-08-14 07,OK,6,6,0,0,0,4,40035;40097;40115;40143,36.16,-95.88,36.88,-94.82,,,,,,,
184969,2023-08-14 03,2023-08-14 14,MO,8,8,0,0,0,4,29009;29109;29145;29169,36.79,-94.62,37.91,-92.03,,,,,,,
184431,2023-08-14 05,2023-08-14 08,OK,1,1,0,0,5000,1,40119,36.080000000000005,-97.14,36.19,-96.98,,,,,,,
184180,2023-08-14 08,2023-08-14 11,MO,3,8,0,0,20000000,3,29017;29201;29223,37.08,-90.45,37.33,-89.63,,,,,,,
186767,2023-08-14 09,2023-08-14 10,MO,1,2,0,0,0,1,29123,37.38,-90.55,37.5,-90.15,,,,,,,
184199,2023-08-14 11,2023-08-14 13,IL,1,1,0,0,25000,1,17003,37.13,-89.5,37.269999999999996,-89.37,,,,,,,
184342,2023-08-14 12,2023-08-14 13,OH,1,1,0,0,1500,1,39053,38.870000000000005,-82.36,38.98,-82.22,,,,,,,
182247,2023-08-14 20,2023-08-14 23,VA,11,10,0,0,0,3,51013;51059;51510,38.720000000000006,-77.28,38.91,-77.04,,,,,,,
192660,2023-08-14 20,2023-08-16 01,UT,2,2,0,0,0,1,49053,37.120000000000005,-113.06,37.269999999999996,-112.89,,,,,,,
182245,2023-08-14 21,2023-08-14 23,DC,2,2,0,0,0,1,11001,38.85,-77.05,38.98,-76.93,,,,,,,
182246,2023-08-14 21,2023-08-14 23,MD,2,4,0,0,0,1,24033,38.88,-76.99,39.0,-76.83,,,,,,,
184925,2023-08-14 21,2023-08-14 23,WI,1,1,0,0,20000,1,55059,42.53,-87.95,42.68,-87.82,,,,,,,
182499,2023-08-14 23,2023-08-15 01,IL,1,3,0,0,0,1,17031,41.78,-87.77,41.93,-87.66,,,,,,,
183573,2023-08-15 02,2023-08-15 08,TN,6,10,0,0,10007000,5,47057;47059;47089;47107;47123,35.24,-84.64,36.25,-82.63,,,,,,,
182078,2023-08-15 20,2023-08-15 20,NM,1,1,0,0,500,1,35027,33.28,-105.77,33.4,-105.66,,,,,,,
185287,2023-08-15 23,2023-08-15 23,NC,1,1,0,0,0,1,37101,35.45,-78.39,35.559999999999995,-78.28,,,,,,,
184086,2023-08-16 09,2023-08-16 12,NY,3,3,0,0,3000,1,36055,43.080000000000005,-77.72,43.26,-77.61,,,,,,,
184725,2023-08-16 18,2023-08-16 21,NY,1,2,0,0,50000,1,36031,44.03,-73.61999999999999,44.22,-73.42,,,,,,,
182130,2023-08-16 20,2023-08-16 21,NM,1,1,0,0,0,1,35047,35.800000000000004,-105.48,35.91,-105.35000000000001,,,,,,,
183881,2023-08-17 01,2023-08-17 03,AZ,1,0,0,0,0,1,04007,34.31,-111.74,34.43,-111.59,,,,,,,
185027,2023-08-17 20,2023-08-20 00,UT,6,6,0,0,1000500,4,49017;49021;49053;49055,37.16,-113.07,38.32,-111.28,,,,,,,
184801,2023-08-17 21,2023-08-18 02,ID,2,8,0,0,16000,2,16005;16077,42.73,-112.83,42.92,-112.45,,,,,,,
184711,2023-08-18 07,2023-08-18 09,PA,6,7,0,0,30000,1,42115,41.8,-76.07,41.98,-75.59,,,,,,,
183298,2023-08-18 12,2023-08-18 15,MA,11,0,0,0,0,6,25005;25009;25017;25021;25025;25027,41.69,-72.04,42.81,-70.98,,,,,,,
183299,2023-08-18 13,2023-08-18 15,RI,2,0,0,0,0,1,44003,41.580000000000005,-71.55,41.76,-71.39,,,,,,,
184938,2023-08-18 23,2023-08-19 00,NV,1,1,0,0,1000,1,32003,35.940000000000005,-115.31,36.05,-115.2,,,,,,,
184937,2023-08-19 00,2023-08-19 05,AZ,5,9,0,0,6000,1,04015,34.74,-114.49,35.57,-113.95,,,,,,,
184133,2023-08-19 02,2023-08-19 03,CA,1,1,0,0,0,1,06065,33.75,-115.41,33.97,-115.3,,,,,,,
184939,2023-08-19 02,2023-08-19 06,CA,4,4,0,0,8000,1,06071,34.07,-115.79,35.05,-114.63,,,,,,,
184842,2023-08-19 13,2023-08-20 22,CA,5,5,0,0,10000,1,06025,32.7,-116.02,33.53,-115.38,,,,,,,
184940,2023-08-19 20,2023-08-21 16,CA,23,39,0,0,512079000,2,06027;06071,34.04,-118.24,37.36,-114.63,,,,,,,
182508,2023-08-20 01,2023-08-21 19,CA,26,28,0,0,0,1,06029,34.81,-119.32,35.63,-117.66,,,,,,,
184941,2023-08-20 01,2023-08-22 00,NV,5,6,0,0,25004000,2,32003;32023,36.09,-116.55,36.71,-114.66,,,,,,,
184551,2023-08-20 08,2023-08-21 21,CA,11,45,0,0,0,3,06065;06071;06073,33.13,-117.63,34.38,-115.99,,,,,,,
185314,2023-08-20 15,2023-08-21 14,CA,32,62,0,0,0,2,06037;06111,34.03,-119.29,34.69,-117.8,,,,,,,
182593,2023-08-22 01,2023-08-22 01,NM,1,2,0,0,0,1,35047,35.71,-105.45,35.839999999999996,-105.29,,,,,,,
185006,2023-08-22 15,2023-08-22 23,TX,5,12,0,0,0,3,48273;48355;48479,27.39,-99.51,27.81,-97.39,,,,,,,
183882,2023-08-22 22,2023-08-23 04,AZ,1,1,0,0,7000000,1,04005,35.92,-112.27,36.07,-112.08,,,,,,,
182944,2023-08-23 14,2023-08-23 14,TX,1,1,0,0,0,1,48371,30.52,-103.26,30.7,-102.63,,,,,,,
186139,2023-08-23 22,2023-08-24 10,OH,27,18,0,2,9915000,13,39005;39035;39043;39055;39077;39085;39093;39095;39103;39123;39139;39143;39147,40.68,-83.66,41.74,-81.25,,,,,,,
185029,2023-08-23 23,2023-08-24 00,UT,1,1,0,0,1000,1,49053,36.96,-113.56,37.08,-113.44,,,,,,,
184942,2023-08-24 04,2023-08-24 05,NV,1,4,1,0,100000,1,32003,36.050000000000004,-115.23,36.18,-115.12,,,,,,,
184549,2023-08-24 06,2023-08-24 11,NM,1,0,0,0,0,1,35035,32.89,-105.92999999999999,33.0,-105.82000000000001,,,,,,,
182589,2023-08-24 07,2023-08-24 11,MI,3,0,0,0,0,3,26115;26161;26163,42.08,-83.68,42.45,-83.19,,,,,,,
184032,2023-08-24 23,2023-08-25 07,AZ,2,2,0,0,0,1,04005,35.31,-111.9,36.98,-111.53,,,,,,,
185286,2023-08-25 00,2023-08-25 01,NC,2,2,0,0,15000,1,37081,35.93,-79.96,36.11,-79.76,,,,,,,
183251,2023-08-25 01,2023-08-25 01,UT,1,0,0,0,0,1,49019,38.620000000000005,-109.41,38.73,-109.3,,,,,,,
192673,2023-08-25 02,2023-08-26 22,UT,6,5,0,0,1000,4,49015;49017;49025;49055,37.2,-112.15,39.46,-110.59,,,,,,,
183228,2023-08-25 05,2023-08-25 08,PA,2,2,0,0,15000,1,42003,40.35,-79.92,40.47,-79.8,,,,,,,
184203,2023-08-25 10,2023-08-27 04,WV,4,11,0,0,10500,2,54039;54079,38.19,-81.97,38.47,-81.5,,,,,,,
182626,2023-08-25 13,2023-08-25 13,NM,1,1,0,0,0,1,35053,33.45,-106.48,33.58,-106.34,,,,,,,
182642,2023-08-25 14,2023-08-25 16,NE,2,2,0,0,0,1,31033,41.040000000000006,-103.05,41.22,-102.91,,,,,,,
185066,2023-08-26 00,2023-08-26 00,UT,1,0,1,0,0,1,49017,37.580000000000005,-112.22,37.709999999999994,-112.09,,,,,,,
185009,2023-08-26 01,2023-08-26 03,KS,1,1,0,0,0,1,20137,39.77,-99.94,39.89,-99.83,,,,,,,
183016,2023-08-26 08,2023-08-26 12,IN,1,1,0,0,25000,1,18173,37.970000000000006,-87.36,38.099999999999994,-87.22,,,,,,,
183021,2023-08-26 09,2023-08-26 11,KY,1,1,0,0,0,1,21101,37.78,-87.67,37.93,-87.5,,,,,,,
186769,2023-08-26 22,2023-08-27 00,MO,1,1,0,0,0,1,29111,40.040000000000006,-91.64,40.18,-91.51,,,,,,,
184211,2023-08-27 11,2023-08-27 18,KY,3,3,1,0,10000,3,21033;21047;21219,36.64,-87.9,37.15,-87.17,,,,,,,
185260,2023-08-27 21,2023-08-27 23,NC,1,1,0,0,0,1,37091,36.300000000000004,-77.08,36.449999999999996,-76.96000000000001,,,,,,,
183400,2023-08-27 23,2023-08-28 00,SC,1,1,0,0,100,1,45079,33.93,-81.08,34.04,-80.97,,,,,,,
185135,2023-08-28 00,2023-08-28 00,NC,1,1,0,0,0,1,37167,35.300000000000004,-80.23,35.41,-80.12,,,,,,,
182740,2023-08-28 05,2023-08-28 12,VA,3,4,0,0,100000,1,51141,36.6,-80.59,36.78,-80.25,,,,,,,
182739,2023-08-28 08,2023-08-28 14,NC,2,5,0,0,15000,1,37171,36.46,-80.64999999999999,36.599999999999994,-80.52,,,,,,,
184050,2023-08-28 10,2023-08-30 04,GA,22,25,0,0,235000,11,13089;13097;13111;13121;13129;13135;13151;13211;13219;13291;13297,33.48,-84.95,34.96,-83.35,,,,,,,
184196,2023-08-28 10,2023-08-28 18,WV,7,33,0,0,4556000,4,54005;54013;54015;54039,38.07,-81.76,38.71,-81.03,,,,,,,
185106,2023-08-28 15,2023-08-28 15,NC,1,1,0,0,0,1,37061,34.830000000000005,-77.96,34.949999999999996,-77.84,,,,,,,
184712,2023-08-28 16,2023-08-28 23,NY,1,1,0,0,10000,1,36015,42.09,-76.86,42.199999999999996,-76.74000000000001,,,,,,,
185262,2023-08-28 16,2023-08-28 21,VA,11,11,0,0,0,7,51007;51025;51095;51700;51710;51740;51810,36.82,-77.99,37.35,-76.09,,,,,,,
184468,2023-08-28 20,2023-08-28 22,NC,1,2,0,0,0,1,37009,36.27,-81.57,36.379999999999995,-81.46000000000001,,,,,,,
182787,2023-08-28 21,2023-08-28 22,NM,1,2,0,0,0,1,35027,33.300000000000004,-105.69,33.41,-105.57000000000001,,,,,,,
184804,2023-08-28 22,2023-08-29 00,VA,1,1,0,0,8000,1,51173,36.82,-81.82,36.93,-81.71000000000001,,,,,,,
185131,2023-08-29 01,2023-08-29 01,CO,1,1,0,0,0,1,08101,38.190000000000005,-104.67999999999999,38.3,-104.57000000000001,,,,,,,
185263,2023-08-29 03,2023-08-29 07,NC,1,1,0,0,0,1,37015,35.92,-77.00999999999999,36.029999999999994,-76.9,,,,,,,
184334,2023-08-29 20,2023-08-30 00,WV,2,14,0,0,701500,2,54033;54091,39.24,-80.38,39.37,-79.98,,,,,,,
185134,2023-08-30 00,2023-08-30 01,NC,4,5,0,0,0,2,37069;37167,35.35,-80.21,36.09,-78.3,,,,,,,
182849,2023-08-30 05,2023-08-30 07,PA,1,1,0,0,0,1,42035,41.050000000000004,-77.57,41.18,-77.45,,,,,,,
184690,2023-08-30 15,2023-08-30 17,GA,18,19,0,0,750000,2,13019;13185,30.67,-83.35,31.37,-83.05,,,,,,,
184042,2023-08-30 18,2023-08-30 18,GA,1,1,0,0,0,1,13001,31.72,-82.42999999999999,31.84,-82.3,,,,,,,
185145,2023-08-30 21,2023-08-30 23,GA,2,2,0,0,115000,2,13031;13043,32.36,-82.23,32.55,-81.6,,,,,,,
185144,2023-08-30 22,2023-08-31 09,SC,4,5,0,0,120000,3,45029;45035;45049,32.85,-81.13,33.28,-80.54,,,,,,,
183419,2023-08-31 00,2023-08-31 05,SC,5,5,0,0,720000,2,45027;45075,33.29,-80.69,33.71,-80.21,,,,,,,
184733,2023-08-31 00,2023-08-31 01,AZ,1,0,0,0,0,1,04019,32.18,-110.88,32.309999999999995,-110.77,,,,,,,
184773,2023-08-31 02,2023-08-31 05,SC,4,4,0,0,0,1,45051,33.79,-79.21,34.06,-78.89,,,,,,,
184772,2023-08-31 05,2023-08-31 08,NC,5,5,0,0,0,3,37047;37141;37155,34.15,-79.05,34.45,-77.96,,,,,,,
185107,2023-08-31 07,2023-08-31 14,NC,19,19,0,0,0,6,37031;37055;37061;37095;37107;37133,34.7,-77.98,35.6,-75.46,,,,,,,
185354,2023-08-31 12,2023-08-31 14,NC,2,2,0,0,0,1,37163,34.660000000000004,-78.31,34.779999999999994,-78.14,,,,,,,
184855,2023-09-01 03,2023-09-01 06,AZ,6,4,0,0,30000,2,04013;04021,32.92,-112.21,33.87,-111.94,,,,,,,
186049,2023-09-01 10,2023-09-02 23,AZ,13,14,0,0,19000,1,04015,34.47,-114.48,37.0,-112.96,,,,,,,
186050,2023-09-01 13,2023-09-03 01,CA,20,20,0,0,1144000,1,06071,34.07,-117.03,35.98,-114.19,,,,,,,
186051,2023-09-01 14,2023-09-03 03,NV,15,40,2,0,673000,2,32003;32023,35.67,-116.19,36.71,-114.44,,,,,,,
184236,2023-09-01 19,2023-09-02 13,FL,2,2,0,0,0,2,12037;12133,29.65,-85.56,30.66,-84.86,,,,,,,
184588,2023-09-01 19,2023-09-01 20,FL,1,2,0,0,0,1,12001,29.599999999999998,-82.39999999999999,29.75,-82.29,,,,,,,
184235,2023-09-01 20,2023-09-01 22,AL,1,1,0,0,0,1,01069,31.21,-85.34,31.330000000000002,-85.21000000000001,,,,,,,
185762,2023-09-01 20,2023-09-02 04,CA,20,17,0,0,30136000,2,06025;06065,32.72,-116.0,33.78,-114.56,,,,,,,
185764,2023-09-01 20,2023-09-02 00,AZ,4,3,0,0,2000,1,04027,32.71,-114.47,32.98,-113.79,,,,,,,
185791,2023-09-01 22,2023-09-02 20,CA,4,7,0,0,0,1,06065,33.55,-116.28,33.76,-116.07,,,,,,,
186159,2023-09-01 23,2023-09-02 02,MS,1,4,0,0,100000,1,28105,33.410000000000004,-88.89,33.529999999999994,-88.78,,,,,,,
183851,2023-09-02 20,2023-09-04 16,UT,5,4,0,0,17500,3,49017;49035;49053,37.0,-113.01,40.51,-111.87,,,,,,,
185780,2023-09-02 20,2023-09-03 03,AZ,13,13,0,0,17000,2,04012;04027,32.67,-114.63,33.94,-113.82,,,,,,,
184777,2023-09-02 23,2023-09-03 03,AZ,3,2,0,0,500000,1,04005,35.29,-111.71,36.87,-111.59,,,,,,,
183034,2023-09-03 02,2023-09-04 23,NV,4,3,0,0,0,3,32013;32015;32023,38.76,-118.03,40.98,-117.09,,,,,,,
186059,2023-09-04 00,2023-09-04 02,ID,1,1,0,0,0,1,16071,42.17,-112.3,42.309999999999995,-112.2,,,,,,,
186161,2023-09-04 17,2023-09-04 21,LA,14,14,0,0,60000,2,22071;22103,29.96,-90.12,30.35,-89.75,,,,,,,
186212,2023-09-05 02,2023-09-05 04,WY,2,2,0,0,0,2,56019;56043,43.56,-107.37,43.76,-107.05,,,,,,,
184662,2023-09-05 23,2023-09-06 04,KY,1,4,0,0,40000,1,21047,36.93,-87.46,37.059999999999995,-87.33,,,,,,,
183458,2023-09-06 11,2023-09-06 14,IL,1,1,0,0,0,1,17031,41.42,-87.84,41.57,-87.73,,,,,,,
185105,2023-09-07 23,2023-09-07 23,PA,2,3,0,0,0,1,42003,40.53,-80.13,40.669999999999995,-79.98,,,,,,,
185685,2023-09-08 00,2023-09-08 02,VA,1,1,0,0,0,1,51760,37.480000000000004,-77.5,37.589999999999996,-77.39,,,,,,,
185253,2023-09-08 19,2023-09-08 20,NJ,2,3,0,0,0,1,34003,40.900000000000006,-74.13,41.04,-73.97,,,,,,,
185255,2023-09-08 20,2023-09-08 23,NY,4,4,0,0,0,1,36071,41.29,-74.69,41.39,-74.18,,,,,,,
183516,2023-09-08 22,2023-09-08 23,MA,2,1,0,0,0,1,25015,42.31,-72.64,42.449999999999996,-72.52,,,,,,,
183934,2023-09-08 22,2023-09-09 00,PA,3,3,0,0,0,1,42017,40.3,-75.19,40.43,-75.02,,,,,,,
184743,2023-09-08 22,2023-09-08 23,NH,1,0,0,0,0,1,33019,43.25,-72.42999999999999,43.36,-72.32000000000001,,,,,,,
183614,2023-09-08 23,2023-09-09 00,VA,1,1,0,0,0,1,51107,38.92,-77.55,39.029999999999994,-77.43,,,,,,,
183615,2023-09-08 23,2023-09-09 00,WV,1,1,0,0,0,1,54071,38.620000000000005,-79.25999999999999,38.73,-79.14,,,,,,,
184464,2023-09-09 01,2023-09-09 04,WV,1,1,0,0,200,1,54047,37.230000000000004,-81.5,37.349999999999994,-81.38000000000001,,,,,,,
185643,2023-09-09 14,2023-09-09 21,NC,5,8,0,0,0,1,37183,35.7,-78.83,35.87,-78.72,,,,,,,
183282,2023-09-09 19,2023-09-09 21,VA,2,1,0,0,0,1,51121,37.120000000000005,-80.48,37.26,-80.34,,,,,,,
183618,2023-09-09 19,2023-09-09 21,DC,1,1,0,0,0,1,11001,38.800000000000004,-77.03999999999999,38.91,-76.92,,,,,,,
183936,2023-09-09 20,2023-09-09 22,NJ,1,1,0,0,0,1,34007,39.82,-75.1,39.93,-74.99000000000001,,,,,,,
184447,2023-09-09 20,2023-09-12 19,WV,6,12,0,0,5400,5,54017;54039;54081;54083;54101,37.77,-81.68,39.2,-79.87,,,,,,,
184927,2023-09-09 20,2023-09-09 21,NC,1,0,0,0,0,1,37171,36.35,-80.61999999999999,36.459999999999994,-80.51,,,,,,,
183622,2023-09-09 21,2023-09-09 22,VA,1,1,0,0,0,1,51061,38.75,-77.86,38.879999999999995,-77.68,,,,,,,
183519,2023-09-09 22,2023-09-09 23,MA,1,0,0,0,0,1,25005,41.92,-71.38,42.029999999999994,-71.27,,,,,,,
184450,2023-09-09 22,2023-09-10 00,VA,1,1,0,0,1500,1,51027,37.17,-82.28999999999999,37.29,-82.18,,,,,,,
185877,2023-09-09 23,2023-09-10 05,PA,11,10,2,6,18860000,4,42015;42069;42079;42131,41.27,-76.3,41.56,-75.64,,,,,,,
183910,2023-09-10 00,2023-09-10 01,TN,1,1,0,0,0,1,47025,36.550000000000004,-83.73,36.66,-83.61,,,,,,,
186247,2023-09-10 02,2023-09-10 04,NC,1,2,0,0,5000,1,37179,35.01,-80.68,35.11,-80.52,,,,,,,
185759,2023-09-10 03,2023-09-10 06,NY,1,1,0,0,0,1,36027,41.64,-73.99,41.75,-73.88000000000001,,,,,,,
183575,2023-09-10 17,2023-09-10 19,RI,2,1,0,0,0,1,44007,41.760000000000005,-71.48,41.879999999999995,-71.36,,,,,,,
183574,2023-09-10 18,2023-09-10 19,MA,1,0,0,0,5000,1,25023,42.080000000000005,-70.89999999999999,42.19,-70.79,,,,,,,
185796,2023-09-10 21,2023-09-11 01,VA,2,2,0,0,0,2,51101;51199,37.16,-77.19,37.8,-76.45,,,,,,,
184026,2023-09-10 22,2023-09-11 00,PA,5,1,0,0,0,3,42017;42091;42101,39.99,-75.13,40.13,-74.96,,,,,,,
184025,2023-09-11 01,2023-09-11 04,NJ,7,7,0,0,30000,3,34005;34007;34015,39.81,-75.29,40.01,-74.76,,,,,,,
185572,2023-09-11 01,2023-09-11 03,KY,3,0,0,0,0,1,21013,36.550000000000004,-83.77,36.68,-83.65,,,,,,,
186146,2023-09-11 04,2023-09-11 05,NV,1,0,0,0,0,1,32021,38.160000000000004,-118.7,38.279999999999994,-118.57000000000001,,,,,,,
185878,2023-09-11 05,2023-09-11 07,PA,1,1,0,0,5000,1,42015,41.81,-76.56,41.919999999999995,-76.43,,,,,,,
185879,2023-09-11 09,2023-09-11 10,NY,1,1,0,0,7000,1,36025,42.300000000000004,-75.24,42.41,-75.13000000000001,,,,,,,
183578,2023-09-11 20,2023-09-12 01,RI,7,0,0,0,0,1,44007,41.800000000000004,-71.48,41.989999999999995,-71.35,,,,,,,
183577,2023-09-11 21,2023-09-12 02,MA,15,0,0,0,0,3,25001;25013;25027,42.08,-72.66,42.59,-71.73,,,,,,,
184145,2023-09-11 22,2023-09-11 23,NJ,1,0,0,0,0,1,34023,40.410000000000004,-74.35,40.519999999999996,-74.24000000000001,,,,,,,
185256,2023-09-11 22,2023-09-11 22,NY,1,2,0,0,0,1,36119,40.88,-73.94,40.989999999999995,-73.83,,,,,,,
184744,2023-09-11 23,2023-09-12 01,NH,3,3,0,0,0,1,33011,42.67,-71.64,42.82,-71.43,,,,,,,
185257,2023-09-11 23,2023-09-12 00,CT,3,4,0,0,0,1,09001,41.330000000000005,-73.57,41.449999999999996,-73.42,,,,,,,
185894,2023-09-12 03,2023-09-12 09,MN,2,5,0,0,350000,1,27137,46.75,-92.17999999999999,46.89,-92.04,,,,,,,
185644,2023-09-12 22,2023-09-13 01,NC,6,6,0,0,0,1,37081,36.0,-79.94,36.14,-79.76,,,,,,,
183624,2023-09-13 03,2023-09-13 05,MD,16,12,0,0,500000,3,24005;24031;24510,38.97,-77.37,39.4,-76.46,,,,,,,
185259,2023-09-13 11,2023-09-13 13,CT,8,8,0,0,0,2,09001;09009,41.38,-73.52,41.62,-72.96,,,,,,,
185709,2023-09-13 11,2023-09-13 17,AZ,3,3,0,0,1000,3,04007;04013;04021,33.41,-111.54,33.66,-111.0,,,,,,,
186542,2023-09-13 11,2023-09-13 14,CT,12,2,0,0,75000,1,09005,41.52,-73.39999999999999,41.65,-73.2,,,,,,,
183581,2023-09-13 13,2023-09-13 23,CT,18,0,0,0,0,2,09003;09015,41.65,-72.93,41.81,-72.05,,,,,,,
183447,2023-09-13 20,2023-09-13 20,NM,2,2,0,0,20000,1,35001,35.02,-106.78,35.19,-106.59,,,,,,,
183582,2023-09-13 21,2023-09-13 23,RI,3,0,0,0,0,1,44007,41.95,-71.57,42.059999999999995,-71.46000000000001,,,,,,,
184774,2023-09-13 21,2023-09-14 06,UT,4,4,0,0,46500,3,49025;49053;49055,37.0,-112.97,38.29,-111.19,,,,,,,
184780,2023-09-13 21,2023-09-14 05,AZ,3,3,0,0,0,2,04005;04025,34.49,-112.63,36.16,-111.37,,,,,,,
184745,2023-09-14 00,2023-09-21 01,ME,4,4,0,0,0,1,23007,44.6,-70.25,44.779999999999994,-70.08,,,,,,,
186054,2023-09-14 00,2023-09-14 03,AZ,1,1,0,0,250000,1,04015,36.940000000000005,-113.02,37.05,-112.91,,,,,,,
183613,2023-09-14 01,2023-09-14 03,SD,1,1,0,0,0,1,46033,43.74,-103.36999999999999,43.879999999999995,-103.23,,,,,,,
185992,2023-09-14 18,2023-09-14 21,GA,3,3,0,0,440000,1,13121,33.660000000000004,-84.47,33.839999999999996,-84.34,,,,,,,
184439,2023-09-14 19,2023-09-14 20,UT,1,0,0,0,12000,1,49037,37.150000000000006,-109.95,37.26,-109.84,,,,,,,
185715,2023-09-14 20,2023-09-14 22,CO,2,2,0,0,40000,2,08049;08069,40.2,-106.06,40.59,-105.32,,,,,,,
183771,2023-09-15 07,2023-09-16 00,TX,1,1,0,0,0,1,48303,33.54,-102.02,33.64,-101.89,,,,,,,
185993,2023-09-15 14,2023-09-15 16,GA,1,1,0,0,0,1,13125,33.17,-82.7,33.29,-82.57000000000001,,,,,,,
186150,2023-09-15 18,2023-09-15 19,TX,1,2,0,0,2000,1,48245,30.0,-94.19,30.12,-94.08,,,,,,,
183686,2023-09-15 21,2023-09-16 00,TX,4,3,0,0,2000,3,48015;48167;48201,29.3,-95.15,29.73,-94.77,,,,,,,
185903,2023-09-16 03,2023-09-16 03,TX,2,2,0,0,0,1,48479,27.42,-99.53999999999999,27.55,-99.39,,,,,,,
185673,2023-09-16 10,2023-09-16 12,TX,2,2,0,0,0,2,48135;48335,32.04,-102.42,32.46,-100.91,,,,,,,
185723,2023-09-16 18,2023-09-17 04,ME,3,5,0,0,0,1,23029,44.77,-67.32,45.05,-67.04,,,,,,,
183571,2023-09-17 13,2023-09-17 22,IL,2,13,0,0,50000000,1,17031,41.65,-87.67,41.9,-87.52,,,,,,,
184833,2023-09-17 14,2023-09-17 22,IN,1,0,0,0,10000000,1,18089,41.52,-87.58,41.709999999999994,-87.47,,,,,,,
184493,2023-09-17 17,2023-09-17 17,SC,1,1,0,0,0,1,45079,33.93,-81.08,34.04,-80.97,,,,,,,
186055,2023-09-20 22,2023-09-20 22,NV,1,3,0,0,5000,1,32003,35.95,-115.17999999999999,36.08,-115.07000000000001,,,,,,,
185757,2023-09-21 22,2023-09-22 01,NE,1,0,0,0,0,1,31145,40.13,-100.67999999999999,40.25,-100.57000000000001,,,,,,,
185015,2023-09-22 00,2023-09-22 02,KS,1,1,0,0,0,1,20017,38.35,-96.45,38.459999999999994,-96.34,,,,,,,
186141,2023-09-22 00,2023-09-22 01,TX,1,1,0,0,100000,1,48181,33.690000000000005,-96.59,33.809999999999995,-96.48,,,,,,,
185138,2023-09-22 03,2023-09-22 08,NE,1,0,0,0,0,1,31019,40.68,-99.17999999999999,40.79,-98.99000000000001,,,,,,,
184761,2023-09-22 08,2023-09-22 15,IL,1,0,0,0,0,1,17107,39.99,-89.32,40.12,-89.14,,,,,,,
185681,2023-09-23 12,2023-09-23 21,NC,10,10,0,0,0,2,37031;37147,34.64,-77.42,35.62,-77.06,,,,,,,
185645,2023-09-23 15,2023-09-23 17,NC,8,8,0,0,30000,3,37083;37183;37195,35.64,-78.73,36.13,-77.41,,,,,,,
185918,2023-09-23 16,2023-09-24 02,VA,6,6,0,0,0,5,51041;51053;51081;51175;51760,36.7,-77.59,37.54,-77.0,,,,,,,
185604,2023-09-24 00,2023-09-24 07,OK,5,5,0,0,40000,3,40091;40111;40121,34.84,-96.08,35.75,-95.58,,,,,,,
185899,2023-09-24 11,2023-09-24 22,MN,6,5,0,0,270000,1,27137,46.8,-92.14,46.97,-91.88,,,,,,,
185567,2023-09-25 09,2023-09-25 09,TX,1,1,0,0,0,1,48267,30.349999999999998,-99.71,30.46,-99.60000000000001,,,,,,,
186167,2023-09-25 10,2023-09-25 12,LA,1,1,0,0,0,1,22105,30.419999999999998,-90.53999999999999,30.54,-90.42,,,,,,,
186079,2023-09-26 23,2023-09-27 00,TX,1,2,0,0,0,1,48141,31.72,-106.58,31.84,-106.47,,,,,,,
184667,2023-09-28 11,2023-09-28 17,KY,2,1,0,0,10000,2,21047;21219,36.77,-87.52,36.9,-87.2,,,,,,,
185266,2023-09-29 12,2023-09-29 22,NY,57,61,0,0,0,7,36005;36047;36059;36081;36087;36103;36119,40.58,-74.07,41.17,-73.28,,,,,,,
185264,2023-09-29 13,2023-09-29 13,NJ,1,2,0,0,0,1,34003,41.010000000000005,-74.19,41.12,-74.08,,,,,,,
185267,2023-09-29 16,2023-09-29 21,CT,4,3,0,0,0,1,09001,41.32,-73.55,41.449999999999996,-73.4,,,,,,,
184638,2023-10-02 08,2023-10-02 16,TX,1,0,0,0,0,1,48303,33.440000000000005,-102.00999999999999,33.589999999999996,-101.89,,,,,,,
186571,2023-10-02 20,2023-10-03 02,NM,5,5,0,0,25000,2,35015;35025,32.39,-104.43,32.97,-103.37,,,,,,,
186572,2023-10-03 06,2023-10-03 06,TX,1,1,0,0,50000,1,48165,32.88,-102.64,33.01,-102.53,,,,,,,
186573,2023-10-03 22,2023-10-04 00,TX,3,3,0,0,0,2,48227;48335,32.31,-101.39,32.42,-100.88,,,,,,,
186588,2023-10-04 12,2023-10-05 01,TX,4,4,0,0,20000,2,48135;48415,31.84,-102.35,32.91,-100.94,,,,,,,
186457,2023-10-04 16,2023-10-04 18,AR,2,2,0,0,0,2,05081;05091,33.47,-94.29,33.67,-93.96,,,,,,,
186458,2023-10-04 16,2023-10-05 09,TX,7,7,0,0,0,5,48037;48343;48387;48423;48499,32.34,-95.64,33.61,-94.06,,,,,,,
185688,2023-10-04 21,2023-10-05 02,OK,5,6,0,0,25000,5,40019;40031;40049;40123;40137,34.17,-98.44,34.78,-96.65,,,,,,,
186602,2023-10-05 20,2023-10-05 22,TX,2,2,0,0,0,1,48479,27.52,-99.58,27.650000000000002,-99.38000000000001,,,,,,,
186625,2023-10-05 20,2023-10-05 21,TX,1,0,0,0,15000,1,48061,25.849999999999998,-97.57,25.96,-97.45,,,,,,,
186632,2023-10-07 05,2023-10-07 07,NY,2,2,0,0,0,1,36049,43.49,-75.46,43.62,-75.28,,,,,,,
186654,2023-10-08 10,2023-10-08 12,ME,1,1,0,0,0,1,23009,44.42,-68.48,44.529999999999994,-68.36,,,,,,,
186339,2023-10-12 20,2023-10-12 22,NE,4,4,0,0,500000,2,31041;31071,41.37,-99.64,41.78,-99.13,,,,,,,
186589,2023-10-23 18,2023-10-23 18,TX,1,1,0,0,0,1,48329,31.73,-102.65,31.94,-102.51,,,,,,,
186290,2023-10-24 19,2023-10-24 23,OK,2,2,0,0,0,1,40071,36.67,-97.14999999999999,36.839999999999996,-96.99000000000001,,,,,,,
186792,2023-10-24 20,2023-10-24 20,MI,1,1,0,0,0,1,26055,44.71,-85.67999999999999,44.82,-85.56,,,,,,,
186663,2023-10-25 08,2023-10-25 11,KS,1,1,0,0,0,1,20139,38.46,-95.92,38.599999999999994,-95.81,,,,,,,
186527,2023-10-26 00,2023-10-26 16,TX,2,1,0,0,0,1,48267,30.47,-99.77,30.59,-99.59,,,,,,,
186386,2023-10-26 04,2023-10-26 21,TX,9,8,0,0,0,5,48137;48171;48209;48453;48465,29.83,-101.02,30.46,-97.62,,,,,,,
187096,2023-11-14 22,2023-11-15 01,FL,1,3,0,0,0,1,12011,26.169999999999998,-80.19,26.28,-80.04,,,,,,,
187097,2023-11-16 02,2023-11-16 04,FL,1,3,0,0,0,1,12086,25.68,-80.27,25.830000000000002,-80.08,,,,,,,
186761,2023-11-19 15,2023-11-19 19,UT,1,3,0,0,0,1,49053,37.1,-113.09,37.23,-112.97,,,,,,,
186252,2023-11-30 20,2023-12-01 03,TX,2,1,0,0,5000,2,48071;48167,29.3,-94.83,29.83,-94.39,,,,,,,
187269,2023-12-01 03,2023-12-01 04,TX,1,1,0,0,0,1,48245,29.83,-94.38,29.95,-94.26,,,,,,,
187074,2023-12-01 05,2023-12-01 05,LA,1,1,0,0,0,1,22019,30.07,-93.31,30.19,-93.2,,,,,,,
187801,2023-12-01 07,2023-12-01 08,LA,1,1,0,0,5000,1,22055,30.099999999999998,-92.11,30.25,-92.0,,,,,,,
187773,2023-12-01 10,2023-12-01 12,LA,1,1,0,0,60000,1,22033,30.36,-91.16,30.470000000000002,-91.05,,,,,,,
187776,2023-12-02 12,2023-12-02 14,LA,1,1,0,0,0,1,22071,29.89,-90.16,30.0,-90.05,,,,,,,
186764,2023-12-02 14,2023-12-02 22,FL,4,4,0,0,0,3,12005;12073;12129,30.18,-85.83,30.4,-84.33,,,,,,,
187675,2023-12-10 21,2023-12-11 00,VA,1,1,0,0,0,1,51087,37.59,-77.66,37.699999999999996,-77.54,,,,,,,
187668,2023-12-17 16,2023-12-18 03,SC,8,8,1,0,40000,1,45019,32.77,-79.98,33.13,-79.46,,,,,,,
187746,2023-12-17 17,2023-12-17 22,SC,9,9,0,0,0,2,45043;45051,33.36,-79.3,34.05,-78.97,,,,,,,
187584,2023-12-18 00,2023-12-18 02,NC,3,3,0,0,0,2,37163;37191,35.18,-78.44,35.51,-78.05,,,,,,,
187598,2023-12-18 02,2023-12-18 04,NC,6,6,0,0,0,1,37061,34.99,-78.18,35.22,-78.04,,,,,,,
187770,2023-12-18 04,2023-12-18 13,VA,8,8,0,0,0,7,51001;51093;51131;51650;51710;51740;51800,36.64,-76.73,37.89,-75.54,,,,,,,
187772,2023-12-18 07,2023-12-18 10,MD,1,1,0,0,0,1,24045,38.31,-75.64999999999999,38.419999999999995,-75.54,,,,,,,
187771,2023-12-18 08,2023-12-18 08,NC,1,1,0,0,0,1,37041,36.06,-76.67,36.18,-76.56,,,,,,,
187410,2023-12-18 09,2023-12-18 15,NY,11,11,0,0,0,4,36071;36079;36087;36119,40.93,-74.13,41.43,-73.81,,,,,,,
187411,2023-12-18 09,2023-12-18 15,NJ,17,16,0,0,0,5,34003;34013;34017;34031;34039,40.59,-74.3,41.04,-74.04,,,,,,,
187756,2023-12-18 11,2023-12-18 18,NY,18,21,0,0,115000,9,36007;36023;36025;36053;36065;36067;36077;36105;36109,41.55,-76.48,43.2,-74.46,,,,,,,
187757,2023-12-18 11,2023-12-18 18,PA,22,23,0,0,313000,6,42015;42069;42079;42115;42127;42131,40.98,-76.54,42.0,-75.3,,,,,,,
186568,2023-12-18 13,2023-12-19 05,ME,17,6,0,0,2050000,3,23007;23017;23025,44.38,-71.01,45.24,-69.86,,,,,,,
187412,2023-12-18 13,2023-12-18 15,CT,3,3,0,0,0,1,09009,41.290000000000006,-73.05,41.43,-72.92,,,,,,,
186569,2023-12-18 14,2023-12-19 00,NH,13,1,0,0,1090000,3,33003;33007;33009,43.59,-71.83,44.42,-71.14,,,,,,,
187816,2023-12-18 19,2023-12-19 07,ME,1,0,0,0,0,1,23021,45.01,-69.64,45.24,-68.88,,,,,,,
187863,2023-12-21 10,2023-12-21 23,CA,11,13,0,0,0,2,06083;06111,34.18,-119.73,34.46,-118.92,,,,,,,
186926,2023-12-22 10,2023-12-22 12,CA,1,1,0,0,1000,1,06071,34.050000000000004,-116.55,34.16,-116.44,,,,,,,
187715,2023-12-22 10,2023-12-22 23,CA,2,1,0,0,0,2,06065;06071,33.84,-116.6,34.11,-116.4,,,,,,,
187792,2023-12-22 23,2023-12-23 01,AZ,1,0,0,0,0,1,04027,32.63,-114.47,32.739999999999995,-114.35000000000001,,,,,,,
188493,2024-01-08 19,2024-01-08 22,LA,2,2,0,0,0,2,22019;22101,29.79,-93.23,30.2,-91.48,,,,,,,
188238,2024-01-08 23,2024-01-09 09,LA,5,7,0,0,20000,2,22095;22103,30.05,-90.47,30.47,-89.74,,,,,,,
188399,2024-01-09 04,2024-01-09 07,MS,2,2,0,0,11000,2,28061;28085,31.57,-90.43,31.98,-89.28,,,,,,,
187007,2024-01-09 11,2024-01-09 14,AL,2,5,0,0,0,2,01001;01051,32.41,-86.42,32.76,-86.05,,,,,,,
186964,2024-01-09 13,2024-01-09 15,AL,1,1,0,0,0,1,01031,31.29,-86.02,31.470000000000002,-85.9,,,,,,,
188328,2024-01-09 14,2024-01-09 20,GA,5,5,0,0,0,2,13231;13297,33.12,-84.47,33.89,-83.71,,,,,,,
188566,2024-01-09 15,2024-01-10 02,NC,11,28,0,0,52000,11,37003;37025;37027;37035;37045;37071;37089;37097;37119;37149;37159,35.09,-82.59,35.96,-80.34,,,,,,,
188750,2024-01-09 17,2024-01-10 00,SC,7,29,0,0,147000,7,45021;45045;45059;45073;45077;45083;45091,34.68,-83.12,35.18,-81.07,,,,,,,
186937,2024-01-09 18,2024-01-09 22,NC,4,5,0,0,50000,3,37157;37169;37171,36.25,-80.81,36.44,-79.66,,,,,,,
186883,2024-01-09 19,2024-01-09 22,SC,4,3,0,0,24400,1,45057,34.66,-80.87,35.01,-80.77,,,,,,,
187586,2024-01-09 19,2024-01-10 02,NC,12,12,0,0,165000,7,37001;37057;37067;37081;37135;37151;37183,35.63,-80.32,36.21,-78.68,,,,,,,
186935,2024-01-09 20,2024-01-10 01,VA,3,22,0,0,155000,3,51031;51089;51143,36.54,-79.93,37.34,-78.87,,,,,,,
188414,2024-01-09 22,2024-01-10 07,VA,17,17,1,0,5000,10,51036;51041;51053;51085;51117;51145;51147;51550;51570;51810,36.58,-78.55,37.87,-76.07,,,,,,,
187413,2024-01-10 04,2024-01-10 06,NY,4,4,0,0,0,1,36059,40.65,-73.73,40.78,-73.44,,,,,,,
187023,2024-01-10 05,2024-01-10 15,RI,1,0,0,0,0,1,44001,41.93,-71.47,42.04,-71.35000000000001,,,,,,,
186888,2024-01-10 14,2024-01-10 15,ME,2,0,0,0,400000,2,23005;23031,43.32,-70.63,43.68,-70.25,,,,,,,
187100,2024-01-13 08,2024-01-13 15,RI,1,0,0,0,0,1,44007,41.74,-71.49,41.86,-71.38000000000001,,,,,,,
188407,2024-01-13 16,2024-01-13 17,ME,2,0,0,0,250000,2,23005;23031,43.19,-70.59,43.68,-70.24,,,,,,,
188592,2024-01-22 07,2024-01-24 18,TX,20,21,0,0,0,5,48029;48149;48177;48209;48285,29.22,-98.62,30.17,-96.65,,,,,,,
187884,2024-01-22 16,2024-01-22 23,CA,16,17,2,0,30530000,1,06073,32.65,-117.31,33.19,-116.98,,,,,,,
188518,2024-01-23 20,2024-01-24 23,TX,9,9,0,0,0,5,48005;48073;48203;48405;48419,31.32,-95.25,32.62,-94.11,,,,,,,
188517,2024-01-23 21,2024-01-24 00,LA,2,2,0,0,0,1,22017,32.400000000000006,-94.0,32.559999999999995,-93.81,,,,,,,
188516,2024-01-24 00,2024-01-24 03,AR,2,2,0,0,0,2,05057;05073,33.03,-93.63,33.52,-93.49000000000001,,,,,,,
187243,2024-01-24 01,2024-01-24 13,TX,21,19,1,0,0,6,48015;48185;48373;48455;48471;48477,29.96,-96.51,31.06,-94.88,,,,,,,
188495,2024-01-24 10,2024-01-25 12,TX,5,13,0,0,0,3,48241;48245;48361,29.91,-94.32,30.48,-93.86,,,,,,,
188496,2024-01-24 11,2024-01-27 06,LA,7,27,0,0,15000,6,22003;22009;22019;22023;22039;22097,30.05,-93.29,31.09,-91.85,,,,,,,
187902,2024-01-24 13,2024-01-24 20,MS,19,18,0,0,329000,10,28021;28029;28037;28049;28077;28085;28091;28121;28123;28127,31.23,-91.14,32.43,-89.71,,,,,,,
188471,2024-01-24 13,2024-01-25 00,LA,20,20,0,0,660000,5,22057;22077;22093;22103;22105,29.77,-91.8,30.96,-90.03,,,,,,,
188470,2024-01-24 14,2024-01-24 17,MS,3,3,0,0,100000,1,28157,31.11,-91.53,31.25,-91.29,,,,,,,
187336,2024-01-26 05,2024-01-27 05,IL,1,0,0,0,250000,1,17197,41.290000000000006,-88.3,41.43,-88.12,,,,,,,
188468,2024-01-27 17,2024-01-27 19,FL,2,2,0,0,0,1,12113,30.77,-87.11,30.92,-86.87,,,,,,,
189402,2024-02-01 14,2024-02-01 19,CA,5,16,0,0,0,1,06037,33.78,-118.59,34.43,-118.2,,,,,,,
189034,2024-02-01 15,2024-02-01 19,CA,2,2,0,0,0,1,06059,33.64,-118.12,33.8,-117.91,,,,,,,
188991,2024-02-04 00,2024-02-04 03,LA,6,5,0,0,0,3,22051;22071;22087,29.9,-90.17,30.01,-89.96,,,,,,,
189405,2024-02-04 19,2024-02-06 07,CA,23,93,0,0,0,4,06037;06079;06083;06111,34.02,-120.58,35.0,-117.74,,,,,,,
189068,2024-02-06 21,2024-02-07 08,CA,2,1,0,0,3000,2,06027;06071,34.88,-117.01,36.47,-116.85,,,,,,,
187583,2024-02-11 22,2024-02-12 14,AL,5,11,0,0,0,4,01081;01087;01101;01113,32.13,-86.02,32.75,-85.0,,,,,,,
188989,2024-02-11 23,2024-02-12 00,LA,1,2,0,0,0,1,22079,31.31,-92.23,31.44,-92.10000000000001,,,,,,,
189204,2024-02-12 00,2024-02-12 15,GA,15,18,0,0,20000,6,13149;13215;13231;13255;13263;13285,32.49,-85.21,33.36,-84.27,,,,,,,
189442,2024-02-12 03,2024-02-12 10,MS,3,2,0,0,27000,3,28023;28029;28049,31.98,-90.34,32.11,-88.73,,,,,,,
188679,2024-02-12 14,2024-02-12 17,AL,18,19,0,0,125000,2,01061;01069,31.01,-85.72,31.29,-85.22,,,,,,,
188680,2024-02-12 15,2024-02-12 19,GA,10,10,0,0,0,5,13037;13095;13099;13177;13273,31.39,-84.96,31.74,-84.1,,,,,,,
187632,2024-02-12 23,2024-02-13 02,TN,1,5,0,0,0,1,47141,36.1,-85.64999999999999,36.2,-85.45,,,,,,,
192501,2024-02-19 02,2024-02-21 17,CA,20,40,0,0,0,4,06037;06079;06083;06111,34.11,-120.72,35.72,-117.98,,,,,,,
188075,2024-02-28 13,2024-02-28 15,KY,2,3,0,0,0,1,21043,38.230000000000004,-83.23,38.37,-83.09,,,,,,,
188077,2024-02-28 14,2024-02-28 18,WV,1,2,0,0,0,1,54079,38.38,-81.89,38.489999999999995,-81.77,,,,,,,
190009,2024-03-04 23,2024-03-05 09,LA,7,7,0,0,0,2,22051;22071,29.89,-90.16,30.03,-89.96000000000001,,,,,,,
188153,2024-03-05 23,2024-03-06 02,IN,2,0,0,0,20000,2,18027;18055,38.63,-87.22,38.99,-87.08,,,,,,,
189555,2024-03-06 01,2024-03-06 03,KY,1,1,0,0,0,1,21101,37.75,-87.64,37.87,-87.49000000000001,,,,,,,
188174,2024-03-06 20,2024-03-06 22,CA,2,2,0,0,0,1,06053,36.63,-121.72,36.82,-121.60000000000001,,,,,,,
190044,2024-03-07 18,2024-03-07 20,TX,2,2,0,0,0,2,48059;48441,32.35,-99.76,32.459999999999994,-99.49,,,,,,,
188986,2024-03-07 23,2024-03-08 02,TX,1,1,0,0,0,1,48439,32.92,-97.3,33.029999999999994,-97.19,,,,,,,
192509,2024-03-08 00,2024-03-08 01,CA,1,2,0,0,0,1,06037,34.080000000000005,-118.09,34.19,-117.97,,,,,,,
190789,2024-03-08 15,2024-03-09 00,MS,20,31,0,0,260000,9,28021;28049;28061;28073;28075;28077;28101;28121;28123,31.33,-90.92,32.57,-88.73,,,,,,,
190013,2024-03-08 22,2024-03-09 00,MS,1,1,0,0,0,1,28113,31.279999999999998,-90.56,31.39,-90.45,,,,,,,
190014,2024-03-08 22,2024-03-09 00,LA,1,1,0,0,0,1,22117,30.89,-90.35,31.0,-90.24000000000001,,,,,,,
189149,2024-03-09 08,2024-03-09 18,GA,16,17,0,0,0,10,13007;13017;13095;13099;13177;13185;13205;13239;13273;13287,30.86,-85.05,31.98,-83.24,,,,,,,
189146,2024-03-09 10,2024-03-09 13,AL,9,9,0,0,0,4,01031;01061;01067;01069,31.01,-86.17,31.56,-85.2,,,,,,,
190184,2024-03-09 13,2024-03-09 15,SC,3,2,0,0,20000,1,45019,32.71,-79.94,32.849999999999994,-79.83,,,,,,,
188131,2024-03-10 14,2024-03-10 18,ME,2,0,0,0,20000,1,23005,43.78,-70.36,43.92,-70.24,,,,,,,
188868,2024-03-15 00,2024-03-15 04,AR,2,2,0,0,0,1,05131,35.290000000000006,-94.48,35.4,-94.35000000000001,,,,,,,
189802,2024-03-15 01,2024-03-15 02,OH,1,0,0,0,0,1,39077,40.99,-82.56,41.099999999999994,-82.45,,,,,,,
189660,2024-03-15 02,2024-03-15 05,OK,1,1,0,0,0,1,40069,34.220000000000006,-96.53999999999999,34.33,-96.42,,,,,,,
189144,2024-03-15 03,2024-03-15 04,AR,4,4,0,0,0,1,05119,34.800000000000004,-92.41,34.98,-92.21,,,,,,,
189143,2024-03-15 04,2024-03-15 06,TX,2,2,0,0,0,1,48277,33.56,-95.61,33.7,-95.45,,,,,,,
188313,2024-03-15 10,2024-03-15 18,AL,2,0,0,0,0,1,01089,34.730000000000004,-86.77,34.919999999999995,-86.62,,,,,,,
190501,2024-03-15 10,2024-03-15 13,AR,7,7,0,0,0,4,05027;05073;05091;05139,33.04,-93.91,33.28,-92.67,,,,,,,
190502,2024-03-15 10,2024-03-15 13,LA,2,2,0,0,0,2,22017;22119,32.89,-93.99,33.01,-93.45,,,,,,,
190500,2024-03-15 11,2024-03-15 13,TX,3,3,0,0,0,2,48067;48315,32.79,-94.33,32.92,-94.12,,,,,,,
189869,2024-03-23 02,2024-03-23 02,FL,1,1,0,0,0,1,12099,26.56,-80.11,26.73,-80.0,,,,,,,
189255,2024-03-25 23,2024-03-26 01,MS,1,1,0,0,5000,1,28151,33.34,-91.11,33.449999999999996,-91.0,,,,,,,
190974,2024-03-26 00,2024-03-26 01,LA,1,1,0,0,5000,1,22041,32.39,-91.69,32.58,-91.56,,,,,,,
195298,2024-03-30 12,2024-03-31 05,CA,4,5,0,0,0,2,06037;06083,34.15,-119.64,34.43,-118.13,,,,,,,
189855,2024-03-30 16,2024-03-30 19,CA,2,2,0,0,0,1,06073,32.620000000000005,-117.21,32.779999999999994,-117.06,,,,,,,
190550,2024-04-01 12,2024-04-01 15,OH,1,1,0,0,2000,1,39059,39.910000000000004,-81.36,40.029999999999994,-81.25,,,,,,,
189023,2024-04-02 01,2024-04-02 06,MO,2,2,0,0,40000,1,29141,38.32,-92.83,38.44,-92.64,,,,,,,
190266,2024-04-02 07,2024-04-02 07,MO,1,9,0,0,1000,1,29189,38.56,-90.51,38.69,-90.36,,,,,,,
189725,2024-04-02 13,2024-04-03 09,PA,34,21,0,0,92000,9,42003;42005;42007;42019;42031;42051;42063;42065;42125,40.01,-80.45,41.28,-78.91,,,,,,,
189704,2024-04-02 15,2024-04-02 17,OH,1,0,0,0,0,1,39087,38.510000000000005,-82.78,38.62,-82.66,,,,,,,
189724,2024-04-02 22,2024-04-03 04,OH,34,44,0,0,2000,10,39013;39019;39031;39059;39067;39081;39111;39119;39121;39157,39.56,-82.24,40.52,-80.63,,,,,,,
189726,2024-04-02 22,2024-04-03 08,WV,9,8,0,0,5658000,5,54009;54029;54051;54069;54103,39.54,-80.87,40.54,-80.55,,,,,,,
190047,2024-04-02 22,2024-04-02 23,OH,1,0,0,0,30000,1,39061,39.040000000000006,-84.59,39.18,-84.46000000000001,,,,,,,
190824,2024-04-08 17,2024-04-08 19,MS,1,1,0,0,5000,1,28043,33.7,-89.86999999999999,33.809999999999995,-89.74000000000001,,,,,,,
191016,2024-04-09 02,2024-04-10 00,TX,7,7,0,0,0,4,48203;48401;48419;48423,31.79,-95.24,32.55,-94.09,,,,,,,
191015,2024-04-09 03,2024-04-10 12,LA,12,12,0,0,0,6,22015;22017;22043;22059;22073;22081,31.47,-93.92,32.55,-92.06,,,,,,,
190689,2024-04-09 13,2024-04-10 21,TX,11,11,1,0,225000,7,48001;48027;48113;48139;48145;48161;48309,31.08,-97.48,32.92,-95.49,,,,,,,
190826,2024-04-09 15,2024-04-10 09,AR,2,2,0,0,15000,1,05017,33.470000000000006,-91.5,33.589999999999996,-91.39,,,,,,,
190827,2024-04-10 01,2024-04-10 18,LA,3,3,0,0,31000,2,22035;22083,32.4,-91.74,32.82,-91.16,,,,,,,
192256,2024-04-10 05,2024-04-10 19,MS,10,11,0,0,102000,5,28049;28089;28097;28149;28163,32.3,-90.8,33.62,-89.69,,,,,,,
190800,2024-04-10 06,2024-04-10 18,TX,6,21,0,0,750000,4,48199;48241;48351;48457,30.34,-94.61,30.9,-93.7,,,,,,,
190812,2024-04-10 07,2024-04-10 16,LA,5,6,0,0,5000,4,22011;22039;22079;22115,30.66,-93.37,31.4,-92.25,,,,,,,
190735,2024-04-10 12,2024-04-10 15,MS,2,2,0,0,0,1,28081,34.24,-88.8,34.39,-88.62,,,,,,,
190698,2024-04-10 13,2024-04-10 18,LA,21,23,0,0,50000,8,22033;22051;22071;22087;22089;22095;22103;22105,29.94,-91.19,30.5,-89.74,,,,,,,
190699,2024-04-10 15,2024-04-10 16,MS,1,1,0,0,0,1,28109,30.47,-89.72,30.580000000000002,-89.61,,,,,,,
191299,2024-04-10 19,2024-04-10 20,MS,2,2,0,0,0,1,28131,30.79,-89.14,30.91,-88.99000000000001,,,,,,,
190172,2024-04-11 00,2024-04-11 03,AL,1,1,0,0,0,1,01069,31.07,-85.50999999999999,31.18,-85.4,,,,,,,
190398,2024-04-11 00,2024-04-11 14,FL,61,63,0,0,3750000,10,12005;12039;12045;12059;12063;12065;12073;12079;12123;12129,29.81,-85.87,30.98,-83.22,,,,,,,
190397,2024-04-11 01,2024-04-11 13,GA,53,56,0,0,0,13,13007;13019;13027;13095;13131;13173;13177;13185;13201;13205;13275;13277;13321,30.68,-84.86,31.76,-83.09,,,,,,,
189709,2024-04-11 12,2024-04-12 19,WV,51,67,0,0,28000,15,54005;54015;54017;54021;54033;54035;54039;54043;54059;54079;54085;54087;54099;54105;54107,37.57,-82.46,39.43,-80.48,,,,,,,
189729,2024-04-11 21,2024-04-12 09,PA,50,83,0,0,1169000,9,42003;42005;42007;42019;42031;42059;42073;42121;42125,39.85,-80.45,41.18,-79.36,,,,,,,
189730,2024-04-11 21,2024-04-12 08,WV,22,24,0,0,2695000,7,54009;54029;54049;54051;54061;54069;54103,39.45,-80.89,40.43,-80.2,,,,,,,
189708,2024-04-12 00,2024-04-12 12,VA,5,6,0,0,11500,2,51027;51051,37.07,-82.37,37.44,-81.98,,,,,,,
189432,2024-04-12 16,2024-04-12 19,ME,4,1,0,0,0,1,23007,44.72,-70.86,45.12,-70.22,,,,,,,
191231,2024-04-12 21,2024-04-12 22,NH,1,0,0,0,5000,1,33003,43.870000000000005,-71.17,43.989999999999995,-71.06,,,,,,,
189690,2024-04-15 03,2024-04-15 06,ID,1,0,0,0,8000000,1,16049,46.1,-116.11,46.239999999999995,-116.0,,,,,,,
191167,2024-04-16 01,2024-04-16 01,KY,1,1,0,0,0,1,21185,38.32,-85.41,38.459999999999994,-85.28,,,,,,,
189641,2024-04-16 07,2024-04-16 19,NE,3,3,0,0,2000000,2,31027;31179,42.09,-97.19,42.43,-96.94,,,,,,,
189075,2024-04-16 18,2024-04-17 21,NC,1,0,0,0,0,1,37009,36.49,-81.72,36.599999999999994,-81.61,,,,,,,
189710,2024-04-17 23,2024-04-18 04,OH,3,4,0,0,2750,3,39009;39127;39163,39.31,-82.59,39.75,-82.11,,,,,,,
193271,2024-04-18 18,2024-04-18 22,AR,2,2,0,0,126000,2,05003;05017,33.1,-91.84,33.23,-91.26,,,,,,,
190943,2024-04-25 17,2024-04-26 01,MO,6,6,0,0,0,4,29043;29077;29097;29109,37.03,-94.17,37.21,-93.19,,,,,,,
190938,2024-04-26 03,2024-04-26 05,KS,1,1,0,0,0,1,20011,37.95,-94.81,38.059999999999995,-94.7,,,,,,,
190485,2024-04-26 05,2024-04-26 10,NE,2,2,0,0,350000,1,31079,40.760000000000005,-98.68,40.959999999999994,-98.25,,,,,,,
190944,2024-04-26 12,2024-04-26 21,MO,3,3,0,0,0,2,29097;29217,37.22,-94.42,37.85,-94.24,,,,,,,
190739,2024-04-26 21,2024-04-28 03,TX,2,2,0,0,0,2,48207;48411,31.09,-99.86,33.19,-98.59,,,,,,,
190922,2024-04-26 21,2024-04-28 23,TX,19,16,0,0,4825000,9,48027;48113;48161;48217;48257;48293;48349;48439;48467,30.87,-97.45,32.82,-95.71,,,,,,,
191129,2024-04-27 00,2024-04-27 02,TX,4,4,0,0,0,3,48159;48449;48499,32.89,-95.27,33.15,-94.96,,,,,,,
189849,2024-04-27 22,2024-04-28 11,OK,14,10,0,0,10000,5,40069;40071;40099;40123;40137,34.18,-98.0,36.89,-96.61,,,,,,,
189850,2024-04-27 22,2024-04-28 04,TX,1,1,0,0,20000,1,48275,33.36,-99.88,33.48,-99.77,,,,,,,
189933,2024-04-28 01,2024-04-28 08,KS,3,2,0,0,0,3,20019;20049;20205,37.24,-96.49,37.51,-95.73,,,,,,,
189612,2024-04-28 03,2024-04-28 05,TX,1,1,0,0,0,1,48433,33.06,-100.25999999999999,33.199999999999996,-100.15,,,,,,,
189858,2024-04-28 03,2024-04-28 05,IL,1,1,0,0,0,1,17167,39.800000000000004,-89.38,39.91,-89.24000000000001,,,,,,,
190940,2024-04-28 03,2024-04-28 13,KS,1,2,0,0,0,1,20011,37.78,-94.78,37.9,-94.66,,,,,,,
190945,2024-04-28 03,2024-04-28 09,MO,2,2,0,0,0,1,29217,37.78,-94.38,37.919999999999995,-94.25,,,,,,,
190119,2024-04-28 05,2024-04-28 11,OK,8,8,0,0,20000,5,40021;40101;40107;40121;40143,34.83,-96.32,36.16,-95.02,,,,,,,
189495,2024-04-29 01,2024-04-29 13,TX,21,25,0,0,120000,9,48041;48071;48167;48201;48313;48373;48407;48455;48471,29.38,-96.33,31.19,-94.89,,,,,,,
191132,2024-04-29 02,2024-04-29 05,TX,3,3,0,0,0,2,48005;48347,31.3,-94.86,31.61,-94.64,,,,,,,
191131,2024-04-29 04,2024-04-29 05,LA,1,1,0,0,0,1,22013,32.28,-93.33,32.39,-93.19,,,,,,,
190842,2024-04-29 06,2024-04-29 12,TX,6,24,0,0,315000,5,48199;48241;48245;48361;48457,29.97,-94.69,30.97,-93.78,,,,,,,
190947,2024-04-29 06,2024-04-29 15,MO,1,1,0,0,0,1,29153,36.650000000000006,-92.72,36.769999999999996,-92.61,,,,,,,
190843,2024-04-29 08,2024-04-29 13,LA,2,2,0,0,0,2,22019;22115,30.34,-93.38,30.97,-93.11,,,,,,,
191324,2024-04-30 19,2024-04-30 20,FL,3,0,0,0,0,1,12091,30.36,-86.67999999999999,30.470000000000002,-86.55,,,,,,,
189851,2024-05-01 03,2024-05-01 05,OK,2,1,0,0,0,2,40031;40141,34.37,-98.75,34.64,-98.56,,,,,,,
189683,2024-05-01 23,2024-05-02 03,TX,2,4,0,0,0,2,48107;48191,33.75,-101.52,34.67,-100.83,,,,,,,
190985,2024-05-01 23,2024-05-02 15,TX,8,9,0,0,225000,3,48289;48293;48309,31.09,-97.34,31.7,-96.03,,,,,,,
191798,2024-05-02 01,2024-05-02 06,TX,3,3,0,0,0,2,48031;48453,30.19,-98.41,30.44,-97.61,,,,,,,
189636,2024-05-02 04,2024-05-02 17,TX,10,10,0,0,0,6,48201;48339;48373;48407;48455;48471,29.99,-95.71,30.98,-94.93,,,,,,,
191891,2024-05-02 13,2024-05-05 15,TX,13,33,0,0,0,4,48199;48245;48361;48457,30.07,-94.63,30.99,-93.9,,,,,,,
191938,2024-05-02 15,2024-05-02 16,LA,1,1,0,0,5000,1,22019,30.14,-93.28,30.25,-93.17,,,,,,,
191984,2024-05-02 17,2024-05-03 00,IA,1,1,0,0,0,1,19135,40.980000000000004,-92.91,41.089999999999996,-92.8,,,,,,,
192641,2024-05-03 22,2024-05-03 23,KY,1,1,0,0,0,1,21123,37.56,-85.69,37.669999999999995,-85.58,,,,,,,
191053,2024-05-04 21,2024-05-05 01,TX,3,3,0,0,0,3,48135;48227;48415,31.74,-102.6,32.75,-101.15,,,,,,,
190666,2024-05-04 22,2024-05-05 02,OH,6,8,1,0,60000,3,39001;39071;39141,38.69,-83.61,39.35,-83.35,,,,,,,
191956,2024-05-04 22,2024-05-05 02,GA,4,5,0,0,20000,2,13027;13201,30.81,-84.76,31.19,-83.67,,,,,,,
192212,2024-05-04 22,2024-05-05 05,TX,6,6,0,0,0,3,48049;48095;48441,31.44,-99.84,32.22,-98.92,,,,,,,
190986,2024-05-05 01,2024-05-05 12,TX,14,13,1,0,673000,10,48035;48099;48113;48121;48133;48139;48193;48251;48309;48333,31.29,-98.98,33.01,-96.59,,,,,,,
191471,2024-05-05 01,2024-05-05 02,IL,1,1,0,0,0,1,17145,38.03,-89.28999999999999,38.14,-89.16,,,,,,,
190351,2024-05-05 09,2024-05-05 13,SC,1,1,0,0,0,1,45079,33.93,-81.08,34.04,-80.97,,,,,,,
191256,2024-05-05 11,2024-05-05 14,OK,6,5,0,0,0,2,40131;40143,36.21,-95.89,36.37,-95.76,,,,,,,
192233,2024-05-05 13,2024-05-05 14,TX,2,2,0,0,0,1,48423,32.11,-95.18,32.25,-95.0,,,,,,,
191161,2024-05-05 21,2024-05-05 23,OH,1,1,0,0,0,1,39053,38.650000000000006,-82.44,38.769999999999996,-82.33,,,,,,,
191657,2024-05-06 00,2024-05-06 01,PA,4,4,0,0,50000,2,42003;42125,40.19,-80.05,40.29,-79.85000000000001,,,,,,,
190309,2024-05-06 01,2024-05-06 03,NC,1,1,0,0,10000,1,37101,35.440000000000005,-78.41,35.55,-78.3,,,,,,,
189698,2024-05-06 21,2024-05-06 22,VA,3,4,0,0,0,1,51165,38.370000000000005,-78.95,38.5,-78.84,,,,,,,
192153,2024-05-06 22,2024-05-07 02,VA,6,4,0,0,0,4,51033;51133;51159;51650,37.03,-77.59,38.18,-76.36,,,,,,,
190400,2024-05-06 23,2024-05-07 03,KY,5,6,0,0,5000,4,21019;21043;21089;21127,37.9,-82.97,38.49,-82.63,,,,,,,
190899,2024-05-07 01,2024-05-07 07,OK,5,4,0,0,0,4,40047;40073;40081;40119,35.86,-97.94,36.32,-96.85,,,,,,,
189654,2024-05-07 02,2024-05-07 04,TN,1,1,0,0,0,1,47185,35.790000000000006,-85.5,35.94,-85.37,,,,,,,
191812,2024-05-07 04,2024-05-07 09,OK,5,5,0,0,0,2,40111;40143,35.6,-95.98,36.36,-95.76,,,,,,,
189892,2024-05-07 10,2024-05-07 13,MO,6,6,0,0,0,4,29009;29059;29119;29141,36.68,-94.33,38.58,-92.91,,,,,,,
190146,2024-05-07 19,2024-05-07 21,IL,1,1,0,0,0,1,17031,41.660000000000004,-87.7,41.769999999999996,-87.59,,,,,,,
191163,2024-05-07 20,2024-05-07 23,WV,2,2,0,0,500,2,54047;54109,37.440000000000005,-81.89999999999999,37.58,-81.75,,,,,,,
190349,2024-05-08 00,2024-05-08 02,WI,1,1,0,0,115000,1,55081,44.07,-90.61,44.199999999999996,-90.5,,,,,,,
190687,2024-05-08 01,2024-05-08 05,IN,4,4,0,0,20000,2,18047;18137,39.21,-85.26,39.4,-85.1,,,,,,,
190686,2024-05-08 02,2024-05-08 06,OH,9,24,0,0,560000,1,39061,39.06,-84.81,39.27,-84.37,,,,,,,
189932,2024-05-08 13,2024-05-10 03,TN,16,20,1,0,16500000,12,47015;47037;47061;47117;47125;47133;47141;47147;47149;47165;47185;47189,35.39,-87.6,36.65,-85.17,,,,,,,
191475,2024-05-08 13,2024-05-09 09,KY,5,5,0,0,125000,5,21047;21101;21219;21221;21225,36.65,-88.08,37.66,-87.14,,,,,,,
189891,2024-05-08 14,2024-05-09 05,MO,10,10,0,0,0,5,29015;29043;29125;29131;29141,36.97,-93.46,38.58,-91.86,,,,,,,
190749,2024-05-08 16,2024-05-08 19,MO,1,6,0,0,10000,1,29071,38.160000000000004,-91.21,38.269999999999996,-91.09,,,,,,,
191117,2024-05-08 18,2024-05-09 13,TN,6,6,0,0,1000,6,47007;47065;47129;47145;47151;47153,35.18,-85.38,36.31,-84.5,,,,,,,
191473,2024-05-08 20,2024-05-09 02,IL,6,9,0,0,850000,5,17055;17069;17077;17165;17199,37.47,-89.23,37.99,-88.14,,,,,,,
189697,2024-05-08 22,2024-05-09 00,IN,1,1,0,0,0,1,18079,38.84,-85.78999999999999,38.98,-85.66,,,,,,,
192359,2024-05-09 03,2024-05-09 12,KY,7,7,1,0,0,3,21003;21141;21213,36.65,-86.9,36.89,-86.2,,,,,,,
191773,2024-05-09 08,2024-05-09 09,AR,1,1,0,0,0,1,05123,34.96,-90.85,35.08,-90.74000000000001,,,,,,,
189759,2024-05-09 11,2024-05-09 19,AL,3,3,0,0,0,2,01071;01089,34.61,-86.48,34.77,-85.76,,,,,,,
189812,2024-05-09 15,2024-05-10 06,AL,4,6,0,0,0,4,01073;01081;01117;01121,32.63,-86.86,33.44,-85.3,,,,,,,
190987,2024-05-09 22,2024-05-10 02,TX,3,3,0,0,0,3,48097;48181;48293,31.52,-97.18,33.68,-96.52,,,,,,,
191661,2024-05-09 23,2024-05-10 03,WV,3,3,0,0,0,1,54061,39.550000000000004,-80.08,39.72,-79.91,,,,,,,
192251,2024-05-10 00,2024-05-10 04,LA,1,1,0,0,0,1,22017,32.300000000000004,-93.88,32.41,-93.77,,,,,,,
193087,2024-05-10 02,2024-05-10 03,LA,1,1,0,0,1000,1,22083,32.34,-91.89,32.459999999999994,-91.78,,,,,,,
191807,2024-05-10 04,2024-05-10 05,MS,1,3,0,0,3000,1,28049,32.330000000000005,-90.2,32.44,-90.08,,,,,,,
189801,2024-05-11 23,2024-05-12 00,NM,2,2,0,0,2000,1,35005,33.03,-104.6,33.18,-104.36,,,,,,,
190989,2024-05-12 15,2024-05-12 23,TX,13,14,0,0,99000,8,48097;48147;48161;48181;48289;48293;48309;48497,31.31,-97.63,33.62,-95.7,,,,,,,
192449,2024-05-12 23,2024-05-17 03,TX,11,22,0,0,0,6,48199;48241;48245;48351;48361;48457,30.05,-94.32,31.06,-93.76,,,,,,,
192403,2024-05-13 00,2024-05-13 02,TX,1,1,0,0,0,1,48005,31.29,-94.75,31.400000000000002,-94.63000000000001,,,,,,,
192404,2024-05-13 13,2024-05-13 15,LA,3,3,0,0,0,1,22069,31.59,-93.25,31.75,-93.1,,,,,,,
192291,2024-05-13 15,2024-05-13 16,AL,2,2,0,0,0,1,01003,30.349999999999998,-87.74,30.490000000000002,-87.60000000000001,,,,,,,
192586,2024-05-13 16,2024-05-13 16,FL,2,2,0,0,0,1,12033,30.36,-87.28999999999999,30.54,-87.16,,,,,,,
191939,2024-05-13 22,2024-05-17 04,LA,11,22,0,0,1000,8,22001;22003;22011;22019;22045;22053;22055;22097,29.98,-93.39,30.83,-91.79,,,,,,,
190149,2024-05-13 23,2024-05-14 00,IL,1,0,0,0,0,1,17097,42.27,-88.17,42.459999999999994,-88.06,,,,,,,
191481,2024-05-14 20,2024-05-14 22,KY,1,0,0,0,0,1,21035,36.510000000000005,-88.23,36.629999999999995,-88.12,,,,,,,
189979,2024-05-14 21,2024-05-15 00,TN,2,2,0,0,0,1,47161,36.49,-87.89,36.66,-87.75,,,,,,,
191480,2024-05-14 22,2024-05-15 02,IN,1,3,0,0,50000,1,18173,37.900000000000006,-87.5,38.029999999999994,-87.38000000000001,,,,,,,
191174,2024-05-15 00,2024-05-15 03,WV,1,1,0,0,0,1,54099,37.93,-82.45,38.05,-82.32000000000001,,,,,,,
192554,2024-05-15 02,2024-05-16 02,VA,1,1,0,0,0,1,51135,37.02,-78.06,37.129999999999995,-77.95,,,,,,,
190845,2024-05-15 20,2024-05-15 22,WV,1,1,0,0,10000,1,54089,37.620000000000005,-80.95,37.73,-80.83,,,,,,,
191712,2024-05-15 22,2024-05-15 23,NE,1,2,0,0,200000,1,31055,41.21,-96.08,41.32,-95.9,,,,,,,
191665,2024-05-16 01,2024-05-16 02,PA,1,1,0,0,0,1,42003,40.290000000000006,-80.11999999999999,40.419999999999995,-80.01,,,,,,,
190990,2024-05-16 17,2024-05-16 22,TX,18,18,0,0,44000,5,48027;48035;48145;48221;48309,30.87,-97.93,32.4,-96.67,,,,,,,
189937,2024-05-16 20,2024-05-17 01,TX,20,4,0,0,400000,8,48041;48185;48291;48313;48373;48407;48455;48471,30.32,-96.3,31.12,-94.83,,,,,,,
191082,2024-05-16 21,2024-05-16 22,NM,2,2,0,0,0,1,35025,32.61,-103.24,32.79,-103.12,,,,,,,
191084,2024-05-16 23,2024-05-17 01,TX,7,7,0,0,10000,2,48135;48329,31.92,-102.45,32.07,-102.07,,,,,,,
192267,2024-05-17 03,2024-05-17 06,LA,5,5,0,0,0,4,22051;22063;22071;22103,29.98,-90.87,30.55,-90.01,,,,,,,
191482,2024-05-17 05,2024-05-17 07,MO,1,1,0,0,0,1,29207,36.74,-90.14,36.91,-90.02,,,,,,,
192268,2024-05-17 05,2024-05-17 06,MS,1,1,0,0,0,1,28109,30.47,-89.74,30.580000000000002,-89.63000000000001,,,,,,,
193473,2024-05-17 12,2024-05-17 16,MS,8,14,0,0,419000,4,28029;28061;28127;28129,31.84,-90.45,32.15,-88.97,,,,,,,
191667,2024-05-17 21,2024-05-18 00,PA,1,2,0,0,10000,1,42003,40.31,-79.92,40.419999999999995,-79.81,,,,,,,
191962,2024-05-17 22,2024-05-18 17,AL,6,6,0,0,0,2,01061;01067,31.03,-86.07,31.36,-85.3,,,,,,,
191961,2024-05-17 23,2024-05-18 16,FL,12,15,0,0,0,3,12059;12063;12133,30.51,-85.81,30.94,-85.38,,,,,,,
192612,2024-05-17 23,2024-05-17 23,AL,1,1,0,0,0,1,01039,30.95,-86.38,31.060000000000002,-86.27,,,,,,,
191963,2024-05-18 00,2024-05-18 04,GA,4,4,0,0,0,3,13019;13071;13075,31.05,-83.64,31.2,-83.15,,,,,,,
191162,2024-05-18 01,2024-05-18 04,OH,1,1,0,0,0,1,39079,38.93,-82.83,39.05,-82.72,,,,,,,
191547,2024-05-18 01,2024-05-18 01,AR,1,1,0,0,0,1,05115,35.220000000000006,-93.17999999999999,35.33,-93.07000000000001,,,,,,,
190959,2024-05-18 06,2024-05-18 09,VA,1,1,0,0,0,1,51083,36.64,-78.97,36.75,-78.86,,,,,,,
191668,2024-05-18 09,2024-05-18 12,PA,8,8,0,0,0,1,42003,40.44,-80.22,40.59,-79.97,,,,,,,
190977,2024-05-18 20,2024-05-19 00,NC,2,2,0,0,30000,2,37193;37197,36.14,-81.12,36.27,-80.66,,,,,,,
192360,2024-05-18 21,2024-05-18 23,NC,1,1,0,0,20000,1,37111,35.64,-82.1,35.75,-81.99000000000001,,,,,,,
192207,2024-05-18 22,2024-05-19 00,VA,1,2,0,0,5000,1,51105,36.63,-83.17999999999999,36.739999999999995,-83.03,,,,,,,
190833,2024-05-18 23,2024-05-19 04,WV,7,7,0,0,210000,2,54055;54063,37.26,-81.29,37.54,-80.34,,,,,,,
190593,2024-05-20 01,2024-05-20 05,IL,2,1,0,0,0,2,17041;17115,39.690000000000005,-88.86,39.879999999999995,-88.1,,,,,,,
190905,2024-05-20 07,2024-05-20 10,OK,1,0,0,0,10000,1,40119,36.18,-97.0,36.29,-96.85000000000001,,,,,,,
191183,2024-05-21 03,2024-05-21 07,CO,1,1,0,0,2000,1,08125,40.080000000000005,-102.78999999999999,40.19,-102.65,,,,,,,
191713,2024-05-21 04,2024-05-21 19,NE,7,13,0,0,835000,4,31023;31053;31055;31155,41.22,-96.97,41.49,-95.96,,,,,,,
191762,2024-05-21 05,2024-05-21 16,IA,22,21,0,0,0,8,19015;19023;19075;19077;19083;19099;19109;19171,41.71,-94.59,43.11,-92.35,,,,,,,
191714,2024-05-21 11,2024-05-21 13,IA,1,1,0,0,85000,1,19155,41.42,-95.6,41.529999999999994,-95.48,,,,,,,
190173,2024-05-21 22,2024-05-21 23,MA,1,0,0,0,0,1,25011,42.42,-72.67,42.529999999999994,-72.56,,,,,,,
192175,2024-05-21 22,2024-05-21 23,NH,1,1,0,0,0,1,33005,43.050000000000004,-72.42,43.169999999999995,-72.31,,,,,,,
190991,2024-05-22 18,2024-05-23 02,TX,9,9,0,0,25000,8,48027;48085;48147;48181;48193;48281;48309;48333,31.06,-98.58,33.76,-96.05,,,,,,,
191864,2024-05-22 18,2024-05-22 19,AR,2,2,0,0,0,2,05037;05111,35.22,-90.84,35.58,-90.66,,,,,,,
190084,2024-05-22 20,2024-05-23 03,TN,1,1,0,0,0,1,47083,36.27,-87.77,36.379999999999995,-87.62,,,,,,,
192299,2024-05-22 21,2024-05-23 22,TX,2,2,0,0,0,2,48083;48451,31.45,-100.48,31.83,-99.42,,,,,,,
190062,2024-05-22 22,2024-05-23 03,VA,6,7,0,0,65000,1,51077,36.58,-81.55,36.71,-81.27,,,,,,,
191795,2024-05-22 22,2024-05-23 00,KY,1,1,0,0,0,1,21231,36.78,-84.89999999999999,36.89,-84.79,,,,,,,
191865,2024-05-22 22,2024-05-23 00,TN,2,2,0,0,0,2,47005;47079,36.05,-88.33,36.3,-88.1,,,,,,,
192591,2024-05-22 23,2024-05-23 00,KY,1,1,0,0,0,1,21057,36.720000000000006,-85.33,36.83,-85.22,,,,,,,
192412,2024-05-23 01,2024-05-23 04,LA,6,6,0,0,0,2,22015;22017,32.39,-93.84,32.58,-93.68,,,,,,,
192303,2024-05-23 02,2024-05-23 03,OH,1,1,0,0,0,1,39093,41.230000000000004,-82.24,41.349999999999994,-82.13000000000001,,,,,,,
193982,2024-05-23 02,2024-05-23 04,LA,1,1,0,0,10000,1,22067,32.56,-91.84,32.669999999999995,-91.71000000000001,,,,,,,
190176,2024-05-23 15,2024-05-23 17,MA,2,0,0,0,0,1,25005,41.6,-70.98,41.709999999999994,-70.87,,,,,,,
192462,2024-05-23 15,2024-05-23 17,AR,1,1,0,0,0,1,05057,33.620000000000005,-93.67999999999999,33.73,-93.56,,,,,,,
190175,2024-05-23 16,2024-05-23 18,RI,3,0,0,0,0,1,44007,41.74,-71.49,41.91,-71.34,,,,,,,
190992,2024-05-23 17,2024-05-25 05,TX,5,5,0,0,25000,5,48099;48181;48193;48257;48293,31.45,-98.22,33.71,-96.31,,,,,,,
191486,2024-05-23 20,2024-05-23 23,KY,2,1,0,0,0,2,21059;21107,37.32,-87.5,37.7,-87.34,,,,,,,
190584,2024-05-23 21,2024-05-24 02,TN,1,1,0,0,0,1,47027,36.49,-85.58,36.629999999999995,-85.45,,,,,,,
190907,2024-05-24 01,2024-05-24 05,OK,1,2,0,0,0,1,40065,34.6,-99.48,34.709999999999994,-99.3,,,,,,,
191165,2024-05-24 07,2024-05-25 05,WV,4,5,0,0,0,3,54039;54045;54091,37.97,-82.0,39.33,-80.11,,,,,,,
192492,2024-05-24 07,2024-05-24 10,OK,1,1,0,0,0,1,40089,33.95,-95.14999999999999,34.059999999999995,-95.03,,,,,,,
191916,2024-05-24 15,2024-05-25 00,MS,2,2,0,0,0,2,28117;28137,34.56,-89.99,34.709999999999994,-88.53,,,,,,,
191917,2024-05-24 15,2024-05-24 19,TN,8,8,0,0,0,4,47033;47045;47113;47131,35.47,-89.23,36.42,-88.82,,,,,,,
192183,2024-05-24 15,2024-05-24 17,MD,1,1,0,0,0,1,24047,38.32,-75.11999999999999,38.44,-75.01,,,,,,,
192185,2024-05-24 17,2024-05-24 22,VA,4,4,0,0,0,2,51193;51760,37.53,-77.48,38.05,-76.74,,,,,,,
191261,2024-05-24 18,2024-05-25 01,IL,9,11,0,0,0,2,17019;17171,39.62,-90.47,40.32,-88.06,,,,,,,
190863,2024-05-24 22,2024-05-25 02,MO,1,1,0,0,0,1,29169,37.95,-92.16,38.07,-92.04,,,,,,,
191803,2024-05-25 06,2024-05-25 08,KY,1,1,0,0,20000,1,21125,36.95,-84.13,37.059999999999995,-84.01,,,,,,,
190315,2024-05-25 21,2024-05-25 23,NC,1,1,0,0,0,1,37183,35.720000000000006,-78.7,35.83,-78.59,,,,,,,
190909,2024-05-26 00,2024-05-26 03,OK,1,1,0,0,0,1,40047,36.34,-97.95,36.449999999999996,-97.83,,,,,,,
191672,2024-05-26 03,2024-05-26 05,WV,4,4,0,0,0,2,54049;54061,39.43,-80.27,39.69,-79.98,,,,,,,
190993,2024-05-26 04,2024-05-26 06,TX,1,1,0,0,0,1,48181,33.36,-96.64999999999999,33.48,-96.54,,,,,,,
191168,2024-05-26 04,2024-05-26 11,WV,1,1,0,0,0,1,54001,39.160000000000004,-80.06,39.279999999999994,-79.95,,,,,,,
191169,2024-05-26 05,2024-05-26 11,WV,7,10,0,0,0,2,54033;54091,39.18,-80.42,39.37,-80.1,,,,,,,
190964,2024-05-26 06,2024-05-26 09,KS,2,2,0,0,0,1,20021,36.95,-94.81,37.089999999999996,-94.69,,,,,,,
192235,2024-05-26 07,2024-05-26 22,VA,7,7,0,0,0,4,51033;51093;51550;51710,36.74,-77.37,37.85,-76.26,,,,,,,
191491,2024-05-26 11,2024-05-27 04,MO,11,11,0,0,10000,8,29017;29023;29031;29035;29181;29201;29207;29223,36.51,-91.12,37.43,-89.56,,,,,,,
190864,2024-05-26 12,2024-05-26 15,MO,1,1,0,0,0,1,29059,37.61,-93.16,37.72,-93.05,,,,,,,
191490,2024-05-26 13,2024-05-27 04,KY,8,8,0,0,10000,7,21035;21039;21059;21101;21219;21221;21225,36.53,-89.07,37.79,-87.16,,,,,,,
190585,2024-05-26 19,2024-05-26 22,TN,1,1,0,0,0,1,47147,36.400000000000006,-86.89,36.519999999999996,-86.77,,,,,,,
190865,2024-05-26 22,2024-05-27 04,MO,4,4,0,0,0,3,29131;29203;29215,37.11,-92.5,38.07,-91.2,,,,,,,
191070,2024-05-26 22,2024-05-27 02,NC,2,1,0,0,25000,1,37009,36.370000000000005,-81.58,36.51,-81.44,,,,,,,
191488,2024-05-27 01,2024-05-27 05,IL,1,3,0,0,75000,1,17165,37.660000000000004,-88.61999999999999,37.809999999999995,-88.5,,,,,,,
190252,2024-05-27 10,2024-05-27 18,AL,3,3,0,0,0,2,01071;01095,34.26,-86.25,34.85,-85.63,,,,,,,
191426,2024-05-27 10,2024-05-27 11,TN,1,1,0,0,0,1,47011,35.13,-84.91,35.25,-84.8,,,,,,,
191965,2024-05-27 22,2024-05-28 05,GA,6,6,0,0,0,4,13017;13019;13155;13173,31.04,-83.33,31.71,-83.07,,,,,,,
194241,2024-05-28 01,2024-05-28 01,MD,1,1,0,0,0,1,24005,39.21,-76.83,39.32,-76.72,,,,,,,
190995,2024-05-28 11,2024-05-28 18,TX,7,8,0,0,185000,6,48085;48113;48121;48439;48467;48497,32.41,-97.81,33.36,-95.72,,,,,,,
192482,2024-05-28 20,2024-05-30 01,LA,2,3,0,0,0,2,22011;22019,30.24,-93.67,30.6,-93.16,,,,,,,
191101,2024-05-28 23,2024-05-28 23,TX,1,1,0,0,0,1,48443,30.03,-102.06,30.59,-101.75,,,,,,,
190278,2024-05-29 04,2024-05-29 05,NM,1,1,0,0,0,1,35009,34.36,-103.25999999999999,34.47,-103.14,,,,,,,
190525,2024-05-30 01,2024-05-30 02,CO,1,1,0,0,0,1,08073,39.45,-103.34,39.559999999999995,-103.24000000000001,,,,,,,
192456,2024-05-30 02,2024-05-30 04,TX,2,3,0,0,0,2,48199;48245,29.99,-94.2,30.38,-93.94,,,,,,,
190355,2024-05-30 04,2024-05-30 05,NM,1,1,0,0,1000,1,35009,34.35,-103.28,34.459999999999994,-103.17,,,,,,,
191036,2024-05-30 13,2024-05-30 18,NE,2,2,0,0,9000000,2,31093;31163,41.220000000000006,-98.79,41.4,-98.45,,,,,,,
193412,2024-05-30 15,2024-05-30 17,MS,1,1,0,0,1000,1,28063,31.63,-91.24,31.740000000000002,-91.13000000000001,,,,,,,
190996,2024-05-30 16,2024-05-31 10,TX,22,22,0,0,186000,11,48035;48085;48097;48113;48139;48143;48221;48251;48293;48309;48439,31.52,-98.23,33.62,-96.53,,,,,,,
192278,2024-05-30 16,2024-05-30 17,LA,1,1,0,0,0,1,22071,29.89,-90.11999999999999,30.0,-90.01,,,,,,,
192500,2024-05-30 22,2024-05-31 04,TX,4,5,0,0,0,4,48183;48365;48401;48423,32.12,-95.28,32.53,-94.42,,,,,,,
190453,2024-05-31 00,2024-05-31 02,TX,1,1,0,0,0,1,48339,30.349999999999998,-95.75999999999999,30.46,-95.64,,,,,,,
191858,2024-05-31 00,2024-05-31 01,TX,2,2,0,0,30000,1,48329,31.82,-102.28,31.990000000000002,-102.13000000000001,,,,,,,
192499,2024-05-31 03,2024-05-31 07,LA,2,2,0,0,0,2,22015;22061,32.46,-93.74,32.599999999999994,-92.77,,,,,,,
191680,2024-05-31 04,2024-05-31 06,KS,1,1,0,0,0,1,20003,38.21,-95.36,38.33,-95.19,,,,,,,
192309,2024-05-31 05,2024-05-31 05,TX,1,1,0,0,0,1,48399,31.98,-100.16,32.089999999999996,-100.05,,,,,,,
191717,2024-05-31 06,2024-06-01 03,NE,4,4,0,0,430000,4,31003;31037;31141;31167,41.63,-98.12,42.23,-96.95,,,,,,,
191037,2024-05-31 12,2024-05-31 15,KS,1,1,0,0,100000,1,20147,39.7,-99.67999999999999,39.94,-99.57000000000001,,,,,,,
190512,2024-05-31 20,2024-05-31 20,SD,1,2,0,0,0,1,46083,43.120000000000005,-96.8,43.29,-96.69,,,,,,,
190513,2024-05-31 20,2024-06-01 04,NE,1,1,0,0,0,1,31051,42.540000000000006,-96.85,42.669999999999995,-96.67,,,,,,,
190962,2024-06-01 00,2024-06-01 05,MO,8,10,0,0,15000,3,29067;29167;29229,36.94,-93.29,37.79,-92.27,,,,,,,
190374,2024-06-01 01,2024-06-01 02,NM,1,1,0,0,0,1,35041,34.13,-103.61999999999999,34.239999999999995,-103.51,,,,,,,
191550,2024-06-01 01,2024-06-01 03,AR,6,6,0,0,0,2,05119;05145,34.78,-92.28,35.09,-91.96,,,,,,,
191862,2024-06-01 02,2024-06-01 03,NM,1,2,0,0,0,1,35025,33.18,-103.39999999999999,33.32,-103.29,,,,,,,
190508,2024-06-01 03,2024-06-01 05,TX,2,3,0,0,0,2,48303;48305,33.39,-102.0,33.52,-101.68,,,,,,,
191217,2024-06-01 06,2024-06-01 13,MO,8,8,0,0,0,4,29067;29215;29225;29229,36.95,-92.92,37.51,-92.22,,,,,,,
193618,2024-06-01 15,2024-06-01 15,TX,1,1,0,0,0,1,48057,28.62,-96.61,28.73,-96.5,,,,,,,
192722,2024-06-01 18,2024-06-01 22,KY,1,1,0,0,0,1,21007,36.93,-89.14999999999999,37.04,-89.0,,,,,,,
192844,2024-06-01 18,2024-06-03 03,TX,4,8,0,0,50000,3,48241;48245;48361,29.98,-94.3,30.93,-93.89,,,,,,,
193457,2024-06-01 19,2024-06-04 04,TX,13,13,0,0,265000,9,48085;48113;48121;48181;48217;48223;48231;48257;48467,31.9,-97.2,33.56,-95.61,,,,,,,
192846,2024-06-01 20,2024-06-01 21,LA,1,1,0,0,0,1,22071,29.9,-90.11999999999999,30.01,-90.01,,,,,,,
193687,2024-06-01 22,2024-06-03 00,LA,2,15,0,0,100000,2,22019;22099,30.35,-93.44,30.48,-91.81,,,,,,,
191107,2024-06-02 00,2024-06-02 01,CO,1,2,0,0,10000,1,08075,40.580000000000005,-103.27,40.69,-103.16,,,,,,,
193201,2024-06-02 00,2024-06-02 02,TX,2,2,0,0,0,1,48419,31.73,-94.25,31.86,-94.13000000000001,,,,,,,
193633,2024-06-02 01,2024-06-02 04,TX,2,2,0,0,0,1,48043,30.24,-103.22,30.34,-103.11,,,,,,,
193082,2024-06-02 04,2024-06-02 05,MS,1,1,0,0,10000,1,28057,34.27,-88.53999999999999,34.39,-88.43,,,,,,,
193346,2024-06-02 09,2024-06-02 14,KS,2,2,0,0,0,1,20041,38.870000000000005,-97.13,39.05,-96.97,,,,,,,
193915,2024-06-02 10,2024-06-02 16,NE,1,0,0,0,20000,1,31141,41.68,-97.44,41.79,-97.25,,,,,,,
192977,2024-06-02 21,2024-06-02 22,FL,1,1,0,0,0,1,12045,29.96,-85.22,30.07,-85.10000000000001,,,,,,,
193223,2024-06-02 23,2024-06-03 01,ND,1,1,0,0,650000,1,38093,46.830000000000005,-98.81,46.989999999999995,-98.69,,,,,,,
192009,2024-06-03 00,2024-06-03 01,SD,3,3,0,0,0,3,46025;46057;46059,44.44,-98.86,44.65,-97.35,,,,,,,
193339,2024-06-03 04,2024-06-03 06,TX,5,5,0,0,0,3,48073;48347;48419,31.61,-95.28,31.97,-94.08,,,,,,,
193614,2024-06-03 06,2024-06-03 12,MN,1,0,0,0,400000,1,27153,46.06,-94.97,46.18,-94.8,,,,,,,
193091,2024-06-03 19,2024-06-03 22,AR,1,2,0,0,10000,1,05131,35.330000000000005,-94.48,35.449999999999996,-94.37,,,,,,,
192827,2024-06-03 20,2024-06-03 23,WI,3,3,0,0,7000,1,55043,42.620000000000005,-90.76,42.809999999999995,-90.48,,,,,,,
192942,2024-06-03 20,2024-06-03 22,IA,5,5,0,0,0,1,19061,42.45,-90.77,42.56,-90.65,,,,,,,
192943,2024-06-03 20,2024-06-03 21,IL,1,0,0,0,0,1,17085,42.440000000000005,-90.7,42.55,-90.59,,,,,,,
192828,2024-06-03 22,2024-06-03 22,IA,2,2,0,0,11000,1,19005,43.300000000000004,-91.28999999999999,43.419999999999995,-91.16,,,,,,,
193558,2024-06-03 22,2024-06-04 05,TX,6,7,0,0,0,5,48037;48067;48203;48401;48423,32.32,-95.26,33.46,-94.13,,,,,,,
191990,2024-06-03 23,2024-06-04 02,WI,2,0,0,0,20000,2,55055;55105,42.52,-89.36,42.89,-88.99,,,,,,,
193517,2024-06-03 23,2024-06-04 06,LA,11,13,0,0,0,7,22013;22015;22017;22031;22073;22081;22119,32.11,-93.87,32.95,-92.17,,,,,,,
190590,2024-06-04 00,2024-06-04 02,TN,1,1,0,0,75000,1,47037,36.160000000000004,-86.78,36.279999999999994,-86.65,,,,,,,
192950,2024-06-04 01,2024-06-04 22,KY,3,4,0,0,0,3,21111;21141;21179,36.87,-86.84,38.2,-85.39,,,,,,,
192598,2024-06-04 06,2024-06-05 06,OK,11,9,0,0,50000,4,40027;40109;40123;40133,34.63,-97.55,35.47,-96.66,,,,,,,
192560,2024-06-04 12,2024-06-04 12,MI,1,0,0,0,1000,1,26101,44.190000000000005,-86.38,44.3,-86.27,,,,,,,
193628,2024-06-04 18,2024-06-04 21,LA,2,2,0,0,0,2,22017;22031,31.97,-94.06,32.51,-93.9,,,,,,,
193819,2024-06-04 19,2024-06-04 22,PA,3,4,0,0,0,1,42051,39.830000000000005,-79.78999999999999,39.959999999999994,-79.67,,,,,,,
193028,2024-06-04 21,2024-06-04 23,MS,2,2,0,0,1000,1,28163,32.61,-90.42,32.84,-90.25,,,,,,,
190451,2024-06-04 22,2024-06-05 00,AL,1,2,0,0,0,1,01101,32.32,-86.33,32.44,-86.18,,,,,,,
192874,2024-06-04 22,2024-06-05 01,IA,1,1,0,0,0,1,19109,43.040000000000006,-94.31,43.15,-94.16,,,,,,,
193594,2024-06-05 01,2024-06-05 06,MN,1,1,0,0,20000,1,27017,46.410000000000004,-93.07,46.54,-92.91,,,,,,,
192208,2024-06-05 02,2024-06-05 02,TN,1,0,0,0,0,1,47093,36.0,-84.05,36.11,-83.94,,,,,,,
193092,2024-06-05 06,2024-06-05 07,OK,1,0,0,0,0,1,40107,35.57,-96.47,35.699999999999996,-96.36,,,,,,,
193521,2024-06-05 08,2024-06-05 15,TX,13,16,0,0,45000,7,48001;48085;48113;48181;48217;48257;48293,31.56,-97.04,33.65,-95.87,,,,,,,
192293,2024-06-05 22,2024-06-06 04,OH,6,6,0,0,0,2,39091;39159,40.39,-83.78,40.49,-83.43,,,,,,,
193088,2024-06-05 22,2024-06-06 02,MS,3,3,0,0,350000,2,28057;28081,34.21,-88.74,34.36,-88.34,,,,,,,
193939,2024-06-05 22,2024-06-06 05,OH,2,1,0,0,0,2,39033;39083,40.36,-82.93,40.85,-82.45,,,,,,,
191811,2024-06-05 23,2024-06-07 02,IN,4,4,0,0,9000,1,18177,39.760000000000005,-85.14,39.9,-84.9,,,,,,,
192216,2024-06-06 01,2024-06-06 03,MD,5,5,0,0,0,1,24025,39.47,-76.31,39.59,-76.02,,,,,,,
192517,2024-06-07 01,2024-06-07 01,TX,1,1,0,0,0,1,48375,35.160000000000004,-101.84,35.279999999999994,-101.72,,,,,,,
192223,2024-06-08 00,2024-06-08 00,NE,1,1,0,0,50000,1,31041,41.56,-99.92,41.68,-99.81,,,,,,,
192101,2024-06-08 19,2024-06-08 21,ME,1,1,0,0,0,1,23013,44.160000000000004,-69.13,44.269999999999996,-69.01,,,,,,,
191722,2024-06-09 01,2024-06-09 04,CO,1,1,0,0,0,1,08063,39.24,-102.47,39.36,-102.3,,,,,,,
191223,2024-06-09 03,2024-06-09 22,MO,50,47,0,0,5055000,17,29011;29039;29043;29059;29065;29067;29077;29085;29091;29105;29153;29161;29167;29169;29215;29225;29229,36.51,-94.32,38.03,-91.37,,,,,,,
193067,2024-06-09 04,2024-06-09 05,KS,4,4,0,0,0,3,20055;20057;20069,37.75,-100.87,37.98,-100.0,,,,,,,
193089,2024-06-09 08,2024-06-09 08,KS,1,1,0,0,0,1,20185,37.940000000000005,-98.82,38.05,-98.71000000000001,,,,,,,
193374,2024-06-09 09,2024-06-09 15,KS,2,2,0,0,0,2,20003;20111,38.28,-96.32,38.41,-95.24,,,,,,,
193540,2024-06-09 22,2024-06-09 23,ID,4,4,0,0,1500,1,16077,42.73,-112.92,42.86,-112.78,,,,,,,
190671,2024-06-09 23,2024-06-10 00,NM,1,1,1,0,0,1,35001,35.010000000000005,-106.55,35.12,-106.44,,,,,,,
190834,2024-06-09 23,2024-06-10 03,TX,1,6,0,0,0,1,48303,33.57,-101.91,33.68,-101.76,,,,,,,
191067,2024-06-10 00,2024-06-10 00,CO,1,1,0,0,20000,1,08035,39.480000000000004,-104.83,39.589999999999996,-104.73,,,,,,,
192599,2024-06-10 00,2024-06-10 03,OK,1,2,0,0,25000,1,40069,34.230000000000004,-96.84,34.339999999999996,-96.66,,,,,,,
193464,2024-06-10 01,2024-06-10 07,CO,3,1,0,0,0,2,08055;08101,37.47,-105.0,38.24,-104.51,,,,,,,
192519,2024-06-10 17,2024-06-10 19,TX,1,1,0,0,0,1,48381,34.92,-101.75,35.05,-101.62,,,,,,,
192601,2024-06-11 12,2024-06-11 15,TX,1,2,0,0,0,1,48023,33.550000000000004,-99.39999999999999,33.66,-99.22,,,,,,,
193600,2024-06-11 14,2024-06-11 14,TX,1,1,0,0,0,1,48441,32.400000000000006,-99.78999999999999,32.51,-99.68,,,,,,,
193000,2024-06-11 19,2024-06-14 03,FL,6,19,0,0,7085000,3,12011;12021;12086,25.85,-81.39,26.15,-80.11,,,,,,,
193686,2024-06-12 01,2024-06-12 02,TX,1,1,0,0,0,1,48361,29.96,-93.91,30.080000000000002,-93.78,,,,,,,
193522,2024-06-12 12,2024-06-12 16,TX,4,4,0,0,25000,2,48027;48331,30.87,-97.52,30.98,-97.16,,,,,,,
193917,2024-06-13 01,2024-06-13 03,IA,1,1,0,0,40000,1,19085,41.800000000000004,-96.03999999999999,41.91,-95.92,,,,,,,
191874,2024-06-14 23,2024-06-15 02,NE,11,11,0,0,0,2,31033;31123,41.31,-103.0,41.45,-102.75,,,,,,,
190829,2024-06-15 03,2024-06-15 04,NM,1,2,0,0,0,1,35009,34.36,-103.28,34.48,-103.17,,,,,,,
192225,2024-06-15 05,2024-06-15 09,NE,1,1,0,0,0,1,31069,41.400000000000006,-102.56,41.51,-102.45,,,,,,,
193920,2024-06-15 23,2024-06-16 05,NE,3,4,0,0,170000,3,31119;31167;31179,41.88,-97.79,42.16,-97.06,,,,,,,
192935,2024-06-16 02,2024-06-16 04,IA,2,2,0,0,0,1,19059,43.36,-95.17,43.48,-95.05,,,,,,,
193096,2024-06-16 03,2024-06-16 03,KS,1,1,0,0,0,1,20057,37.78,-99.81,37.9,-99.69,,,,,,,
194308,2024-06-16 07,2024-06-16 10,MN,1,1,0,0,0,1,27143,44.620000000000005,-94.28999999999999,44.73,-94.17,,,,,,,
192978,2024-06-16 23,2024-06-17 02,FL,1,1,0,0,0,1,12005,30.16,-85.89,30.28,-85.73,,,,,,,
193550,2024-06-17 10,2024-06-17 14,NE,2,2,0,0,0,1,31051,42.53,-96.85,42.669999999999995,-96.73,,,,,,,
193354,2024-06-17 21,2024-06-17 23,TN,1,1,0,0,25000,1,47157,35.050000000000004,-89.89999999999999,35.16,-89.79,,,,,,,
192658,2024-06-18 09,2024-06-18 09,MN,1,1,0,0,2000,1,27119,47.7,-96.64999999999999,47.83,-96.53,,,,,,,
193121,2024-06-18 13,2024-06-18 15,NY,1,1,0,0,5000,1,36063,43.120000000000005,-79.09,43.23,-78.98,,,,,,,
193537,2024-06-18 17,2024-06-20 04,MN,44,47,0,0,180000,5,27021;27031;27061;27075;27137,46.79,-94.3,47.96,-90.49,,,,,,,
194131,2024-06-18 18,2024-06-18 21,OH,5,2,0,0,135000,2,39085;39155,41.16,-81.29,41.78,-80.54,,,,,,,
193097,2024-06-19 00,2024-06-19 01,KS,3,3,0,0,0,3,20057;20175;20189,37.03,-101.36,37.75,-100.0,,,,,,,
192146,2024-06-19 01,2024-06-19 08,MI,2,1,0,0,100000,2,26061;26131,46.67,-89.19,46.94,-88.82,,,,,,,
192522,2024-06-19 03,2024-06-19 17,OK,3,9,0,0,0,2,40007;40139,36.5,-101.91,36.89,-100.55,,,,,,,
193561,2024-06-19 03,2024-06-19 16,WI,3,3,0,1,160000,1,55007,46.75,-91.23,46.91,-90.79,,,,,,,
193615,2024-06-19 17,2024-06-20 15,TX,5,4,0,0,0,2,48007;48355,27.56,-97.8,28.08,-97.1,,,,,,,
191108,2024-06-19 19,2024-06-23 20,NM,17,37,0,0,2215000,6,35006;35027;35039;35045;35047;35057,33.32,-108.27,36.77,-105.0,,,,,,,
193307,2024-06-19 21,2024-06-20 00,WI,1,1,0,0,5000,1,55025,43.01,-89.53,43.12,-89.37,,,,,,,
192872,2024-06-20 02,2024-06-20 06,NY,4,4,0,0,0,3,36003;36009;36051,42.08,-78.44,42.63,-77.73,,,,,,,
193698,2024-06-20 05,2024-06-20 21,NY,5,5,0,0,16000,3,36023;36099;36101,42.31,-77.44,42.76,-75.97,,,,,,,
191234,2024-06-20 19,2024-06-20 20,PA,1,1,0,0,0,1,42105,41.81,-77.88,41.919999999999995,-77.74000000000001,,,,,,,
193612,2024-06-20 20,2024-06-21 14,SD,15,15,0,0,0,7,46003;46015;46035;46083;46087;46099;46125,43.28,-99.34,43.81,-96.55,,,,,,,
191020,2024-06-20 22,2024-06-20 23,CO,1,1,0,0,0,1,08123,40.52,-104.85,40.629999999999995,-104.74000000000001,,,,,,,
193837,2024-06-20 22,2024-06-20 23,CO,1,0,0,0,0,1,08077,39.010000000000005,-108.64,39.169999999999995,-108.47,,,,,,,
191881,2024-06-20 23,2024-06-20 23,WY,1,1,0,0,0,1,56021,41.010000000000005,-104.38,41.12,-104.26,,,,,,,
191882,2024-06-20 23,2024-06-20 23,NE,2,3,0,0,0,2,31013;31157,41.83,-103.71,42.32,-103.06,,,,,,,
193882,2024-06-21 00,2024-06-21 14,IA,4,4,0,0,0,2,19119;19167,43.2,-96.19,43.45,-95.94,,,,,,,
191158,2024-06-21 01,2024-06-21 06,AZ,1,1,0,0,1000,1,04009,32.86,-109.91,32.989999999999995,-109.74000000000001,,,,,,,
193080,2024-06-21 01,2024-06-23 02,SD,3,2,0,0,325000,3,46017;46059;46085,43.75,-99.45,44.55,-98.93,,,,,,,
192884,2024-06-21 02,2024-06-21 06,SD,2,0,0,0,40000,2,46095;46123,43.18,-100.35,43.57,-99.54,,,,,,,
193171,2024-06-21 02,2024-06-21 09,NE,2,4,0,0,22000,2,31017;31089,42.400000000000006,-99.71,42.58,-98.64,,,,,,,
193884,2024-06-21 08,2024-06-21 14,MN,1,1,0,0,0,1,27133,43.5,-96.43,43.82,-96.13,,,,,,,
193712,2024-06-21 20,2024-06-21 23,UT,4,4,0,0,2000,4,49007;49015;49025;49049,37.01,-111.74,40.1,-110.81,,,,,,,
191573,2024-06-21 21,2024-06-22 00,CT,3,0,0,0,0,2,09003;09015,41.69,-72.84,41.81,-71.82,,,,,,,
191878,2024-06-21 21,2024-06-21 21,WY,1,2,0,0,0,1,56031,41.580000000000005,-104.92,41.699999999999996,-104.76,,,,,,,
193160,2024-06-21 21,2024-06-23 00,AZ,3,3,0,0,0,1,04001,36.28,-109.82,36.92,-109.43,,,,,,,
193911,2024-06-21 22,2024-06-22 04,SD,2,2,0,0,0,2,46027;46079,43.03,-97.31,43.91,-97.14,,,,,,,
193838,2024-06-21 23,2024-06-22 02,UT,2,5,2,0,0,2,49019;49037,37.22,-109.77,38.6,-109.53,,,,,,,
191574,2024-06-22 00,2024-06-22 00,RI,1,0,0,0,0,1,44003,41.64,-71.50999999999999,41.75,-71.4,,,,,,,
193826,2024-06-22 00,2024-06-22 01,PA,3,3,0,0,17000,1,42079,41.21,-75.9,41.33,-75.78,,,,,,,
193913,2024-06-22 01,2024-06-22 04,MN,3,3,0,0,0,3,27081;27083;27105,43.63,-96.3,44.27,-95.75,,,,,,,
193924,2024-06-22 03,2024-06-22 07,IA,7,8,0,0,0,4,19059;19141;19143;19167,43.07,-96.19,43.44,-95.1,,,,,,,
193989,2024-06-22 03,2024-06-22 09,MN,6,5,0,0,0,5,27013;27047;27147;27161;27165,43.57,-94.85,44.16,-93.19,,,,,,,
191703,2024-06-22 04,2024-06-22 09,NE,5,4,0,0,23100000,5,31077;31093;31121;31125;31163,41.07,-99.2,41.4,-97.7,,,,,,,
193225,2024-06-22 06,2024-06-22 11,IA,1,0,0,0,0,1,19195,43.220000000000006,-93.47,43.33,-93.18,,,,,,,
193336,2024-06-22 06,2024-06-22 12,MN,9,9,0,0,77000,4,27045;27099;27109;27169,43.6,-93.01,44.16,-91.76,,,,,,,
193340,2024-06-22 14,2024-06-22 23,IA,2,2,0,0,15000,2,19005;19065,42.94,-91.96,43.39,-91.23,,,,,,,
191192,2024-06-22 21,2024-06-22 23,AZ,1,11,2,0,10000,1,04019,32.150000000000006,-111.01,32.269999999999996,-110.83,,,,,,,
193341,2024-06-22 22,2024-06-23 00,WI,5,8,0,0,100000,2,55023;55123,43.32,-91.2,43.48,-90.89,,,,,,,
191555,2024-06-22 23,2024-06-23 03,WI,6,11,0,0,150000,6,55021;55025;55027;55039;55105;55111,42.54,-90.2,43.7,-88.7,,,,,,,
193105,2024-06-22 23,2024-06-23 00,CT,1,1,0,0,0,1,09009,41.300000000000004,-73.14999999999999,41.41,-73.04,,,,,,,
192573,2024-06-23 02,2024-06-23 10,IL,7,7,0,0,0,4,17031;17097;17111;17201,41.77,-89.12,42.3,-87.62,,,,,,,
192951,2024-06-23 03,2024-06-23 05,IL,1,1,0,0,0,1,17015,42.050000000000004,-89.96,42.16,-89.85,,,,,,,
193720,2024-06-23 20,2024-06-24 21,UT,2,2,0,0,0,2,49017;49055,37.61,-111.55,38.22,-111.16,,,,,,,
191245,2024-06-23 21,2024-06-23 23,VT,2,4,0,0,1250000,2,50015;50023,44.38,-72.87,44.52,-72.5,,,,,,,
192102,2024-06-24 23,2024-06-25 02,ME,2,2,0,0,0,2,23007;23015,44.25,-70.05,44.59,-69.54,,,,,,,
193564,2024-06-25 04,2024-06-25 13,WI,2,2,0,0,75000,2,55099;55113,45.53,-91.49,46.01,-90.48,,,,,,,
191688,2024-06-25 07,2024-06-25 11,WI,1,1,0,0,20000,1,55029,44.620000000000005,-87.42999999999999,44.75,-87.3,,,,,,,
193195,2024-06-25 20,2024-06-25 21,AZ,1,1,0,0,0,1,04005,35.150000000000006,-111.66,35.26,-111.55,,,,,,,
192414,2024-06-26 03,2024-06-26 05,IL,1,1,0,0,0,1,17057,40.49,-90.11,40.62,-90.0,,,,,,,
191210,2024-06-26 04,2024-06-26 06,AZ,1,0,0,0,0,1,04003,31.39,-109.76,31.5,-109.63,,,,,,,
192750,2024-06-26 06,2024-06-26 07,IL,1,0,0,0,0,1,17011,41.160000000000004,-89.73,41.29,-89.62,,,,,,,
191596,2024-06-26 09,2024-06-30 11,TN,2,6,0,0,150000,2,47147;47165,36.44,-86.77,36.57,-86.60000000000001,,,,,,,
192734,2024-06-26 12,2024-06-26 17,MO,1,2,0,0,100000,1,29023,36.67,-90.52,36.86,-90.4,,,,,,,
194245,2024-06-26 16,2024-06-26 21,OH,4,1,0,0,400000,2,39007;39095,41.63,-83.6,41.92,-80.65,,,,,,,
191237,2024-06-26 19,2024-06-26 21,PA,2,3,0,0,0,2,42083;42123,41.77,-79.14,41.9,-78.43,,,,,,,
191214,2024-06-26 21,2024-06-26 23,AZ,1,1,0,0,1000,1,04023,31.279999999999998,-111.00999999999999,31.42,-110.89,,,,,,,
193721,2024-06-26 21,2024-06-28 08,UT,8,9,0,0,12000,4,49015;49017;49025;49055,37.0,-112.06,39.46,-110.48,,,,,,,
191605,2024-06-27 00,2024-06-27 02,MA,4,0,0,0,0,3,25017;25025;25027,42.190000000000005,-71.77,42.36,-71.07,,,,,,,
193907,2024-06-27 00,2024-06-27 01,PA,5,5,0,0,0,1,42003,40.38,-80.06,40.52,-79.82,,,,,,,
193229,2024-06-27 04,2024-06-27 05,NM,1,2,0,0,0,1,35029,31.8,-107.51,31.91,-107.39,,,,,,,
192979,2024-06-27 10,2024-06-30 02,FL,2,2,0,0,0,2,12039;12131,30.47,-86.13,30.67,-84.33,,,,,,,
191306,2024-06-27 18,2024-06-27 21,NM,2,2,0,0,250000,2,35006;35045,35.2,-109.05,36.88,-107.87,,,,,,,
193841,2024-06-27 21,2024-06-27 22,CO,1,1,0,0,0,1,08077,38.63,-109.05,38.769999999999996,-108.9,,,,,,,
193842,2024-06-27 21,2024-06-27 23,UT,1,1,0,0,0,1,49019,38.510000000000005,-109.63,38.64,-109.51,,,,,,,
193203,2024-06-27 22,2024-06-28 00,AZ,1,1,0,0,0,1,04005,36.85,-111.48,37.0,-111.36,,,,,,,
192856,2024-06-28 09,2024-06-28 10,LA,1,1,0,0,100000,1,22087,29.849999999999998,-89.97,29.970000000000002,-89.85000000000001,,,,,,,
193703,2024-06-28 09,2024-06-28 12,LA,1,2,0,0,0,1,22019,30.09,-93.21,30.21,-93.05,,,,,,,
191553,2024-06-28 23,2024-06-29 05,KS,4,4,0,0,0,2,20041;20061,38.86,-97.07,39.04,-96.84,,,,,,,
191353,2024-06-29 22,2024-07-01 06,NM,5,29,0,0,2010000,4,35001;35027;35047;35057,33.32,-106.74,35.65,-105.25,,,,,,,
191622,2024-06-30 01,2024-06-30 04,KY,1,1,0,0,0,1,21019,38.43,-82.7,38.54,-82.59,,,,,,,
193909,2024-06-30 04,2024-06-30 06,CO,1,1,0,0,0,1,08101,38.21,-104.50999999999999,38.37,-104.4,,,,,,,
194013,2024-06-30 08,2024-06-30 11,KS,1,1,0,0,0,1,20095,37.6,-98.17,37.709999999999994,-98.03,,,,,,,
193100,2024-06-30 13,2024-06-30 16,KS,14,14,0,0,0,5,20025;20033;20057;20081;20097,37.25,-100.86,37.86,-99.48,,,,,,,
191609,2024-06-30 18,2024-06-30 20,CT,3,0,0,0,0,1,09003,41.59,-72.88,41.75,-72.72,,,,,,,
192537,2024-06-30 18,2024-06-30 21,CT,1,1,0,0,25000,1,09005,41.550000000000004,-73.38,41.66,-73.26,,,,,,,
193106,2024-06-30 18,2024-06-30 19,CT,1,2,0,0,0,1,09001,41.34,-73.50999999999999,41.449999999999996,-73.4,,,,,,,
193107,2024-06-30 18,2024-06-30 19,NY,1,1,0,0,0,1,36079,41.34,-73.64999999999999,41.449999999999996,-73.54,,,,,,,
193875,2024-06-30 21,2024-07-01 01,VA,5,5,0,0,0,3,51087;51127;51810,36.91,-77.23,37.52,-76.02,,,,,,,
191403,2024-06-30 22,2024-07-01 00,ID,1,0,0,0,250000,1,16059,45.260000000000005,-114.57,45.379999999999995,-114.39,,,,,,,
193876,2024-07-01 01,2024-07-01 03,NC,5,5,0,0,0,1,37139,36.230000000000004,-76.35,36.36,-76.17,,,,,,,
192984,2024-07-01 02,2024-07-01 04,GA,2,2,0,0,0,2,13075;13173,31.05,-83.34,31.17,-83.07,,,,,,,
193378,2024-07-01 04,2024-07-01 05,AZ,1,1,0,0,0,1,04005,34.760000000000005,-111.84,34.94,-111.67,,,,,,,
195174,2024-07-01 06,2024-07-02 17,NE,7,14,0,0,195000,5,31025;31109;31153;31155;31159,40.81,-96.94,41.19,-96.0,,,,,,,
194624,2024-07-01 07,2024-07-01 09,VA,1,1,0,0,0,1,51730,37.17,-77.46,37.279999999999994,-77.35000000000001,,,,,,,
191533,2024-07-01 10,2024-07-01 13,NC,2,2,0,0,10000,1,37163,34.95,-78.5,35.11,-78.34,,,,,,,
191408,2024-07-01 16,2024-07-01 17,KS,1,14,0,0,0,1,20091,38.78,-94.96,38.89,-94.61,,,,,,,
191409,2024-07-01 16,2024-07-01 19,MO,2,26,0,0,12000,1,29095,38.84,-94.66,39.09,-94.54,,,,,,,
194055,2024-07-02 21,2024-07-03 04,IA,3,3,0,0,0,2,19123;19125,41.330000000000005,-92.89,41.51,-92.65,,,,,,,
194175,2024-07-02 23,2024-07-02 23,WI,1,1,0,0,25000,1,55043,42.74,-90.94,42.849999999999994,-90.83,,,,,,,
194228,2024-07-02 23,2024-07-03 03,IA,4,4,0,0,0,2,19103;19107,41.44,-92.38,41.68,-91.53,,,,,,,
195055,2024-07-03 17,2024-07-03 20,LA,2,2,0,0,15000,1,22051,29.939999999999998,-90.21,30.060000000000002,-90.09,,,,,,,
195212,2024-07-03 21,2024-07-04 01,IN,6,6,0,0,0,1,18037,38.29,-87.06,38.44,-86.87,,,,,,,
192987,2024-07-03 23,2024-07-04 01,GA,3,3,0,0,0,1,13275,30.75,-84.03,30.89,-83.91,,,,,,,
194376,2024-07-03 23,2024-07-04 01,MO,1,1,0,0,0,1,29223,36.93,-90.61,37.08,-90.48,,,,,,,
194375,2024-07-04 00,2024-07-04 03,IN,3,2,0,0,50000,3,18051;18163;18173,38.0,-87.57,38.34,-87.29,,,,,,,
195213,2024-07-04 01,2024-07-04 02,KY,1,1,0,0,0,1,21111,38.14,-85.86,38.25,-85.75,,,,,,,
194985,2024-07-05 08,2024-07-05 08,MO,1,1,0,0,0,1,29059,37.68,-92.92999999999999,37.8,-92.81,,,,,,,
191825,2024-07-05 18,2024-07-05 21,WI,3,1,0,0,289000,3,55009;55015;55087,44.11,-88.44,44.31,-88.05,,,,,,,
192778,2024-07-05 20,2024-07-05 21,OH,1,1,0,0,50000,1,39145,38.620000000000005,-82.85,38.739999999999995,-82.73,,,,,,,
194462,2024-07-06 00,2024-07-06 02,TX,1,1,0,0,0,1,48141,31.73,-106.46,31.84,-106.35000000000001,,,,,,,
194536,2024-07-06 00,2024-07-06 02,AL,1,1,0,0,0,1,01097,30.759999999999998,-88.13,30.87,-88.02,,,,,,,
195057,2024-07-06 01,2024-07-06 03,LA,9,9,0,0,0,1,22071,29.89,-90.16,30.060000000000002,-89.98,,,,,,,
193103,2024-07-06 13,2024-07-06 15,NH,2,3,0,0,0,2,33007;33009,44.220000000000006,-71.85,44.39,-71.63,,,,,,,
193728,2024-07-06 20,2024-07-06 20,NC,1,1,0,0,0,1,37049,35.050000000000004,-77.09,35.18,-76.97,,,,,,,
191736,2024-07-06 21,2024-07-07 01,GA,8,8,0,0,0,4,13033;13073;13189;13245,33.19,-82.49,33.63,-82.06,,,,,,,
193384,2024-07-06 23,2024-07-07 00,NC,3,3,0,0,40000,1,37183,35.75,-78.77,35.86,-78.58,,,,,,,
191724,2024-07-07 00,2024-07-07 00,SC,1,1,0,0,0,1,45041,34.17,-79.89,34.279999999999994,-79.78,,,,,,,
194669,2024-07-07 19,2024-07-07 21,NC,1,1,0,0,0,1,37143,36.11,-76.39999999999999,36.22,-76.29,,,,,,,
194088,2024-07-08 00,2024-07-08 07,IA,4,4,0,0,0,1,19197,42.61,-93.91,42.76,-93.68,,,,,,,
191790,2024-07-08 02,2024-07-08 03,SC,2,2,0,0,0,2,45039;45057,34.36,-81.09,34.74,-80.77,,,,,,,
194590,2024-07-08 02,2024-07-08 06,CO,2,2,0,0,0,1,08089,37.92,-104.05,38.21,-103.54,,,,,,,
194181,2024-07-08 03,2024-07-08 03,WI,1,1,0,0,0,1,55019,44.74,-90.71,44.849999999999994,-90.60000000000001,,,,,,,
191630,2024-07-08 08,2024-07-08 22,NM,2,1,0,0,0,2,35009;35047,34.36,-105.24,35.6,-103.33,,,,,,,
194261,2024-07-08 16,2024-07-08 20,TX,2,3,0,0,0,2,48199;48245,30.05,-94.38,30.32,-94.1,,,,,,,
194382,2024-07-08 19,2024-07-08 21,MO,2,1,0,0,0,2,29031;29223,37.15,-90.71,37.4,-89.66,,,,,,,
194670,2024-07-08 19,2024-07-08 23,VA,3,3,0,0,0,2,51085;51135,37.18,-78.2,37.63,-77.37,,,,,,,
194986,2024-07-08 21,2024-07-09 04,MO,5,5,0,0,28000,4,29043;29077;29145;29229,37.0,-94.53,37.45,-92.45,,,,,,,
192988,2024-07-09 01,2024-07-09 03,GA,2,2,0,0,5000,2,13019;13075,31.15,-83.5,31.28,-83.25,,,,,,,
191944,2024-07-09 04,2024-07-09 06,AR,4,4,0,0,0,2,05119;05125,34.58,-92.54,34.8,-92.22,,,,,,,
191720,2024-07-09 19,2024-07-10 23,NM,2,18,0,0,1250000,1,35027,33.260000000000005,-105.78,33.39,-105.66,,,,,,,
192047,2024-07-09 20,2024-07-09 23,IL,1,6,0,0,50000,1,17031,41.6,-87.58,41.71,-87.47,,,,,,,
192048,2024-07-09 20,2024-07-09 23,IN,1,0,0,0,0,1,18089,41.61,-87.56,41.739999999999995,-87.45,,,,,,,
192217,2024-07-09 20,2024-07-09 20,MD,1,0,0,0,0,1,24005,39.18,-76.67,39.29,-76.56,,,,,,,
195060,2024-07-09 23,2024-07-10 02,LA,2,2,0,0,0,1,22071,29.91,-90.16,30.03,-90.03,,,,,,,
193531,2024-07-10 05,2024-07-10 08,TX,1,1,0,0,0,1,48505,26.84,-99.35,26.970000000000002,-99.21000000000001,,,,,,,
194527,2024-07-10 19,2024-07-11 00,NY,13,13,0,0,0,1,36049,43.7,-75.57,43.84,-75.39,,,,,,,
192705,2024-07-10 20,2024-07-11 04,NY,10,10,0,0,1550000,2,36019;36031,43.95,-73.86,44.89,-73.42,,,,,,,
191791,2024-07-10 21,2024-07-11 07,ME,6,3,0,0,0,2,23007;23017,44.63,-70.94,45.1,-70.0,,,,,,,
194347,2024-07-10 21,2024-07-11 09,VT,26,49,3,0,12650000,8,50001;50005;50007;50009;50015;50017;50019;50023,44.07,-73.3,45.01,-71.58,,,,,,,
193994,2024-07-10 22,2024-07-11 01,NY,1,1,0,0,500,1,36041,43.970000000000006,-74.57,44.089999999999996,-74.45,,,,,,,
194242,2024-07-10 22,2024-07-11 02,IA,2,2,0,0,0,1,19103,41.6,-91.64,41.75,-91.48,,,,,,,
194935,2024-07-10 23,2024-07-11 01,PA,1,1,0,0,2000,1,42015,41.540000000000006,-76.49,41.66,-76.38000000000001,,,,,,,
191794,2024-07-11 00,2024-07-11 08,NH,27,27,0,0,0,2,33007;33009,44.24,-72.05,45.2,-71.16,,,,,,,
194937,2024-07-11 00,2024-07-11 02,NY,1,1,0,0,2000,1,36017,42.480000000000004,-75.57,42.61,-75.45,,,,,,,
193750,2024-07-11 06,2024-07-11 13,ME,2,6,0,0,0,2,23019;23021,45.31,-69.27,45.5,-68.33,,,,,,,
193729,2024-07-11 12,2024-07-11 19,NC,7,8,0,0,0,5,37061;37103;37107;37117;37147,34.87,-77.71,35.85,-77.07,,,,,,,
194671,2024-07-11 15,2024-07-11 21,NC,4,4,0,0,0,1,37073,36.38,-76.71,36.52,-76.56,,,,,,,
194672,2024-07-11 18,2024-07-11 21,VA,3,3,0,0,0,2,51550;51810,36.71,-76.28999999999999,36.87,-76.09,,,,,,,
193526,2024-07-12 09,2024-07-12 09,KS,1,1,0,0,0,1,20059,38.470000000000006,-95.44,38.58,-95.32000000000001,,,,,,,
194674,2024-07-12 11,2024-07-13 01,VA,16,16,0,0,0,10,51087;51117;51133;51183;51199;51650;51740;51760;51800;51810,36.61,-78.58,37.97,-76.16,,,,,,,
194990,2024-07-12 11,2024-07-12 15,MO,2,4,0,0,0,1,29097,37.02,-94.57,37.16,-94.46000000000001,,,,,,,
194675,2024-07-12 14,2024-07-12 21,MD,4,4,0,0,0,2,24019;24045,38.36,-76.09,38.58,-75.6,,,,,,,
193385,2024-07-12 17,2024-07-12 18,NC,5,5,0,0,15000,2,37135;37183,35.77,-79.03,35.92,-78.6,,,,,,,
194676,2024-07-12 20,2024-07-12 22,NC,1,1,0,0,0,1,37073,36.39,-76.66,36.5,-76.55,,,,,,,
194387,2024-07-12 21,2024-07-13 12,IL,4,6,0,0,30000,3,17077;17145;17181,37.53,-89.37,38.19,-89.23,,,,,,,
191851,2024-07-13 01,2024-07-13 01,MT,1,1,0,0,0,1,30105,48.620000000000005,-106.2,48.72,-106.09,,,,,,,
194721,2024-07-13 13,2024-07-13 22,VA,2,2,0,0,0,2,51001;51085,37.66,-77.21,37.82,-75.59,,,,,,,
191876,2024-07-13 21,2024-07-14 04,WI,3,4,0,0,348000,3,55015;55073;55087,44.21,-89.7,44.98,-88.25,,,,,,,
194083,2024-07-14 03,2024-07-15 02,WI,2,2,0,0,4000,2,55021;55025,43.08,-89.51,43.58,-89.32,,,,,,,
192050,2024-07-14 04,2024-07-14 08,IL,2,32,0,0,2000000,2,17043;17201,41.9,-89.18,42.16,-87.93,,,,,,,
194610,2024-07-14 09,2024-07-14 11,WI,3,3,0,0,100000,2,55081;55121,43.78,-91.4,44.26,-90.37,,,,,,,
194961,2024-07-14 21,2024-07-15 01,CA,2,3,0,0,5001000,1,06071,34.13,-117.1,34.91,-116.08,,,,,,,
195259,2024-07-14 23,2024-07-15 01,CA,1,1,0,0,20000,1,06065,33.650000000000006,-116.47,33.769999999999996,-116.33,,,,,,,
191925,2024-07-15 01,2024-07-15 03,AZ,1,5,0,0,10000,1,04019,32.22,-111.03999999999999,32.38,-110.88000000000001,,,,,,,
192055,2024-07-15 01,2024-07-15 05,IL,4,8,1,1,500000,2,17043;17201,41.72,-89.18,42.35,-88.1,,,,,,,
194238,2024-07-15 01,2024-07-15 07,IL,2,2,0,0,0,2,17085;17177,42.2,-90.05,42.309999999999995,-89.62,,,,,,,
195089,2024-07-15 02,2024-07-15 19,AZ,1,2,0,0,0,1,04025,34.440000000000005,-112.33,34.559999999999995,-112.19,,,,,,,
194552,2024-07-15 20,2024-07-15 23,NY,3,3,0,0,0,2,36037;36121,42.86,-78.29,43.0,-78.0,,,,,,,
192939,2024-07-15 22,2024-07-16 05,IA,1,1,0,0,0,1,19013,42.440000000000005,-92.36,42.55,-92.25,,,,,,,
192767,2024-07-15 23,2024-07-16 05,WI,3,2,0,0,17000,3,55045;55059;55065,42.55,-90.41,42.86,-87.87,,,,,,,
194324,2024-07-15 23,2024-07-16 03,IA,3,3,0,0,0,2,19061;19113,41.98,-91.66,42.56,-90.68,,,,,,,
194940,2024-07-15 23,2024-07-16 00,NY,1,1,0,0,0,1,36011,42.67,-76.42,42.779999999999994,-76.31,,,,,,,
191926,2024-07-16 00,2024-07-16 02,AZ,1,2,0,0,1000,1,04003,31.48,-110.24,31.6,-110.12,,,,,,,
192058,2024-07-16 00,2024-07-16 05,IL,1,0,0,0,0,1,17097,42.27,-88.0,42.4,-87.83,,,,,,,
194063,2024-07-16 03,2024-07-16 15,IL,7,7,0,0,0,1,17057,40.34,-90.41,40.59,-89.99,,,,,,,
194804,2024-07-16 04,2024-07-16 09,IL,1,1,0,0,0,1,17109,40.52,-90.55,40.629999999999995,-90.44,,,,,,,
194389,2024-07-16 11,2024-07-17 02,IL,4,3,0,0,10000,2,17081;17145,38.16,-89.4,38.42,-88.87,,,,,,,
194555,2024-07-16 19,2024-07-16 21,NY,2,2,0,0,0,1,36049,43.58,-75.5,43.79,-75.34,,,,,,,
194817,2024-07-16 20,2024-07-16 21,CO,1,1,0,0,0,1,08081,40.42,-108.92,40.55,-108.81,,,,,,,
192468,2024-07-17 01,2024-07-17 16,AR,16,16,0,0,0,7,05023;05029;05045;05075;05089;05129;05137,35.05,-92.7,36.33,-91.23,,,,,,,
194391,2024-07-17 04,2024-07-17 10,KY,6,6,0,0,0,4,21107;21149;21177;21233,37.22,-87.77,37.48,-87.1,,,,,,,
194515,2024-07-17 05,2024-07-17 07,AZ,1,1,0,0,0,1,04013,33.800000000000004,-111.85,33.919999999999995,-111.72,,,,,,,
194993,2024-07-17 10,2024-07-17 18,MO,11,12,0,0,1693000,4,29043;29067;29077;29213,36.57,-93.38,37.21,-92.66,,,,,,,
192033,2024-07-17 20,2024-07-20 07,NM,4,10,0,0,100000,3,35027;35047;35049,33.3,-105.77,35.79,-105.26,,,,,,,
195064,2024-07-17 20,2024-07-17 22,LA,1,1,0,0,0,1,22089,29.91,-90.35,30.02,-90.24000000000001,,,,,,,
192218,2024-07-17 22,2024-07-17 23,MD,1,1,0,0,0,1,24005,39.260000000000005,-76.57,39.37,-76.46000000000001,,,,,,,
195091,2024-07-17 23,2024-07-18 09,AZ,3,3,0,0,0,1,04025,34.2,-112.3,34.61,-111.72,,,,,,,
193108,2024-07-18 01,2024-07-18 02,NJ,2,2,0,0,0,2,34003;34017,40.79,-74.11999999999999,40.89,-73.99000000000001,,,,,,,
194751,2024-07-18 03,2024-07-18 04,VA,2,2,0,0,0,1,51117,36.52,-78.64,36.66,-78.52,,,,,,,
194847,2024-07-18 16,2024-07-18 19,MD,4,4,0,0,0,1,24047,38.27,-75.17,38.4,-75.03,,,,,,,
195066,2024-07-18 18,2024-07-18 22,LA,5,5,0,0,0,2,22051;22071,29.88,-90.21,30.02,-90.09,,,,,,,
194860,2024-07-18 19,2024-07-18 21,VA,2,1,0,0,0,2,51025;51595,36.650000000000006,-77.83,36.83,-77.54,,,,,,,
193387,2024-07-18 20,2024-07-18 22,NC,3,4,0,0,10000,2,37063;37183,35.78,-78.88,35.91,-78.62,,,,,,,
194862,2024-07-18 21,2024-07-19 00,NC,7,7,0,0,0,4,37029;37053;37091;37139,36.27,-77.12,36.38,-75.79,,,,,,,
194967,2024-07-19 01,2024-07-19 03,CA,1,1,0,0,10000,1,06071,35.400000000000006,-116.22,35.51,-116.11,,,,,,,
195110,2024-07-19 01,2024-07-19 13,AZ,1,1,0,0,0,1,04025,34.6,-112.07,34.739999999999995,-111.89,,,,,,,
195048,2024-07-19 16,2024-07-19 18,SD,2,2,0,0,0,1,46135,42.82,-97.46,42.94,-97.34,,,,,,,
195181,2024-07-19 16,2024-07-19 20,NE,1,1,0,0,5000,1,31027,42.660000000000004,-97.41,42.769999999999996,-97.26,,,,,,,
193467,2024-07-19 23,2024-07-20 02,SC,5,5,0,0,0,1,45079,34.02,-81.08,34.16,-80.88,,,,,,,
194465,2024-07-20 06,2024-07-21 01,NM,3,3,0,0,0,2,35013;35035,32.3,-106.67,33.3,-105.66,,,,,,,
194952,2024-07-20 11,2024-07-21 22,MS,2,2,0,0,4000,1,28075,32.36,-88.67,32.519999999999996,-88.55,,,,,,,
194793,2024-07-20 19,2024-07-21 01,WY,1,0,0,0,10000,1,56003,44.470000000000006,-107.82,44.599999999999994,-107.7,,,,,,,
195100,2024-07-20 19,2024-07-20 23,VA,17,16,0,0,195000,8,51073;51103;51133;51199;51650;51760;51810;51830,36.84,-77.45,37.8,-75.98,,,,,,,
192177,2024-07-20 20,2024-07-22 20,NM,5,14,0,0,120000,4,35001;35027;35033;35041,33.32,-106.31,36.12,-103.31,,,,,,,
192989,2024-07-20 21,2024-07-20 23,GA,5,5,0,0,0,3,13017;13155;13287,31.63,-83.67,31.810000000000002,-83.0,,,,,,,
193399,2024-07-20 21,2024-07-21 04,NC,1,1,0,0,0,1,37081,36.0,-79.91,36.11,-79.8,,,,,,,
195645,2024-07-20 23,2024-07-21 06,CA,1,0,0,0,0,1,06017,38.74,-120.2,38.849999999999994,-120.09,,,,,,,
195144,2024-07-21 00,2024-07-21 03,AZ,1,1,0,0,0,1,04007,34.31,-111.5,34.44,-111.35000000000001,,,,,,,
192280,2024-07-21 03,2024-07-21 04,CO,1,1,0,0,0,1,08031,39.690000000000005,-105.03999999999999,39.83,-104.88000000000001,,,,,,,
194902,2024-07-21 03,2024-07-21 06,NC,1,2,0,0,5000,1,37071,35.17,-81.27,35.33,-81.14,,,,,,,
194591,2024-07-21 05,2024-07-22 03,CO,2,2,0,0,0,2,08041;08101,38.31,-104.89,38.94,-104.21,,,,,,,
194832,2024-07-21 15,2024-07-21 17,MN,1,1,0,0,0,1,27123,44.85,-93.2,44.97,-93.09,,,,,,,
192205,2024-07-21 21,2024-07-22 01,UT,2,3,0,0,0,1,49025,37.02,-112.01,37.48,-111.89,,,,,,,
192776,2024-07-21 23,2024-07-22 01,TN,4,4,0,0,0,1,47065,35.1,-85.32,35.3,-85.08,,,,,,,
195153,2024-07-21 23,2024-07-22 03,AZ,2,2,0,0,0,1,04025,34.24,-112.23,34.41,-111.96,,,,,,,
192580,2024-07-22 01,2024-07-22 03,AZ,1,3,0,0,5000,1,04019,32.06,-111.07,32.209999999999994,-110.96000000000001,,,,,,,
193470,2024-07-22 01,2024-07-22 03,SC,3,3,0,0,0,1,45079,34.010000000000005,-81.1,34.16,-80.97,,,,,,,
194904,2024-07-22 01,2024-07-22 05,NC,2,6,0,0,1500,2,37089;37119,35.26,-82.58,35.4,-80.71,,,,,,,
192801,2024-07-22 02,2024-07-22 04,NV,1,1,0,0,0,1,32031,39.43,-119.78,39.54,-119.66,,,,,,,
194393,2024-07-22 02,2024-07-22 03,KY,1,1,0,0,5000,1,21035,36.57,-88.38,36.69,-88.27,,,,,,,
194467,2024-07-22 03,2024-07-22 05,NM,1,1,0,0,0,1,35051,33.06,-107.36,33.25,-107.23,,,,,,,
195225,2024-07-22 05,2024-07-23 00,KY,3,3,0,0,0,2,21009;21027,36.96,-86.42,37.77,-85.79,,,,,,,
193068,2024-07-22 11,2024-07-22 14,WV,1,1,0,0,0,1,54081,37.74,-81.25,37.849999999999994,-81.14,,,,,,,
194328,2024-07-22 11,2024-07-23 21,TX,3,3,0,0,23000,2,48113;48181,32.86,-96.73,33.68,-96.56,,,,,,,
195147,2024-07-22 14,2024-07-22 21,VA,2,1,0,0,0,2,51131;51650,37.03,-76.35,37.28,-76.01,,,,,,,
193401,2024-07-22 19,2024-07-22 23,NC,4,4,0,0,20000,2,37063;37183,35.85,-78.97,35.98,-78.59,,,,,,,
194147,2024-07-22 20,2024-07-22 22,WI,1,1,0,0,20000,1,55099,45.63,-90.46,45.739999999999995,-90.35000000000001,,,,,,,
194484,2024-07-22 21,2024-07-22 23,GA,1,1,0,0,15000,1,13051,32.03,-81.16,32.14,-81.05,,,,,,,
194936,2024-07-22 21,2024-07-22 21,PA,1,1,0,0,1000,1,42015,41.81,-76.28999999999999,41.919999999999995,-76.16,,,,,,,
194938,2024-07-22 21,2024-07-22 23,NY,5,5,0,0,19000,1,36101,42.13,-77.65,42.34,-77.28,,,,,,,
194974,2024-07-22 23,2024-07-25 01,CA,7,7,0,0,27000,2,06027;06071,34.13,-118.22,37.38,-115.65,,,,,,,
194840,2024-07-23 00,2024-07-23 03,IA,1,1,0,0,0,1,19163,41.56,-90.42,41.669999999999995,-90.31,,,,,,,
192219,2024-07-23 01,2024-07-23 02,MD,3,3,0,0,0,1,24043,39.61,-77.85,39.75,-77.71000000000001,,,,,,,
193730,2024-07-23 01,2024-07-23 01,NC,2,2,0,0,0,1,37147,35.56,-77.42,35.68,-77.28,,,,,,,
195017,2024-07-23 01,2024-07-23 03,TN,2,5,0,0,0,1,47093,35.81,-84.0,35.97,-83.83,,,,,,,
194976,2024-07-23 02,2024-07-23 04,AZ,1,1,0,0,1000,1,04015,35.64,-114.23,35.75,-114.12,,,,,,,
194130,2024-07-23 13,2024-07-23 19,TX,5,5,0,0,10000,4,48019;48137;48265;48385,29.71,-100.28,30.08,-99.03,,,,,,,
194633,2024-07-23 15,2024-07-23 15,TX,1,1,0,0,0,1,48267,30.37,-99.72,30.48,-99.61,,,,,,,
195149,2024-07-23 21,2024-07-23 21,VA,5,5,0,0,50000,3,51041;51085;51760,37.44,-77.55,37.6,-77.31,,,,,,,
192313,2024-07-23 22,2024-07-24 01,IL,1,0,0,0,0,1,17007,42.21,-88.97,42.36,-88.86,,,,,,,
194528,2024-07-23 22,2024-07-23 23,CA,1,4,0,0,0,1,06071,34.040000000000006,-116.22,34.16,-116.09,,,,,,,
194206,2024-07-23 23,2024-07-24 01,MI,2,0,0,0,0,2,26099;26163,42.31,-83.13,42.55,-82.93,,,,,,,
193475,2024-07-24 04,2024-07-24 05,SC,1,2,0,0,0,1,45079,33.93,-81.08,34.04,-80.97,,,,,,,
195152,2024-07-24 04,2024-07-24 19,VA,3,3,0,0,0,2,51087;51149,37.25,-77.46,37.64,-77.34,,,,,,,
193405,2024-07-24 07,2024-07-24 07,NC,1,1,0,0,0,1,37165,34.71,-79.5,34.83,-79.39,,,,,,,
194743,2024-07-24 15,2024-07-24 17,LA,3,4,0,0,0,3,22019;22079;22115,30.04,-93.26,31.39,-92.39,,,,,,,
194917,2024-07-24 16,2024-07-24 17,LA,1,1,0,0,0,1,22069,31.419999999999998,-92.94,31.53,-92.83,,,,,,,
194939,2024-07-24 16,2024-07-25 05,NY,15,15,0,0,32000,2,36007;36065,42.04,-76.07,43.31,-75.42,,,,,,,
195022,2024-07-24 20,2024-07-24 21,TN,1,1,0,0,0,1,47093,35.900000000000006,-83.99,36.01,-83.88000000000001,,,,,,,
193484,2024-07-24 21,2024-07-24 22,SC,2,3,0,0,0,2,45063;45079,33.93,-81.16,34.04,-80.97,,,,,,,
192803,2024-07-24 22,2024-07-24 23,NV,1,1,0,0,0,1,32019,38.68,-119.46,38.79,-119.34,,,,,,,
192976,2024-07-25 01,2024-07-25 04,VA,1,1,0,0,0,1,51027,37.2,-82.03999999999999,37.32,-81.93,,,,,,,
195171,2024-07-25 01,2024-07-25 19,AZ,1,1,0,0,0,1,04007,33.98,-111.25,34.2,-111.11,,,,,,,
195162,2024-07-25 12,2024-07-27 22,TX,2,6,0,0,0,1,48355,27.6,-97.78,27.84,-97.38,,,,,,,
194837,2024-07-25 13,2024-07-25 16,IA,1,1,0,0,0,1,19111,40.480000000000004,-91.47,40.589999999999996,-91.36,,,,,,,
194291,2024-07-25 15,2024-07-25 16,TN,1,2,0,0,0,1,47157,35.03,-89.92999999999999,35.15,-89.81,,,,,,,
194918,2024-07-25 15,2024-07-25 18,LA,1,1,0,0,0,1,22085,31.57,-93.7,31.68,-93.58,,,,,,,
194292,2024-07-25 16,2024-07-25 17,MS,2,3,0,0,10000,1,28033,34.89,-90.15,35.019999999999996,-90.04,,,,,,,
193406,2024-07-25 18,2024-07-25 21,NC,7,9,0,0,0,1,37183,35.72,-78.87,35.93,-78.58,,,,,,,
194630,2024-07-25 20,2024-07-25 22,AL,3,3,0,0,0,1,01097,30.62,-88.17999999999999,30.75,-88.05,,,,,,,
193131,2024-07-25 21,2024-07-26 00,UT,2,0,0,0,11000,2,49021;49025,37.45,-113.19,37.589999999999996,-112.09,,,,,,,
192990,2024-07-25 23,2024-07-28 01,GA,8,8,0,0,0,2,13075;13185,30.83,-83.39,31.08,-83.26,,,,,,,
193485,2024-07-26 01,2024-07-26 02,SC,2,2,0,0,0,1,45071,34.150000000000006,-81.53,34.32,-81.4,,,,,,,
192762,2024-07-26 02,2024-07-26 04,AZ,3,7,0,0,27000,1,04019,31.94,-110.99,32.3,-110.67,,,,,,,
194576,2024-07-26 02,2024-07-26 06,AZ,4,4,0,0,0,2,04013;04021,33.01,-113.13,33.28,-111.67,,,,,,,
194921,2024-07-26 11,2024-07-26 17,TX,5,5,0,0,0,3,48005;48405;48419,31.26,-94.8,31.83,-94.11,,,,,,,
194920,2024-07-26 13,2024-07-26 19,LA,3,3,0,0,0,2,22031;22069,31.73,-94.0,31.98,-93.05,,,,,,,
193184,2024-07-26 22,2024-07-26 23,WY,2,2,0,0,0,1,56015,42.010000000000005,-104.31,42.15,-104.12,,,,,,,
195073,2024-07-26 22,2024-07-27 01,LA,2,2,0,0,0,2,22051;22071,29.86,-90.16,30.01,-89.99000000000001,,,,,,,
194866,2024-07-27 07,2024-07-27 10,MN,1,1,0,0,200,1,27089,48.260000000000005,-95.7,48.379999999999995,-95.55,,,,,,,
192924,2024-07-27 22,2024-07-27 23,AZ,1,1,0,0,1000,1,04003,31.439999999999998,-110.27,31.55,-110.12,,,,,,,
193321,2024-07-27 22,2024-07-27 23,FL,1,7,0,0,0,1,12031,30.25,-81.88,30.39,-81.77,,,,,,,
195190,2024-07-28 00,2024-07-28 15,AZ,1,2,0,0,0,1,04001,34.38,-109.85,34.62,-109.32,,,,,,,
193217,2024-07-28 02,2024-07-28 02,NE,1,1,0,0,0,1,31033,41.02,-103.09,41.129999999999995,-102.98,,,,,,,
194953,2024-07-28 02,2024-07-28 03,MS,2,2,0,0,3000,1,28087,33.48,-88.48,33.63,-88.31,,,,,,,
192704,2024-07-28 16,2024-07-29 00,TN,2,1,0,0,0,2,47111;47175,35.63,-86.05,36.54,-85.36,,,,,,,
192575,2024-07-28 19,2024-07-29 00,AL,2,7,0,0,0,2,01073;01093,33.48,-88.18,34.3,-86.65,,,,,,,
192481,2024-07-28 20,2024-07-29 22,NM,2,8,0,0,50000,1,35027,33.3,-105.78,33.41,-105.63000000000001,,,,,,,
195054,2024-07-28 20,2024-07-28 23,IA,2,2,0,0,0,1,19193,42.43,-96.48,42.58,-96.3,,,,,,,
195069,2024-07-28 20,2024-07-28 22,NE,1,1,0,0,0,1,31043,42.400000000000006,-96.48,42.519999999999996,-96.37,,,,,,,
195015,2024-07-28 21,2024-07-29 00,TN,2,3,0,0,0,2,47145;47155,35.71,-84.6,35.86,-83.51,,,,,,,
194395,2024-07-28 23,2024-07-29 06,IL,2,4,0,0,250000,2,17165;17191,37.81,-88.55,38.4,-88.34,,,,,,,
192583,2024-07-29 00,2024-07-29 03,IN,1,1,0,0,2000,1,18109,39.37,-86.72,39.47,-86.58,,,,,,,
194602,2024-07-29 02,2024-07-29 03,AZ,1,1,0,0,0,1,04007,33.32,-110.61999999999999,33.43,-110.49000000000001,,,,,,,
193049,2024-07-30 00,2024-07-30 01,FL,1,1,0,0,0,1,12039,30.54,-84.46,30.650000000000002,-84.35000000000001,,,,,,,
194554,2024-07-30 01,2024-07-30 04,VT,1,0,0,0,50000,1,50021,43.46,-73.09,43.589999999999996,-72.92,,,,,,,
192927,2024-07-30 02,2024-07-30 05,AZ,1,3,0,0,20000,1,04003,31.29,-110.15,31.41,-109.95,,,,,,,
193021,2024-07-30 03,2024-07-30 05,OH,1,2,0,0,0,1,39135,39.57,-84.74,39.68,-84.63000000000001,,,,,,,
193019,2024-07-30 04,2024-07-30 06,IN,1,1,0,0,0,1,18161,39.53,-84.91,39.669999999999995,-84.77,,,,,,,
194543,2024-07-30 07,2024-07-30 13,VT,8,10,0,0,10100000,3,50005;50009;50019,44.36,-72.1,44.92,-71.86,,,,,,,
193104,2024-07-30 13,2024-08-01 01,NH,6,5,0,0,0,1,33009,43.96,-72.01,44.19,-71.88,,,,,,,
195227,2024-07-30 19,2024-08-01 03,KY,4,4,0,0,0,2,21001;21099,37.1,-85.97,37.36,-85.17,,,,,,,
192788,2024-07-30 20,2024-07-30 23,TN,7,8,0,0,0,2,47093;47123,35.5,-84.37,36.03,-83.91,,,,,,,
193952,2024-07-30 20,2024-07-30 22,VA,2,1,0,0,0,1,51187,38.910000000000004,-78.36999999999999,39.029999999999994,-78.23,,,,,,,
192758,2024-07-30 21,2024-07-31 00,TN,3,14,0,0,250000,2,47141;47185,35.94,-85.58,36.22,-85.42,,,,,,,
194398,2024-07-30 23,2024-07-31 01,IN,1,1,0,0,0,1,18163,37.92,-87.64999999999999,38.04,-87.45,,,,,,,
194912,2024-07-30 23,2024-07-31 02,NC,1,1,0,0,100000,1,37089,35.27,-82.63,35.39,-82.48,,,,,,,
193476,2024-07-31 05,2024-07-31 06,SC,1,2,0,0,0,1,45079,33.93,-81.08,34.04,-80.97,,,,,,,
194668,2024-07-31 12,2024-07-31 17,IA,2,1,0,0,0,2,19125;19135,41.12,-93.3,41.25,-92.52,,,,,,,
192792,2024-07-31 15,2024-07-31 16,TN,3,3,0,0,0,1,47151,36.35,-84.62,36.53,-84.43,,,,,,,
194845,2024-07-31 17,2024-07-31 19,KY,3,3,0,0,0,1,21013,36.7,-83.67,36.849999999999994,-83.54,,,,,,,
192936,2024-07-31 20,2024-08-01 00,AZ,1,9,0,0,5000,1,04019,31.92,-110.87,32.07,-110.61,,,,,,,
192986,2024-07-31 22,2024-08-01 02,GA,2,2,0,0,0,2,13071;13275,30.83,-83.98,31.16,-83.62,,,,,,,
194400,2024-08-01 01,2024-08-01 04,IN,2,1,0,0,10000,2,18051;18125,38.33,-87.46,38.5,-87.33,,,,,,,
194611,2024-08-01 01,2024-08-01 02,MN,2,2,0,0,0,1,27157,44.13,-92.43,44.33,-92.24,,,,,,,
195096,2024-08-01 01,2024-08-01 04,SD,6,6,0,0,0,1,46011,44.24,-96.86999999999999,44.37,-96.73,,,,,,,
193835,2024-08-01 19,2024-08-01 23,WI,3,6,0,0,0,3,55073;55137;55141,44.02,-90.19,44.91,-89.57,,,,,,,
195841,2024-08-01 19,2024-08-01 21,MD,1,1,0,0,0,1,24047,38.330000000000005,-75.17999999999999,38.44,-75.07000000000001,,,,,,,
192689,2024-08-01 22,2024-08-02 01,IN,3,3,0,0,80000,3,18057;18065;18097,39.89,-86.1,40.09,-85.25,,,,,,,
195908,2024-08-01 22,2024-08-01 22,WI,1,1,0,0,0,1,55001,43.660000000000004,-89.71,43.769999999999996,-89.60000000000001,,,,,,,
196032,2024-08-01 22,2024-08-03 04,AZ,1,1,0,0,0,1,04001,34.32,-109.39,34.5,-109.27,,,,,,,
194516,2024-08-02 00,2024-08-02 01,AZ,1,1,0,0,1000,1,04023,31.27,-111.02,31.39,-110.87,,,,,,,
193054,2024-08-02 13,2024-08-02 15,FL,1,1,0,0,0,1,12005,30.22,-85.73,30.330000000000002,-85.62,,,,,,,
193055,2024-08-02 15,2024-08-02 17,GA,4,3,0,0,0,1,13275,30.779999999999998,-84.05,30.91,-83.9,,,,,,,
195506,2024-08-02 16,2024-08-02 18,MI,1,0,0,0,0,1,26099,42.330000000000005,-82.99,42.5,-82.85000000000001,,,,,,,
192756,2024-08-02 18,2024-08-03 22,NM,3,4,0,0,2000,2,35027;35033,33.32,-105.69,36.01,-105.29,,,,,,,
195935,2024-08-02 18,2024-08-02 22,TN,3,6,0,0,0,3,47025;47059;47179,36.14,-83.68,36.6,-82.37,,,,,,,
195714,2024-08-02 19,2024-08-02 21,NY,3,3,0,0,5000,1,36101,42.28,-77.72,42.41,-77.60000000000001,,,,,,,
195805,2024-08-02 19,2024-08-02 21,KY,1,1,0,0,15000,1,21013,36.74,-83.66,36.849999999999994,-83.55,,,,,,,
195480,2024-08-02 21,2024-08-03 00,VA,1,1,0,0,0,1,51590,36.53,-79.39999999999999,36.64,-79.29,,,,,,,
195844,2024-08-02 21,2024-08-03 00,VA,2,3,0,0,0,1,51105,36.6,-83.48,36.779999999999994,-83.1,,,,,,,
195418,2024-08-03 01,2024-08-03 03,NV,1,1,0,0,1000,1,32017,37.910000000000004,-114.3,38.019999999999996,-114.19,,,,,,,
193953,2024-08-03 02,2024-08-03 04,MD,4,2,0,0,0,1,24005,39.190000000000005,-76.66,39.349999999999994,-76.49,,,,,,,
196327,2024-08-03 16,2024-08-03 19,OH,2,3,0,0,315000,2,39133;39151,40.89,-81.47,41.16,-81.26,,,,,,,
195715,2024-08-03 19,2024-08-03 22,PA,2,2,0,0,11000,1,42079,41.17,-76.07,41.29,-75.95,,,,,,,
193197,2024-08-03 20,2024-08-03 23,SC,6,6,0,0,31000,2,45055;45079,34.06,-81.05,34.24,-80.84,,,,,,,
196010,2024-08-03 20,2024-08-03 21,NJ,4,4,0,0,0,1,34003,40.96,-74.13,41.11,-74.02,,,,,,,
195516,2024-08-03 21,2024-08-03 23,NC,6,6,0,0,37000,3,37063;37069;37183,35.77,-79.0,36.11,-78.45,,,,,,,
195548,2024-08-03 23,2024-08-04 03,VA,3,3,0,0,0,2,51019;51031,37.11,-79.56,37.4,-79.03,,,,,,,
195678,2024-08-04 00,2024-08-04 00,LA,1,1,0,0,0,1,22053,30.02,-92.75,30.150000000000002,-92.63000000000001,,,,,,,
194519,2024-08-04 01,2024-08-04 02,AZ,1,0,0,0,1000,1,04019,31.970000000000002,-110.78,32.08,-110.67,,,,,,,
195838,2024-08-04 02,2024-08-04 06,SC,2,7,0,0,150000,2,45045;45083,34.92,-82.23,35.07,-81.95,,,,,,,
195039,2024-08-04 03,2024-08-04 04,AZ,1,1,0,0,0,1,04013,33.220000000000006,-112.91,33.33,-112.79,,,,,,,
194317,2024-08-04 12,2024-08-04 14,ME,1,1,0,0,0,1,23005,43.63,-70.44,43.739999999999995,-70.29,,,,,,,
194318,2024-08-04 16,2024-08-04 18,NH,1,2,0,0,0,1,33011,42.89,-71.53999999999999,43.019999999999996,-71.36,,,,,,,
194566,2024-08-04 20,2024-08-05 01,VT,2,2,0,0,150000,1,50005,44.46,-72.06,44.59,-71.89,,,,,,,
193242,2024-08-04 21,2024-08-04 23,SC,2,2,0,0,2000,1,45079,34.06,-81.1,34.199999999999996,-80.92,,,,,,,
195252,2024-08-04 21,2024-08-05 00,FL,1,3,0,0,0,1,12021,25.86,-81.78999999999999,26.0,-81.67,,,,,,,
193501,2024-08-04 22,2024-08-04 22,NC,1,1,0,0,0,1,37017,34.440000000000005,-78.72,34.55,-78.61,,,,,,,
195517,2024-08-04 23,2024-08-05 02,NC,2,2,0,0,25000,1,37183,35.71,-78.78999999999999,35.839999999999996,-78.67,,,,,,,
196059,2024-08-04 23,2024-08-05 01,UT,1,1,0,0,1000,1,49007,39.7,-110.98,39.82,-110.85000000000001,,,,,,,
196067,2024-08-05 00,2024-08-05 02,VA,2,2,0,0,0,2,51036;51095,37.290000000000006,-77.07,37.43,-76.77,,,,,,,
196074,2024-08-05 01,2024-08-05 04,AZ,1,1,0,0,0,1,04005,34.82,-111.9,34.99,-111.79,,,,,,,
192843,2024-08-05 03,2024-08-05 06,NV,1,1,0,0,0,1,32007,40.28,-114.57,40.39,-114.45,,,,,,,
193980,2024-08-05 09,2024-08-05 18,FL,2,2,0,0,0,2,12041;12121,29.64,-83.05,30.26,-82.64,,,,,,,
193050,2024-08-05 13,2024-08-05 18,FL,6,6,0,0,0,3,12029;12079;12123,29.47,-83.6,30.59,-82.98,,,,,,,
193052,2024-08-05 15,2024-08-05 18,GA,5,6,0,0,0,2,13027;13185,30.68,-83.51,31.02,-83.18,,,,,,,
195921,2024-08-05 20,2024-08-05 22,NY,1,1,0,0,0,1,36029,42.940000000000005,-78.92999999999999,43.05,-78.82000000000001,,,,,,,
195716,2024-08-05 21,2024-08-06 03,NY,2,2,0,0,2000,2,36007;36065,42.09,-76.07,43.01,-75.25,,,,,,,
195694,2024-08-05 23,2024-08-07 13,GA,13,12,0,0,450000,6,13051;13103;13109;13165;13183;13267,31.7,-82.19,32.92,-81.13,,,,,,,
192906,2024-08-06 00,2024-08-06 01,MN,1,1,0,0,0,1,27043,43.68,-93.78,43.79,-93.68,,,,,,,
195693,2024-08-06 00,2024-08-10 00,SC,43,43,0,0,505000,7,45013;45015;45019;45029;45035;45049;45053,32.16,-81.09,33.23,-79.85,,,,,,,
193557,2024-08-06 14,2024-08-09 01,SC,26,26,0,0,0,8,45009;45025;45027;45039;45057;45075;45079;45085,33.24,-81.0,35.0,-80.0,,,,,,,
195283,2024-08-06 14,2024-08-09 13,SC,27,27,0,0,54000,7,45033;45041;45043;45051;45067;45069;45089,33.39,-79.76,34.68,-78.64,,,,,,,
193556,2024-08-06 17,2024-08-07 02,GA,6,6,0,0,0,1,13033,32.93,-82.08,33.05,-81.71,,,,,,,
193954,2024-08-06 19,2024-08-06 20,MD,2,2,0,0,0,1,24005,39.31,-76.55,39.44,-76.39,,,,,,,
194220,2024-08-06 20,2024-08-07 00,PA,2,2,0,0,6000,2,42019;42063,40.6,-80.11,40.71,-79.16,,,,,,,
195594,2024-08-06 20,2024-08-07 02,NJ,11,15,0,0,110000,5,34005;34007;34021;34023;34025,39.9,-75.05,40.47,-74.0,,,,,,,
194520,2024-08-06 21,2024-08-06 22,AZ,1,1,0,0,25000,1,04023,31.31,-110.99,31.43,-110.87,,,,,,,
195318,2024-08-06 21,2024-08-06 21,NC,1,1,0,0,0,1,37013,35.260000000000005,-76.86999999999999,35.379999999999995,-76.72,,,,,,,
196023,2024-08-06 21,2024-08-07 00,NY,6,6,0,0,0,4,36005;36059;36081;36119,40.78,-73.91,40.94,-73.57,,,,,,,
196022,2024-08-06 22,2024-08-07 00,NJ,7,7,0,0,0,3,34003;34031;34039,40.72,-74.3,40.9,-73.97,,,,,,,
196252,2024-08-07 00,2024-08-07 04,PA,3,3,0,0,120000,2,42017;42095,40.1,-75.22,40.73,-74.84,,,,,,,
195090,2024-08-07 09,2024-08-07 12,AZ,1,1,0,0,0,1,04013,32.93,-112.41,33.11,-112.19,,,,,,,
193960,2024-08-07 20,2024-08-07 21,CO,1,1,0,0,0,1,08069,40.370000000000005,-105.34,40.48,-105.23,,,,,,,
196030,2024-08-07 21,2024-08-09 03,CO,2,0,0,0,0,1,08041,38.88,-104.86999999999999,38.989999999999995,-104.76,,,,,,,
195821,2024-08-07 22,2024-08-08 00,KY,2,1,0,0,2000,1,21203,37.34,-84.47,37.459999999999994,-84.36,,,,,,,
195101,2024-08-07 23,2024-08-08 01,AZ,1,1,0,0,0,1,04007,33.39,-110.59,33.5,-110.48,,,,,,,
193507,2024-08-08 00,2024-08-08 01,NE,1,1,0,0,0,1,31157,41.77,-103.71,41.879999999999995,-103.60000000000001,,,,,,,
195282,2024-08-08 00,2024-08-10 01,NC,34,35,0,0,64000,6,37017;37019;37047;37129;37141;37155,33.88,-79.15,34.67,-77.71,,,,,,,
196077,2024-08-08 01,2024-08-08 07,AZ,2,2,0,0,0,1,04025,34.3,-112.11,34.57,-111.85,,,,,,,
195884,2024-08-08 02,2024-08-08 04,AZ,2,2,0,0,2000,2,04003;04019,31.38,-111.06,31.73,-109.52,,,,,,,
195319,2024-08-08 05,2024-08-09 13,NC,8,8,0,0,0,6,37031;37079;37103;37107;37133;37147,34.77,-77.74,35.71,-76.91,,,,,,,
195323,2024-08-08 07,2024-08-08 23,NC,35,38,0,0,153000,16,37001;37037;37051;37057;37069;37077;37081;37085;37125;37135;37153;37163;37165;37183;37191;37195,34.7,-80.15,36.24,-77.89,,,,,,,
195875,2024-08-08 11,2024-08-08 20,SC,2,8,0,0,26000,2,45083;45091,34.85,-81.94,35.15,-81.06,,,,,,,
196155,2024-08-08 12,2024-08-09 00,NC,7,11,0,0,37500,7,37023;37025;37027;37097;37119;37159;37179,34.96,-81.68,35.93,-80.41,,,,,,,
195552,2024-08-08 14,2024-08-09 02,NC,4,7,0,0,0,4,37033;37157;37193;37197,36.1,-81.49,36.54,-79.44,,,,,,,
195557,2024-08-08 19,2024-08-09 06,VA,29,29,0,0,0,10,51009;51011;51019;51031;51037;51067;51083;51143;51161;51680,36.69,-80.15,37.44,-78.62,,,,,,,
192923,2024-08-08 21,2024-08-10 02,NM,6,7,1,1,105000,5,35001;35033;35047;35049;35057,35.01,-106.55,36.07,-105.28,,,,,,,
195595,2024-08-08 21,2024-08-09 03,DE,4,6,0,0,50000,1,10003,39.59,-75.71,39.79,-75.6,,,,,,,
195596,2024-08-08 21,2024-08-09 02,PA,4,5,0,0,50000,1,42029,39.77,-75.81,40.0,-75.68,,,,,,,
197351,2024-08-08 21,2024-08-10 03,AZ,1,1,1,0,1000,1,04019,32.09,-111.03,32.199999999999996,-110.92,,,,,,,
196112,2024-08-08 22,2024-08-09 06,VA,11,12,0,0,0,3,51111;51117;51147,36.69,-78.62,37.35,-78.34,,,,,,,
195817,2024-08-09 00,2024-08-09 05,OH,21,13,0,0,3040000,4,39055;39133;39153;39169,40.78,-81.96,41.41,-81.34,,,,,,,
196115,2024-08-09 00,2024-08-09 03,NC,2,2,0,0,0,2,37015;37131,36.18,-77.33,36.28,-77.18,,,,,,,
195885,2024-08-09 01,2024-08-09 02,AZ,1,1,0,0,1000,1,04019,32.080000000000005,-111.08,32.209999999999994,-110.97,,,,,,,
196060,2024-08-09 01,2024-08-11 15,UT,5,5,0,0,0,3,49015;49025;49053,37.1,-113.13,38.61,-110.81,,,,,,,
193955,2024-08-09 02,2024-08-09 12,VA,11,14,0,0,0,8,51003;51043;51059;51069;51079;51125;51139;51187,37.67,-78.76,39.2,-77.23,,,,,,,
193965,2024-08-09 03,2024-08-09 06,WV,1,1,0,0,0,1,54003,39.36,-78.03,39.47,-77.92,,,,,,,
193961,2024-08-09 09,2024-08-09 17,MD,9,5,0,0,0,2,24013;24031,38.98,-77.24,39.71,-76.84,,,,,,,
195718,2024-08-09 13,2024-08-09 22,NY,38,38,0,0,66328000,6,36007;36025;36077;36099;36101;36123,41.96,-77.75,42.96,-74.76,,,,,,,
195719,2024-08-09 14,2024-08-09 21,PA,19,19,0,0,566000,6,42015;42069;42079;42115;42127;42131,40.98,-76.86,41.98,-75.45,,,,,,,
195927,2024-08-09 16,2024-08-09 22,NY,14,14,0,0,0,5,36003;36045;36069;36075;36117,42.04,-77.82,44.15,-75.76,,,,,,,
195738,2024-08-09 20,2024-08-09 23,NY,12,11,0,0,21500,3,36001;36039;36115,42.3,-74.44,43.14,-73.48,,,,,,,
194580,2024-08-09 22,2024-08-10 01,NY,3,7,0,0,5000000,1,36089,44.19,-75.62,44.91,-74.59,,,,,,,
195556,2024-08-10 02,2024-08-10 11,NC,7,7,0,0,160000,1,37081,36.04,-79.98,36.14,-79.8,,,,,,,
195320,2024-08-10 06,2024-08-10 23,NC,11,11,0,0,0,3,37031;37061;37107,34.73,-78.1,35.31,-76.59,,,,,,,
195978,2024-08-10 11,2024-08-10 14,TX,1,2,0,0,20000,1,48375,35.13,-101.96,35.239999999999995,-101.85000000000001,,,,,,,
196223,2024-08-10 19,2024-08-10 20,VA,1,1,0,0,0,1,51710,36.800000000000004,-76.25,36.91,-76.15,,,,,,,
196224,2024-08-10 21,2024-08-11 00,NC,2,3,0,0,0,2,37041;37139,36.07,-76.61,36.3,-76.22,,,,,,,
195949,2024-08-10 22,2024-08-12 19,NC,7,7,0,0,10000,3,37129;37141;37155,33.99,-79.14,34.9,-77.89,,,,,,,
195497,2024-08-10 23,2024-08-11 03,UT,1,2,0,0,0,1,49037,38.09,-109.76,38.22,-109.62,,,,,,,
195948,2024-08-10 23,2024-08-11 00,SC,1,1,0,0,1000,1,45041,33.89,-79.99,34.0,-79.88000000000001,,,,,,,
195520,2024-08-11 00,2024-08-11 01,NC,1,1,0,0,4000,1,37163,34.660000000000004,-78.24,34.8,-78.11,,,,,,,
195424,2024-08-11 01,2024-08-12 05,AZ,2,2,0,0,25000,1,04015,35.09,-113.97,36.9,-113.82000000000001,,,,,,,
196082,2024-08-11 01,2024-08-11 03,AZ,1,3,0,0,0,1,04025,34.620000000000005,-111.94,34.8,-111.78,,,,,,,
194428,2024-08-11 11,2024-08-11 16,OK,14,16,0,0,130000,2,40027;40109,35.08,-97.55,35.67,-97.24,,,,,,,
195513,2024-08-11 13,2024-08-11 15,OK,1,1,0,0,0,1,40101,35.650000000000006,-95.5,35.83,-95.37,,,,,,,
195321,2024-08-11 19,2024-08-11 19,NC,2,2,0,0,0,1,37049,35.040000000000006,-77.05,35.16,-76.9,,,,,,,
196258,2024-08-11 23,2024-08-12 02,CA,2,1,0,0,40000,1,06073,32.96,-116.45,33.07,-115.9,,,,,,,
195522,2024-08-12 00,2024-08-12 00,NC,1,1,0,0,5000,1,37051,34.910000000000004,-79.00999999999999,35.019999999999996,-78.89,,,,,,,
195105,2024-08-12 01,2024-08-12 03,CA,2,2,0,0,10000,1,06025,32.72,-116.1,33.05,-115.96,,,,,,,
196061,2024-08-12 01,2024-08-12 15,WA,1,0,0,0,103400,1,53057,48.57,-120.89999999999999,48.699999999999996,-120.76,,,,,,,
193187,2024-08-12 18,2024-08-12 19,NM,1,4,0,0,0,1,35027,33.290000000000006,-105.78,33.4,-105.61,,,,,,,
196083,2024-08-12 19,2024-08-13 08,AZ,2,3,0,0,0,2,04005;04017,34.64,-111.56,35.29,-110.43,,,,,,,
195322,2024-08-12 20,2024-08-12 20,NC,1,1,0,0,0,1,37031,34.75,-76.92999999999999,34.86,-76.78,,,,,,,
195092,2024-08-12 21,2024-08-13 01,WY,1,1,0,0,100000,1,56023,41.71,-110.36999999999999,41.82,-110.26,,,,,,,
196072,2024-08-12 22,2024-08-14 04,UT,7,8,0,0,15000,6,49017;49025;49045;49049;49053;49055,37.0,-112.98,40.45,-111.09,,,,,,,
193221,2024-08-13 00,2024-08-13 00,SC,1,1,0,0,0,1,45085,33.910000000000004,-80.48,34.019999999999996,-80.37,,,,,,,
193995,2024-08-13 00,2024-08-13 04,CO,3,4,0,0,25000,2,08073;08087,38.85,-103.75,40.38,-103.6,,,,,,,
194232,2024-08-13 12,2024-08-13 17,KS,2,2,0,0,0,1,20111,38.34,-96.27,38.459999999999994,-96.13000000000001,,,,,,,
196084,2024-08-13 20,2024-08-16 06,AZ,1,3,0,0,0,1,04005,36.800000000000004,-111.66,36.919999999999995,-111.54,,,,,,,
195898,2024-08-13 22,2024-08-14 01,ND,1,0,0,0,8000000,1,38015,46.85,-100.89,46.959999999999994,-100.72,,,,,,,
195093,2024-08-14 00,2024-08-14 04,WY,1,0,0,0,100000,1,56023,41.71,-110.36999999999999,41.82,-110.26,,,,,,,
193275,2024-08-14 15,2024-08-14 20,MO,4,4,0,0,0,2,29091;29229,36.51,-92.54,37.28,-92.01,,,,,,,
196260,2024-08-14 18,2024-08-14 19,ND,1,0,0,0,25000,1,38015,46.730000000000004,-100.85,46.849999999999994,-100.74000000000001,,,,,,,
195330,2024-08-15 03,2024-08-15 07,NE,1,2,0,0,0,1,31055,41.17,-96.09,41.279999999999994,-95.93,,,,,,,
193515,2024-08-15 22,2024-08-15 22,MA,2,2,0,0,0,1,25005,41.620000000000005,-71.17,41.76,-71.06,,,,,,,
195461,2024-08-16 00,2024-08-16 01,LA,1,2,0,0,0,1,22063,30.43,-91.00999999999999,30.55,-90.9,,,,,,,
193277,2024-08-16 08,2024-08-16 13,MO,3,3,0,0,0,1,29229,37.16,-92.54,37.47,-92.4,,,,,,,
194598,2024-08-16 20,2024-08-16 22,WI,1,1,0,0,5000,1,55117,43.660000000000004,-87.85,43.809999999999995,-87.65,,,,,,,
195771,2024-08-17 07,2024-08-17 09,AR,1,1,0,0,50000,1,05021,36.21,-90.33,36.349999999999994,-90.19,,,,,,,
195518,2024-08-17 09,2024-08-17 13,OK,2,2,0,0,0,2,40001;40135,35.49,-94.97,35.68,-94.75,,,,,,,
196116,2024-08-17 20,2024-08-20 01,UT,12,12,0,2,56000,4,49015;49025;49053;49055,37.0,-113.55,38.8,-111.1,,,,,,,
194195,2024-08-17 22,2024-08-19 03,MD,2,2,0,0,0,2,24027;24031,39.21,-77.24,39.32,-76.8,,,,,,,
196086,2024-08-17 22,2024-08-18 01,VA,2,2,0,0,0,2,51033;51101,37.79,-77.39,38.11,-77.25,,,,,,,
194313,2024-08-17 23,2024-08-18 01,OH,1,2,0,0,3000,1,39031,40.230000000000004,-82.14999999999999,40.339999999999996,-82.04,,,,,,,
196385,2024-08-17 23,2024-08-18 02,OH,1,4,0,0,300000,1,39133,41.07,-81.35,41.19,-81.21,,,,,,,
195427,2024-08-18 00,2024-08-18 02,AZ,1,1,0,0,2000,1,04015,36.81,-112.89999999999999,36.919999999999995,-112.79,,,,,,,
196195,2024-08-18 14,2024-08-19 00,CT,34,35,3,0,820000,2,09001;09009,41.02,-73.56,41.51,-73.04,,,,,,,
195779,2024-08-18 18,2024-08-19 03,CT,12,6,0,0,33500,1,09005,41.45,-73.34,41.629999999999995,-73.15,,,,,,,
195721,2024-08-18 19,2024-08-19 03,PA,12,13,0,0,254000,3,42069;42115;42127,41.53,-75.94,42.0,-75.22,,,,,,,
195598,2024-08-18 21,2024-08-19 01,NJ,6,9,0,0,0,3,34027;34035;34041,40.57,-74.97,41.0,-74.32,,,,,,,
196107,2024-08-18 21,2024-08-18 21,VA,2,2,0,0,0,1,51127,37.49,-77.17,37.62,-77.01,,,,,,,
193553,2024-08-18 22,2024-08-19 00,CT,2,2,0,0,0,1,09003,41.59,-72.89,41.7,-72.72,,,,,,,
196196,2024-08-18 22,2024-08-19 02,NJ,32,32,0,0,0,5,34003;34013;34017;34031;34039,40.63,-74.41,41.02,-74.03,,,,,,,
195720,2024-08-18 23,2024-08-19 03,NY,3,4,0,0,10000,1,36065,43.28,-75.86,43.419999999999995,-75.73,,,,,,,
195597,2024-08-19 00,2024-08-19 03,PA,2,2,0,0,50000,2,42077;42095,40.6,-75.49,40.79,-75.3,,,,,,,
196096,2024-08-19 00,2024-08-19 04,WY,1,0,0,0,0,1,56037,40.95,-109.82,41.099999999999994,-109.62,,,,,,,
196197,2024-08-19 02,2024-08-19 20,NY,40,45,0,0,130000,2,36059;36103,40.78,-73.58,41.05,-71.95,,,,,,,
196271,2024-08-19 19,2024-08-19 21,NY,3,3,0,0,16000,1,36001,42.620000000000005,-73.89999999999999,42.75,-73.73,,,,,,,
196106,2024-08-19 20,2024-08-19 23,VA,6,5,0,0,0,6,51101;51127;51133;51149;51730;51760,37.03,-77.42,37.85,-76.26,,,,,,,
194006,2024-08-19 21,2024-08-20 00,CO,2,2,0,0,0,2,08001;08039,39.18,-104.13,39.74,-103.76,,,,,,,
194319,2024-08-20 00,2024-08-20 02,NH,1,1,0,0,0,1,33003,43.63,-71.28,43.739999999999995,-71.14,,,,,,,
194801,2024-08-20 04,2024-08-20 06,SD,1,1,0,0,2000,1,46081,44.290000000000006,-103.82,44.419999999999995,-103.66,,,,,,,
194301,2024-08-20 07,2024-08-20 07,SD,1,1,0,0,0,1,46065,44.32,-100.42,44.43,-100.3,,,,,,,
195895,2024-08-21 17,2024-08-21 18,AZ,1,2,0,0,1000,1,04023,31.279999999999998,-110.98,31.41,-110.87,,,,,,,
195428,2024-08-22 01,2024-08-22 03,AZ,1,1,0,0,1000,1,04015,35.300000000000004,-113.75,35.419999999999995,-113.64,,,,,,,
195429,2024-08-22 01,2024-08-22 04,CA,2,2,0,0,7000,1,06071,34.78,-114.83,34.95,-114.6,,,,,,,
196118,2024-08-22 01,2024-08-23 11,AZ,1,1,0,0,0,1,04007,33.93,-110.28999999999999,34.16,-110.17,,,,,,,
194302,2024-08-22 03,2024-08-22 12,SD,3,3,0,0,12000,3,46069;46075;46117,44.0,-100.48,44.37,-99.63,,,,,,,
196146,2024-08-22 13,2024-08-24 03,UT,4,7,0,0,50000,3,49017;49025;49053,37.2,-113.66,38.4,-110.25,,,,,,,
196119,2024-08-22 19,2024-08-23 06,AZ,1,2,1,0,1000000,1,04005,36.24,-112.82,36.37,-112.63000000000001,,,,,,,
195896,2024-08-22 20,2024-08-22 21,AZ,1,2,0,0,1000,1,04019,31.919999999999998,-110.86,32.05,-110.65,,,,,,,
195490,2024-08-23 23,2024-08-24 02,UT,1,3,0,0,0,1,49019,38.52,-109.61999999999999,38.64,-109.5,,,,,,,
195897,2024-08-23 23,2024-08-24 00,AZ,2,0,0,0,2000,1,04019,32.300000000000004,-111.11999999999999,32.41,-110.98,,,,,,,
196164,2024-08-24 01,2024-08-24 04,WA,1,1,0,0,500,1,53007,47.38,-120.39999999999999,47.489999999999995,-120.29,,,,,,,
194673,2024-08-24 07,2024-08-24 08,FL,1,0,0,0,0,1,12031,30.27,-81.44,30.4,-81.32000000000001,,,,,,,
194169,2024-08-25 20,2024-08-25 23,NM,2,3,0,0,600000,1,35045,36.730000000000004,-108.78999999999999,36.879999999999995,-108.62,,,,,,,
195122,2024-08-26 00,2024-08-26 01,SD,1,2,0,0,0,1,46023,43.34,-98.91,43.449999999999996,-98.79,,,,,,,
194040,2024-08-26 18,2024-08-26 19,MA,3,4,0,0,0,1,25005,41.540000000000006,-71.15,41.739999999999995,-70.9,,,,,,,
194041,2024-08-26 19,2024-08-26 20,RI,3,3,0,0,0,2,44003;44009,41.35,-71.69,41.72,-71.39,,,,,,,
194021,2024-08-26 21,2024-08-26 22,NM,1,4,0,0,0,1,35027,33.27,-105.75,33.379999999999995,-105.62,,,,,,,
194166,2024-08-27 01,2024-08-27 07,WI,1,0,0,0,30000,1,55013,45.74,-92.44,45.849999999999994,-92.33,,,,,,,
194167,2024-08-27 12,2024-08-27 16,WI,1,0,0,0,20000,1,55129,45.870000000000005,-92.03,45.989999999999995,-91.9,,,,,,,
194026,2024-08-28 18,2024-08-30 05,NM,4,13,0,0,0,2,35027;35041,33.31,-105.69,34.2,-103.31,,,,,,,
196144,2024-08-28 20,2024-08-28 20,VA,2,2,0,0,0,1,51760,37.42,-77.50999999999999,37.559999999999995,-77.37,,,,,,,
194256,2024-08-28 22,2024-08-28 23,KY,3,3,0,0,0,1,21037,38.89,-84.46,39.07,-84.32000000000001,,,,,,,
195747,2024-08-29 12,2024-08-29 16,MN,1,1,0,0,1000,1,27119,47.7,-96.64,47.839999999999996,-96.51,,,,,,,
195748,2024-08-29 13,2024-08-29 18,ND,1,1,0,0,1500,1,38035,47.81,-97.11,48.0,-96.96000000000001,,,,,,,
195125,2024-08-29 21,2024-08-29 23,IA,1,1,0,0,0,1,19193,42.440000000000005,-96.48,42.57,-96.36,,,,,,,
195922,2024-08-29 22,2024-08-30 00,NC,1,3,0,0,0,1,37009,36.400000000000006,-81.66,36.51,-81.55,,,,,,,
194196,2024-08-29 23,2024-08-30 01,WV,1,1,0,0,0,1,54057,39.49,-78.86999999999999,39.599999999999994,-78.76,,,,,,,
194198,2024-08-29 23,2024-08-30 02,VA,3,0,0,0,0,1,51153,38.56,-77.61,38.81,-77.33,,,,,,,
194197,2024-08-30 01,2024-08-30 03,MD,3,2,0,0,0,2,24001;24021,39.42,-78.77,39.73,-77.35,,,,,,,
196047,2024-08-30 01,2024-08-30 02,MN,2,2,0,0,25000,1,27169,43.99,-91.67,44.099999999999994,-91.56,,,,,,,
196193,2024-08-30 01,2024-08-30 04,VA,5,6,0,0,0,3,51041;51085;51109,37.45,-78.22,38.12,-77.58,,,,,,,
195466,2024-08-30 15,2024-08-30 16,LA,2,2,0,0,0,2,22051;22071,29.95,-90.17999999999999,30.07,-90.05,,,,,,,
195514,2024-08-30 18,2024-08-30 23,NC,8,9,0,0,81000,4,37063;37151;37183;37191,35.37,-79.98,36.03,-77.86,,,,,,,
194016,2024-08-30 21,2024-08-30 22,NC,6,6,0,0,0,2,37061;37147,34.91,-78.05,35.63,-77.34,,,,,,,
194031,2024-08-30 21,2024-08-30 23,TX,1,0,0,0,0,1,48305,32.99,-101.91,33.1,-101.8,,,,,,,
196042,2024-08-30 21,2024-08-31 02,IL,3,3,0,0,0,2,17019;17167,39.75,-89.72,40.13,-88.24,,,,,,,
194544,2024-08-31 00,2024-08-31 01,TX,3,3,0,0,60000,1,48329,31.91,-102.21,32.089999999999996,-102.04,,,,,,,
195952,2024-08-31 00,2024-08-31 01,NC,1,1,0,0,0,1,37009,36.35,-81.53999999999999,36.47,-81.42,,,,,,,
195872,2024-08-31 01,2024-08-31 03,SC,1,1,0,0,2000,1,45091,34.970000000000006,-81.03,35.08,-80.91,,,,,,,
195918,2024-08-31 02,2024-08-31 04,TX,1,1,0,0,0,1,48141,31.71,-106.53,31.830000000000002,-106.42,,,,,,,
194545,2024-08-31 13,2024-08-31 14,NM,1,1,0,0,50000,1,35015,32.290000000000006,-104.28999999999999,32.47,-104.17,,,,,,,
195994,2024-08-31 20,2024-08-31 23,VA,2,2,0,0,0,1,51185,37.1,-81.8,37.21,-81.37,,,,,,,
195349,2024-08-31 22,2024-08-31 22,TX,1,1,0,0,0,1,48451,31.41,-100.52,31.52,-100.41,,,,,,,
194357,2024-09-01 00,2024-09-01 00,PA,2,2,0,0,0,1,42003,40.230000000000004,-80.07,40.39,-79.93,,,,,,,
195722,2024-09-01 00,2024-09-01 01,NY,2,3,0,0,2000,1,36015,42.09,-76.97,42.209999999999994,-76.78,,,,,,,
196573,2024-09-01 18,2024-09-03 20,TX,15,16,1,0,0,7,48083;48095;48235;48327;48399;48441;48451,30.91,-100.81,32.43,-99.37,,,,,,,
195699,2024-09-01 20,2024-09-02 02,NC,3,2,0,0,22000,1,37183,35.78,-78.79,35.91,-78.62,,,,,,,
196998,2024-09-01 23,2024-09-02 00,TN,1,1,0,0,0,1,47155,35.68,-83.53,35.79,-83.41,,,,,,,
194111,2024-09-02 14,2024-09-02 21,NM,2,3,0,0,0,2,35005;35027,32.97,-105.66,33.35,-104.37,,,,,,,
194199,2024-09-02 15,2024-09-02 17,TX,1,3,0,0,0,1,48167,29.2,-94.89999999999999,29.32,-94.79,,,,,,,
194546,2024-09-02 16,2024-09-03 02,TX,22,21,0,0,635000,7,48003;48033;48135;48227;48329;48335;48415,31.76,-102.61,32.91,-100.87,,,,,,,
194551,2024-09-02 19,2024-09-02 21,NM,2,2,0,0,0,2,35015;35025,32.82,-104.45,32.97,-103.37,,,,,,,
194553,2024-09-03 11,2024-09-03 19,TX,2,2,0,0,0,2,48227;48415,32.32,-101.69,32.55,-101.11,,,,,,,
195030,2024-09-03 13,2024-09-04 07,TX,8,8,0,0,0,5,48029;48127;48299;48325;48465,28.32,-100.92,30.77,-98.36,,,,,,,
196610,2024-09-03 16,2024-09-03 19,TX,1,1,0,0,10000,1,48439,32.53,-97.39999999999999,32.669999999999995,-97.25,,,,,,,
196619,2024-09-03 20,2024-09-03 21,ID,1,0,0,0,200,1,16081,43.67,-111.17,43.79,-111.05,,,,,,,
196145,2024-09-04 12,2024-09-04 15,FL,2,0,0,0,0,1,12031,30.23,-81.7,30.400000000000002,-81.59,,,,,,,
196890,2024-09-04 13,2024-09-04 15,TX,1,1,0,0,0,1,48409,27.83,-97.19,27.970000000000002,-97.08,,,,,,,
196981,2024-09-05 15,2024-09-05 18,LA,3,3,0,0,0,2,22033;22103,30.24,-91.08,30.41,-89.72,,,,,,,
194262,2024-09-05 18,2024-09-05 22,NM,4,4,0,0,20000,3,35001;35043;35047,35.09,-106.31,35.82,-105.27,,,,,,,
196151,2024-09-05 23,2024-09-06 02,FL,1,0,0,0,0,1,12031,30.13,-81.75999999999999,30.310000000000002,-81.57000000000001,,,,,,,
196982,2024-09-06 21,2024-09-07 06,LA,5,5,0,0,10000,2,22089;22109,29.58,-90.69,30.01,-90.35,,,,,,,
196430,2024-09-07 01,2024-09-07 03,NY,1,1,0,0,0,1,36009,42.03,-78.50999999999999,42.14,-78.4,,,,,,,
196548,2024-09-07 21,2024-09-08 03,CA,3,2,0,0,8000,1,06071,34.13,-116.28,34.82,-115.18,,,,,,,
196782,2024-09-07 23,2024-09-08 12,AZ,1,1,0,0,0,1,04025,34.49,-112.50999999999999,34.64,-112.36,,,,,,,
196431,2024-09-09 21,2024-09-10 00,NY,4,4,0,0,0,2,36055;36117,43.160000000000004,-77.64,43.33,-77.31,,,,,,,
196250,2024-09-10 11,2024-09-10 15,TX,2,0,0,0,0,1,48061,25.91,-97.51,26.11,-97.16,,,,,,,
195879,2024-09-12 00,2024-09-12 01,MT,1,1,0,0,0,1,30049,46.61,-111.78,46.72,-111.67,,,,,,,
196874,2024-09-12 00,2024-09-12 08,LA,9,3,0,1,128600000,9,22005;22007;22051;22057;22071;22089;22093;22095;22103,29.83,-91.01,30.54,-90.06,,,,,,,
196895,2024-09-12 04,2024-09-12 07,MS,1,1,0,0,30000,1,28047,30.32,-89.09,30.43,-88.98,,,,,,,
196330,2024-09-12 10,2024-09-17 00,MS,4,4,0,0,12000,4,28049;28121;28127;28163,31.8,-90.6,32.61,-89.87,,,,,,,
194627,2024-09-12 13,2024-09-15 12,FL,21,22,0,0,0,6,12005;12037;12045;12063;12131;12133,29.63,-86.33,30.98,-84.63,,,,,,,
194513,2024-09-13 22,2024-09-14 19,AL,4,5,0,0,0,2,01043;01079,34.13,-87.34,34.49,-86.73,,,,,,,
194597,2024-09-14 12,2024-09-15 07,AL,3,3,0,0,0,2,01005;01073,31.95,-86.87,33.58,-85.1,,,,,,,
196353,2024-09-14 22,2024-09-14 22,FL,1,0,0,0,0,1,12127,28.88,-80.96,28.990000000000002,-80.84,,,,,,,
194636,2024-09-15 02,2024-09-15 08,AL,4,5,0,0,0,2,01067;01069,31.17,-85.36,31.37,-85.17,,,,,,,
196891,2024-09-15 03,2024-09-15 10,TX,1,5,0,0,0,1,48479,27.42,-99.64,27.62,-99.49000000000001,,,,,,,
196251,2024-09-15 20,2024-09-16 01,TX,5,11,0,0,35000,2,48061;48215,25.9,-98.17,26.31,-97.5,,,,,,,
196645,2024-09-16 10,2024-09-16 12,FL,1,1,0,0,0,1,12113,30.36,-86.86,30.470000000000002,-86.74000000000001,,,,,,,
195961,2024-09-16 12,2024-09-16 20,NC,22,21,0,0,257000,4,37017;37019;37047;37129,33.84,-78.38,34.48,-77.87,,,,,,,
195700,2024-09-16 21,2024-09-17 01,NC,2,2,0,0,4000,2,37051;37183,35.06,-78.94,35.6,-78.82000000000001,,,,,,,
196509,2024-09-16 23,2024-09-17 06,ND,1,1,0,0,2000,1,38019,48.690000000000005,-98.39,48.83,-98.27,,,,,,,
196508,2024-09-17 00,2024-09-17 06,MN,1,1,0,0,2000,1,27089,48.31,-96.59,48.43,-96.48,,,,,,,
196122,2024-09-17 01,2024-09-17 21,NC,17,18,0,0,0,3,37031;37055;37061,34.67,-77.8,36.22,-75.66,,,,,,,
195558,2024-09-17 02,2024-09-17 05,ID,1,0,0,0,0,1,16049,45.540000000000006,-115.21,45.669999999999995,-115.04,,,,,,,
195850,2024-09-17 03,2024-09-17 04,KS,1,2,0,0,0,1,20063,38.84,-100.21,38.949999999999996,-100.10000000000001,,,,,,,
195979,2024-09-17 03,2024-09-17 03,KS,1,1,0,0,0,1,20195,38.940000000000005,-100.13,39.07,-99.95,,,,,,,
196417,2024-09-17 05,2024-09-17 08,ND,1,1,0,0,35000,1,38069,47.970000000000006,-100.14,48.16,-100.0,,,,,,,
196629,2024-09-17 15,2024-09-18 00,NC,6,6,0,0,0,2,37029;37053,36.27,-76.1,36.46,-75.81,,,,,,,
196630,2024-09-17 16,2024-09-17 17,VA,3,3,0,0,0,2,51710;51810,36.74,-76.35,36.919999999999995,-76.15,,,,,,,
196974,2024-09-17 22,2024-09-18 04,NC,4,6,0,0,710000,2,37157;37169,36.33,-80.29,36.51,-80.02,,,,,,,
196642,2024-09-18 19,2024-09-18 22,VA,9,8,0,0,0,3,51149;51181;51183,36.95,-77.33,37.07,-76.94,,,,,,,
195305,2024-09-19 23,2024-09-20 04,CA,1,2,0,0,0,1,06083,34.93,-119.84,35.04,-119.73,,,,,,,
196551,2024-09-20 17,2024-09-20 20,CA,1,1,0,0,20000,1,06071,35.400000000000006,-116.22,35.519999999999996,-116.11,,,,,,,
196498,2024-09-21 21,2024-09-23 02,NY,8,9,0,0,0,1,36003,42.01,-78.21,42.16,-77.79,,,,,,,
194728,2024-09-21 23,2024-09-22 04,PA,5,5,0,0,100000,2,42043;42105,40.29,-78.19,41.96,-76.82,,,,,,,
194792,2024-09-21 23,2024-09-22 00,NM,1,1,0,0,0,1,35033,36.06,-105.42999999999999,36.169999999999995,-105.32000000000001,,,,,,,
195044,2024-09-21 23,2024-09-22 01,TX,1,1,0,0,0,1,48069,34.470000000000006,-102.47,34.629999999999995,-102.33,,,,,,,
197005,2024-09-22 01,2024-09-22 04,VA,1,1,0,0,0,1,51031,37.14,-78.95,37.25,-78.84,,,,,,,
196519,2024-09-22 18,2024-09-22 22,OK,2,2,0,0,15000,1,40027,35.150000000000006,-97.55,35.3,-97.39,,,,,,,
196931,2024-09-22 23,2024-09-22 23,KY,1,1,0,0,400,1,21235,36.82,-84.13,36.93,-84.02,,,,,,,
196396,2024-09-24 03,2024-09-24 05,IL,1,0,0,0,0,1,17055,37.84,-89.0,37.959999999999994,-88.88000000000001,,,,,,,
195806,2024-09-24 21,2024-09-25 04,VA,3,4,0,0,10000,2,51083;51690,36.73,-79.94,36.87,-78.76,,,,,,,
195702,2024-09-25 00,2024-09-25 12,NC,5,5,0,0,63000,4,37001;37145;37181;37183,35.71,-79.41,36.4,-78.35,,,,,,,
196806,2024-09-25 04,2024-09-25 05,VA,1,1,0,0,0,1,51111,36.910000000000004,-78.32,37.019999999999996,-78.21000000000001,,,,,,,
195637,2024-09-25 14,2024-09-27 07,FL,45,48,0,0,50000,11,12005;12013;12037;12039;12045;12059;12063;12073;12077;12129;12133,29.65,-85.94,31.0,-84.35,,,,,,,
195887,2024-09-25 18,2024-09-28 12,TN,22,39,14,0,117800000,11,47009;47019;47029;47059;47065;47073;47091;47153;47155;47171;47179,35.11,-85.41,36.41,-81.75,,,,,,,
195636,2024-09-25 22,2024-09-27 05,AL,2,2,0,0,0,2,01061;01067,30.99,-85.74,31.58,-85.23,,,,,,,
195638,2024-09-25 23,2024-09-27 09,GA,19,19,0,0,0,7,13071;13095;13177;13275;13277;13287;13321,30.79,-84.27,31.71,-83.5,,,,,,,
196694,2024-09-25 23,2024-09-29 00,NC,37,25,64,0,1558259500,23,37003;37011;37021;37023;37025;37027;37035;37045;37071;37087;37089;37099;37111;37113;37115;37119;37121;37149;37161;37173;37175;37179;37199,35.13,-83.5,36.09,-80.62,,,,,,,
195818,2024-09-26 00,2024-09-26 04,WV,3,4,0,0,0,1,54055,37.2,-81.31,37.379999999999995,-81.15,,,,,,,
195809,2024-09-26 02,2024-09-26 03,NC,1,1,0,0,0,1,37189,36.18,-81.71,36.29,-81.60000000000001,,,,,,,
195808,2024-09-26 03,2024-09-26 08,VA,1,1,0,0,0,1,51019,37.28,-79.61,37.41,-79.48,,,,,,,
195605,2024-09-26 05,2024-09-26 09,VA,7,8,0,0,0,3,51003;51079;51125,37.84,-78.79,38.26,-78.47,,,,,,,
195886,2024-09-26 05,2024-09-27 23,VA,5,6,0,0,120000000,4,51167;51191;51195;51720,36.61,-82.66,37.1,-81.62,,,,,,,
195812,2024-09-26 10,2024-09-27 22,VA,6,15,0,0,80000,3,51077;51173;51197,36.59,-81.51,37.04,-81.12,,,,,,,
197018,2024-09-26 14,2024-09-26 17,WV,2,2,0,0,125000,1,54055,37.27,-81.21,37.419999999999995,-81.1,,,,,,,
195267,2024-09-26 15,2024-09-26 20,SC,11,14,0,0,20000,2,45009;45079,33.23,-81.16,34.13,-80.85,,,,,,,
195810,2024-09-26 16,2024-09-26 20,NC,1,0,0,0,0,1,37193,36.09,-81.23,36.199999999999996,-81.12,,,,,,,
195269,2024-09-26 18,2024-09-26 20,GA,6,6,0,0,6000,2,13033;13073,32.86,-82.25,33.51,-82.14,,,,,,,
195584,2024-09-27 03,2024-09-28 09,VA,4,7,1,0,86470000,2,51077;51173,36.59,-81.63,36.77,-81.17,,,,,,,
196927,2024-09-27 07,2024-09-27 19,SC,9,2,2,0,1741000,7,45007;45021;45045;45059;45077;45083;45091,34.49,-82.75,35.2,-80.96,,,,,,,
196932,2024-09-27 09,2024-09-27 19,GA,2,0,0,0,7000,2,13137;13241,34.62,-83.53,34.8,-83.41,,,,,,,
195338,2024-09-27 11,2024-09-27 12,SC,1,1,0,0,0,1,45037,33.56,-82.08,33.669999999999995,-81.97,,,,,,,
195468,2024-09-27 11,2024-09-28 09,NC,4,4,3,4,374000000,4,37005;37009;37189;37193,36.11,-81.92,36.59,-81.23,,,,,,,
195705,2024-09-27 13,2024-09-27 18,NC,18,18,0,0,65000,9,37007;37051;37063;37065;37163;37167;37183;37191;37195,34.99,-80.33,36.12,-77.7,,,,,,,
196771,2024-09-27 18,2024-09-27 23,KY,3,5,0,0,10250,2,21043;21089,38.32,-82.97,38.73,-82.71,,,,,,,
195583,2024-09-27 19,2024-09-28 00,OH,13,15,0,0,120000,3,39131;39141;39145,38.72,-83.18,39.24,-82.76,,,,,,,
196842,2024-09-27 19,2024-09-27 23,NC,3,3,0,0,0,3,37015;37091;37131,36.19,-77.48,36.44,-76.98,,,,,,,
196841,2024-09-27 20,2024-09-27 23,VA,10,10,0,0,0,3,51175;51181;51800,36.65,-77.27,37.1,-76.71,,,,,,,
195612,2024-09-29 23,2024-09-30 05,VA,5,0,0,0,0,2,51079;51125,37.66,-78.94,38.26,-78.4,,,,,,,
196769,2024-09-29 23,2024-09-30 01,WV,1,1,0,0,0,1,54035,38.660000000000004,-81.73,38.779999999999994,-81.62,,,,,,,
196864,2024-09-30 06,2024-10-01 03,VA,4,4,0,0,0,3,51007;51049;51760,37.29,-78.43,37.56,-77.47,,,,,,,
197031,2024-09-30 20,2024-10-01 04,VA,6,38,0,0,60000,6,51011;51029;51031;51071;51121;51143,36.96,-80.79,37.68,-78.38,,,,,,,
196123,2024-10-01 00,2024-10-01 00,NC,2,3,0,0,0,1,37117,35.88,-77.35,36.01,-77.12,,,,,,,
196866,2024-10-01 02,2024-10-01 02,NC,1,1,0,0,0,1,37015,35.900000000000006,-77.03,36.01,-76.85000000000001,,,,,,,
197335,2024-10-01 10,2024-10-01 18,VA,16,16,0,0,0,4,51041;51149;51181;51730,36.98,-77.44,37.36,-76.93,,,,,,,
197323,2024-10-05 23,2024-10-06 02,TX,1,0,0,0,0,1,48061,26.08,-97.6,26.2,-97.42,,,,,,,
197468,2024-10-09 19,2024-10-10 05,FL,3,0,0,0,0,3,12081;12103;12115,27.34,-82.81,27.92,-82.55,,,,,,,
197213,2024-10-09 20,2024-10-10 10,FL,8,5,0,0,0,8,12009;12061;12069;12095;12097;12111;12117;12127,27.42,-81.96,29.13,-80.27,,,,,,,
196055,2024-10-10 06,2024-10-10 18,FL,2,0,0,0,0,1,12109,29.75,-81.44,29.96,-81.29,,,,,,,
195881,2024-10-20 01,2024-10-21 00,NM,5,9,2,0,510500000,2,35005;35047,33.09,-105.42,35.63,-104.44,,,,,,,
198123,2024-11-01 23,2024-11-02 00,TX,1,1,0,0,0,1,48479,27.46,-99.49,27.57,-99.29,,,,,,,
198052,2024-11-02 00,2024-11-02 02,LA,3,3,0,0,0,2,22005;22033,30.26,-91.11,30.42,-90.93,,,,,,,
197884,2024-11-02 02,2024-11-02 04,TX,3,5,0,0,0,1,48451,31.5,-100.66,31.64,-100.49000000000001,,,,,,,
196562,2024-11-02 08,2024-11-03 04,TX,3,5,0,0,0,2,48303;48369,33.45,-103.05,34.51,-101.76,,,,,,,
196393,2024-11-02 09,2024-11-02 12,NM,4,9,0,0,0,2,35005;35041,32.96,-104.36,34.28,-103.41,,,,,,,
196826,2024-11-03 03,2024-11-03 10,OK,3,0,0,0,10000,3,40049;40051;40109,34.73,-97.96,35.42,-97.22,,,,,,,
197074,2024-11-03 08,2024-11-03 09,OK,1,1,0,0,0,1,40145,36.02,-95.8,36.129999999999995,-95.69,,,,,,,
196444,2024-11-04 10,2024-11-05 15,MO,23,22,0,0,49040000,8,29065;29067;29091;29153;29203;29213;29215;29229,36.53,-93.15,37.79,-91.18,,,,,,,
196566,2024-11-04 11,2024-11-05 03,AR,7,7,0,0,0,4,05009;05049;05089;05101,36.0,-93.2,36.41,-91.82,,,,,,,
196734,2024-11-04 12,2024-11-05 15,MO,6,23,3,0,370000,6,29093;29099;29179;29189;29221;29510,37.36,-91.29,38.62,-90.23,,,,,,,
197801,2024-11-04 14,2024-11-04 15,MO,1,0,0,0,0,1,29035,36.940000000000005,-91.07,37.05,-90.96000000000001,,,,,,,
197403,2024-11-04 21,2024-11-05 01,TX,3,3,0,0,0,2,48113;48217,32.18,-97.27,32.89,-96.85,,,,,,,
197080,2024-11-05 02,2024-11-05 08,AR,6,3,0,0,35000,3,05007;05047;05087,35.66,-94.21,36.31,-93.53,,,,,,,
197988,2024-11-05 02,2024-11-05 07,IL,1,1,0,0,0,1,17019,40.040000000000006,-88.3,40.16,-88.19,,,,,,,
197467,2024-11-05 03,2024-11-05 07,TX,6,6,1,0,0,3,48029;48031;48325,29.51,-98.87,30.02,-98.41,,,,,,,
196957,2024-11-07 00,2024-11-07 11,SC,18,20,0,0,0,4,45003;45009;45017;45075,33.11,-81.76,33.68,-80.89,,,,,,,
196532,2024-11-07 02,2024-11-08 04,GA,29,28,0,0,5015000,4,13019;13027;13173;13185,30.67,-83.56,31.24,-83.12,,,,,,,
198011,2024-11-07 14,2024-11-07 15,GA,2,3,0,0,35000,1,13031,32.34,-81.91,32.51,-81.77,,,,,,,
197168,2024-11-07 22,2024-11-07 22,GA,1,2,0,0,0,1,13299,31.13,-82.42,31.26,-82.27,,,,,,,
197898,2024-11-07 23,2024-11-08 16,TX,6,6,0,0,36000,4,48027;48133;48237;48337,31.06,-99.07,33.84,-97.35,,,,,,,
198091,2024-11-08 04,2024-11-08 06,TX,5,5,0,0,0,3,48083;48399;48451,31.44,-100.48,31.87,-99.63,,,,,,,
196830,2024-11-08 10,2024-11-08 14,OK,1,0,0,0,0,1,40047,36.38,-97.78,36.489999999999995,-97.67,,,,,,,
197081,2024-11-08 23,2024-11-09 01,OK,2,1,0,0,0,2,40131;40143,36.21,-95.89999999999999,36.349999999999994,-95.75,,,,,,,
197934,2024-11-09 08,2024-11-09 14,TX,3,5,0,0,75000,2,48199;48245,29.89,-94.36,30.35,-94.18,,,,,,,
197896,2024-11-09 19,2024-11-10 00,LA,10,10,0,0,0,2,22043;22059,31.42,-92.54,31.72,-92.14,,,,,,,
197926,2024-11-09 19,2024-11-13 18,LA,5,24,0,0,165000,5,22003;22009;22055;22079;22097,30.15,-92.87,31.45,-91.89,,,,,,,
196999,2024-11-18 03,2024-11-18 06,TX,2,2,0,0,75000,2,48135;48165,31.95,-102.74,32.8,-102.29,,,,,,,
197029,2024-11-18 05,2024-11-18 17,TX,4,4,0,0,0,3,48219;48303;48445,33.12,-102.39,33.59,-101.72,,,,,,,
198062,2024-11-19 12,2024-11-19 13,LA,9,9,0,0,50000,2,22071;22103,29.96,-90.12,30.39,-89.73,,,,,,,
198720,2024-12-09 19,2024-12-09 23,LA,4,4,0,0,0,3,22005;22007;22103,29.99,-91.04,30.43,-90.04,,,,,,,
198726,2024-12-10 21,2024-12-10 23,LA,10,10,0,0,20000,1,22103,30.28,-89.85,30.4,-89.69,,,,,,,
197396,2024-12-15 03,2024-12-15 04,MO,1,1,0,0,10000,1,29125,38.03,-91.71,38.14,-91.60000000000001,,,,,,,
197400,2024-12-16 12,2024-12-16 13,MO,3,2,0,0,0,3,29043;29067;29225,36.980000000000004,-93.06,37.15,-92.9,,,,,,,
198564,2024-12-17 01,2024-12-17 05,AR,2,2,0,0,0,2,05099;05133,33.79,-94.11,34.09,-93.38,,,,,,,
198345,2024-12-24 15,2024-12-24 20,TX,8,8,0,0,15000,4,48113;48121;48367;48439,32.78,-97.74,32.99,-96.62,,,,,,,
198430,2024-12-26 16,2024-12-26 20,TX,6,7,0,0,20000,6,48113;48121;48217;48367;48439;48497,32.22,-97.71,33.24,-96.88,,,,,,,
198431,2024-12-26 23,2024-12-27 03,TX,2,4,0,0,0,2,48199;48245,30.0,-94.37,30.27,-94.18,,,,,,,
198434,2024-12-27 04,2024-12-29 00,LA,2,5,0,0,0,2,22079;22115,31.15,-93.29,31.34,-92.4,,,,,,,
197754,2024-12-27 21,2024-12-27 22,MS,1,1,0,0,1000,1,28075,32.36,-88.75,32.47,-88.64,,,,,,,
198730,2024-12-28 04,2024-12-28 07,MS,4,5,0,0,515000,1,28059,30.47,-88.86,30.57,-88.63,,,,,,,
198527,2024-12-28 16,2024-12-28 20,TX,2,4,0,0,30000,1,48349,32.080000000000005,-96.57,32.279999999999994,-96.4,,,,,,,
198351,2024-12-28 21,2024-12-29 03,MS,2,2,0,0,0,1,28033,34.82,-90.11999999999999,34.96,-89.94,,,,,,,
198352,2024-12-28 22,2024-12-29 03,TN,5,5,0,0,0,1,47157,35.09,-90.08,35.35,-89.88,,,,,,,
199400,2025-01-30 02,2025-01-30 17,TX,39,38,0,0,128000,10,48113;48119;48139;48223;48231;48251;48257;48277;48397;48439,32.28,-97.34,33.62,-95.55,,,,,,,
199788,2025-01-30 13,2025-01-30 21,AR,11,11,0,0,0,10,05045;05051;05067;05075;05097;05115;05127;05135;05141;05149,34.44,-94.16,36.31,-91.13,,,,,,,
199595,2025-01-30 16,2025-01-30 19,OK,2,2,0,0,0,1,40089,34.02,-94.79,34.18,-94.55,,,,,,,
199596,2025-01-30 17,2025-01-30 19,TX,1,1,0,0,0,1,48387,33.75,-95.17,33.86,-95.06,,,,,,,
199597,2025-01-30 17,2025-01-30 19,AR,1,1,0,0,0,1,05133,34.11,-94.47,34.22,-94.18,,,,,,,
199360,2025-01-30 19,2025-01-30 21,AR,2,2,0,0,0,2,05031;05055,35.86,-90.64999999999999,36.21,-90.45,,,,,,,
198835,2025-01-30 22,2025-01-31 01,KY,5,6,0,0,25000,3,21035;21083;21105,36.57,-89.03,36.75,-88.31,,,,,,,
198388,2025-02-06 08,2025-02-06 14,WV,11,27,0,0,14500,4,54011;54039;54079;54099,38.27,-82.53,38.46,-81.5,,,,,,,
198387,2025-02-07 02,2025-02-07 04,VA,1,2,0,0,0,1,51027,37.330000000000005,-82.05,37.48,-81.94,,,,,,,
199916,2025-02-07 03,2025-02-07 09,TN,2,4,0,0,0,2,47029;47155,35.86,-83.65,36.03,-83.2,,,,,,,
199512,2025-02-12 18,2025-02-12 19,LA,2,2,0,0,0,2,22015;22017,32.45,-93.85,32.56,-93.7,,,,,,,
200348,2025-02-12 23,2025-02-13 02,MS,2,2,0,0,43000,2,28061;28085,31.61,-90.47,31.89,-89.3,,,,,,,
198505,2025-02-13 00,2025-02-13 10,AL,13,13,0,0,0,4,01043;01049;01071;01103,34.05,-87.04,34.82,-85.8,,,,,,,
198681,2025-02-13 07,2025-02-13 10,AL,1,1,0,0,0,1,01021,32.790000000000006,-86.67999999999999,32.919999999999995,-86.55,,,,,,,
198488,2025-02-14 00,2025-02-14 02,CA,1,1,0,0,0,1,06047,37.470000000000006,-120.38,37.58,-120.27,,,,,,,
203555,2025-02-14 00,2025-02-14 04,CA,7,16,0,0,0,1,06037,34.02,-118.81,34.44,-117.98,,,,,,,
199441,2025-02-14 03,2025-02-14 16,CA,3,3,0,0,0,1,06071,34.13,-117.23,34.239999999999995,-117.12,,,,,,,
198994,2025-02-15 10,2025-02-16 23,KY,39,17,0,0,225000,19,21007;21033;21035;21039;21047;21055;21059;21075;21083;21105;21107;21143;21145;21149;21157;21177;21219;21221;21233,36.54,-89.25,37.7,-86.87,,,,,,,
198701,2025-02-15 12,2025-02-16 11,TN,39,17,0,0,2000000,13,47021;47027;47037;47085;47087;47111;47125;47133;47147;47161;47165;47169;47187,35.93,-88.04,36.67,-85.16,,,,,,,
199657,2025-02-15 13,2025-02-16 05,TN,22,23,0,0,20000,10,47005;47017;47033;47045;47053;47079;47095;47131;47157;47183,35.06,-89.84,36.43,-88.04,,,,,,,
199803,2025-02-15 13,2025-02-17 03,KY,27,25,4,0,110000,15,21001;21003;21005;21045;21057;21093;21099;21141;21171;21183;21185;21209;21213;21215;21227,36.72,-86.88,38.4,-84.52,,,,,,,
199655,2025-02-15 15,2025-02-16 01,AR,2,2,0,0,25000,1,05093,35.58,-90.23,35.96,-89.97,,,,,,,
200520,2025-02-15 17,2025-02-16 19,VA,7,7,0,0,0,4,51105;51169;51191;51195,36.68,-83.11,37.13,-81.82,,,,,,,
198562,2025-02-15 18,2025-02-16 08,WV,6,12,0,0,2175000,4,54025;54055;54063;54089,37.34,-81.11,37.8,-80.27,,,,,,,
199156,2025-02-15 18,2025-02-16 02,VA,4,55,0,0,10510000,2,51027;51051,37.06,-82.24,37.48,-81.91,,,,,,,
199989,2025-02-15 18,2025-02-16 17,TN,8,8,0,0,0,4,47013;47025;47073;47151,36.4,-84.54,36.59,-82.69,,,,,,,
198563,2025-02-15 19,2025-02-17 03,VA,17,19,1,0,210000,10,51011;51021;51031;51071;51121;51155;51161;51173;51185;51775,36.92,-81.84,37.42,-78.87,,,,,,,
199157,2025-02-15 20,2025-02-17 16,WV,13,52,3,0,5000000,10,54035;54039;54043;54045;54047;54059;54079;54081;54099;54105,37.42,-82.57,38.96,-80.92,,,,,,,
201283,2025-02-15 21,2025-02-15 23,AR,2,2,0,0,0,2,05045;05063,35.05,-92.45,35.75,-91.56,,,,,,,
198990,2025-02-16 01,2025-02-16 04,IL,1,1,0,0,0,1,17151,37.38,-88.55,37.489999999999995,-88.44,,,,,,,
199914,2025-02-16 01,2025-02-16 02,VA,2,2,0,0,0,2,51087;51760,37.540000000000006,-77.5,37.66,-77.39,,,,,,,
198991,2025-02-16 02,2025-02-16 05,IN,2,1,0,0,0,2,18163;18173,37.88,-87.50999999999999,38.01,-87.39,,,,,,,
199467,2025-02-16 04,2025-02-16 11,IN,3,3,0,0,0,2,18019;18043,38.34,-86.01,38.56,-85.73,,,,,,,
198928,2025-02-16 05,2025-02-16 10,KY,6,6,0,0,0,4,21037;21135;21161;21187,38.35,-84.79,39.06,-83.48,,,,,,,
199155,2025-02-16 05,2025-02-16 13,OH,10,10,0,0,0,5,39053;39079;39087;39105;39163,38.6,-82.69,39.17,-81.97,,,,,,,
198798,2025-02-16 06,2025-02-16 10,IN,3,3,0,0,10000,2,18029;18137,38.96,-85.15,39.28,-84.9,,,,,,,
198929,2025-02-16 07,2025-02-16 12,OH,4,4,0,0,10000,2,39001;39145,38.73,-83.6,38.9,-82.76,,,,,,,
199872,2025-02-16 12,2025-02-16 14,OH,1,1,0,0,0,1,39121,39.620000000000005,-81.38,39.73,-81.27,,,,,,,
200676,2025-02-19 08,2025-02-19 10,LA,3,3,0,0,0,1,22071,29.91,-90.14999999999999,30.060000000000002,-89.96000000000001,,,,,,,
200372,2025-03-04 15,2025-03-04 17,LA,4,4,0,0,0,2,22015;22017,32.400000000000006,-93.8,32.57,-93.67,,,,,,,
201859,2025-03-04 21,2025-03-04 21,MS,1,1,0,0,3000,1,28049,32.230000000000004,-90.25999999999999,32.36,-90.14,,,,,,,
201293,2025-03-07 04,2025-03-07 04,CA,1,3,0,0,0,1,06073,32.81,-117.28,32.93,-117.17,,,,,,,
200168,2025-03-09 23,2025-03-10 01,FL,2,2,0,0,0,2,12065;12077,30.28,-85.03,30.5,-83.79,,,,,,,
203682,2025-03-13 11,2025-03-13 12,CA,1,0,0,0,0,1,06037,34.09,-118.42,34.199999999999996,-118.31,,,,,,,
201294,2025-03-13 12,2025-03-14 04,CA,3,1,0,0,0,2,06065;06073,32.86,-117.23,33.8,-116.92,,,,,,,
202506,2025-03-15 06,2025-03-15 22,MS,6,6,0,0,22000,6,28011;28043;28061;28069;28097;28101,31.98,-90.75,33.78,-88.56,,,,,,,
201005,2025-03-15 13,2025-03-16 00,MS,21,20,0,0,365000,12,28017;28057;28071;28081;28093;28095;28115;28117;28137;28141;28145;28161,33.82,-89.95,34.87,-88.24,,,,,,,
201196,2025-03-15 15,2025-03-15 16,LA,1,1,0,0,0,1,22049,32.17,-92.49,32.29,-92.38000000000001,,,,,,,
203040,2025-03-15 16,2025-03-15 17,LA,1,1,0,0,2000,1,22123,32.71,-91.47,32.809999999999995,-91.36,,,,,,,
199504,2025-03-15 17,2025-03-16 16,TN,14,15,0,0,10000,9,47015;47035;47037;47043;47085;47099;47119;47147;47165,35.08,-87.82,36.6,-84.99,,,,,,,
201006,2025-03-15 17,2025-03-15 19,TN,2,2,0,0,50000,2,47005;47077,35.64,-88.39,35.89,-88.13,,,,,,,
201162,2025-03-15 23,2025-03-16 00,LA,1,1,0,0,0,1,22071,29.939999999999998,-90.17999999999999,30.05,-90.06,,,,,,,
199315,2025-03-16 02,2025-03-16 05,AL,4,4,0,0,0,4,01015;01029;01117;01121,33.12,-86.79,33.64,-85.6,,,,,,,
200763,2025-03-16 02,2025-03-16 04,TN,2,2,0,0,0,2,47065;47145,35.04,-85.27,36.07,-84.35,,,,,,,
200419,2025-03-16 07,2025-03-16 08,KY,2,2,0,0,0,1,21053,36.690000000000005,-85.24,36.809999999999995,-85.05,,,,,,,
200086,2025-03-17 02,2025-03-17 03,NC,2,2,0,0,0,1,37183,35.74,-78.67999999999999,35.9,-78.53,,,,,,,
201085,2025-03-17 03,2025-03-17 08,VA,11,11,0,0,0,6,51101;51103;51149;51181;51183;51650,36.9,-77.36,37.78,-76.33,,,,,,,
200858,2025-03-27 12,2025-03-28 07,TX,9,15,3,0,157000000,4,48061;48215;48427;48489,25.91,-98.56,26.75,-97.36,,,,,,,
201286,2025-03-29 00,2025-03-29 00,LA,1,1,0,0,0,1,22085,31.4,-93.6,31.51,-93.49000000000001,,,,,,,
200989,2025-03-29 19,2025-03-31 13,LA,7,13,0,0,250000,5,22001;22039;22053;22099;22113,30.11,-92.69,30.65,-91.78,,,,,,,
201166,2025-03-29 23,2025-03-30 02,LA,12,12,0,0,225000,2,22033;22037,30.39,-91.27,30.73,-91.05,,,,,,,
201167,2025-03-30 17,2025-03-30 21,MS,3,3,0,0,25000,1,28059,30.52,-88.76,30.66,-88.48,,,,,,,
201169,2025-03-31 14,2025-03-31 15,LA,2,2,0,0,0,1,22071,29.95,-90.07,30.080000000000002,-89.95,,,,,,,
200702,2025-04-02 06,2025-04-02 09,KS,1,1,0,0,30000,1,20027,39.150000000000006,-97.04,39.279999999999994,-96.88,,,,,,,
201251,2025-04-02 11,2025-04-02 23,IL,1,0,0,0,0,1,17101,38.650000000000006,-87.82,38.76,-87.7,,,,,,,
201092,2025-04-02 21,2025-04-03 01,IL,3,5,0,0,0,3,17039;17049;17167,39.13,-89.62,40.16,-88.76,,,,,,,
201114,2025-04-02 22,2025-04-03 08,MO,3,4,0,0,0,2,29091;29229,36.51,-92.53,37.17,-92.01,,,,,,,
201386,2025-04-02 22,2025-04-03 00,OK,2,1,0,0,0,1,40089,34.11,-94.84,34.23,-94.73,,,,,,,
202513,2025-04-02 23,2025-04-06 02,AR,36,37,0,0,0,18,05019;05041;05043;05049;05051;05059;05069;05075;05085;05089;05097;05103;05109;05119;05125;05129;05135;05137,33.58,-93.66,36.5,-90.95,,,,,,,
201973,2025-04-03 02,2025-04-03 22,TN,13,11,1,0,18000,5,47039;47079;47113;47157;47167,35.0,-90.02,36.3,-88.12,,,,,,,
199333,2025-04-03 03,2025-04-03 08,IN,3,3,0,0,1100000,3,18013;18093;18097,38.78,-86.65,39.82,-86.22,,,,,,,
199614,2025-04-03 06,2025-04-06 19,TN,43,25,0,0,0,15,47021;47037;47043;47081;47083;47085;47119;47125;47135;47147;47161;47165;47169;47187;47189,35.43,-88.07,36.68,-86.23,,,,,,,
200565,2025-04-03 06,2025-05-01 05,MO,12,17,0,0,835000,11,29071;29093;29099;29123;29179;29183;29186;29187;29189;29221;29510,37.23,-91.27,38.91,-90.03,,,,,,,
201140,2025-04-03 17,2025-04-06 07,KY,51,60,3,0,30000,27,21001;21005;21009;21029;21031;21045;21061;21067;21073;21085;21087;21093;21099;21111;21141;21151;21163;21167;21169;21179;21183;21209;21211;21213;21217;21227;21229,36.75,-86.96,38.36,-84.27,,,,,,,
201974,2025-04-03 20,2025-04-04 03,MS,3,3,0,0,0,2,28033;28143,34.69,-90.38,34.96,-90.13,,,,,,,
204265,2025-04-03 21,2025-04-04 16,KY,8,8,0,0,20000,8,21025;21071;21115;21153;21159;21173;21175;21203,37.5,-84.32,38.06,-82.56,,,,,,,
202046,2025-04-03 22,2025-04-04 00,OK,2,2,0,0,0,1,40089,33.99,-94.64999999999999,34.12,-94.52,,,,,,,
203696,2025-04-03 22,2025-04-04 00,CA,3,0,0,0,0,1,06037,34.21,-118.56,34.33,-118.42,,,,,,,
202458,2025-04-04 07,2025-04-04 09,IN,1,1,0,0,0,1,18019,38.480000000000004,-85.8,38.599999999999994,-85.68,,,,,,,
200232,2025-04-04 11,2025-04-04 17,KY,6,6,0,0,0,2,21089;21127,37.93,-82.95,38.59,-82.6,,,,,,,
200856,2025-04-04 12,2025-04-04 13,KY,1,1,0,0,0,1,21135,38.5,-83.31,38.61,-83.19,,,,,,,
200235,2025-04-04 13,2025-04-04 19,WV,7,9,0,0,8000,5,54005;54045;54059;54081;54099,37.67,-82.5,38.19,-81.37,,,,,,,
201436,2025-04-04 13,2025-04-05 18,MO,118,118,2,0,585000,21,29009;29029;29043;29059;29065;29067;29077;29091;29105;29109;29119;29125;29131;29149;29153;29167;29169;29203;29215;29225;29229,36.51,-94.19,38.28,-91.11,,,,,,,
201323,2025-04-04 14,2025-04-05 00,AR,5,5,0,0,0,4,05033;05047;05131;05143,35.02,-94.38,35.93,-93.91,,,,,,,
201322,2025-04-04 21,2025-04-05 21,OK,3,3,0,0,0,3,40079;40091;40121,34.84,-95.67,35.38,-94.78,,,,,,,
202107,2025-04-04 22,2025-04-06 01,TX,11,10,0,0,0,7,48037;48063;48067;48347;48387;48423;48459,31.7,-95.42,33.48,-94.04,,,,,,,
200661,2025-04-05 00,2025-04-05 18,IL,4,11,0,0,160000,4,17121;17157;17163;17189,38.2,-89.78,38.66,-88.94,,,,,,,
200416,2025-04-05 02,2025-04-05 10,IN,25,5,0,0,2350000,25,18005;18013;18021;18027;18031;18035;18055;18057;18059;18063;18065;18081;18083;18093;18097;18101;18105;18109;18119;18121;18133;18139;18145;18153;18167,38.56,-87.54,40.18,-85.38,,,,,,,
202148,2025-04-05 03,2025-04-06 03,AR,9,9,0,0,0,5,05057;05073;05091;05099;05139,33.12,-94.05,33.92,-92.35,,,,,,,
201252,2025-04-05 06,2025-04-05 11,IL,1,1,0,0,0,1,17101,38.690000000000005,-87.75,38.8,-87.62,,,,,,,
202199,2025-04-05 09,2025-04-05 18,MO,2,2,0,0,6000,1,29069,36.2,-90.08,36.339999999999996,-89.96000000000001,,,,,,,
201780,2025-04-05 10,2025-04-05 13,TX,6,6,0,0,200000,5,48085;48113;48119;48277;48439,32.62,-97.43,33.68,-95.53,,,,,,,
202201,2025-04-05 12,2025-04-06 03,TN,16,16,0,0,115000,10,47005;47017;47033;47045;47071;47075;47079;47157;47167;47183,35.14,-90.04,36.31,-88.0,,,,,,,
202198,2025-04-05 13,2025-04-06 00,AR,11,12,0,0,0,6,05021;05035;05055;05093;05107;05123,34.55,-90.79,36.42,-90.14,,,,,,,
202540,2025-04-05 22,2025-04-06 02,AR,2,5,0,0,15000,2,05003;05017,33.21,-91.77,33.54,-91.41,,,,,,,
202153,2025-04-06 00,2025-04-06 05,LA,5,4,0,0,0,1,22073,32.43,-92.3,32.57,-92.05,,,,,,,
202541,2025-04-06 00,2025-04-06 11,MS,12,12,0,0,326000,8,28011;28015;28049;28067;28087;28133;28151;28163,31.69,-91.06,33.78,-88.3,,,,,,,
202200,2025-04-06 01,2025-04-06 09,MS,4,4,0,0,10000,4,28003;28033;28115;28141,34.34,-90.19,34.93,-88.19,,,,,,,
202542,2025-04-06 02,2025-04-06 05,LA,1,1,0,0,1000,1,22067,32.74,-91.97,32.86,-91.84,,,,,,,
201875,2025-04-06 05,2025-04-06 06,LA,1,1,0,0,0,1,22079,31.23,-92.57,31.36,-92.45,,,,,,,
199319,2025-04-06 08,2025-04-06 22,AL,11,12,0,0,0,9,01057;01073;01075;01081;01101;01113;01117;01125;01133,32.17,-88.1,34.25,-85.0,,,,,,,
202351,2025-04-06 22,2025-04-07 00,MS,1,1,0,0,0,1,28059,30.4,-88.83,30.51,-88.72,,,,,,,
202412,2025-04-06 23,2025-04-07 06,AL,11,10,0,0,0,3,01003;01053;01097,30.42,-88.26,31.03,-87.26,,,,,,,
202455,2025-04-07 01,2025-04-07 04,FL,1,2,0,0,0,1,12033,30.83,-87.57,30.94,-87.46000000000001,,,,,,,
200258,2025-04-18 13,2025-04-18 15,WI,1,1,0,0,1000,1,55079,42.970000000000006,-87.95,43.129999999999995,-87.81,,,,,,,
201782,2025-04-20 00,2025-04-20 08,TX,3,5,0,0,100000,1,48337,33.55,-97.85,33.8,-97.7,,,,,,,
200622,2025-04-20 01,2025-04-20 02,TX,1,1,0,0,0,1,48461,31.15,-102.11999999999999,31.34,-101.93,,,,,,,
201678,2025-04-20 01,2025-04-20 06,OK,6,3,2,0,100000,4,40019;40027;40067;40109,34.0,-97.61,35.42,-97.1,,,,,,,
201777,2025-04-20 02,2025-04-20 04,TX,4,0,0,0,0,3,48059;48441;48447,32.4,-99.78,33.26,-99.05,,,,,,,
201788,2025-04-20 06,2025-04-20 09,OK,1,1,0,0,0,1,40111,35.61,-96.03,35.739999999999995,-95.92,,,,,,,
201438,2025-04-20 08,2025-04-21 02,MO,14,14,0,0,0,8,29009;29091;29109;29119;29145;29167;29209;29217,36.64,-94.53,37.96,-91.95,,,,,,,
201116,2025-04-20 19,2025-04-20 23,KS,1,1,0,0,0,1,20011,37.78,-94.75,37.91,-94.64,,,,,,,
202052,2025-04-21 00,2025-04-21 05,IA,4,5,0,0,0,1,19113,41.92,-91.74,42.099999999999994,-91.6,,,,,,,
202205,2025-04-21 01,2025-04-21 04,LA,2,3,0,0,0,1,22017,32.34,-93.86,32.51,-93.73,,,,,,,
201876,2025-04-21 11,2025-04-21 12,TX,1,1,0,0,0,1,48457,30.55,-94.47,30.67,-94.35000000000001,,,,,,,
202353,2025-04-21 19,2025-04-22 00,LA,30,31,0,0,38500,4,22037;22051;22071;22087,29.89,-91.09,30.86,-90.0,,,,,,,
202144,2025-04-21 23,2025-04-22 01,NY,1,1,0,0,0,1,36013,42.160000000000004,-79.16,42.269999999999996,-79.05,,,,,,,
200722,2025-04-22 21,2025-04-23 02,TX,5,5,0,0,0,2,48371;48443,30.49,-102.92,30.93,-102.05,,,,,,,
201449,2025-04-23 08,2025-04-23 11,TX,2,1,0,0,0,1,48463,29.2,-99.83,29.35,-99.69,,,,,,,
202685,2025-04-23 19,2025-04-23 21,MS,1,2,0,0,20000,1,28075,32.32,-88.78999999999999,32.44,-88.67,,,,,,,
199903,2025-04-23 23,2025-04-24 02,TN,2,2,0,0,0,2,47015;47037,35.79,-86.76,36.13,-86.09,,,,,,,
203010,2025-04-23 23,2025-04-24 05,AL,1,1,0,0,0,1,01103,34.400000000000006,-86.84,34.51,-86.73,,,,,,,
200477,2025-04-24 00,2025-04-24 02,TX,1,1,0,0,0,1,48437,34.64,-101.82,34.8,-101.7,,,,,,,
201891,2025-04-24 00,2025-04-24 01,MS,1,1,0,0,0,1,28141,34.57,-88.2,34.69,-88.09,,,,,,,
201877,2025-04-24 09,2025-04-24 15,LA,3,13,0,0,250000,3,22045;22055;22099,29.97,-92.11,30.24,-91.72,,,,,,,
201783,2025-04-24 12,2025-04-24 23,TX,2,2,0,0,0,2,48349;48503,32.07,-98.6,33.14,-96.49,,,,,,,
202356,2025-04-24 13,2025-04-24 16,LA,11,11,0,0,49000,3,22033;22047;22121,30.28,-91.29,30.43,-91.17,,,,,,,
200976,2025-04-24 21,2025-04-24 22,KY,1,1,0,0,0,1,21117,38.760000000000005,-84.5,38.87,-84.37,,,,,,,
203009,2025-04-24 21,2025-04-25 04,AL,4,4,0,0,0,1,01079,34.43,-87.36,34.58,-87.19,,,,,,,
201180,2025-04-24 22,2025-04-25 00,NE,1,1,0,0,100000,1,31055,41.24,-96.06,41.349999999999994,-95.88000000000001,,,,,,,
201360,2025-04-24 22,2025-04-24 23,SC,1,1,0,0,0,1,45011,33.18,-81.42999999999999,33.3,-81.3,,,,,,,
200583,2025-04-25 01,2025-04-25 05,TX,3,2,0,0,0,3,48107;48169;48345,33.33,-101.39,34.04,-100.91,,,,,,,
202689,2025-04-25 13,2025-04-25 14,MS,1,1,0,0,5000,1,28043,33.730000000000004,-89.86,33.839999999999996,-89.75,,,,,,,
199955,2025-04-25 18,2025-04-25 22,TN,3,3,0,0,10000,1,47099,34.980000000000004,-87.49,35.16,-87.37,,,,,,,
203164,2025-04-25 18,2025-04-26 01,AL,2,2,0,0,0,1,01077,34.92,-87.56,35.04,-87.4,,,,,,,
202210,2025-04-25 22,2025-04-26 02,OH,2,0,0,0,20000,2,39035;39155,41.260000000000005,-81.53,41.449999999999996,-80.94,,,,,,,
201917,2025-04-25 23,2025-04-26 01,MI,1,0,0,0,0,1,26125,42.75,-83.24,42.86,-83.1,,,,,,,
200603,2025-04-26 00,2025-04-26 17,TX,3,4,0,0,0,3,48075;48191;48219,33.61,-102.26,34.75,-100.41,,,,,,,
200106,2025-04-26 01,2025-04-27 07,NM,3,5,0,0,10000,2,35009;35011,34.37,-104.26,34.88,-103.17,,,,,,,
202216,2025-04-26 01,2025-04-26 04,PA,2,2,0,0,700,1,42121,41.290000000000006,-79.95,41.419999999999995,-79.71,,,,,,,
200765,2025-04-26 08,2025-04-26 14,NM,3,3,0,0,50000,1,35015,32.0,-104.17,32.25,-104.01,,,,,,,
201682,2025-04-26 12,2025-04-26 19,OK,12,12,1,0,350000,6,40027;40031;40049;40087;40137;40141,34.5,-99.15,35.3,-97.44,,,,,,,
200768,2025-04-27 00,2025-04-27 01,TX,1,1,0,0,0,1,48371,30.82,-102.96,30.96,-102.85000000000001,,,,,,,
202214,2025-04-27 05,2025-04-27 06,AR,1,1,0,0,0,1,05139,33.18,-92.75999999999999,33.3,-92.56,,,,,,,
201440,2025-04-27 15,2025-04-27 21,MO,6,4,0,0,0,2,29091;29153,36.52,-92.36,36.65,-92.01,,,,,,,
200709,2025-04-28 23,2025-04-29 05,KS,3,3,0,0,155750,2,20149;20161,39.15,-96.64,39.26,-96.31,,,,,,,
201866,2025-04-29 02,2025-04-29 06,MI,2,2,0,0,78500,1,26003,46.330000000000005,-86.74,46.48,-86.57000000000001,,,,,,,
202090,2025-04-29 09,2025-04-29 12,TX,2,2,0,0,2000,2,48179;48393,35.510000000000005,-100.97,35.669999999999995,-100.86,,,,,,,
201113,2025-04-29 12,2025-04-29 19,KS,2,2,0,0,100000,1,20037,37.300000000000004,-94.75999999999999,37.47,-94.65,,,,,,,
201836,2025-04-29 12,2025-04-29 15,OK,1,1,0,0,0,1,40113,36.35,-96.46,36.489999999999995,-96.34,,,,,,,
200663,2025-04-29 20,2025-04-30 00,TX,2,1,0,0,0,2,48169;48263,33.1,-101.45,33.269999999999996,-100.54,,,,,,,
200188,2025-04-29 21,2025-04-29 23,IN,1,1,0,0,25000,1,18027,38.78,-87.03,38.9,-86.87,,,,,,,
200980,2025-04-29 23,2025-04-30 00,OH,1,1,0,0,0,1,39015,39.190000000000005,-84.03999999999999,39.309999999999995,-83.92,,,,,,,
201686,2025-04-30 02,2025-04-30 21,OK,19,13,2,1,470000,9,40027;40031;40051;40081;40109;40125;40133;40137;40141,34.31,-99.03,35.69,-96.55,,,,,,,
201687,2025-04-30 03,2025-04-30 06,TX,1,1,0,0,0,1,48077,33.5,-98.21,33.61,-98.10000000000001,,,,,,,
201442,2025-04-30 08,2025-05-01 01,MO,2,2,0,0,0,2,29119;29145,36.67,-94.5,36.849999999999994,-94.3,,,,,,,
200772,2025-04-30 11,2025-04-30 14,TX,1,1,0,0,0,1,48415,32.63,-101.02,32.76,-100.91,,,,,,,
201784,2025-04-30 13,2025-05-01 04,TX,33,38,0,0,730000,16,48001;48027;48085;48113;48121;48139;48147;48161;48181;48221;48237;48293;48337;48349;48439;48497,30.88,-98.22,33.81,-95.82,,,,,,,
202228,2025-04-30 21,2025-05-01 05,TX,10,10,0,0,0,3,48073;48203;48423,31.9,-95.35,32.59,-94.2,,,,,,,
203138,2025-04-30 23,2025-04-30 23,AR,1,1,0,0,1000,1,05119,34.78,-92.44,34.89,-92.33,,,,,,,
200981,2025-05-01 00,2025-05-01 01,KY,1,1,0,0,2000,1,21187,38.49,-84.84,38.599999999999994,-84.73,,,,,,,
202234,2025-05-01 00,2025-05-01 05,LA,5,5,0,0,0,2,22015;22017,32.36,-93.92,32.6,-93.66,,,,,,,
202256,2025-05-01 06,2025-05-01 06,LA,5,3,0,0,0,2,22015;22017,32.36,-93.92,32.6,-93.66,,,,,,,
202259,2025-05-01 06,2025-05-01 06,TX,6,4,0,0,0,3,48073;48203;48423,31.9,-95.35,32.59,-94.2,,,,,,,
202164,2025-05-02 00,2025-05-02 00,TX,1,1,0,0,0,1,48271,29.39,-100.17,29.5,-100.06,,,,,,,
202611,2025-05-02 04,2025-05-02 21,TX,2,1,0,0,0,2,48035;48281,31.07,-98.03,31.79,-97.58,,,,,,,
202427,2025-05-02 06,2025-05-02 09,OK,3,4,0,0,50000,2,40031;40141,34.39,-99.0,34.63,-98.45,,,,,,,
200345,2025-05-02 18,2025-05-02 21,TN,2,2,0,0,0,2,47055;47099,35.06,-87.34,35.2,-87.0,,,,,,,
202566,2025-05-02 19,2025-05-03 01,LA,13,13,0,0,0,4,22015;22017;22073;22119,32.44,-93.88,32.6,-92.08,,,,,,,
202720,2025-05-02 20,2025-05-03 01,TX,4,4,0,0,0,2,48005;48347,31.38,-94.78,31.84,-94.47,,,,,,,
201560,2025-05-02 23,2025-05-03 02,TN,3,3,0,0,0,2,47065;47123,35.03,-85.26,35.37,-84.28,,,,,,,
202444,2025-05-03 00,2025-05-03 03,LA,2,7,0,0,0,1,22019,30.24,-93.25999999999999,30.4,-93.08,,,,,,,
201008,2025-05-04 19,2025-05-04 20,UT,1,1,0,0,0,1,49053,37.06,-114.09,37.169999999999995,-113.98,,,,,,,
203115,2025-05-04 21,2025-05-07 03,AZ,11,14,0,0,15000,1,04015,34.83,-114.66,37.01,-113.91,,,,,,,
203116,2025-05-04 22,2025-05-07 03,CA,5,5,0,0,15000,1,06071,34.08,-115.11,35.18,-114.3,,,,,,,
203199,2025-05-04 22,2025-05-05 00,NY,1,1,0,0,5000,1,36025,42.13,-75.16,42.239999999999995,-75.04,,,,,,,
203081,2025-05-05 01,2025-05-05 06,PA,4,4,0,0,0,2,42005;42121,40.65,-79.99,41.18,-79.37,,,,,,,
202639,2025-05-05 02,2025-05-22 04,AZ,2,0,0,0,0,1,04013,32.96,-112.7,33.06,-112.26,,,,,,,
202574,2025-05-05 22,2025-05-05 22,VA,3,3,0,0,0,2,51127;51760,37.46,-77.48,37.58,-77.07,,,,,,,
203201,2025-05-05 23,2025-05-06 04,NY,5,5,0,0,25000,1,36101,42.12,-77.71,42.31,-77.59,,,,,,,
200463,2025-05-06 00,2025-05-06 02,MD,1,1,0,0,0,1,24021,39.32,-77.63,39.44,-77.52,,,,,,,
200465,2025-05-06 00,2025-05-06 02,VA,1,1,0,0,0,1,51107,39.16,-77.86,39.3,-77.68,,,,,,,
202554,2025-05-06 01,2025-05-06 04,NY,5,5,0,0,0,2,36003;36051,42.46,-77.95,42.58,-77.76,,,,,,,
200745,2025-05-06 07,2025-05-06 10,TX,2,1,0,0,0,2,48279;48303,33.48,-102.53,34.13,-102.03,,,,,,,
202969,2025-05-06 12,2025-05-06 12,TX,1,1,0,0,0,1,48451,31.32,-100.5,31.43,-100.39,,,,,,,
202390,2025-05-06 15,2025-05-06 20,TX,13,13,0,0,0,10,48027;48113;48145;48213;48251;48309;48331;48349;48395;48439,30.64,-97.48,32.85,-95.84,,,,,,,
202167,2025-05-06 16,2025-05-06 19,TX,3,3,0,0,0,2,48453;48491,30.43,-97.84,30.72,-97.4,,,,,,,
200414,2025-05-06 19,2025-05-06 21,PA,1,0,0,0,0,1,42043,40.230000000000004,-76.89999999999999,40.339999999999996,-76.79,,,,,,,
203203,2025-05-06 19,2025-05-06 23,PA,3,3,0,0,20000,2,42015;42127,41.57,-76.46,41.99,-75.25,,,,,,,
201886,2025-05-06 20,2025-05-06 23,NY,7,5,0,0,81000,1,36043,42.940000000000005,-75.1,43.089999999999996,-74.94,,,,,,,
202073,2025-05-06 20,2025-05-06 23,TX,2,2,0,0,0,1,48041,30.52,-96.42999999999999,30.66,-96.24000000000001,,,,,,,
202759,2025-05-06 20,2025-05-07 02,LA,12,12,0,0,0,6,22013;22015;22017;22059;22069;22127,31.67,-93.87,32.55,-92.12,,,,,,,
202798,2025-05-06 20,2025-05-07 01,TX,4,5,0,0,0,3,48183;48347;48423,31.62,-95.41,32.56,-94.65,,,,,,,
203117,2025-05-06 21,2025-05-07 02,NV,3,6,1,0,16000,1,32003,35.01,-114.97,36.05,-114.64,,,,,,,
203213,2025-05-06 21,2025-05-07 01,NY,10,11,0,0,77000,3,36011;36067;36101,42.12,-77.69,42.98,-76.34,,,,,,,
203268,2025-05-07 00,2025-05-09 19,LA,19,46,0,0,130000,12,22001;22003;22011;22019;22039;22045;22053;22055;22079;22097;22113;22115,29.95,-93.44,31.38,-91.78,,,,,,,
203287,2025-05-07 00,2025-05-07 04,TX,3,4,0,0,0,2,48241;48351,30.47,-93.98,30.75,-93.75,,,,,,,
202555,2025-05-07 15,2025-05-07 16,LA,2,2,0,0,0,1,22071,29.89,-90.13,30.0,-90.02,,,,,,,
201530,2025-05-08 20,2025-05-08 21,KY,1,1,0,0,15000,1,21191,38.620000000000005,-84.44,38.73,-84.33,,,,,,,
202045,2025-05-08 20,2025-05-08 22,GA,1,1,0,0,0,1,13075,31.11,-83.50999999999999,31.23,-83.37,,,,,,,
202168,2025-05-08 21,2025-05-09 03,TX,2,2,1,0,0,1,48323,28.63,-100.53999999999999,28.76,-100.42,,,,,,,
200508,2025-05-08 23,2025-05-08 23,MA,1,1,0,0,0,1,25027,42.330000000000005,-72.02,42.44,-71.9,,,,,,,
202800,2025-05-09 03,2025-05-09 03,VA,1,1,0,0,5000,1,51087,37.620000000000005,-77.6,37.739999999999995,-77.48,,,,,,,
201030,2025-05-09 04,2025-05-09 04,TX,1,1,0,0,0,1,48355,27.65,-97.42,27.76,-97.31,,,,,,,
203218,2025-05-09 19,2025-05-09 20,PA,2,0,0,0,6000,2,42103;42127,41.36,-75.4,41.54,-75.2,,,,,,,
202572,2025-05-09 20,2025-05-09 23,LA,11,11,0,0,0,2,22051;22071,29.88,-90.14,30.07,-90.01,,,,,,,
203493,2025-05-10 00,2025-05-10 01,FL,1,1,0,0,0,1,12091,30.39,-86.67,30.5,-86.56,,,,,,,
203500,2025-05-10 08,2025-05-10 10,AL,1,1,0,0,0,1,01097,30.61,-88.17999999999999,30.73,-88.05,,,,,,,
200564,2025-05-10 23,2025-05-11 02,AL,1,2,0,0,0,1,01047,32.400000000000006,-87.14,32.519999999999996,-86.95,,,,,,,
202585,2025-05-11 12,2025-05-11 15,FL,3,2,0,0,0,2,12005;12133,30.31,-85.81,30.59,-85.67,,,,,,,
202146,2025-05-11 18,2025-05-11 19,GA,1,1,0,0,0,1,13001,31.849999999999998,-82.37,31.990000000000002,-82.26,,,,,,,
202987,2025-05-11 19,2025-05-11 22,GA,3,6,0,0,60000,2,13043;13267,32.24,-82.08,32.47,-81.97,,,,,,,
201510,2025-05-12 17,2025-05-12 18,NC,1,1,0,0,0,1,37133,34.67,-77.39,34.79,-77.24000000000001,,,,,,,
203368,2025-05-13 05,2025-05-13 08,SC,2,7,0,0,12000,2,45047;45059,34.2,-82.16,34.51,-81.99,,,,,,,
201511,2025-05-13 13,2025-05-13 14,NC,2,2,0,0,0,1,37133,34.7,-77.45,34.839999999999996,-77.31,,,,,,,
202395,2025-05-13 17,2025-05-14 02,VA,4,5,0,0,0,2,51019;51045,37.21,-80.16,37.56,-79.72,,,,,,,
200860,2025-05-13 18,2025-05-13 22,MD,14,8,0,0,0,2,24001;24023,39.48,-79.08,39.73,-78.77,,,,,,,
200862,2025-05-13 18,2025-05-13 22,WV,2,3,0,0,0,1,54057,39.31,-79.08,39.48,-78.94,,,,,,,
200706,2025-05-13 19,2025-05-13 23,PA,8,7,0,1,55000,2,42009;42111,39.74,-79.1,39.84,-78.74,,,,,,,
207240,2025-05-13 19,2025-05-13 20,KY,2,2,0,0,0,1,21065,37.63,-84.02,37.75,-83.9,,,,,,,
201410,2025-05-13 20,2025-05-14 04,WV,7,15,0,0,0,5,54007;54015;54033;54035;54041,38.45,-81.67,39.24,-80.39,,,,,,,
201409,2025-05-13 21,2025-05-14 16,OH,5,9,0,0,10000,4,39009;39079;39105;39127,39.05,-82.64,39.65,-81.92,,,,,,,
200884,2025-05-13 22,2025-05-14 10,VA,16,9,1,0,0,4,51003;51079;51113;51125,37.71,-79.03,38.57,-78.07,,,,,,,
202806,2025-05-13 23,2025-05-14 01,VA,3,3,0,0,0,2,51065;51147,37.27,-78.59,37.86,-78.26,,,,,,,
203085,2025-05-13 23,2025-05-14 02,OH,4,4,0,0,0,1,39119,39.94,-82.12,40.08,-81.99,,,,,,,
201389,2025-05-14 00,2025-05-14 01,OH,1,1,0,0,20000,1,39045,39.650000000000006,-82.52,39.76,-82.41,,,,,,,
202967,2025-05-14 16,2025-05-14 17,PA,1,1,0,0,0,1,42017,40.02,-75.00999999999999,40.129999999999995,-74.9,,,,,,,
203118,2025-05-14 18,2025-05-14 23,VA,18,18,0,0,50000,10,51007;51053;51057;51093;51097;51149;51181;51183;51700;51730,36.94,-77.98,38.1,-76.43,,,,,,,
202970,2025-05-14 19,2025-05-14 23,NJ,4,5,0,0,10000,3,34023;34027;34035,40.45,-74.43,40.74,-74.33,,,,,,,
201349,2025-05-14 20,2025-05-14 23,NC,2,2,0,0,5000,1,37135,35.870000000000005,-79.17999999999999,35.98,-79.03,,,,,,,
203819,2025-05-14 23,2025-05-15 01,ID,1,1,0,0,0,1,16005,42.82,-112.52,42.949999999999996,-112.38000000000001,,,,,,,
200908,2025-05-15 00,2025-05-15 01,WV,1,1,0,0,0,1,54023,39.050000000000004,-79.2,39.19,-79.1,,,,,,,
200909,2025-05-15 01,2025-05-15 02,VA,4,4,0,0,0,2,51137;51171,38.15,-78.47,39.08,-78.25,,,,,,,
203602,2025-05-15 07,2025-05-15 10,OH,1,0,0,0,1200000,1,39063,40.980000000000004,-83.74,41.14,-83.62,,,,,,,
203280,2025-05-15 08,2025-05-15 13,MI,1,8,0,0,9300000,1,26013,46.81,-88.49,46.949999999999996,-88.37,,,,,,,
201863,2025-05-15 09,2025-05-15 09,NE,1,1,0,0,20000,1,31071,41.77,-99.31,41.879999999999995,-99.17,,,,,,,
200902,2025-05-15 10,2025-05-15 12,PA,2,2,0,0,0,1,42001,39.800000000000004,-77.19,39.919999999999995,-77.06,,,,,,,
200889,2025-05-15 23,2025-05-16 00,NC,1,1,0,0,0,1,37055,35.85,-75.64999999999999,35.959999999999994,-75.54,,,,,,,
200911,2025-05-16 01,2025-05-16 02,VA,2,0,0,0,0,1,51540,37.970000000000006,-78.58,38.089999999999996,-78.45,,,,,,,
202973,2025-05-16 16,2025-05-16 18,NJ,3,3,0,0,0,1,34007,39.79,-75.16,39.95,-74.96000000000001,,,,,,,
202974,2025-05-16 16,2025-05-16 20,PA,13,16,0,0,105000,5,42017;42029;42045;42091;42101,39.88,-75.81,40.26,-74.84,,,,,,,
207048,2025-05-16 19,2025-05-17 06,KY,3,3,0,0,0,3,21025;21071;21195,37.38,-83.39,37.54,-82.5,,,,,,,
203217,2025-05-16 23,2025-05-17 00,NY,1,1,0,0,1000,1,36053,42.760000000000005,-75.57,42.87,-75.46000000000001,,,,,,,
203458,2025-05-17 12,2025-05-17 18,MS,2,2,0,0,515000,2,28049;28163,32.3,-90.42,32.87,-90.19,,,,,,,
200916,2025-05-17 16,2025-05-18 01,VT,6,9,0,0,690000,5,50001;50007;50015;50023;50027,43.63,-73.26,44.63,-72.33,,,,,,,
200885,2025-05-18 12,2025-05-18 14,AL,2,3,0,0,0,2,01073;01117,33.330000000000005,-86.81,33.529999999999994,-86.71,,,,,,,
201733,2025-05-19 02,2025-05-19 08,NE,2,1,0,0,200000,2,31129;31181,40.0,-98.49,40.21,-98.2,,,,,,,
201734,2025-05-19 02,2025-05-19 08,KS,2,1,0,0,200000,2,20089;20183,39.86,-98.6,40.01,-98.23,,,,,,,
202391,2025-05-19 02,2025-05-19 03,TX,1,1,0,0,0,1,48121,33.160000000000004,-97.25,33.269999999999996,-97.07000000000001,,,,,,,
200912,2025-05-19 20,2025-05-19 23,KS,1,1,0,0,0,1,20003,38.160000000000004,-95.22,38.269999999999996,-95.10000000000001,,,,,,,
204570,2025-05-19 20,2025-05-20 04,AL,4,0,0,0,0,1,01103,34.39,-86.99,34.5,-86.82000000000001,,,,,,,
201174,2025-05-19 23,2025-05-20 04,KS,1,1,0,0,0,1,20037,37.42,-95.09,37.54,-94.98,,,,,,,
202433,2025-05-19 23,2025-05-19 23,OK,1,1,0,0,0,1,40005,34.480000000000004,-96.05,34.599999999999994,-95.92,,,,,,,
202592,2025-05-19 23,2025-05-20 07,MO,3,3,0,0,0,2,29043;29217,37.08,-94.47,38.0,-93.41,,,,,,,
202844,2025-05-20 00,2025-05-20 04,OK,5,5,0,0,0,4,40077;40079;40111;40121,34.82,-95.97,35.53,-94.59,,,,,,,
202845,2025-05-20 00,2025-05-20 04,AR,6,6,0,0,0,4,05007;05033;05131;05143,35.34,-94.42,36.35,-94.15,,,,,,,
203095,2025-05-20 03,2025-05-20 03,IL,1,1,0,0,25000,1,17001,39.900000000000006,-91.45,40.01,-91.34,,,,,,,
203054,2025-05-20 05,2025-05-20 05,MO,1,1,0,0,100000,1,29510,38.580000000000005,-90.35,38.69,-90.24000000000001,,,,,,,
201583,2025-05-20 19,2025-05-20 22,IL,1,0,0,0,0,1,17167,39.86,-89.74,39.98,-89.63000000000001,,,,,,,
202522,2025-05-20 20,2025-05-20 22,IA,1,1,0,0,0,1,19139,41.45,-91.05,41.559999999999995,-90.94,,,,,,,
202015,2025-05-20 22,2025-05-20 23,KY,1,1,0,0,0,1,21177,37.150000000000006,-87.25,37.26,-87.12,,,,,,,
201022,2025-05-20 23,2025-05-21 04,TN,5,6,0,0,0,3,47035;47037;47187,35.81,-87.0,36.17,-85.04,,,,,,,
202785,2025-05-20 23,2025-05-21 00,KY,1,1,0,0,0,1,21003,36.830000000000005,-86.2,36.94,-86.09,,,,,,,
200910,2025-05-21 02,2025-05-21 06,AL,2,2,0,0,0,1,01071,34.540000000000006,-86.28,34.69,-85.9,,,,,,,
203283,2025-05-21 14,2025-05-21 14,LA,1,1,0,0,0,1,22055,30.12,-92.05,30.240000000000002,-91.93,,,,,,,
203089,2025-05-21 20,2025-05-22 03,PA,9,11,0,0,0,3,42003;42019;42073,40.41,-80.5,41.04,-79.95,,,,,,,
202435,2025-05-22 16,2025-05-22 21,OK,5,5,0,0,25000,2,40019;40085,33.98,-97.4,34.2,-97.12,,,,,,,
202615,2025-05-24 10,2025-05-25 16,MO,20,22,0,0,200000,8,29043;29067;29077;29109;29153;29209;29225;29229,36.52,-93.77,37.47,-92.13,,,,,,,
204757,2025-05-24 13,2025-05-25 23,AR,6,6,0,0,0,4,05001;05119;05135;05141,34.35,-92.47,36.07,-91.34,,,,,,,
202848,2025-05-25 08,2025-05-25 19,OK,9,9,0,0,10000,3,40131;40143;40145,36.01,-95.91,36.3,-95.6,,,,,,,
201805,2025-05-25 21,2025-05-26 03,TX,2,1,0,0,0,2,48345;48433,33.1,-100.9,33.88,-100.07,,,,,,,
202524,2025-05-25 22,2025-05-25 22,FL,1,1,0,0,0,1,12097,28.22,-81.63,28.35,-81.49000000000001,,,,,,,
202439,2025-05-26 00,2025-05-26 11,OK,9,10,0,0,250000,5,40005;40051;40069;40095;40109,34.03,-97.83,35.53,-96.12,,,,,,,
203157,2025-05-26 11,2025-05-26 13,TX,4,3,0,0,0,2,48183;48423,32.25,-95.27,32.56,-94.68,,,,,,,
203160,2025-05-26 11,2025-05-26 15,LA,3,3,0,0,0,2,22015;22017,32.43,-93.81,32.62,-93.67,,,,,,,
202972,2025-05-26 21,2025-05-30 05,TX,2,2,0,0,0,2,48327;48451,30.91,-100.47,31.47,-99.78,,,,,,,
202171,2025-05-27 03,2025-05-27 06,TX,4,4,0,0,0,2,48029;48453,29.43,-98.69,30.38,-97.77,,,,,,,
205177,2025-05-27 13,2025-05-27 14,MS,1,1,0,0,0,1,28121,32.160000000000004,-90.23,32.269999999999996,-90.11,,,,,,,
201189,2025-05-27 19,2025-05-27 21,AL,1,3,0,0,0,1,01019,33.95,-85.72,34.09,-85.59,,,,,,,
201222,2025-05-27 19,2025-05-28 00,AL,1,1,0,0,0,1,01071,34.63,-86.08,34.739999999999995,-85.97,,,,,,,
201514,2025-05-28 02,2025-05-28 05,NC,1,1,0,0,0,1,37019,33.86,-78.07,33.97,-77.96000000000001,,,,,,,
201512,2025-05-28 07,2025-05-28 10,NC,3,3,0,0,0,1,37133,34.7,-77.47,34.82,-77.36,,,,,,,
202174,2025-05-28 09,2025-05-29 03,TX,9,9,1,0,0,4,48029;48091;48259;48453,29.43,-98.68,30.37,-97.7,,,,,,,
204773,2025-05-28 11,2025-05-28 18,AL,2,2,0,0,0,1,01095,34.28,-86.50999999999999,34.419999999999995,-86.35000000000001,,,,,,,
201411,2025-05-28 12,2025-05-28 19,WV,5,6,0,0,0,1,54033,39.25,-80.4,39.37,-80.2,,,,,,,
202609,2025-05-28 20,2025-05-28 22,LA,1,1,0,0,0,1,22071,29.939999999999998,-90.11999999999999,30.05,-90.01,,,,,,,
203285,2025-05-28 20,2025-05-28 21,LA,1,1,0,0,0,1,22019,30.08,-93.28,30.23,-93.16,,,,,,,
201804,2025-05-29 18,2025-05-29 20,GA,5,3,0,0,0,1,13073,33.470000000000006,-82.21,33.65,-82.05,,,,,,,
201344,2025-05-29 21,2025-05-30 01,NC,19,19,0,0,70000,8,37001;37051;37063;37077;37081;37135;37167;37181,35.06,-80.33,36.37,-78.35,,,,,,,
202613,2025-05-29 22,2025-05-30 00,NM,1,1,0,0,0,1,35025,33.2,-103.38,33.309999999999995,-103.26,,,,,,,
202614,2025-05-30 00,2025-05-30 02,TX,7,7,0,0,72000,3,48115;48227;48371,30.77,-103.15,32.64,-101.47,,,,,,,
202175,2025-05-30 10,2025-05-30 15,TX,4,4,0,0,0,1,48029,29.4,-98.52,29.57,-98.38,,,,,,,
201412,2025-05-30 15,2025-05-30 17,KY,2,6,0,0,0,2,21043;21089,38.36,-82.98,38.55,-82.72,,,,,,,
203091,2025-05-30 21,2025-05-31 04,WV,34,34,0,0,60000,4,54049;54051;54061;54103,39.42,-80.7,39.79,-79.85,,,,,,,
203090,2025-05-30 23,2025-05-31 02,PA,1,1,0,0,0,1,42125,39.980000000000004,-79.96,40.089999999999996,-79.85000000000001,,,,,,,
201767,2025-05-31 00,2025-05-31 02,MD,1,1,0,0,0,1,24027,39.120000000000005,-76.92,39.23,-76.81,,,,,,,
202975,2025-05-31 04,2025-05-31 06,DE,1,1,0,0,0,1,10003,39.59,-75.78999999999999,39.699999999999996,-75.67,,,,,,,
202976,2025-05-31 04,2025-05-31 08,PA,3,3,0,0,20000,3,42017;42045;42091,39.84,-75.54,40.42,-74.94,,,,,,,
201545,2025-05-31 18,2025-05-31 19,NM,1,0,0,0,0,1,35047,35.550000000000004,-105.41,35.669999999999995,-105.24,,,,,,,
202699,2025-06-02 12,2025-06-04 08,AZ,2,2,0,0,500,2,04012;04013,33.85,-114.3,34.16,-111.78,,,,,,,
201532,2025-06-02 21,2025-06-05 00,NM,6,7,1,0,50000,3,35001;35045;35061,34.59,-108.38,36.76,-106.6,,,,,,,
201968,2025-06-02 23,2025-06-03 00,WY,1,1,0,0,20000,1,56031,41.790000000000006,-104.85,41.9,-104.69,,,,,,,
203290,2025-06-02 23,2025-06-03 05,NE,1,1,0,0,15000,1,31041,41.690000000000005,-99.76,41.79,-99.22,,,,,,,
204939,2025-06-02 23,2025-06-03 00,IA,1,0,0,0,0,1,19167,43.160000000000004,-96.23,43.269999999999996,-96.12,,,,,,,
204942,2025-06-03 00,2025-06-03 02,NE,3,3,0,0,0,1,31051,42.46,-96.83,42.629999999999995,-96.67,,,,,,,
204222,2025-06-03 02,2025-06-06 01,NV,4,4,0,0,7000,2,32003;32017,36.49,-114.98,36.94,-114.76,,,,,,,
204127,2025-06-03 11,2025-06-03 11,TX,1,1,0,0,0,1,48451,31.12,-100.55,31.240000000000002,-100.44,,,,,,,
202754,2025-06-03 15,2025-06-04 01,KS,7,7,0,0,244500,4,20003;20031;20111;20177,38.18,-96.19,39.01,-95.16,,,,,,,
204826,2025-06-03 16,2025-06-04 00,KS,6,40,0,0,2000000,4,20015;20073;20173;20207,37.66,-97.41,38.15,-95.81,,,,,,,
202672,2025-06-03 22,2025-06-04 06,OK,4,4,0,0,50000,4,40013;40027;40099;40123,33.99,-97.45,35.21,-96.39,,,,,,,
204224,2025-06-03 22,2025-06-04 05,CA,6,6,0,0,22000,2,06027;06071,34.1,-116.42,36.31,-114.65,,,,,,,
201403,2025-06-04 00,2025-06-04 22,AZ,2,2,0,0,0,1,04005,36.22,-112.75,36.4,-112.58,,,,,,,
204223,2025-06-04 01,2025-06-04 02,AZ,1,1,0,0,2000,1,04015,35.650000000000006,-114.05,35.769999999999996,-113.92,,,,,,,
203194,2025-06-04 02,2025-06-04 13,TX,12,16,1,0,815000,4,48085;48113;48121;48213,32.14,-97.18,33.27,-95.98,,,,,,,
202701,2025-06-04 04,2025-06-04 06,CA,1,1,0,0,0,1,06025,32.99,-116.14999999999999,33.099999999999994,-116.04,,,,,,,
204066,2025-06-04 09,2025-06-04 11,TX,2,2,0,0,0,2,48307;48327,30.86,-99.72,31.01,-99.48,,,,,,,
201590,2025-06-04 12,2025-06-05 07,MO,12,12,0,0,253000,6,29029;29059;29105;29169;29203;29225,37.06,-93.1,37.96,-91.19,,,,,,,
202138,2025-06-04 19,2025-06-04 20,MO,1,3,0,0,50000,1,29183,38.660000000000004,-90.61999999999999,38.809999999999995,-90.51,,,,,,,
204629,2025-06-04 19,2025-06-04 19,CO,1,0,0,0,80000,1,08077,38.5,-108.99,38.62,-108.86,,,,,,,
202788,2025-06-04 20,2025-06-06 22,UT,6,6,0,0,1000,3,49017;49053;49055,37.25,-113.66,38.31,-111.2,,,,,,,
202404,2025-06-04 21,2025-06-05 00,TX,1,2,0,0,0,1,48201,29.7,-95.41,29.810000000000002,-95.3,,,,,,,
204630,2025-06-04 22,2025-06-04 22,UT,1,0,0,0,50000,1,49037,38.42,-110.05,38.54,-109.93,,,,,,,
202644,2025-06-05 05,2025-06-05 07,TX,1,1,0,0,3000,1,48381,34.900000000000006,-101.73,35.01,-101.61,,,,,,,
203207,2025-06-05 18,2025-06-05 19,NC,3,3,0,0,50000,1,37105,35.42,-79.22,35.529999999999994,-79.11,,,,,,,
204341,2025-06-05 19,2025-06-05 23,NY,1,1,0,0,0,1,36009,42.17,-78.88,42.3,-78.71000000000001,,,,,,,
203710,2025-06-05 21,2025-06-06 03,KS,3,4,0,0,0,2,20187;20189,37.16,-101.9,37.55,-101.32,,,,,,,
204888,2025-06-05 21,2025-06-06 00,OH,2,5,0,0,10000,2,39019;39119,39.81,-81.92,40.64,-81.01,,,,,,,
202632,2025-06-05 22,2025-06-06 18,TX,3,3,0,0,105000,1,48371,30.61,-102.78,30.81,-102.57,,,,,,,
201980,2025-06-05 23,2025-06-08 11,WV,14,15,0,0,0,4,54001;54039;54081;54097,37.74,-81.74,39.21,-79.84,,,,,,,
202121,2025-06-05 23,2025-06-06 09,TX,7,16,0,0,0,7,48107;48189;48219;48279;48303;48369;48437,33.45,-103.01,34.63,-101.56,,,,,,,
201521,2025-06-06 01,2025-06-06 01,SC,1,1,0,0,0,1,45051,33.92,-79.25,34.029999999999994,-79.14,,,,,,,
204435,2025-06-06 03,2025-06-06 04,NY,2,2,0,0,4000,1,36017,42.27,-75.59,42.4,-75.46000000000001,,,,,,,
201903,2025-06-06 06,2025-06-07 03,OH,3,5,0,0,71000,2,39025;39071,39.14,-84.19,39.35,-83.38,,,,,,,
201591,2025-06-06 08,2025-06-06 19,MO,6,6,0,0,0,4,29145;29161;29225;29229,36.89,-94.53,37.96,-91.75,,,,,,,
201592,2025-06-06 11,2025-06-06 18,KS,1,1,0,0,0,1,20021,36.96,-94.78,37.08,-94.67,,,,,,,
204895,2025-06-06 16,2025-06-07 03,PA,26,59,0,0,303000,5,42003;42007;42031;42073;42129,40.25,-80.45,41.12,-79.43,,,,,,,
204945,2025-06-06 17,2025-06-06 20,OH,2,3,0,0,10000,1,39121,39.74,-81.61,39.87,-81.42,,,,,,,
202702,2025-06-06 19,2025-06-07 16,NY,8,7,0,0,257000,2,36001;36027,41.68,-74.2,42.8,-73.74,,,,,,,
201765,2025-06-06 20,2025-06-06 22,WV,1,1,0,0,0,1,54057,39.38,-78.99,39.51,-78.83,,,,,,,
204946,2025-06-06 20,2025-06-07 13,WV,4,4,0,0,17000,4,54049;54061;54077;54093,39.21,-80.18,39.67,-79.7,,,,,,,
201555,2025-06-06 21,2025-06-07 03,AL,1,0,0,0,0,1,01049,34.42,-85.82,34.529999999999994,-85.7,,,,,,,
201595,2025-06-06 21,2025-06-06 22,MA,5,7,0,0,0,2,25011;25013,42.17,-72.89,42.65,-72.25,,,,,,,
201644,2025-06-06 21,2025-06-07 19,NH,4,2,0,0,0,2,33011;33013,42.86,-71.98,43.18,-71.85,,,,,,,
202704,2025-06-06 21,2025-06-07 00,VT,1,1,0,0,1000,1,50025,43.080000000000005,-72.57,43.19,-72.46000000000001,,,,,,,
203044,2025-06-06 21,2025-06-06 23,TN,1,1,0,0,0,1,47063,36.11,-83.49,36.239999999999995,-83.33,,,,,,,
203856,2025-06-06 23,2025-06-07 01,IN,4,4,0,0,0,1,18175,38.550000000000004,-86.17999999999999,38.709999999999994,-86.03,,,,,,,
204342,2025-06-06 23,2025-06-07 02,NY,4,4,0,0,0,2,36003;36009,42.18,-78.36,42.31,-77.87,,,,,,,
204436,2025-06-07 08,2025-06-07 15,NY,8,7,0,0,19000,3,36023;36025;36077,42.3,-76.16,42.73,-74.53,,,,,,,
204903,2025-06-07 08,2025-06-07 10,KS,1,2,0,0,0,1,20173,37.650000000000006,-97.48,37.769999999999996,-97.37,,,,,,,
204437,2025-06-07 09,2025-06-07 12,PA,5,5,0,0,13000,2,42069;42079,41.3,-75.81,41.48,-75.56,,,,,,,
202648,2025-06-07 11,2025-06-07 11,TX,1,1,0,0,0,1,48375,35.120000000000005,-102.03999999999999,35.239999999999995,-101.92,,,,,,,
205148,2025-06-07 12,2025-06-07 15,AR,6,6,0,0,0,5,05045;05071;05117;05119;05141,34.81,-93.47,35.55,-91.65,,,,,,,
201597,2025-06-07 19,2025-06-07 19,MA,1,1,0,0,0,1,25017,42.330000000000005,-71.3,42.44,-71.18,,,,,,,
201977,2025-06-08 05,2025-06-08 08,KY,1,2,0,0,0,1,21019,38.42,-82.67999999999999,38.529999999999994,-82.57000000000001,,,,,,,
201909,2025-06-08 09,2025-06-08 10,OH,2,2,0,0,25000,1,39129,39.550000000000004,-83.0,39.699999999999996,-82.88000000000001,,,,,,,
203708,2025-06-08 11,2025-06-08 12,MS,1,3,0,0,50000,1,28105,33.39,-88.86999999999999,33.529999999999994,-88.76,,,,,,,
204101,2025-06-08 14,2025-06-08 17,AR,1,1,0,0,0,1,05027,33.2,-93.28,33.33,-93.17,,,,,,,
204947,2025-06-08 19,2025-06-08 20,WV,1,1,0,0,5000,1,54049,39.42,-80.24,39.529999999999994,-80.12,,,,,,,
204948,2025-06-08 21,2025-06-08 22,PA,1,1,0,0,0,1,42129,40.220000000000006,-79.55,40.33,-79.43,,,,,,,
201559,2025-06-08 23,2025-06-10 20,NM,4,7,0,0,0,4,35019;35027;35057;35059,33.33,-105.69,36.41,-103.92,,,,,,,
202651,2025-06-09 00,2025-06-09 01,TX,1,1,0,0,1000,1,48065,35.27,-101.50999999999999,35.4,-101.4,,,,,,,
202678,2025-06-09 02,2025-06-09 05,OK,3,3,0,0,10000,1,40069,34.17,-96.72,34.36,-96.49,,,,,,,
203863,2025-06-09 03,2025-06-09 03,VA,1,1,0,0,0,1,51147,37.190000000000005,-78.5,37.3,-78.39,,,,,,,
204128,2025-06-09 03,2025-06-11 23,TX,2,2,0,0,0,2,48151;48441,32.48,-100.19,32.82,-99.66,,,,,,,
203195,2025-06-09 04,2025-06-09 08,TX,2,2,0,0,3000,2,48085;48113,32.78,-96.89,33.16,-96.73,,,,,,,
204064,2025-06-09 04,2025-06-09 05,TX,2,2,0,0,0,2,48253;48441,32.41,-99.91,32.57,-99.74,,,,,,,
204130,2025-06-09 04,2025-06-09 08,TX,1,1,0,0,0,1,48449,33.13,-95.05,33.239999999999995,-94.94,,,,,,,
203864,2025-06-09 05,2025-06-09 05,VA,2,3,0,0,0,1,51650,36.980000000000004,-76.44,37.12,-76.31,,,,,,,
203711,2025-06-09 06,2025-06-09 14,MS,4,10,0,0,252000,3,28079;28091;28123,31.33,-89.73,32.71,-89.35,,,,,,,
204667,2025-06-09 08,2025-06-09 10,FL,2,2,0,0,0,1,12113,30.919999999999998,-87.17999999999999,31.03,-87.05,,,,,,,
204377,2025-06-09 10,2025-06-09 12,GA,1,1,0,0,0,1,13321,31.66,-83.94,31.77,-83.82000000000001,,,,,,,
204951,2025-06-09 19,2025-06-09 21,OH,2,2,0,0,4000,1,39157,40.300000000000004,-81.41,40.47,-81.27,,,,,,,
201631,2025-06-09 23,2025-06-10 04,PA,4,4,0,0,0,3,42009;42013;42061,39.96,-78.63,40.63,-77.8,,,,,,,
204952,2025-06-09 23,2025-06-10 00,PA,1,3,0,0,5000,1,42031,41.03,-79.53999999999999,41.15,-79.42,,,,,,,
201763,2025-06-10 00,2025-06-10 02,WV,7,7,0,0,0,2,54027;54031,39.15,-78.95,39.41,-78.63,,,,,,,
204343,2025-06-10 00,2025-06-10 01,NY,2,2,0,0,0,1,36003,42.02,-78.09,42.19,-77.94,,,,,,,
204439,2025-06-10 00,2025-06-10 03,NY,7,7,0,0,53000,5,36011;36097;36099;36101;36123,42.22,-77.43,42.96,-76.53,,,,,,,
204937,2025-06-10 03,2025-06-10 05,MS,1,1,0,0,0,1,28047,30.32,-89.1,30.43,-88.99000000000001,,,,,,,
203278,2025-06-10 04,2025-06-10 09,TX,4,4,0,0,0,2,48115;48135,31.8,-102.81,32.92,-101.86,,,,,,,
203196,2025-06-10 16,2025-06-12 22,TX,38,46,0,0,225000,11,48001;48027;48099;48161;48217;48293;48309;48331;48349;48363;48395,30.79,-98.27,32.56,-95.48,,,,,,,
204969,2025-06-10 20,2025-06-10 22,FL,1,1,0,0,0,1,12113,30.72,-87.28999999999999,30.830000000000002,-87.18,,,,,,,
203446,2025-06-10 21,2025-06-11 01,NM,1,1,0,0,0,1,35015,32.14,-104.49,32.25,-104.34,,,,,,,
204971,2025-06-10 21,2025-06-10 22,MS,1,1,0,0,0,1,28131,30.8,-89.17999999999999,30.91,-89.07000000000001,,,,,,,
204871,2025-06-11 01,2025-06-11 02,LA,1,1,0,0,0,1,22109,29.529999999999998,-90.78,29.650000000000002,-90.67,,,,,,,
204172,2025-06-11 17,2025-06-11 23,TX,3,3,0,0,0,2,48203;48423,32.33,-95.31,32.54,-94.45,,,,,,,
204718,2025-06-11 18,2025-06-12 17,TX,2,5,0,0,0,1,48245,30.0,-94.2,30.12,-94.09,,,,,,,
204171,2025-06-11 19,2025-06-12 00,LA,3,3,0,0,0,1,22017,32.44,-93.87,32.54,-93.75,,,,,,,
204513,2025-06-11 19,2025-06-11 19,ID,1,1,0,0,0,1,16015,44.11,-115.78,44.22,-115.67,,,,,,,
203318,2025-06-11 23,2025-06-12 00,NC,1,1,0,0,1000,1,37051,34.99,-78.92,35.11,-78.81,,,,,,,
204035,2025-06-12 02,2025-06-12 15,TX,22,21,13,0,23100000,8,48013;48029;48091;48171;48187;48209;48299;48325,29.22,-99.3,30.72,-97.93,,,,,,,
203277,2025-06-12 09,2025-06-12 11,TX,1,0,0,0,5000,1,48321,28.82,-96.31,28.94,-96.14,,,,,,,
204175,2025-06-12 14,2025-06-12 17,OK,1,1,0,0,0,1,40089,33.830000000000005,-94.81,33.94,-94.7,,,,,,,
201868,2025-06-12 15,2025-06-16 13,TX,2,2,0,0,0,2,48273;48469,27.29,-97.68,28.8,-97.01,,,,,,,
204174,2025-06-12 16,2025-06-12 16,TX,1,1,0,0,0,1,48073,31.93,-95.27,32.04,-95.16,,,,,,,
203319,2025-06-12 22,2025-06-12 23,NC,1,1,0,0,2000,1,37167,35.24,-80.41,35.36,-80.3,,,,,,,
203306,2025-06-13 00,2025-06-13 03,NE,1,1,0,0,10000,1,31031,42.81,-100.59,42.949999999999996,-100.48,,,,,,,
204884,2025-06-13 00,2025-06-13 03,NC,1,7,0,0,1000000,1,37119,35.040000000000006,-81.03,35.209999999999994,-80.91,,,,,,,
204725,2025-06-13 09,2025-06-17 15,LA,5,16,0,0,80000,4,22019;22045;22055;22099,29.98,-93.41,30.33,-91.78,,,,,,,
202690,2025-06-13 10,2025-06-13 14,SD,2,2,0,0,50000,2,46091;46109,45.38,-97.43,45.73,-96.72,,,,,,,
202835,2025-06-13 10,2025-06-13 14,MN,1,1,0,0,0,1,27011,45.330000000000005,-96.6,45.449999999999996,-96.45,,,,,,,
204698,2025-06-13 13,2025-06-13 15,TN,2,2,0,0,24000,2,47017;47033,35.71,-89.07,35.87,-88.68,,,,,,,
204880,2025-06-13 16,2025-06-13 19,LA,1,1,0,0,0,1,22071,29.919999999999998,-90.14999999999999,30.03,-90.04,,,,,,,
201932,2025-06-13 19,2025-06-13 23,NC,9,9,0,0,60000,3,37125;37135;37167,35.11,-80.18,35.91,-79.02,,,,,,,
201761,2025-06-14 00,2025-06-15 02,VA,7,11,0,0,0,3,51013;51059;51137,38.21,-77.89,38.99,-77.1,,,,,,,
202421,2025-06-14 00,2025-06-14 04,SC,12,12,0,0,43000,2,45079;45085,33.96,-81.04,34.07,-80.4,,,,,,,
204094,2025-06-14 00,2025-06-14 05,VA,3,3,0,0,40000,1,51163,37.78,-79.56,37.94,-79.4,,,,,,,
201983,2025-06-14 01,2025-06-17 00,WV,15,24,0,0,0,10,54013;54017;54033;54035;54039;54075;54085;54097;54101;54107,38.32,-81.87,39.4,-79.81,,,,,,,
205159,2025-06-14 04,2025-06-16 05,AR,5,5,0,0,0,4,05075;05097;05115;05117,34.5,-93.69,36.19,-91.25,,,,,,,
205169,2025-06-14 07,2025-06-14 09,NC,1,2,0,0,2000,1,37045,35.160000000000004,-81.64,35.269999999999996,-81.52,,,,,,,
201744,2025-06-14 12,2025-06-14 17,IN,2,1,0,0,170000,2,18011;18067,40.04,-86.38,40.43,-86.06,,,,,,,
203654,2025-06-14 12,2025-06-14 14,OK,1,0,0,0,50000,1,40117,36.370000000000005,-97.0,36.48,-96.89,,,,,,,
205009,2025-06-14 16,2025-06-15 03,PA,7,13,0,0,125000,3,42003;42121;42125,40.14,-80.27,41.52,-79.7,,,,,,,
203346,2025-06-14 18,2025-06-14 21,TX,1,1,0,0,0,1,48239,28.93,-96.73,29.05,-96.58,,,,,,,
204036,2025-06-14 20,2025-06-14 22,TX,1,1,0,0,0,1,48123,28.88,-97.56,28.990000000000002,-97.44,,,,,,,
203623,2025-06-14 22,2025-06-14 22,GA,1,1,0,0,0,1,13001,31.56,-82.28999999999999,31.7,-82.18,,,,,,,
203900,2025-06-14 22,2025-06-15 04,VA,5,7,0,0,0,5,51033;51710;51740;51800;51810,36.73,-77.51,38.05,-76.14,,,,,,,
204918,2025-06-14 22,2025-06-15 00,LA,14,14,0,0,0,2,22071;22089,29.87,-90.38,30.07,-89.97,,,,,,,
204697,2025-06-14 23,2025-06-15 01,MS,3,3,0,0,11000,1,28081,34.17,-88.83,34.33,-88.67,,,,,,,
204840,2025-06-15 00,2025-06-15 03,WV,2,13,9,0,2500000,1,54069,40.02,-80.7,40.16,-80.54,,,,,,,
201760,2025-06-15 01,2025-06-15 04,VA,11,12,0,0,0,8,51047;51061;51107;51137;51171;51177;51179;51187,38.25,-78.46,39.01,-77.45,,,,,,,
201807,2025-06-15 01,2025-06-15 03,AL,1,1,0,0,0,1,01075,33.510000000000005,-88.16,33.64,-87.97,,,,,,,
202029,2025-06-15 02,2025-06-15 03,OH,1,1,0,0,0,1,39017,39.330000000000005,-84.78999999999999,39.44,-84.68,,,,,,,
203904,2025-06-15 05,2025-06-16 00,VA,11,13,0,0,0,6,51025;51033;51087;51147;51760;51800,36.72,-78.36,38.14,-76.58,,,,,,,
202743,2025-06-15 07,2025-06-15 10,OK,1,0,0,0,50000,1,40083,36.09,-97.61,36.199999999999996,-97.5,,,,,,,
201874,2025-06-15 18,2025-06-16 01,MO,12,12,0,0,0,6,29011;29059;29105;29167;29215;29229,37.16,-94.25,37.8,-92.07,,,,,,,
204954,2025-06-15 18,2025-06-15 22,WV,16,58,0,0,1210000,5,54049;54061;54069;54077;54103,39.44,-80.79,40.08,-79.56,,,,,,,
205013,2025-06-15 18,2025-06-16 00,PA,15,24,0,0,60000,5,42003;42005;42051;42125;42129,39.78,-80.09,40.64,-79.5,,,,,,,
202283,2025-06-15 19,2025-06-16 03,VA,7,7,0,0,0,4,51015;51059;51061;51079,38.08,-79.38,38.89,-77.22,,,,,,,
204405,2025-06-15 19,2025-06-15 20,VA,1,1,0,0,0,1,51023,37.57,-79.72,37.68,-79.61,,,,,,,
201981,2025-06-15 21,2025-06-15 21,KY,1,1,0,0,0,1,21043,38.25,-82.98,38.36,-82.86,,,,,,,
201982,2025-06-15 21,2025-06-17 04,OH,6,6,0,0,0,5,39079;39087;39127;39163;39167,38.59,-82.64,39.8,-81.65,,,,,,,
203905,2025-06-15 21,2025-06-16 04,NC,6,6,0,0,0,2,37029;37053,36.23,-76.26,36.53,-75.81,,,,,,,
205021,2025-06-15 21,2025-06-16 01,OH,5,7,0,0,20000,1,39013,40.050000000000004,-81.01,40.23,-80.75,,,,,,,
202286,2025-06-15 23,2025-06-16 01,MD,5,5,0,0,0,1,24017,38.52,-77.19,38.64,-77.03,,,,,,,
201814,2025-06-16 00,2025-06-16 03,TN,3,4,0,0,250000,3,47119;47147;47165,35.47,-87.07,36.59,-86.58,,,,,,,
203320,2025-06-16 01,2025-06-16 02,NC,1,1,0,0,2000,1,37101,35.45,-78.41,35.57,-78.3,,,,,,,
204003,2025-06-16 01,2025-06-18 00,KY,9,9,0,0,0,4,21029;21093;21179;21229,37.68,-85.88,37.85,-85.03,,,,,,,
203379,2025-06-16 02,2025-06-16 10,NC,12,12,0,0,0,3,37079;37117;37147,35.47,-77.71,35.82,-77.08,,,,,,,
203321,2025-06-16 07,2025-06-17 03,NC,7,8,0,0,29000,5,37051;37081;37105;37127;37195,35.17,-79.84,36.14,-77.93,,,,,,,
204727,2025-06-16 09,2025-06-16 23,TX,2,7,0,0,50000,1,48245,30.029999999999998,-94.23,30.16,-94.05,,,,,,,
203254,2025-06-16 16,2025-06-16 18,MN,1,0,0,0,0,1,27047,43.650000000000006,-93.72,43.769999999999996,-93.60000000000001,,,,,,,
202661,2025-06-16 19,2025-06-16 22,IL,1,1,0,0,0,1,17019,40.080000000000005,-88.34,40.209999999999994,-88.22,,,,,,,
207180,2025-06-16 19,2025-06-16 21,KY,1,1,0,0,0,1,21195,37.27,-82.42,37.379999999999995,-82.31,,,,,,,
204185,2025-06-16 20,2025-06-16 21,MS,1,1,0,0,1000,1,28087,33.480000000000004,-88.48,33.589999999999996,-88.36,,,,,,,
205211,2025-06-16 21,2025-06-17 01,VA,2,3,0,0,600000,2,51023;51045,37.43,-80.05,37.61,-79.85000000000001,,,,,,,
204169,2025-06-16 22,2025-06-16 23,NC,3,3,0,0,0,2,37073;37139,36.25,-76.64,36.4,-76.18,,,,,,,
203538,2025-06-16 23,2025-06-17 06,MN,5,9,0,0,0,2,27061;27137,47.31,-93.28,47.52,-92.53,,,,,,,
205213,2025-06-17 00,2025-06-17 09,VA,10,10,0,0,50000,2,51067;51121,36.91,-80.41,37.15,-79.81,,,,,,,
204186,2025-06-17 13,2025-06-17 16,LA,2,5,0,0,11000,1,22067,32.68,-91.99,32.8,-91.81,,,,,,,
205032,2025-06-17 17,2025-06-19 00,PA,28,49,0,0,144000,7,42003;42031;42051;42063;42065;42121;42129,39.99,-80.06,41.58,-78.81,,,,,,,
201898,2025-06-17 18,2025-06-18 02,PA,12,12,0,0,0,4,42009;42013;42021;42057,39.78,-78.84,40.49,-78.16,,,,,,,
201845,2025-06-17 23,2025-06-18 07,AL,2,1,0,0,0,2,01033;01077,34.7,-87.98,34.83,-87.3,,,,,,,
204696,2025-06-18 01,2025-06-18 02,MS,2,2,0,0,8000,1,28141,34.720000000000006,-88.31,34.9,-88.12,,,,,,,
204345,2025-06-18 16,2025-06-18 22,NY,14,14,0,0,0,7,36009;36013;36029;36051;36055;36069;36117,42.21,-79.72,43.17,-77.13,,,,,,,
205274,2025-06-18 16,2025-06-18 18,OH,2,1,0,0,100000,1,39007,41.830000000000005,-80.82,41.959999999999994,-80.69,,,,,,,
201873,2025-06-18 17,2025-06-18 19,MI,1,2,0,0,0,1,26099,42.6,-82.86999999999999,42.769999999999996,-82.74000000000001,,,,,,,
201899,2025-06-18 17,2025-06-18 18,PA,1,1,0,0,0,1,42033,41.080000000000005,-78.74,41.19,-78.62,,,,,,,
205275,2025-06-18 17,2025-06-18 19,PA,1,0,0,0,150000,1,42049,42.17,-79.83,42.279999999999994,-79.72,,,,,,,
204441,2025-06-18 19,2025-06-19 00,NY,4,4,0,0,8000,3,36097;36101;36109,42.34,-77.69,42.51,-76.45,,,,,,,
201808,2025-06-18 20,2025-06-18 22,AL,1,4,0,0,0,1,01073,33.330000000000005,-86.92,33.459999999999994,-86.73,,,,,,,
202448,2025-06-18 21,2025-06-19 01,WI,2,1,0,0,15000,2,55105;55127,42.510000000000005,-88.91,42.68,-88.6,,,,,,,
203045,2025-06-18 21,2025-06-18 23,TN,1,1,0,0,500000,1,47029,35.730000000000004,-83.17,35.839999999999996,-83.05,,,,,,,
202496,2025-06-18 22,2025-06-19 00,MD,3,3,0,0,0,1,24031,38.96,-77.25,39.099999999999994,-77.10000000000001,,,,,,,
204378,2025-06-19 01,2025-06-19 03,GA,1,1,0,0,0,1,13273,31.66,-84.42999999999999,31.8,-84.29,,,,,,,
204778,2025-06-19 09,2025-06-19 12,TN,5,7,0,0,5300000,4,47069;47075;47157;47167,35.1,-90.03,35.56,-88.85,,,,,,,
204777,2025-06-19 10,2025-06-19 10,AR,1,0,0,0,50000,1,05093,35.64,-90.02,35.769999999999996,-89.91,,,,,,,
204194,2025-06-19 17,2025-06-19 17,MS,1,1,0,0,3000,1,28011,33.800000000000004,-91.00999999999999,33.94,-90.85000000000001,,,,,,,
204897,2025-06-19 20,2025-06-19 22,NC,1,7,0,0,100000,1,37027,35.900000000000006,-81.6,36.01,-81.45,,,,,,,
205160,2025-06-19 21,2025-06-19 21,AR,2,2,0,0,0,1,05097,34.470000000000006,-93.73,34.61,-93.56,,,,,,,
201967,2025-06-19 22,2025-06-20 00,NM,1,3,0,0,10000,1,35027,33.28,-105.77,33.39,-105.66,,,,,,,
203614,2025-06-21 05,2025-06-21 06,ND,1,1,0,0,0,1,38017,46.830000000000005,-96.92,46.959999999999994,-96.76,,,,,,,
204870,2025-06-21 09,2025-06-21 17,MI,1,1,0,0,200000,1,26061,47.0,-88.49,47.24,-88.28,,,,,,,
203541,2025-06-21 11,2025-06-21 17,MN,1,1,0,0,0,1,27137,47.370000000000005,-92.99,47.48,-92.88000000000001,,,,,,,
203597,2025-06-21 11,2025-06-21 13,MI,1,0,0,0,0,1,26049,42.89,-83.63,43.2,-83.46000000000001,,,,,,,
204443,2025-06-22 08,2025-06-22 18,NY,15,17,0,0,1066000,6,36017;36023;36025;36053;36065;36077,42.2,-75.94,43.12,-75.17,,,,,,,
204444,2025-06-22 13,2025-06-22 19,PA,2,2,0,0,4000,2,42115;42127,41.830000000000005,-75.74,42.029999999999994,-75.46,,,,,,,
202069,2025-06-22 22,2025-06-23 06,AL,9,9,0,0,0,2,01083;01089,34.800000000000004,-86.86,34.949999999999996,-86.67,,,,,,,
202410,2025-06-22 23,2025-06-25 02,NM,8,15,0,0,30000,7,35005;35009;35019;35027;35033;35049;35061,33.3,-106.79,36.03,-103.27,,,,,,,
203796,2025-06-23 21,2025-06-24 01,TX,1,1,0,0,200000,1,48371,31.01,-103.14,31.28,-103.02,,,,,,,
204909,2025-06-24 04,2025-06-24 06,KS,1,2,0,0,0,1,20155,37.970000000000006,-98.02,38.15,-97.91,,,,,,,
204193,2025-06-24 05,2025-06-25 04,NM,4,4,0,0,0,2,35013;35035,32.39,-107.1,32.75,-106.11,,,,,,,
202147,2025-06-24 10,2025-06-24 18,MO,3,13,0,0,0,3,29075;29081;29227,40.4,-94.54,40.57,-93.91,,,,,,,
204728,2025-06-24 11,2025-06-24 13,TX,1,3,0,0,0,1,48245,30.02,-94.19,30.150000000000002,-94.08,,,,,,,
203798,2025-06-24 16,2025-06-24 20,NM,1,1,0,0,0,1,35015,32.57,-104.48,32.75,-104.37,,,,,,,
203797,2025-06-24 21,2025-06-25 01,TX,1,1,0,0,0,1,48109,30.99,-104.46,31.150000000000002,-104.34,,,,,,,
203253,2025-06-24 23,2025-06-25 02,IN,1,1,0,0,1000,1,18099,41.28,-86.36999999999999,41.4,-86.25,,,,,,,
203046,2025-06-25 00,2025-06-25 02,TN,1,1,0,0,0,1,47029,35.75,-83.31,35.87,-83.2,,,,,,,
203492,2025-06-25 02,2025-06-25 05,NE,1,1,0,0,5000,1,31029,40.470000000000006,-101.7,40.58,-101.58,,,,,,,
203113,2025-06-25 12,2025-06-25 23,MN,7,8,0,0,0,4,27003;27053;27123;27129,44.7,-95.49,45.1,-93.07,,,,,,,
204196,2025-06-25 12,2025-06-25 14,NM,1,1,0,0,0,1,35035,33.0,-106.31,33.15,-106.2,,,,,,,
205080,2025-06-25 21,2025-06-28 23,PA,13,14,0,0,121000,4,42003;42063;42125;42129,40.17,-80.24,40.56,-79.03,,,,,,,
205070,2025-06-25 22,2025-06-27 02,WV,6,9,0,0,70000,4,54049;54051;54069;54103,39.52,-80.82,40.09,-80.12,,,,,,,
203800,2025-06-25 23,2025-06-26 01,TX,1,1,0,0,0,1,48243,30.759999999999998,-103.96,30.88,-103.84,,,,,,,
204312,2025-06-25 23,2025-06-26 02,IA,1,1,0,0,0,1,19197,42.81,-93.84,42.919999999999995,-93.73,,,,,,,
204781,2025-06-26 00,2025-06-26 10,NE,2,0,0,0,1000,2,31011;31141,41.39,-98.06,41.73,-97.69,,,,,,,
203802,2025-06-26 17,2025-06-27 04,TX,2,2,0,0,100000,2,48329;48371,30.62,-102.97,32.03,-102.12,,,,,,,
203122,2025-06-26 18,2025-06-26 20,MN,1,1,0,0,0,1,27131,44.25,-93.33,44.37,-93.22,,,,,,,
204445,2025-06-26 19,2025-06-26 21,PA,2,2,0,0,3000,1,42069,41.35,-75.71,41.47,-75.58,,,,,,,
202411,2025-06-26 20,2025-06-28 23,NM,2,11,0,0,75000,1,35027,33.28,-105.78,33.41,-105.62,,,,,,,
203385,2025-06-26 20,2025-06-26 21,OH,2,3,0,0,0,1,39113,39.690000000000005,-84.21,39.809999999999995,-84.10000000000001,,,,,,,
204170,2025-06-26 20,2025-06-26 20,VA,2,1,0,0,0,2,51085;51760,37.52,-77.5,37.69,-77.33,,,,,,,
203387,2025-06-26 22,2025-06-26 23,KY,1,1,0,0,0,1,21135,38.540000000000006,-83.64,38.66,-83.53,,,,,,,
204005,2025-06-26 22,2025-06-27 23,KY,6,6,0,0,0,3,21067;21213;21227,36.66,-86.49,38.11,-84.52,,,,,,,
205409,2025-06-26 22,2025-06-26 23,OH,1,0,0,0,25000,1,39075,40.6,-82.14999999999999,40.709999999999994,-82.04,,,,,,,
202360,2025-06-26 23,2025-06-27 00,PA,1,1,0,0,0,1,42081,41.17,-76.67,41.279999999999994,-76.56,,,,,,,
202869,2025-06-26 23,2025-06-29 06,WV,11,23,0,0,0,8,54005;54019;54039;54041;54043;54045;54079;54097,37.85,-82.05,39.08,-80.25,,,,,,,
205078,2025-06-26 23,2025-06-27 01,OH,2,2,0,0,25000,1,39013,40.010000000000005,-80.81,40.15,-80.68,,,,,,,
205105,2025-06-27 00,2025-06-27 01,TX,1,0,0,0,1000,1,48065,35.28,-101.44,35.4,-101.33,,,,,,,
202497,2025-06-27 02,2025-06-28 04,VA,4,4,0,0,0,1,51153,38.56,-77.57,38.71,-77.31,,,,,,,
202361,2025-06-27 16,2025-06-27 17,PA,2,2,0,0,0,1,42071,40.07,-76.53,40.239999999999995,-76.4,,,,,,,
202305,2025-06-27 18,2025-06-28 00,AL,1,1,0,0,0,1,01077,34.940000000000005,-87.5,35.05,-87.39,,,,,,,
202693,2025-06-27 18,2025-06-27 21,MO,1,1,0,0,0,1,29011,37.43,-94.33,37.54,-94.22,,,,,,,
202498,2025-06-27 19,2025-06-27 21,WV,2,2,0,0,0,1,54071,38.57,-79.45,38.699999999999996,-79.27,,,,,,,
204103,2025-06-27 20,2025-06-27 23,PA,2,0,0,0,10000,1,42029,40.010000000000005,-75.92999999999999,40.129999999999995,-75.8,,,,,,,
204412,2025-06-27 20,2025-06-27 23,NY,5,5,0,0,0,1,36051,42.79,-77.9,42.92,-77.72,,,,,,,
203047,2025-06-27 21,2025-06-27 23,TN,1,1,0,0,0,1,47065,35.03,-85.36,35.14,-85.24000000000001,,,,,,,
204197,2025-06-27 21,2025-06-27 23,MS,3,5,0,0,16000,2,28049;28121,32.15,-90.25,32.33,-90.13,,,,,,,
202344,2025-06-28 01,2025-06-28 03,AL,1,3,0,1,0,1,01073,33.47,-86.82,33.67,-86.57,,,,,,,
204845,2025-06-28 02,2025-06-28 05,VA,3,3,0,0,0,2,51167;51191,36.7,-82.05,36.99,-81.82,,,,,,,
203658,2025-06-28 12,2025-06-28 17,OK,3,3,0,0,20000,1,40143,36.01,-95.91,36.11,-95.76,,,,,,,
204968,2025-06-28 14,2025-06-28 16,KS,1,2,0,0,0,1,20099,37.11,-95.52,37.23,-95.33,,,,,,,
205161,2025-06-28 16,2025-06-28 16,AR,1,1,0,0,0,1,05135,36.260000000000005,-91.53,36.379999999999995,-91.42,,,,,,,
203324,2025-06-28 19,2025-06-28 21,NC,2,2,0,0,40000,1,37063,35.88,-78.95,36.0,-78.83,,,,,,,
203462,2025-06-28 20,2025-06-29 01,OH,7,10,0,0,20000,4,39027;39045;39057;39165,39.29,-84.13,39.83,-82.51,,,,,,,
202868,2025-06-28 22,2025-06-29 16,OH,3,3,0,0,0,2,39053;39127,38.99,-82.38,39.73,-82.23,,,,,,,
204507,2025-06-29 00,2025-06-29 09,SD,2,0,0,0,10000,2,46039;46057,44.59,-96.92,44.76,-96.74,,,,,,,
202362,2025-06-29 01,2025-06-29 02,PA,1,1,0,0,0,1,42071,39.970000000000006,-76.36999999999999,40.08,-76.26,,,,,,,
203123,2025-06-29 03,2025-06-29 06,MN,2,0,0,0,0,2,27073;27173,44.720000000000006,-96.45,44.87,-96.06,,,,,,,
202694,2025-06-29 12,2025-06-30 06,MO,8,8,0,0,0,6,29057;29067;29091;29131;29153;29161,36.52,-94.03,38.04,-91.56,,,,,,,
204708,2025-06-29 16,2025-06-29 19,IA,1,0,0,0,0,1,19053,40.67,-93.78999999999999,40.809999999999995,-93.68,,,,,,,
202364,2025-06-29 18,2025-06-30 03,AL,2,1,0,0,0,1,01043,34.120000000000005,-87.03,34.26,-86.91,,,,,,,
203917,2025-06-29 19,2025-06-29 20,FL,1,2,0,0,0,1,12031,30.24,-81.72,30.37,-81.60000000000001,,,,,,,
202417,2025-06-29 20,2025-06-29 22,WI,2,3,0,0,0,2,55115;55135,44.58,-88.77,44.7,-88.36,,,,,,,
203806,2025-06-29 20,2025-06-29 23,TX,2,2,0,0,0,1,48043,30.13,-103.33,30.28,-103.22,,,,,,,
204108,2025-06-29 20,2025-06-29 23,DE,2,1,0,0,0,1,10005,38.480000000000004,-75.17999999999999,38.629999999999995,-75.0,,,,,,,
203503,2025-06-29 22,2025-06-30 01,OH,4,6,0,0,0,1,39141,39.32,-82.9,39.48,-82.79,,,,,,,
204619,2025-06-29 22,2025-06-29 23,VA,2,1,0,0,0,2,51085;51159,37.510000000000005,-77.47,37.669999999999995,-77.29,,,,,,,
203235,2025-06-30 02,2025-06-30 11,IN,4,4,0,0,135000,4,18013;18027;18093;18105,38.82,-87.13,39.2,-86.29,,,,,,,
203919,2025-06-30 19,2025-06-30 20,FL,1,4,0,0,0,1,12031,30.23,-81.78,30.43,-81.66,,,,,,,
204118,2025-06-30 19,2025-07-01 04,PA,2,0,0,0,20000,2,42011;42017,40.07,-75.98,40.35,-74.95,,,,,,,
203807,2025-06-30 20,2025-07-01 03,TX,2,3,0,0,40000,2,48329;48415,31.96,-102.1,32.91,-101.18,,,,,,,
202424,2025-06-30 21,2025-07-01 04,PA,9,10,0,0,0,3,42041;42071;42075,40.06,-77.21,40.31,-76.32,,,,,,,
203515,2025-06-30 21,2025-06-30 23,OH,2,2,0,0,20000,2,39073;39141,39.39,-83.13,39.54,-82.66,,,,,,,
202499,2025-06-30 22,2025-07-01 03,MD,5,5,0,0,0,2,24005;24025,39.38,-76.41,39.57,-76.26,,,,,,,
202751,2025-06-30 22,2025-07-01 01,OK,2,2,0,0,50000,2,40031;40123,34.59,-98.4,34.78,-96.66,,,,,,,
204314,2025-07-01 00,2025-07-01 02,NM,1,1,0,0,0,1,35013,32.6,-107.19,32.72,-107.07000000000001,,,,,,,
202713,2025-07-01 04,2025-07-01 05,IL,2,2,0,0,0,2,17049;17101,38.58,-88.64,38.97,-87.68,,,,,,,
203529,2025-07-01 05,2025-07-01 06,PA,2,3,0,0,0,1,42071,40.050000000000004,-76.5,40.209999999999994,-76.38,,,,,,,
204692,2025-07-01 05,2025-07-01 05,TN,1,1,0,0,1000,1,47157,35.260000000000005,-90.03,35.37,-89.92,,,,,,,
202717,2025-07-01 06,2025-07-01 07,IL,2,2,0,0,0,2,17049;17101,38.58,-88.64,38.97,-87.69,,,,,,,
203820,2025-07-01 06,2025-07-01 21,TX,2,2,0,0,180000,2,48329;48389,31.05,-103.67,31.98,-102.14,,,,,,,
202874,2025-07-01 11,2025-07-01 17,OH,17,15,1,0,167000,5,39045;39073;39109;39129;39141,39.32,-84.34,39.96,-82.37,,,,,,,
204017,2025-07-01 15,2025-07-01 18,PA,11,11,0,0,17000,3,42003;42005;42129,40.39,-80.12,40.63,-79.55,,,,,,,
205003,2025-07-01 16,2025-07-05 21,TX,21,14,6,0,38500000,5,48053;48091;48187;48453;48491,29.66,-98.5,30.89,-97.74,,,,,,,
203263,2025-07-01 18,2025-07-01 21,OH,1,1,0,0,0,1,39087,38.400000000000006,-82.64,38.51,-82.52,,,,,,,
203265,2025-07-01 18,2025-07-01 22,WV,9,15,0,0,0,4,54011;54039;54053;54079,38.32,-82.46,38.68,-81.6,,,,,,,
202501,2025-07-01 19,2025-07-02 11,VA,10,10,0,0,0,5,51015;51059;51079;51113;51165,38.19,-79.05,38.86,-77.22,,,,,,,
203262,2025-07-01 19,2025-07-01 23,KY,6,7,0,0,0,1,21089,38.45,-82.78999999999999,38.599999999999994,-82.64,,,,,,,
205779,2025-07-01 19,2025-07-02 02,PA,22,22,0,0,190000,4,42011;42029;42091;42101,39.75,-76.08,40.43,-74.98,,,,,,,
205786,2025-07-01 19,2025-07-02 01,NJ,6,6,0,0,60000,2,34025;34029,39.95,-74.24,40.21,-74.03,,,,,,,
202425,2025-07-01 20,2025-07-01 22,PA,8,6,0,0,0,2,42071;42075,39.88,-76.46,40.33,-76.01,,,,,,,
202505,2025-07-01 20,2025-07-01 23,MD,3,1,0,0,0,2,24003;24005,39.160000000000004,-76.71,39.349999999999994,-76.51,,,,,,,
205264,2025-07-01 22,2025-07-02 04,VA,11,12,0,0,0,6,51033;51041;51087;51109;51145;51760,37.35,-77.87,38.01,-77.39,,,,,,,
206186,2025-07-01 22,2025-07-02 00,MS,4,4,0,0,235000,2,28047;28059,30.35,-89.11,30.46,-88.77,,,,,,,
203634,2025-07-01 23,2025-07-02 02,NC,1,3,0,0,15000,1,37009,36.410000000000004,-81.75,36.519999999999996,-81.63000000000001,,,,,,,
202779,2025-07-02 00,2025-07-02 01,AZ,1,1,0,0,0,1,04025,34.75,-112.53999999999999,34.86,-112.43,,,,,,,
205781,2025-07-02 17,2025-07-02 22,VA,8,8,0,0,0,3,51025;51081;51710,36.56,-77.93,36.93,-76.26,,,,,,,
203380,2025-07-02 19,2025-07-02 20,NC,2,2,0,0,0,1,37055,35.98,-75.78,36.2,-75.61,,,,,,,
205782,2025-07-02 19,2025-07-02 21,NC,6,6,0,0,0,3,37015;37053;37139,36.02,-76.88,36.37,-75.78,,,,,,,
202543,2025-07-02 20,2025-07-03 12,NM,5,7,2,0,0,5,35001;35027;35043;35053;35061,33.3,-106.77,35.3,-105.64,,,,,,,
203929,2025-07-02 20,2025-07-02 21,UT,1,0,0,0,0,1,49055,38.260000000000005,-111.42,38.37,-111.31,,,,,,,
204568,2025-07-02 20,2025-07-03 07,NM,2,2,0,0,0,2,35017;35029,32.4,-108.02,32.94,-107.9,,,,,,,
202781,2025-07-02 21,2025-07-03 03,AZ,7,7,0,0,0,3,04005;04017;04025,34.3,-112.25,35.23,-110.04,,,,,,,
203941,2025-07-02 22,2025-07-03 04,TX,7,6,0,0,0,1,48389,31.03,-103.73,31.25,-103.56,,,,,,,
206022,2025-07-02 22,2025-07-02 22,AZ,1,1,0,0,1000,1,04023,31.48,-110.86999999999999,31.59,-110.76,,,,,,,
202741,2025-07-03 01,2025-07-03 03,AZ,2,2,0,0,0,2,04007;04012,33.38,-113.86,33.82,-110.77,,,,,,,
204907,2025-07-03 02,2025-07-03 02,GA,1,1,0,0,0,1,13095,31.529999999999998,-84.22,31.64,-84.07000000000001,,,,,,,
204216,2025-07-03 10,2025-07-03 21,TX,9,9,0,0,225000,5,48043;48115;48135;48329;48377,29.01,-104.26,32.68,-101.81,,,,,,,
203952,2025-07-03 17,2025-07-03 20,OK,1,1,0,0,0,1,40049,34.59,-97.23,34.699999999999996,-97.12,,,,,,,
205783,2025-07-03 20,2025-07-03 23,PA,5,5,0,0,0,1,42095,40.6,-75.38,40.76,-75.21,,,,,,,
202778,2025-07-03 21,2025-07-04 02,AZ,2,2,0,0,0,1,04025,34.48,-112.24,34.64,-111.82,,,,,,,
205785,2025-07-03 21,2025-07-03 23,NJ,1,1,0,0,0,1,34041,40.64,-75.25,40.76,-75.14,,,,,,,
206094,2025-07-03 21,2025-07-03 22,AZ,3,5,0,0,7000,1,04019,32.05,-111.07,32.3,-110.89,,,,,,,
205243,2025-07-04 00,2025-07-04 03,IA,1,1,0,0,0,1,19061,42.330000000000005,-90.94,42.44,-90.83,,,,,,,
205305,2025-07-04 06,2025-07-04 06,WI,1,1,0,0,5000,1,55053,44.32,-90.96,44.43,-90.85000000000001,,,,,,,
205626,2025-07-04 07,2025-07-04 17,TX,9,9,0,0,0,5,48267;48307;48319;48327;48411,30.57,-99.71,31.22,-98.97,,,,,,,
204934,2025-07-04 08,2025-07-04 23,TX,23,8,117,0,205000000,5,48019;48259;48265;48299;48385,29.66,-99.79,30.77,-98.49,,,,,,,
205520,2025-07-04 08,2025-07-04 13,TX,17,13,1,0,0,1,48451,31.46,-100.56,31.58,-100.39,,,,,,,
205198,2025-07-04 09,2025-07-04 16,WI,5,6,0,0,500000,1,55129,45.68,-92.02,45.839999999999996,-91.87,,,,,,,
203723,2025-07-04 21,2025-07-05 04,SD,2,2,0,0,0,2,46013;46029,44.89,-98.46,45.47,-97.11,,,,,,,
203939,2025-07-04 22,2025-07-06 23,ID,1,0,0,0,25000,1,16049,45.43,-116.36999999999999,45.55,-116.26,,,,,,,
205247,2025-07-04 22,2025-07-04 23,ND,2,4,0,0,0,1,38035,47.830000000000005,-97.11,47.98,-96.98,,,,,,,
205248,2025-07-05 00,2025-07-05 00,MN,2,2,0,0,0,1,27007,47.410000000000004,-94.95,47.55,-94.82000000000001,,,,,,,
205687,2025-07-05 14,2025-07-09 06,TX,26,26,0,0,290000,14,48027;48035;48093;48099;48113;48143;48193;48251;48257;48281;48309;48331;48333;48425,30.81,-98.54,32.87,-96.27,,,,,,,
206105,2025-07-05 23,2025-07-06 02,AZ,2,2,0,0,2000,1,04003,31.919999999999998,-110.33,32.05,-110.22,,,,,,,
202948,2025-07-06 00,2025-07-06 02,WI,1,0,0,0,0,1,55009,44.46,-88.17999999999999,44.62,-88.03,,,,,,,
204671,2025-07-06 17,2025-07-07 08,NC,28,29,6,0,38095000,8,37001;37037;37063;37093;37125;37135;37145;37165,34.9,-79.47,36.39,-78.9,,,,,,,
202804,2025-07-06 18,2025-07-08 03,NM,3,22,0,0,50000,1,35027,33.28,-105.73,33.43,-105.63,,,,,,,
205004,2025-07-06 21,2025-07-06 23,TX,1,1,0,0,0,1,48171,30.21,-99.02,30.32,-98.9,,,,,,,
205219,2025-07-06 21,2025-07-06 21,AR,1,1,0,0,0,1,05043,33.67,-91.64,33.79,-91.53,,,,,,,
205638,2025-07-06 21,2025-07-06 22,LA,1,1,0,0,0,1,22055,30.15,-92.11999999999999,30.26,-91.98,,,,,,,
204255,2025-07-06 22,2025-07-06 23,IL,2,2,0,0,35000,1,17163,38.6,-89.82,39.15,-89.12,,,,,,,
205429,2025-07-06 22,2025-07-07 03,MO,4,4,0,0,0,1,29077,37.150000000000006,-93.31,37.3,-93.17,,,,,,,
204580,2025-07-07 00,2025-07-07 02,TX,1,1,0,0,0,1,48141,31.77,-106.17999999999999,31.900000000000002,-106.07000000000001,,,,,,,
205788,2025-07-07 16,2025-07-07 21,PA,6,6,0,0,5000,1,42029,39.77,-75.98,39.94,-75.86,,,,,,,
206130,2025-07-07 17,2025-07-10 00,TX,4,3,0,0,0,3,48049;48307;48327,30.9,-99.8,31.63,-99.02,,,,,,,
204259,2025-07-07 20,2025-07-07 22,MO,1,2,0,0,1000,1,29123,37.330000000000005,-90.49,37.449999999999996,-90.32,,,,,,,
206190,2025-07-07 20,2025-07-07 20,LA,1,1,0,0,0,1,22071,29.89,-90.08,30.0,-89.97,,,,,,,
204588,2025-07-07 22,2025-07-08 00,TX,1,1,0,0,0,1,48141,31.79,-106.5,31.91,-106.39,,,,,,,
203588,2025-07-07 23,2025-07-09 19,OH,2,5,0,0,0,2,39009;39105,39.12,-82.08,39.34,-81.74,,,,,,,
205001,2025-07-08 03,2025-07-08 08,NE,4,2,0,0,0,4,31003;31011;31119;31141,41.56,-98.3,42.22,-97.83,,,,,,,
205181,2025-07-08 15,2025-07-08 18,OK,1,1,0,0,0,1,40135,35.38,-94.91,35.54,-94.78,,,,,,,
205182,2025-07-08 15,2025-07-08 17,AR,1,1,0,0,0,1,05047,35.39,-93.92,35.5,-93.8,,,,,,,
205251,2025-07-08 19,2025-07-08 21,IA,2,2,0,0,0,1,19163,41.67,-90.6,41.8,-90.45,,,,,,,
205789,2025-07-08 20,2025-07-18 23,PA,15,42,0,0,0,5,42011;42017;42029;42045;42101,39.75,-76.04,40.28,-74.89,,,,,,,
204594,2025-07-08 21,2025-07-08 23,NM,1,2,0,0,0,1,35013,32.35,-106.69,32.47,-106.56,,,,,,,
205944,2025-07-08 21,2025-07-09 00,PA,2,2,0,0,4000,1,42015,41.730000000000004,-76.79,41.9,-76.65,,,,,,,
202774,2025-07-08 22,2025-07-09 02,MD,3,1,0,0,0,2,24015;24025,39.550000000000004,-76.39,39.739999999999995,-75.82,,,,,,,
204593,2025-07-08 22,2025-07-09 00,TX,1,1,0,0,0,1,48141,31.72,-106.46,31.830000000000002,-106.35000000000001,,,,,,,
202768,2025-07-09 00,2025-07-09 03,IL,2,0,0,0,0,1,17113,40.45,-89.03999999999999,40.57,-88.87,,,,,,,
206170,2025-07-09 00,2025-07-09 04,VA,4,5,0,0,0,3,51041;51183;51760,36.97,-77.56,37.56,-76.98,,,,,,,
205477,2025-07-09 01,2025-07-09 02,CT,1,1,0,0,0,1,09001,41.02,-73.53,41.129999999999995,-73.42,,,,,,,
203822,2025-07-09 02,2025-07-09 05,IL,1,13,0,0,400000,1,17031,41.78,-87.76,41.89,-87.6,,,,,,,
202762,2025-07-09 04,2025-07-09 06,MA,2,1,0,0,0,1,25005,41.64,-71.28999999999999,41.809999999999995,-71.10000000000001,,,,,,,
206420,2025-07-09 05,2025-07-10 00,VA,11,13,0,0,5000,8,51007;51041;51065;51087;51101;51109;51147;51760,37.29,-78.4,37.97,-77.09,,,,,,,
204221,2025-07-09 11,2025-07-09 14,TX,1,1,0,0,80000,1,48135,31.81,-102.41,31.970000000000002,-102.27,,,,,,,
203093,2025-07-09 18,2025-07-09 18,TX,1,1,0,0,0,1,48355,27.63,-97.39,27.740000000000002,-97.28,,,,,,,
202777,2025-07-09 19,2025-07-09 23,VA,6,6,0,0,0,3,51003;51125;51510,37.69,-78.95,38.84,-77.05,,,,,,,
203589,2025-07-09 19,2025-07-10 01,WV,6,9,0,0,0,5,54013;54019;54067;54079;54097,38.13,-82.03,38.89,-80.21,,,,,,,
204072,2025-07-09 19,2025-07-10 00,OH,3,3,0,0,0,2,39067;39157,40.25,-81.48,40.55,-80.9,,,,,,,
204416,2025-07-09 19,2025-07-09 20,FL,1,2,0,0,0,1,12031,30.25,-81.77,30.400000000000002,-81.57000000000001,,,,,,,
202753,2025-07-09 20,2025-07-09 23,TN,2,5,0,0,50000,2,47099;47181,34.95,-87.67,35.14,-87.48,,,,,,,
202752,2025-07-09 21,2025-07-10 01,PA,5,5,0,0,0,1,42133,39.84,-76.81,40.02,-76.54,,,,,,,
202776,2025-07-09 22,2025-07-10 01,MD,9,7,0,0,0,4,24005;24013;24027;24033,38.94,-77.07,39.72,-76.77,,,,,,,
202780,2025-07-09 22,2025-07-09 23,DC,2,1,0,0,0,1,11001,38.870000000000005,-77.11,38.98,-76.97,,,,,,,
203353,2025-07-09 22,2025-07-09 23,OH,2,2,0,0,0,1,39089,40.02,-82.34,40.14,-82.23,,,,,,,
204052,2025-07-09 22,2025-07-10 00,SC,2,3,0,0,0,1,45057,34.540000000000006,-80.84,34.709999999999994,-80.67,,,,,,,
205792,2025-07-09 22,2025-07-10 04,PA,25,27,0,0,120000,4,42029;42045;42091;42101,39.72,-75.86,40.1,-75.06,,,,,,,
205796,2025-07-09 22,2025-07-10 03,DE,7,7,0,0,70000,1,10003,39.69,-75.71,39.82,-75.46,,,,,,,
204542,2025-07-09 23,2025-07-10 04,TN,3,3,0,0,0,2,47155;47179,35.78,-83.64,36.32,-82.38,,,,,,,
205799,2025-07-09 23,2025-07-10 01,NJ,1,1,0,0,0,1,34033,39.67,-75.52,39.8,-75.37,,,,,,,
204673,2025-07-10 00,2025-07-10 05,NC,20,21,0,0,150000,6,37057;37063;37077;37081;37135;37183,35.75,-80.38,36.32,-78.59,,,,,,,
205005,2025-07-10 01,2025-07-10 03,TX,1,1,0,0,0,1,48171,30.43,-98.86999999999999,30.55,-98.76,,,,,,,
205851,2025-07-10 01,2025-07-10 03,NC,1,1,0,0,10000,1,37109,35.45,-81.33,35.559999999999995,-81.17,,,,,,,
206422,2025-07-10 02,2025-07-10 03,MD,2,2,0,0,0,1,24039,37.92,-75.89999999999999,38.04,-75.78,,,,,,,
202771,2025-07-10 10,2025-07-10 13,MA,14,14,0,0,0,2,25021;25023,42.13,-71.26,42.27,-70.83,,,,,,,
205802,2025-07-10 16,2025-07-10 18,NJ,1,1,0,0,20000,1,34001,39.42,-75.05,39.589999999999996,-74.87,,,,,,,
206173,2025-07-10 16,2025-07-11 03,VA,7,7,0,0,0,5,51001;51117;51550;51710;51810,36.57,-78.21,37.84,-75.61,,,,,,,
202935,2025-07-10 20,2025-07-10 23,VT,4,8,0,0,1300000,3,50001;50005;50009,44.05,-73.26,44.68,-71.88,,,,,,,
203381,2025-07-10 20,2025-07-10 22,NC,3,5,0,0,0,1,37055,35.86,-75.74,36.029999999999994,-75.6,,,,,,,
206177,2025-07-10 20,2025-07-10 20,NC,1,1,0,0,0,1,37029,36.300000000000004,-76.22,36.41,-76.10000000000001,,,,,,,
206540,2025-07-10 20,2025-07-10 22,OH,2,2,0,0,15000,1,39133,41.120000000000005,-81.35,41.26,-81.17,,,,,,,
205803,2025-07-10 21,2025-07-11 00,DE,2,2,0,0,0,1,10005,38.46,-75.11999999999999,38.629999999999995,-75.0,,,,,,,
203823,2025-07-10 22,2025-07-11 03,IL,1,5,0,0,30000,1,17201,42.300000000000004,-89.08,42.419999999999995,-88.95,,,,,,,
205257,2025-07-11 00,2025-07-11 05,IA,5,5,0,0,0,4,19045;19061;19097;19163,41.52,-90.67,42.51,-90.17,,,,,,,
204905,2025-07-11 01,2025-07-11 02,GA,1,1,0,0,0,1,13185,30.81,-83.36999999999999,30.92,-83.26,,,,,,,
205434,2025-07-11 03,2025-07-11 05,IL,2,2,0,0,0,2,17011;17161,41.36,-90.53,41.5,-89.47,,,,,,,
205435,2025-07-11 20,2025-07-12 10,IA,19,20,0,0,0,9,19011;19019;19045;19061;19111;19113;19115;19139;19163,40.41,-92.05,42.54,-90.19,,,,,,,
205807,2025-07-11 20,2025-07-11 22,WI,5,5,0,0,40000,1,55043,42.58,-90.84,42.84,-90.49,,,,,,,
206360,2025-07-11 20,2025-07-11 23,IA,1,1,0,0,0,1,19013,42.35,-92.45,42.48,-92.16,,,,,,,
203220,2025-07-11 23,2025-07-11 23,MA,2,2,0,0,0,1,25015,42.260000000000005,-72.75,42.4,-72.57000000000001,,,,,,,
205446,2025-07-11 23,2025-07-12 08,IL,4,4,0,0,0,3,17109;17131;17161,40.45,-90.69,41.51,-90.56,,,,,,,
205183,2025-07-12 12,2025-07-12 19,OK,3,3,0,0,0,2,40111;40143,35.78,-96.01,36.2,-95.86,,,,,,,
205265,2025-07-12 17,2025-07-12 20,VA,19,20,0,0,65000,8,51041;51085;51087;51101;51149;51570;51710;51760,36.83,-77.62,37.69,-76.25,,,,,,,
203955,2025-07-12 20,2025-07-13 00,OK,4,8,0,0,0,2,40017;40109,35.46,-97.77,35.72,-97.37,,,,,,,
205945,2025-07-12 20,2025-07-12 23,PA,4,4,0,0,112000,2,42103;42127,41.28,-75.45,41.419999999999995,-75.26,,,,,,,
202887,2025-07-12 21,2025-07-12 23,MD,3,3,0,0,0,1,24031,38.95,-77.25999999999999,39.08,-77.11,,,,,,,
202888,2025-07-12 21,2025-07-13 00,VA,9,9,0,0,0,2,51059;51153,38.79,-77.59,38.96,-77.29,,,,,,,
204543,2025-07-12 21,2025-07-13 02,TN,3,3,0,0,0,3,47059;47155;47179,35.7,-83.4,36.24,-82.62,,,,,,,
206193,2025-07-12 21,2025-07-12 23,LA,3,3,0,0,0,1,22071,29.88,-90.13,30.01,-90.01,,,,,,,
206442,2025-07-12 22,2025-07-12 22,NH,1,3,0,0,5000,1,33011,42.95,-72.11,43.07,-71.96000000000001,,,,,,,
202832,2025-07-13 00,2025-07-13 01,NM,1,3,0,0,10000,1,35001,35.03,-106.45,35.22,-106.34,,,,,,,
205430,2025-07-13 00,2025-07-13 03,MO,1,1,0,0,0,1,29215,37.27,-92.00999999999999,37.379999999999995,-91.89,,,,,,,
206088,2025-07-13 02,2025-07-14 13,TX,13,18,0,0,210000,6,48027;48035;48113;48217;48281;48309,31.0,-98.39,32.99,-96.85,,,,,,,
206083,2025-07-13 10,2025-07-13 18,TX,15,15,0,0,0,6,48267;48307;48319;48327;48413;48435,30.44,-100.71,31.01,-99.18,,,,,,,
205006,2025-07-13 12,2025-07-13 21,TX,5,7,0,0,0,2,48053;48265,30.0,-99.38,30.99,-97.92,,,,,,,
203070,2025-07-13 16,2025-07-14 14,PA,8,18,0,0,0,4,42037;42081;42113;42133,39.98,-76.9,41.35,-76.4,,,,,,,
203029,2025-07-13 17,2025-07-13 19,MD,5,8,0,0,0,2,24005;24033,38.94,-76.98,39.32,-76.7,,,,,,,
205293,2025-07-13 17,2025-07-13 22,VA,20,20,0,0,165000,8,51041;51053;51111;51149;51181;51193;51570;51730,36.99,-78.24,38.27,-76.87,,,,,,,
203032,2025-07-13 18,2025-07-13 19,DC,2,2,0,0,0,1,11001,38.870000000000005,-77.08,39.0,-76.9,,,,,,,
203031,2025-07-13 19,2025-07-13 22,VA,2,0,0,0,0,2,51125;51139,37.84,-78.77,38.58,-78.47,,,,,,,
205906,2025-07-13 20,2025-07-13 23,NY,2,2,0,0,0,1,36009,42.38,-78.82,42.5,-78.7,,,,,,,
204853,2025-07-13 21,2025-07-13 23,NM,1,1,0,0,0,1,35035,33.1,-105.83,33.23,-105.72,,,,,,,
205946,2025-07-13 22,2025-07-14 06,NY,11,11,0,0,328000,5,36007;36025;36065;36101;36107,42.03,-77.1,43.35,-75.24,,,,,,,
202934,2025-07-14 00,2025-07-14 01,NY,1,0,0,0,10000,1,36031,44.06,-74.05,44.19,-73.93,,,,,,,
204674,2025-07-14 01,2025-07-14 05,NC,1,1,0,0,20000,1,37081,35.980000000000004,-79.89999999999999,36.099999999999994,-79.79,,,,,,,
205949,2025-07-14 06,2025-07-14 22,PA,17,20,0,0,981000,4,42015;42069;42079;42127,41.04,-76.44,41.85,-75.07,,,,,,,
205007,2025-07-14 10,2025-07-14 21,TX,6,6,0,0,0,3,48299;48323;48463,28.9,-100.61,30.65,-98.64,,,,,,,
204087,2025-07-14 11,2025-07-14 18,PA,6,6,0,0,0,2,42003;42073,40.41,-80.35,40.98,-79.84,,,,,,,
205758,2025-07-14 16,2025-07-15 04,VA,14,22,0,0,45000,6,51053;51149;51159;51193;51710;51730,36.85,-77.53,38.16,-76.18,,,,,,,
203071,2025-07-14 18,2025-07-15 00,PA,33,32,0,0,0,5,42035;42055;42071;42081;42133,39.91,-77.68,41.29,-76.4,,,,,,,
203225,2025-07-14 18,2025-07-14 18,CT,1,1,0,0,0,1,09003,41.760000000000005,-72.96,41.87,-72.85000000000001,,,,,,,
203590,2025-07-14 18,2025-07-15 02,OH,2,6,0,0,0,1,39009,39.2,-82.1,39.4,-81.79,,,,,,,
205948,2025-07-14 18,2025-07-14 19,NY,2,2,0,0,105000,2,36107;36109,42.24,-76.39,42.4,-76.25,,,,,,,
202921,2025-07-14 19,2025-07-14 21,NM,1,3,0,0,0,1,35027,33.28,-105.78,33.43,-105.67,,,,,,,
203133,2025-07-14 19,2025-07-14 20,WV,2,2,0,0,0,2,54003;54027,39.17,-78.67,39.53,-77.92,,,,,,,
203136,2025-07-14 19,2025-07-15 01,VA,7,7,0,0,0,2,51059;51187,38.82,-78.34,38.95,-77.17,,,,,,,
203224,2025-07-14 19,2025-07-15 00,MA,4,4,0,0,0,2,25013;25015,42.230000000000004,-72.97,42.39,-72.64,,,,,,,
204675,2025-07-14 19,2025-07-14 23,NC,3,3,0,0,6000,2,37081;37135,35.9,-79.78,36.1,-79.08,,,,,,,
205489,2025-07-14 19,2025-07-14 20,CT,1,1,0,0,0,1,09009,41.5,-73.11,41.61,-72.99000000000001,,,,,,,
204855,2025-07-14 20,2025-07-14 21,NM,1,1,0,0,0,1,35035,33.040000000000006,-106.02,33.16,-105.9,,,,,,,
205490,2025-07-14 20,2025-07-15 00,NJ,15,20,2,0,0,2,34003;34039,40.59,-74.42,41.02,-74.03,,,,,,,
205599,2025-07-14 20,2025-07-15 01,NY,29,32,0,0,0,6,36005;36071;36079;36081;36087;36119,40.67,-74.36,41.49,-73.54,,,,,,,
206134,2025-07-14 21,2025-07-15 07,NJ,16,20,0,0,45000,7,34005;34023;34025;34027;34029;34035;34041,39.74,-75.14,40.76,-74.12,,,,,,,
206153,2025-07-14 21,2025-07-15 02,PA,7,7,0,0,0,4,42017;42077;42089;42091,40.14,-75.66,41.05,-74.85,,,,,,,
203101,2025-07-14 22,2025-07-15 00,TN,2,3,0,0,0,2,47037;47189,36.160000000000004,-86.69,36.279999999999994,-86.53,,,,,,,
203175,2025-07-14 22,2025-07-15 00,MD,6,3,0,0,0,4,24027;24031;24033;24510,38.97,-77.12,39.3,-76.57,,,,,,,
203591,2025-07-14 22,2025-07-15 01,WV,1,1,0,0,0,1,54087,38.660000000000004,-81.35,38.8,-81.24000000000001,,,,,,,
204062,2025-07-14 22,2025-07-14 22,SC,1,1,0,0,0,1,45009,33.27,-81.2,33.379999999999995,-81.09,,,,,,,
205541,2025-07-14 23,2025-07-14 23,FL,1,1,0,0,0,1,12057,27.91,-82.14999999999999,28.02,-82.04,,,,,,,
205581,2025-07-15 03,2025-07-15 04,KY,1,1,0,0,100000,1,21101,37.78,-87.64,37.9,-87.52,,,,,,,
205312,2025-07-15 05,2025-07-15 22,VA,55,64,0,0,5030500,14,51025;51041;51053;51111;51117;51149;51175;51181;51183;51199;51650;51730;51760;51810,36.66,-78.13,37.56,-76.05,,,,,,,
205008,2025-07-15 08,2025-07-15 16,TX,8,8,0,0,0,5,48019;48137;48271;48385;48463,29.21,-100.46,29.89,-99.57,,,,,,,
205313,2025-07-15 11,2025-07-15 19,NC,2,2,0,0,0,1,37131,36.45,-77.74,36.58,-77.59,,,,,,,
204720,2025-07-15 12,2025-07-16 01,NC,10,10,0,0,81000,5,37001;37037;37081;37135;37151,35.55,-79.82,36.18,-79.09,,,,,,,
202895,2025-07-15 21,2025-07-15 22,FL,1,1,0,0,0,1,12005,30.11,-85.86,30.23,-85.74000000000001,,,,,,,
205849,2025-07-15 21,2025-07-15 22,ID,1,1,0,0,0,1,16043,43.92,-111.75999999999999,44.04,-111.63000000000001,,,,,,,
203021,2025-07-15 23,2025-07-16 02,VA,5,6,0,0,0,4,51015;51079;51125;51165,37.65,-79.09,38.41,-78.42,,,,,,,
206221,2025-07-16 00,2025-07-16 03,AZ,2,3,0,0,4000,2,04003;04019,32.0,-111.01,32.38,-110.03,,,,,,,
203058,2025-07-16 04,2025-07-16 06,AZ,1,1,0,0,0,1,04017,34.970000000000006,-110.75,35.08,-110.64,,,,,,,
205859,2025-07-16 06,2025-07-16 07,NC,1,1,0,0,20000,1,37099,35.35,-83.39999999999999,35.47,-83.28,,,,,,,
203059,2025-07-16 11,2025-07-17 05,AZ,5,5,0,0,0,3,04005;04007;04025,33.97,-112.55,36.05,-111.3,,,,,,,
204455,2025-07-16 19,2025-07-17 02,PA,11,11,0,0,10000,4,42003;42019;42085;42129,40.3,-80.13,41.22,-79.59,,,,,,,
204705,2025-07-16 19,2025-07-16 21,MI,1,2,0,0,0,1,26125,42.660000000000004,-83.25,42.769999999999996,-83.10000000000001,,,,,,,
202985,2025-07-16 20,2025-07-17 03,WI,4,8,0,0,0,4,55015;55071;55137;55139,43.95,-89.42,44.12,-87.64,,,,,,,
203060,2025-07-16 20,2025-07-18 01,NM,5,16,0,0,25000,4,35021;35027;35039;35047,33.33,-106.76,36.31,-103.71,,,,,,,
204321,2025-07-16 20,2025-07-16 23,CO,1,1,0,0,0,1,08041,38.74,-105.0,38.91,-104.81,,,,,,,
204866,2025-07-16 21,2025-07-16 22,NM,1,1,0,0,0,1,35017,32.970000000000006,-108.2,33.08,-108.06,,,,,,,
206761,2025-07-16 22,2025-07-17 00,OH,1,0,0,0,0,1,39147,41.040000000000006,-83.16,41.15,-83.02,,,,,,,
205220,2025-07-16 23,2025-07-16 23,AR,1,1,0,0,0,1,05009,36.31,-93.00999999999999,36.43,-92.9,,,,,,,
206007,2025-07-16 23,2025-07-17 02,NY,4,4,0,0,29000,1,36101,42.12,-77.65,42.34,-77.5,,,,,,,
206181,2025-07-16 23,2025-07-17 01,NY,5,5,0,0,0,1,36003,42.02,-78.22,42.17,-77.79,,,,,,,
203012,2025-07-17 00,2025-07-17 03,VA,11,12,0,0,0,4,51061;51153;51171;51187,38.62,-78.84,38.85,-77.53,,,,,,,
203072,2025-07-17 00,2025-07-17 01,PA,2,2,0,0,0,1,42105,41.85,-78.06,42.029999999999994,-77.88,,,,,,,
203971,2025-07-17 01,2025-07-17 06,VA,2,3,0,0,0,2,51005;51185,37.11,-81.87,37.88,-79.99,,,,,,,
203018,2025-07-17 02,2025-07-17 03,MD,4,4,0,0,0,2,24015;24025,39.48,-76.19,39.62,-75.96,,,,,,,
203006,2025-07-17 05,2025-07-17 11,AL,1,1,0,0,0,1,01077,34.81,-87.55,34.919999999999995,-87.44,,,,,,,
204438,2025-07-17 05,2025-07-17 07,CO,1,0,0,0,0,1,08101,37.88,-104.89,38.01,-104.75,,,,,,,
203873,2025-07-17 09,2025-07-17 11,KS,1,1,0,0,0,1,20045,38.95,-95.28999999999999,39.059999999999995,-95.18,,,,,,,
207489,2025-07-17 09,2025-07-17 11,KS,3,7,0,0,10000,2,20091;20209,38.82,-94.88,39.06,-94.64,,,,,,,
205587,2025-07-17 19,2025-07-17 20,KY,1,1,0,0,0,1,21101,37.790000000000006,-87.64,37.91,-87.52,,,,,,,
204349,2025-07-17 20,2025-07-17 22,IL,2,3,0,0,26000,2,17027;17163,38.56,-90.03,38.73,-89.55,,,,,,,
204558,2025-07-17 20,2025-07-19 18,IN,12,10,0,0,0,3,18019;18037;18175,38.24,-86.97,38.59,-85.59,,,,,,,
203237,2025-07-17 21,2025-07-18 02,IN,2,2,0,0,50000,2,18027;18119,38.66,-87.19,39.23,-86.7,,,,,,,
203594,2025-07-17 21,2025-07-17 23,KY,1,1,0,0,0,1,21127,38.03,-82.91,38.169999999999995,-82.78,,,,,,,
203599,2025-07-17 21,2025-07-18 00,OH,2,3,0,0,0,2,39009;39079,39.05,-82.76,39.3,-81.92,,,,,,,
203740,2025-07-17 21,2025-07-17 22,ME,4,3,0,0,0,2,23021;23025,45.77,-69.93,46.31,-69.17,,,,,,,
203593,2025-07-17 22,2025-07-21 04,WV,9,21,0,0,0,8,54005;54011;54033;54039;54043;54045;54099;54107,37.96,-82.45,39.27,-80.27,,,,,,,
203934,2025-07-17 22,2025-07-19 03,UT,9,9,0,0,0,4,49017;49021;49025;49053,37.19,-113.51,37.89,-111.53,,,,,,,
204559,2025-07-17 22,2025-07-19 03,KY,5,4,0,0,0,4,21111;21185;21211;21215,38.13,-85.8,38.29,-85.22,,,,,,,
206198,2025-07-17 22,2025-07-18 01,LA,3,4,0,0,720000,1,22089,29.92,-90.49,30.07,-90.36,,,,,,,
205483,2025-07-17 23,2025-07-18 00,TN,2,2,0,0,0,1,47157,34.99,-89.96,35.129999999999995,-89.82000000000001,,,,,,,
204847,2025-07-18 01,2025-07-18 16,AZ,1,1,0,0,0,1,04005,36.81,-111.64999999999999,36.919999999999995,-111.54,,,,,,,
206098,2025-07-18 01,2025-07-18 02,CA,1,1,0,0,2000,1,06071,35.34,-115.45,35.449999999999996,-115.33,,,,,,,
204440,2025-07-18 04,2025-07-18 06,CO,1,0,0,0,0,1,08101,38.040000000000006,-105.08,38.16,-104.96000000000001,,,,,,,
205187,2025-07-18 05,2025-07-18 09,AR,4,3,0,0,0,1,05007,36.160000000000004,-94.57,36.349999999999994,-94.17,,,,,,,
206014,2025-07-18 18,2025-07-18 19,CO,1,0,0,0,0,1,08077,38.61,-109.03999999999999,38.73,-108.92,,,,,,,
204874,2025-07-18 19,2025-07-19 00,NM,2,2,0,0,0,2,35017;35051,32.91,-108.06,33.16,-107.21,,,,,,,
203974,2025-07-18 20,2025-07-19 00,VA,1,1,0,0,0,1,51035,36.580000000000005,-80.96,36.699999999999996,-80.85000000000001,,,,,,,
203264,2025-07-18 21,2025-07-19 00,VA,1,1,0,0,0,1,51051,36.93,-82.39,37.05,-82.26,,,,,,,
205590,2025-07-18 21,2025-07-18 22,KY,1,1,0,0,5000,1,21145,37.010000000000005,-88.67,37.12,-88.56,,,,,,,
205760,2025-07-18 21,2025-07-19 02,VA,9,10,0,0,0,5,51041;51087;51175;51710;51760,36.6,-77.59,37.66,-76.27,,,,,,,
204994,2025-07-18 22,2025-07-18 23,WV,1,1,0,0,0,1,54049,39.42,-80.17999999999999,39.529999999999994,-80.07000000000001,,,,,,,
205588,2025-07-18 23,2025-07-19 00,IL,1,1,0,0,0,1,17165,37.6,-88.6,37.72,-88.48,,,,,,,
205589,2025-07-18 23,2025-07-19 01,IN,2,3,0,0,115000,2,18163;18173,37.89,-87.55,38.029999999999994,-87.39,,,,,,,
203355,2025-07-19 00,2025-07-19 03,OH,10,12,0,0,15000,1,39165,39.260000000000005,-84.23,39.41,-84.12,,,,,,,
205526,2025-07-19 00,2025-07-19 02,TN,1,1,0,0,0,1,47153,35.46,-85.56,35.599999999999994,-85.44,,,,,,,
203121,2025-07-19 01,2025-07-19 03,VA,6,6,0,0,0,4,51047;51061;51137;51177,38.23,-77.91,38.49,-77.53,,,,,,,
206169,2025-07-19 02,2025-07-19 06,MN,3,3,0,0,0,1,27083,44.38,-95.86999999999999,44.51,-95.71000000000001,,,,,,,
206232,2025-07-19 05,2025-07-19 08,MN,1,0,0,0,835000,1,27013,43.9,-94.29,44.03,-93.81,,,,,,,
206069,2025-07-19 08,2025-07-20 02,VA,9,9,0,0,0,8,51025;51041;51053;51085;51087;51101;51103;51149,36.73,-77.94,37.84,-76.5,,,,,,,
205451,2025-07-19 12,2025-07-19 16,IA,1,1,0,0,0,1,19011,42.150000000000006,-92.14999999999999,42.269999999999996,-91.98,,,,,,,
205484,2025-07-19 15,2025-07-19 18,IL,3,3,0,0,0,1,17109,40.34,-90.82,40.51,-90.66,,,,,,,
205594,2025-07-19 16,2025-07-19 22,IN,9,9,0,0,55000,6,18051;18125;18129;18147;18163;18173,37.86,-87.84,38.5,-87.04,,,,,,,
204704,2025-07-19 17,2025-07-20 00,IL,4,4,0,0,0,2,17025;17115,38.66,-88.96,39.83,-88.39,,,,,,,
205592,2025-07-19 17,2025-07-19 22,IL,7,8,0,0,80000,4,17055;17065;17191;17199,37.76,-89.12,38.6,-88.34,,,,,,,
203107,2025-07-19 18,2025-07-19 23,VA,11,14,0,0,0,5,51003;51059;51079;51137;51165,38.19,-78.92,39.01,-77.25,,,,,,,
206074,2025-07-19 19,2025-07-20 02,MD,3,3,0,0,0,2,24019;24047,38.34,-76.09,38.58,-75.08,,,,,,,
207317,2025-07-19 19,2025-07-20 02,VA,3,5,0,0,0,3,51029;51035;51155,36.7,-80.97,37.58,-78.49,,,,,,,
203110,2025-07-19 21,2025-07-20 00,MD,15,19,0,0,0,1,24031,38.97,-77.18,39.08,-76.98,,,,,,,
203098,2025-07-19 22,2025-07-19 23,DC,6,3,0,0,0,1,11001,38.87,-77.11,38.99,-76.93,,,,,,,
204659,2025-07-19 23,2025-07-20 03,NC,5,5,0,0,0,3,37001;37081;37135,35.89,-79.79,36.12,-79.09,,,,,,,
205453,2025-07-20 08,2025-07-20 15,IA,5,5,0,0,0,3,19095;19115;19183,41.27,-92.21,41.69,-91.35,,,,,,,
206546,2025-07-20 08,2025-07-20 15,IA,2,2,0,0,215000,2,19001;19121,41.32,-94.0,41.69,-93.25,,,,,,,
206156,2025-07-20 09,2025-07-20 11,NJ,1,2,0,0,0,1,34025,40.080000000000005,-74.09,40.19,-73.98,,,,,,,
205487,2025-07-20 14,2025-07-20 15,IL,1,1,0,0,0,1,17011,41.32,-89.50999999999999,41.43,-89.4,,,,,,,
203964,2025-07-20 20,2025-07-20 21,OH,3,3,0,0,35000,1,39015,38.67,-83.89999999999999,38.809999999999995,-83.74000000000001,,,,,,,
204348,2025-07-20 20,2025-07-20 21,KY,2,2,0,0,35000,1,21161,38.67,-83.92999999999999,38.779999999999994,-83.79,,,,,,,
203139,2025-07-20 22,2025-07-24 21,NM,4,24,0,0,265000,4,35001;35027;35043;35053,33.33,-107.29,35.68,-105.72,,,,,,,
203675,2025-07-20 22,2025-07-21 01,KY,1,1,0,0,0,1,21043,38.220000000000006,-83.36999999999999,38.349999999999994,-83.23,,,,,,,
204995,2025-07-20 23,2025-07-20 23,WV,1,1,0,0,0,1,54009,40.34,-80.64999999999999,40.449999999999996,-80.54,,,,,,,
204706,2025-07-21 00,2025-07-21 09,IL,5,2,0,0,0,3,17021;17049;17173,39.05,-89.11,39.54,-88.74,,,,,,,
205527,2025-07-21 00,2025-07-21 03,VA,1,1,0,0,0,1,51167,36.910000000000004,-81.92,37.05,-81.81,,,,,,,
206920,2025-07-21 00,2025-07-21 03,IA,1,1,0,0,20000,1,19153,41.480000000000004,-93.83,41.64,-93.71000000000001,,,,,,,
204354,2025-07-21 01,2025-07-21 13,IL,2,11,0,0,630000,2,17005;17051,38.86,-89.51,39.01,-88.85,,,,,,,
204915,2025-07-21 04,2025-07-21 09,MO,2,17,0,0,120000,2,29007;29113,38.91,-91.57,39.29,-90.75,,,,,,,
204919,2025-07-21 04,2025-07-21 08,MO,1,8,0,0,5000000,1,29113,39.07,-90.88,39.19,-90.71000000000001,,,,,,,
205991,2025-07-21 04,2025-07-21 05,TX,1,2,0,0,0,1,48141,31.88,-106.47,32.0,-106.32000000000001,,,,,,,
205426,2025-07-21 18,2025-07-21 20,NE,1,1,0,0,0,1,31067,40.23,-96.96,40.33,-96.84,,,,,,,
205552,2025-07-22 01,2025-07-22 05,KS,3,3,0,0,0,1,20169,38.66,-97.95,38.91,-97.71,,,,,,,
206332,2025-07-22 17,2025-07-22 20,FL,1,1,0,0,50000,1,12009,28.0,-80.66,28.13,-80.54,,,,,,,
206254,2025-07-22 20,2025-07-23 16,AZ,9,8,0,0,4000,2,04003;04019,31.42,-110.73,32.24,-109.62,,,,,,,
205997,2025-07-22 23,2025-07-23 01,TX,2,3,0,0,0,1,48141,31.64,-106.59,32.0,-106.25,,,,,,,
205996,2025-07-23 00,2025-07-23 06,NM,2,8,0,0,250000,2,35013;35035,32.03,-106.72,33.11,-105.93,,,,,,,
204065,2025-07-23 01,2025-07-23 02,SC,1,1,0,0,0,1,45063,33.86,-81.57,33.97,-81.46000000000001,,,,,,,
205482,2025-07-23 07,2025-07-23 10,IA,1,1,0,0,0,1,19019,42.470000000000006,-91.78,42.58,-91.67,,,,,,,
206231,2025-07-23 10,2025-07-23 15,MI,3,4,0,0,7125000,2,26061;26131,46.940000000000005,-88.99,47.099999999999994,-88.54,,,,,,,
205256,2025-07-23 11,2025-07-23 11,MN,1,1,0,0,0,1,27007,47.440000000000005,-94.96,47.559999999999995,-94.84,,,,,,,
205206,2025-07-23 15,2025-07-24 00,MN,4,2,0,0,20000,2,27031;27137,47.82,-91.87,47.959999999999994,-90.18,,,,,,,
206079,2025-07-23 16,2025-07-24 05,MN,2,2,0,0,0,2,27013;27145,44.13,-94.58,45.64,-94.01,,,,,,,
205208,2025-07-23 17,2025-07-23 21,WI,1,1,0,0,0,1,55013,45.74,-92.44,45.849999999999994,-92.33,,,,,,,
205608,2025-07-23 20,2025-07-23 22,NE,2,4,0,0,200000,2,31101;31111,41.07,-101.72,41.209999999999994,-100.8,,,,,,,
203260,2025-07-23 23,2025-07-24 00,WY,4,4,0,0,0,1,56021,41.06,-104.89,41.209999999999994,-104.77,,,,,,,
206176,2025-07-23 23,2025-07-24 09,SD,4,3,0,0,0,2,46099;46127,43.08,-96.78,43.55,-96.63,,,,,,,
203830,2025-07-24 20,2025-07-24 21,IL,1,2,0,0,0,1,17031,41.85,-87.92,41.959999999999994,-87.81,,,,,,,
203496,2025-07-24 23,2025-07-24 23,WY,1,1,0,0,0,1,56021,40.96,-104.53999999999999,41.08,-104.41,,,,,,,
206000,2025-07-24 23,2025-07-25 00,NM,1,1,0,0,0,1,35035,32.980000000000004,-105.8,33.16,-105.68,,,,,,,
203499,2025-07-25 00,2025-07-25 00,NE,2,2,0,0,0,1,31157,41.68,-103.69,41.83,-103.56,,,,,,,
206048,2025-07-25 03,2025-07-25 07,TX,3,3,0,0,95000,2,48375;48381,34.9,-101.96,35.26,-101.71,,,,,,,
204446,2025-07-25 06,2025-07-25 09,CO,1,0,0,0,0,1,08101,38.13,-104.61,38.28,-104.46,,,,,,,
206423,2025-07-25 07,2025-07-25 12,KS,3,2,0,0,15000,3,20097;20145;20151,37.53,-99.52,38.05,-98.74,,,,,,,
205231,2025-07-25 12,2025-07-25 15,PA,1,1,0,0,1000,1,42059,39.830000000000005,-80.5,39.94,-80.39,,,,,,,
203833,2025-07-25 17,2025-07-26 06,IL,3,30,0,0,200036000,3,17031;17043;17141,41.72,-89.24,41.95,-87.62,,,,,,,
203672,2025-07-25 20,2025-07-29 04,WV,3,4,0,0,0,2,54033;54107,39.17,-81.66,39.33,-80.39,,,,,,,
205278,2025-07-25 20,2025-07-25 21,WV,1,1,0,0,1000,1,54051,39.77,-80.6,39.879999999999995,-80.48,,,,,,,
205480,2025-07-25 21,2025-07-27 02,IA,3,3,0,0,0,2,19115;19139,41.28,-91.37,41.45,-91.01,,,,,,,
205651,2025-07-26 03,2025-07-26 04,TX,1,1,0,0,1000,1,48245,30.07,-94.25999999999999,30.220000000000002,-94.13000000000001,,,,,,,
205249,2025-07-26 13,2025-07-26 16,MO,1,1,0,0,0,1,29045,40.410000000000004,-91.63,40.519999999999996,-91.52,,,,,,,
205478,2025-07-26 14,2025-07-26 16,IA,5,5,0,0,0,1,19111,40.6,-91.64,40.71,-91.39,,,,,,,
204765,2025-07-26 23,2025-07-27 01,IN,2,2,0,0,2000,1,18075,40.33,-85.03,40.44,-84.87,,,,,,,
204815,2025-07-26 23,2025-07-27 02,IL,2,2,0,0,0,1,17019,40.13,-88.26,40.32,-88.14,,,,,,,
204997,2025-07-26 23,2025-07-27 05,PA,9,9,0,0,20000,2,42125;42129,40.11,-80.36,40.53,-79.47,,,,,,,
203930,2025-07-27 00,2025-07-27 03,OH,4,5,0,0,20000,2,39045;39049,39.72,-82.82,39.85,-82.58,,,,,,,
203396,2025-07-27 01,2025-07-27 03,IN,1,1,0,0,25000,1,18035,40.1,-85.38,40.29,-85.24000000000001,,,,,,,
203674,2025-07-27 01,2025-07-27 04,OH,2,2,0,0,0,1,39127,39.78,-82.4,39.93,-82.28,,,,,,,
204920,2025-07-27 07,2025-07-27 09,IL,1,1,0,0,50000,1,17013,39.15,-90.81,39.32,-90.7,,,,,,,
203531,2025-07-27 17,2025-07-28 00,OH,11,10,0,0,310000,3,39001;39045;39149,39.71,-84.19,40.46,-82.57,,,,,,,
205284,2025-07-27 18,2025-07-27 20,WV,17,19,0,0,1000,3,54049;54061;54077,39.34,-80.17,39.64,-79.77,,,,,,,
203835,2025-07-27 21,2025-07-27 23,IL,1,1,0,0,2000,1,17043,41.84,-88.0,41.97,-87.89,,,,,,,
204816,2025-07-27 21,2025-07-27 23,IL,1,0,0,0,0,1,17033,38.88,-87.75,39.019999999999996,-87.64,,,,,,,
203526,2025-07-27 22,2025-07-28 00,IN,1,1,0,0,10000,1,18083,38.81,-87.50999999999999,38.919999999999995,-87.38000000000001,,,,,,,
203512,2025-07-27 23,2025-08-01 05,NM,8,39,0,0,345000,3,35005;35027;35049,32.92,-106.12,35.65,-105.24,,,,,,,
205911,2025-07-27 23,2025-07-28 00,VA,2,2,0,0,0,2,51175;51810,36.59,-77.19,36.85,-76.12,,,,,,,
206001,2025-07-27 23,2025-07-28 01,NM,1,1,0,0,0,1,35035,33.24,-105.71,33.349999999999994,-105.59,,,,,,,
205415,2025-07-28 00,2025-07-28 05,MN,2,3,0,0,0,1,27149,45.52,-96.18,45.629999999999995,-96.05,,,,,,,
206005,2025-07-28 01,2025-07-28 03,TX,1,7,0,0,0,1,48141,31.7,-106.53999999999999,31.87,-106.42,,,,,,,
203746,2025-07-28 04,2025-07-28 07,NV,2,2,0,0,1520000,1,32031,39.480000000000004,-119.91,39.65,-119.72,,,,,,,
205272,2025-07-28 06,2025-07-28 10,MT,1,0,0,0,0,1,30005,48.510000000000005,-109.46,48.65,-109.35000000000001,,,,,,,
206183,2025-07-28 06,2025-07-28 08,IA,1,1,0,0,0,1,19141,43.13,-95.89999999999999,43.239999999999995,-95.77,,,,,,,
204709,2025-07-28 20,2025-07-28 22,MI,2,4,0,0,0,2,26099;26163,42.16,-83.45,42.6,-82.98,,,,,,,
206763,2025-07-28 22,2025-07-28 23,OH,1,0,0,0,0,1,39043,41.330000000000005,-82.42,41.44,-82.31,,,,,,,
206049,2025-07-28 23,2025-07-29 07,TX,2,2,0,0,0,2,48141;48229,31.84,-106.08,32.01,-105.22,,,,,,,
206050,2025-07-29 00,2025-07-29 13,NM,3,5,0,0,0,3,35029;35035;35051,31.84,-107.68,33.37,-105.82,,,,,,,
203924,2025-07-29 21,2025-07-29 23,WV,4,4,0,0,0,2,54023;54031,38.88,-79.17,39.05,-78.98,,,,,,,
204447,2025-07-29 22,2025-07-30 07,CO,2,1,0,0,0,1,08101,38.21,-104.64999999999999,38.35,-104.55,,,,,,,
204156,2025-07-29 23,2025-07-30 03,NE,1,0,0,0,2000,1,31145,39.96,-100.53,40.089999999999996,-100.36,,,,,,,
205757,2025-07-30 00,2025-07-30 03,NE,1,2,0,0,25000,1,31111,41.080000000000005,-100.81,41.19,-100.68,,,,,,,
206775,2025-07-30 01,2025-07-30 01,FL,1,1,0,0,0,1,12069,28.74,-81.96,28.86,-81.83,,,,,,,
206403,2025-07-30 05,2025-07-30 09,IA,4,2,0,0,0,2,19141;19167,42.92,-96.18,43.09,-95.85,,,,,,,
204448,2025-07-30 21,2025-07-30 21,CO,1,0,0,0,0,1,08041,38.94,-104.97,39.13,-104.83,,,,,,,
205123,2025-07-30 21,2025-07-30 22,AL,1,1,0,0,0,1,01061,31.08,-85.6,31.21,-85.48,,,,,,,
205528,2025-07-30 21,2025-07-31 05,TN,5,5,0,0,0,2,47163;47179,36.42,-82.58,36.6,-82.22,,,,,,,
205530,2025-07-30 21,2025-07-31 02,VA,3,3,0,0,0,3,51169;51191;51520,36.59,-82.56,36.78,-81.84,,,,,,,
206203,2025-07-30 21,2025-07-30 23,LA,4,4,0,0,28000,3,22005;22033;22051,29.88,-91.11,30.39,-90.02,,,,,,,
204714,2025-07-30 22,2025-07-31 01,MI,2,3,0,0,0,2,26161;26163,42.22,-83.59,42.44,-83.48,,,,,,,
203925,2025-07-30 23,2025-07-31 00,VA,1,1,0,0,0,1,51165,38.550000000000004,-78.99,38.66,-78.88000000000001,,,,,,,
206052,2025-07-31 00,2025-07-31 01,NM,1,1,0,0,0,1,35035,33.24,-105.72,33.36,-105.60000000000001,,,,,,,
207307,2025-07-31 00,2025-07-31 03,WV,1,1,0,0,0,1,54055,37.31,-80.94,37.419999999999995,-80.83,,,,,,,
207308,2025-07-31 00,2025-07-31 03,VA,1,1,0,0,5000,1,51121,37.1,-80.57,37.209999999999994,-80.46000000000001,,,,,,,
205450,2025-07-31 01,2025-07-31 04,IL,1,1,0,0,0,1,17011,41.32,-89.28,41.43,-89.17,,,,,,,
203787,2025-07-31 03,2025-07-31 21,WV,4,4,0,0,0,3,54033;54039;54083,38.41,-81.49,39.31,-80.1,,,,,,,
207798,2025-07-31 03,2025-07-31 05,WY,1,0,0,0,20000,1,56013,43.09,-107.74,43.209999999999994,-107.62,,,,,,,
205700,2025-07-31 10,2025-07-31 14,NE,2,2,0,0,0,2,31055;31153,41.18,-96.4,41.38,-96.17,,,,,,,
205836,2025-07-31 13,2025-08-01 01,NY,18,19,0,0,0,6,36047;36059;36071;36081;36085;36103,40.61,-74.26,41.52,-72.85,,,,,,,
203525,2025-07-31 15,2025-07-31 21,PA,5,4,0,0,0,1,42071,39.76,-76.47,40.08,-76.16,,,,,,,
206175,2025-07-31 16,2025-07-31 22,PA,17,16,0,0,240000,5,42011;42017;42045;42091;42101,39.84,-75.99,40.38,-74.99,,,,,,,
203912,2025-07-31 17,2025-07-31 23,MD,26,25,1,0,0,7,24005;24013;24021;24025;24027;24031;24033,38.97,-77.28,39.6,-76.31,,,,,,,
205221,2025-07-31 17,2025-07-31 18,AR,2,2,0,0,0,1,05051,34.42,-93.07,34.529999999999994,-92.96000000000001,,,,,,,
205459,2025-07-31 18,2025-07-31 21,WV,3,3,0,0,0,1,54049,39.36,-80.25999999999999,39.54,-80.06,,,,,,,
206157,2025-07-31 18,2025-08-01 01,NJ,17,19,0,0,65000,9,34001;34005;34007;34009;34023;34025;34027;34029;34035,39.22,-75.14,40.93,-74.18,,,,,,,
206172,2025-07-31 18,2025-07-31 22,DE,4,4,0,0,20000,1,10003,39.68,-75.59,39.86,-75.45,,,,,,,
206053,2025-07-31 19,2025-08-01 05,NM,4,4,0,0,0,2,35013;35035,31.94,-107.1,33.29,-105.65,,,,,,,
203989,2025-07-31 20,2025-07-31 22,VA,1,1,0,0,0,1,51023,37.61,-79.92,37.72,-79.81,,,,,,,
206731,2025-07-31 21,2025-08-01 00,MS,1,3,0,0,5000,1,28049,32.300000000000004,-90.19,32.43,-90.08,,,,,,,
206164,2025-07-31 22,2025-08-01 03,VA,7,7,0,0,0,5,51093;51095;51199;51700;51800,36.73,-76.76,37.33,-76.45,,,,,,,
204726,2025-07-31 23,2025-08-01 01,NC,2,2,0,0,8000,1,37167,35.18,-80.25999999999999,35.33,-80.12,,,,,,,
206259,2025-07-31 23,2025-08-01 00,AZ,2,2,0,0,500,2,04003;04019,31.78,-111.46,31.9,-110.22,,,,,,,
204111,2025-08-01 00,2025-08-01 02,CO,2,2,0,0,0,1,08123,40.76,-104.6,40.93,-104.33,,,,,,,
204450,2025-08-01 00,2025-08-01 02,CO,1,1,0,0,0,1,08041,38.71,-104.75,38.879999999999995,-104.62,,,,,,,
204451,2025-08-01 02,2025-08-01 05,CO,2,2,0,0,0,1,08043,38.370000000000005,-105.39,38.529999999999994,-105.2,,,,,,,
205286,2025-08-01 03,2025-08-01 06,MT,1,2,0,0,0,1,30013,47.410000000000004,-111.41,47.599999999999994,-111.3,,,,,,,
205191,2025-08-01 13,2025-08-01 16,OK,1,1,0,0,0,1,40143,36.040000000000006,-95.98,36.16,-95.87,,,,,,,
207249,2025-08-01 19,2025-08-01 21,VA,1,4,0,0,0,1,51640,36.61,-81.0,36.739999999999995,-80.88000000000001,,,,,,,
203847,2025-08-01 21,2025-08-02 21,NM,4,7,0,0,0,3,35007;35019;35027,33.31,-105.63,36.38,-104.68,,,,,,,
207183,2025-08-01 21,2025-08-01 22,MS,1,1,0,0,3000,1,28155,33.480000000000004,-89.33,33.599999999999994,-89.23,,,,,,,
203815,2025-08-01 22,2025-08-03 14,AL,5,21,1,1,0,4,01015;01019;01029;01073,33.42,-86.83,34.19,-85.34,,,,,,,
206592,2025-08-01 23,2025-08-02 04,NC,5,5,0,0,0,2,37079;37133,34.77,-77.77,35.5,-77.35,,,,,,,
207262,2025-08-01 23,2025-08-02 03,NC,1,3,0,0,350000,1,37111,35.6,-82.07,35.73,-81.88000000000001,,,,,,,
203789,2025-08-02 00,2025-08-02 01,SC,3,4,0,0,15000,1,45079,33.92,-81.09,34.05,-80.96000000000001,,,,,,,
205214,2025-08-02 00,2025-08-02 02,NC,2,1,0,0,40000,1,37191,35.21,-78.11999999999999,35.41,-77.93,,,,,,,
205805,2025-08-02 00,2025-08-02 03,TX,1,1,0,0,0,1,48183,32.32,-94.92999999999999,32.43,-94.82000000000001,,,,,,,
206829,2025-08-02 01,2025-08-03 05,TX,1,1,0,0,0,1,48465,29.88,-101.02,30.02,-100.9,,,,,,,
206892,2025-08-02 21,2025-08-02 22,GA,9,13,0,0,0,1,13051,31.97,-81.18,32.09,-81.08,,,,,,,
205842,2025-08-02 22,2025-08-03 04,TN,2,2,0,0,0,2,47025;47029,35.8,-83.48,36.58,-83.14,,,,,,,
205168,2025-08-02 23,2025-08-05 02,GA,6,6,0,0,50000,3,13027;13099;13177,30.99,-84.92,31.74,-83.51,,,,,,,
205846,2025-08-02 23,2025-08-03 02,VA,1,1,0,0,0,1,51195,36.99,-82.73,37.16,-82.59,,,,,,,
206830,2025-08-03 01,2025-08-03 03,TX,2,2,0,0,0,1,48029,29.39,-98.24,29.54,-98.09,,,,,,,
206780,2025-08-03 11,2025-08-03 12,SD,1,1,0,0,0,1,46005,44.53,-98.39,44.65,-98.28,,,,,,,
206450,2025-08-04 00,2025-08-04 00,KS,2,2,0,0,0,1,20057,37.68,-100.09,37.82,-99.97,,,,,,,
206576,2025-08-04 02,2025-08-04 02,SD,1,1,0,0,0,1,46085,44.010000000000005,-99.7,44.129999999999995,-99.60000000000001,,,,,,,
206893,2025-08-04 05,2025-08-04 06,GA,1,0,0,0,0,1,13051,31.98,-81.16,32.099999999999994,-81.05,,,,,,,
203927,2025-08-04 20,2025-08-05 03,IN,3,3,0,0,30000,3,18027;18093;18167,38.65,-87.33,39.31,-86.55,,,,,,,
206664,2025-08-04 20,2025-08-04 21,IL,1,1,0,0,5000,1,17065,38.02,-88.64999999999999,38.129999999999995,-88.54,,,,,,,
206526,2025-08-04 23,2025-08-05 00,IL,1,1,0,0,0,1,17101,38.68,-87.75,38.809999999999995,-87.64,,,,,,,
206665,2025-08-05 00,2025-08-05 01,KY,1,0,0,0,125000,1,21145,37.010000000000005,-88.69,37.129999999999995,-88.58,,,,,,,
207302,2025-08-05 08,2025-08-05 08,MT,1,1,0,0,2000,1,30075,45.190000000000005,-105.32,45.3,-105.2,,,,,,,
203967,2025-08-05 12,2025-08-05 14,SC,1,1,0,0,0,1,45065,33.82,-82.3,33.94,-82.18,,,,,,,
207266,2025-08-05 15,2025-08-05 17,NC,1,3,0,0,100000,1,37119,35.120000000000005,-80.91,35.239999999999995,-80.78,,,,,,,
207337,2025-08-05 16,2025-08-05 20,SC,1,5,0,0,2000,1,45091,34.89,-81.46,35.029999999999994,-81.33,,,,,,,
205215,2025-08-05 17,2025-08-05 19,NC,4,5,0,0,5000,1,37167,35.17,-80.45,35.39,-80.25,,,,,,,
206894,2025-08-05 21,2025-08-05 22,GA,3,3,0,0,0,1,13051,32.080000000000005,-81.32,32.23,-81.18,,,,,,,
206019,2025-08-05 23,2025-08-06 01,ND,1,2,0,0,20000,1,38051,46.02,-99.34,46.16,-99.21000000000001,,,,,,,
206896,2025-08-05 23,2025-08-06 00,SC,2,1,0,0,0,1,45029,32.85,-80.73,32.98,-80.61,,,,,,,
205479,2025-08-06 00,2025-08-06 03,ND,4,4,0,0,0,2,38003;38017,46.82,-98.04,46.94,-96.77,,,,,,,
206577,2025-08-06 02,2025-08-06 07,SD,3,4,0,0,0,3,46029;46091;46109,45.14,-97.88,45.92,-96.89,,,,,,,
205216,2025-08-06 14,2025-08-06 23,NC,7,8,2,0,128000,4,37037;37069;37127;37183,35.54,-79.34,35.97,-78.1,,,,,,,
207091,2025-08-06 14,2025-08-06 19,VA,4,4,0,0,0,2,51025;51117,36.64,-78.16,36.82,-77.78,,,,,,,
205454,2025-08-06 21,2025-08-07 05,NC,3,3,0,0,2000,2,37047;37129,34.24,-78.98,34.35,-77.76,,,,,,,
205602,2025-08-06 21,2025-08-06 22,FL,1,2,0,0,0,1,12019,30.05,-81.75,30.220000000000002,-81.64,,,,,,,
206593,2025-08-07 00,2025-08-07 02,NC,4,4,0,0,0,2,37103;37107,35.01,-77.7,35.23,-77.53,,,,,,,
207543,2025-08-07 14,2025-08-07 18,IA,1,1,0,0,0,1,19039,40.92,-93.77,41.029999999999994,-93.66,,,,,,,
208189,2025-08-08 04,2025-08-08 11,MI,1,0,0,0,5000,1,26033,46.71,-85.02,46.83,-84.9,,,,,,,
206902,2025-08-08 19,2025-08-08 21,GA,7,7,0,0,0,1,13051,31.970000000000002,-81.17,32.129999999999995,-81.0,,,,,,,
206620,2025-08-08 21,2025-08-08 22,TN,1,1,0,0,5000,1,47157,35.080000000000005,-90.06,35.19,-89.95,,,,,,,
206824,2025-08-09 08,2025-08-09 11,IA,1,1,0,0,0,1,19035,42.690000000000005,-95.6,42.8,-95.49000000000001,,,,,,,
206060,2025-08-09 12,2025-08-09 15,NE,1,1,0,0,0,1,31177,41.46,-96.34,41.58,-96.18,,,,,,,
206768,2025-08-09 12,2025-08-09 19,MN,1,1,0,0,10000,1,27031,47.77,-90.17999999999999,47.879999999999995,-90.06,,,,,,,
205295,2025-08-10 01,2025-08-10 17,WI,9,12,1,1,169126000,4,55079;55089;55131;55133,42.84,-88.39,43.37,-87.82,,,,,,,
206904,2025-08-10 04,2025-08-10 05,SC,1,2,0,0,0,1,45019,32.760000000000005,-80.0,32.87,-79.88000000000001,,,,,,,
207013,2025-08-10 05,2025-08-10 14,AZ,1,1,0,0,10000,1,04003,31.599999999999998,-110.00999999999999,31.720000000000002,-109.9,,,,,,,
206154,2025-08-10 07,2025-08-10 09,NE,1,1,0,0,0,1,31109,40.74,-96.86,40.85,-96.67,,,,,,,
206155,2025-08-10 09,2025-08-10 10,IA,1,1,0,0,97000,1,19129,40.86,-95.82,40.97,-95.7,,,,,,,
204326,2025-08-10 10,2025-08-10 17,IA,5,6,0,0,0,4,19061;19113;19139;19163,41.43,-91.64,42.45,-90.78,,,,,,,
206488,2025-08-10 11,2025-08-11 01,WI,3,3,0,0,330000,1,55043,42.83,-91.12,43.2,-90.55,,,,,,,
205394,2025-08-10 19,2025-08-10 22,MO,2,7,0,0,301000,2,29189;29510,38.48,-90.32,38.66,-90.18,,,,,,,
204129,2025-08-10 21,2025-08-10 21,CO,1,1,0,0,0,1,08001,39.760000000000005,-104.8,39.87,-104.7,,,,,,,
205180,2025-08-10 22,2025-08-11 13,AZ,1,1,0,0,0,1,04005,34.870000000000005,-110.86,34.98,-110.75,,,,,,,
206490,2025-08-10 23,2025-08-10 23,IA,1,1,0,0,1000,1,19043,42.78,-91.16,42.89,-91.05,,,,,,,
206613,2025-08-11 00,2025-08-11 00,FL,2,4,0,0,125000,1,12103,27.7,-82.82,27.830000000000002,-82.68,,,,,,,
205386,2025-08-11 02,2025-08-11 04,KS,1,3,0,0,2000,1,20023,39.71,-101.86999999999999,39.82,-101.73,,,,,,,
205703,2025-08-11 04,2025-08-11 06,KS,1,1,0,0,0,1,20019,37.040000000000006,-96.57,37.15,-96.43,,,,,,,
207015,2025-08-11 04,2025-08-11 04,KS,1,1,0,0,0,1,20081,37.42,-100.89999999999999,37.54,-100.79,,,,,,,
206907,2025-08-11 14,2025-08-11 16,SC,11,11,0,0,0,1,45019,32.720000000000006,-79.97,32.87,-79.85,,,,,,,
206594,2025-08-11 19,2025-08-11 20,NC,1,1,0,0,0,1,37147,35.550000000000004,-77.39,35.669999999999995,-77.25,,,,,,,
205217,2025-08-11 20,2025-08-12 01,NC,10,11,0,0,55000,4,37069;37181;37183;37191,35.4,-78.65,36.25,-77.98,,,,,,,
205456,2025-08-11 22,2025-08-11 23,SC,1,1,0,0,0,1,45051,33.790000000000006,-79.07,33.9,-78.96000000000001,,,,,,,
204213,2025-08-12 00,2025-08-12 02,TX,3,4,0,0,13000,2,48375;48381,34.96,-101.88,35.21,-101.68,,,,,,,
204182,2025-08-12 01,2025-08-12 01,NM,1,1,0,0,0,1,35041,34.11,-103.36999999999999,34.22,-103.26,,,,,,,
205455,2025-08-12 01,2025-08-12 02,NC,1,1,0,0,3000,1,37017,34.32,-78.36999999999999,34.44,-78.26,,,,,,,
206699,2025-08-12 07,2025-08-13 15,TX,2,2,0,0,10000,2,48147;48349,32.11,-96.61,33.56,-95.88,,,,,,,
204989,2025-08-12 13,2025-08-12 14,SC,1,1,0,0,5000,1,45071,34.1,-81.49,34.23,-81.36,,,,,,,
205019,2025-08-12 20,2025-08-12 21,MO,1,1,0,0,1000,1,29510,38.62,-90.25999999999999,38.72,-90.13000000000001,,,,,,,
205522,2025-08-12 20,2025-08-13 01,IL,8,9,0,0,0,3,17031;17043;17197,41.54,-88.04,42.03,-87.63,,,,,,,
206527,2025-08-12 21,2025-08-13 00,IL,2,0,0,0,0,1,17115,39.78,-89.05,39.949999999999996,-88.91,,,,,,,
205640,2025-08-12 22,2025-08-13 01,TN,4,4,1,0,1700000,1,47065,34.940000000000005,-85.27,35.099999999999994,-85.15,,,,,,,
206735,2025-08-13 02,2025-08-13 04,TX,1,3,0,0,0,1,48141,31.74,-106.58,31.85,-106.45,,,,,,,
206774,2025-08-13 09,2025-08-13 09,AL,1,1,0,0,0,1,01003,30.45,-87.92999999999999,30.560000000000002,-87.82000000000001,,,,,,,
204293,2025-08-13 13,2025-08-13 20,TN,3,3,0,0,0,2,47051;47127,35.190000000000005,-86.38,35.33,-86.17,,,,,,,
204292,2025-08-13 14,2025-08-13 20,AL,1,1,0,0,0,1,01071,34.78,-86.3,34.89,-86.19,,,,,,,
206323,2025-08-13 14,2025-08-13 16,TN,4,4,0,0,0,2,47093;47163,35.91,-84.06,36.52,-82.2,,,,,,,
206611,2025-08-13 15,2025-08-13 16,WV,3,5,0,0,20000,1,54061,39.56,-80.05,39.699999999999996,-79.91,,,,,,,
207028,2025-08-13 18,2025-08-13 20,PA,5,5,0,0,47000,2,42069;42079,41.23,-75.92,41.42,-75.63,,,,,,,
204684,2025-08-13 19,2025-08-13 22,VA,2,2,0,0,0,2,51059;51165,38.44,-78.97,38.93,-77.16,,,,,,,
204914,2025-08-13 20,2025-08-14 06,WV,8,9,0,0,0,4,54011;54087;54105;54107,38.38,-82.46,39.23,-81.25,,,,,,,
207208,2025-08-13 20,2025-08-13 20,CT,1,1,0,0,0,1,09009,41.46,-73.17999999999999,41.57,-73.07000000000001,,,,,,,
204685,2025-08-13 22,2025-08-13 23,MD,2,2,0,0,0,2,24005;24025,39.27,-76.5,39.42,-76.37,,,,,,,
204381,2025-08-13 23,2025-08-14 00,MA,2,2,0,0,0,1,25009,42.59,-71.16,42.73,-70.95,,,,,,,
206635,2025-08-13 23,2025-08-14 01,PA,1,1,0,0,0,1,42101,39.95,-75.14999999999999,40.08,-75.02,,,,,,,
206636,2025-08-13 23,2025-08-14 02,NJ,2,2,0,0,0,1,34005,40.010000000000005,-74.96,40.129999999999995,-74.76,,,,,,,
207157,2025-08-13 23,2025-08-13 23,NH,2,2,0,0,0,1,33011,42.690000000000005,-71.53999999999999,42.82,-71.41,,,,,,,
207210,2025-08-13 23,2025-08-13 23,NJ,3,3,0,0,0,3,34013;34017;34039,40.61,-74.26,40.76,-74.16,,,,,,,
207212,2025-08-13 23,2025-08-14 00,NY,1,1,0,0,0,1,36081,40.64,-73.86,40.76,-73.75,,,,,,,
207689,2025-08-14 00,2025-08-14 02,OH,1,0,0,0,0,1,39155,41.1,-80.81,41.209999999999994,-80.7,,,,,,,
206612,2025-08-14 01,2025-08-14 02,PA,1,1,0,0,5000,1,42007,40.63,-80.24,40.739999999999995,-80.13000000000001,,,,,,,
204912,2025-08-14 02,2025-08-14 06,OH,1,2,0,0,0,1,39087,38.38,-82.44,38.5,-82.33,,,,,,,
204683,2025-08-14 20,2025-08-14 21,MD,1,1,0,0,0,1,24005,39.230000000000004,-76.55,39.339999999999996,-76.43,,,,,,,
206595,2025-08-14 21,2025-08-14 22,NC,2,2,0,0,0,2,37049;37137,35.1,-77.12,35.23,-76.88,,,,,,,
207092,2025-08-14 22,2025-08-15 01,VA,7,7,0,0,0,3,51183;51199;51810,36.79,-77.0,37.17,-76.08,,,,,,,
207130,2025-08-14 22,2025-08-14 22,MD,1,1,0,0,0,1,24045,38.34,-75.61999999999999,38.449999999999996,-75.51,,,,,,,
206659,2025-08-14 23,2025-08-15 00,LA,1,2,0,0,5000,1,22079,31.21,-92.55,31.32,-92.44,,,,,,,
205218,2025-08-15 03,2025-08-15 06,NC,5,5,0,0,10000,1,37183,35.71,-78.74,35.87,-78.61,,,,,,,
206559,2025-08-15 05,2025-08-15 08,AZ,4,3,0,0,0,1,04013,33.53,-112.09,33.709999999999994,-111.95,,,,,,,
206790,2025-08-15 11,2025-08-15 15,SD,1,0,0,0,0,1,46091,45.720000000000006,-97.77,45.87,-97.67,,,,,,,
204583,2025-08-15 22,2025-08-16 00,IA,1,1,0,0,0,1,19011,42.11,-92.08,42.22,-91.97,,,,,,,
205896,2025-08-16 00,2025-08-16 00,FL,1,1,0,0,0,1,12083,29.13,-82.2,29.25,-82.09,,,,,,,
206560,2025-08-16 00,2025-08-16 06,AZ,2,2,0,0,0,2,04012;04013,32.95,-113.95,33.9,-112.7,,,,,,,
205071,2025-08-16 03,2025-08-16 05,SC,2,2,0,0,10000,1,45079,33.980000000000004,-81.14999999999999,34.099999999999994,-80.99000000000001,,,,,,,
204710,2025-08-16 07,2025-08-16 17,PA,2,2,0,0,0,2,42055;42107,39.74,-77.56,40.6,-76.26,,,,,,,
205087,2025-08-16 17,2025-08-16 19,SC,5,5,0,0,0,3,45003;45037;45065,33.52,-82.21,33.95,-81.78,,,,,,,
206911,2025-08-16 17,2025-08-16 21,SC,19,16,0,0,0,3,45013;45019;45035,32.24,-80.9,33.0,-79.92,,,,,,,
207019,2025-08-16 23,2025-08-17 00,AZ,3,3,0,0,7000,1,04019,32.18,-111.02,32.3,-110.88000000000001,,,,,,,
206493,2025-08-17 06,2025-08-17 06,WI,1,1,0,0,75000,1,55043,42.800000000000004,-90.77,42.91,-90.64,,,,,,,
206260,2025-08-17 07,2025-08-17 15,IL,14,18,0,0,288315000,5,17031;17043;17089;17093;17197,41.64,-88.4,42.03,-87.52,,,,,,,
206905,2025-08-17 10,2025-08-17 15,MN,3,1,0,0,0,1,27083,44.22,-95.91,44.42,-95.61,,,,,,,
206744,2025-08-17 11,2025-08-18 07,MN,5,3,0,0,0,4,27091;27127;27147;27161,43.59,-95.51,44.24,-93.22,,,,,,,
204612,2025-08-17 22,2025-08-17 23,TX,2,3,0,0,0,1,48303,33.470000000000006,-102.0,33.64,-101.84,,,,,,,
207214,2025-08-17 22,2025-08-17 23,NJ,1,1,0,0,0,1,34039,40.650000000000006,-74.46,40.76,-74.35000000000001,,,,,,,
206334,2025-08-18 00,2025-08-18 03,IL,2,2,0,0,0,1,17099,41.28,-89.17,41.4,-89.03,,,,,,,
206639,2025-08-18 01,2025-08-18 04,NJ,4,4,0,0,10000,1,34005,39.97,-74.92,40.11,-74.78,,,,,,,
206637,2025-08-18 02,2025-08-18 04,PA,1,2,0,0,0,1,42101,40.040000000000006,-75.1,40.16,-74.98,,,,,,,
207042,2025-08-18 04,2025-08-18 08,WI,1,1,0,0,0,1,55091,44.480000000000004,-92.11,44.589999999999996,-92.0,,,,,,,
206736,2025-08-18 08,2025-08-19 01,NM,2,2,0,0,0,1,35013,31.94,-107.1,32.69,-106.66,,,,,,,
206579,2025-08-18 12,2025-08-18 16,IA,4,4,0,0,20000,2,19037;19191,43.11,-92.36,43.29,-91.77,,,,,,,
207093,2025-08-18 21,2025-08-19 00,VA,6,6,0,0,0,4,51095;51199;51650;51700,37.04,-76.63,37.24,-76.41,,,,,,,
206401,2025-08-18 22,2025-08-20 03,IL,17,32,0,0,8755000,8,17031;17037;17043;17093;17099;17103;17197;17201,41.33,-89.11,42.46,-87.52,,,,,,,
206857,2025-08-18 23,2025-08-18 23,FL,1,1,0,0,35000,1,12119,28.779999999999998,-82.1,28.89,-81.99000000000001,,,,,,,
204581,2025-08-19 00,2025-08-19 03,WI,1,1,0,0,50000,1,55105,42.440000000000005,-89.14999999999999,42.62,-89.03,,,,,,,
206737,2025-08-19 00,2025-08-19 02,TX,1,1,0,0,0,1,48141,31.849999999999998,-106.66,31.970000000000002,-106.55,,,,,,,
207132,2025-08-19 01,2025-08-19 05,IN,1,8,0,0,4000000,1,18089,41.61,-87.53,41.71,-87.33,,,,,,,
207094,2025-08-19 11,2025-08-19 15,VA,7,7,0,0,0,2,51001;51131,37.47,-75.86,37.73,-75.66,,,,,,,
206738,2025-08-19 23,2025-08-20 00,TX,1,1,0,0,0,1,48141,31.8,-106.64999999999999,31.92,-106.54,,,,,,,
204597,2025-08-20 18,2025-08-21 04,AL,2,2,0,0,0,2,01049;01089,34.49,-86.65,34.73,-85.74,,,,,,,
204682,2025-08-20 20,2025-08-20 21,WV,1,0,0,0,0,1,54071,38.730000000000004,-79.47,38.839999999999996,-79.35000000000001,,,,,,,
207250,2025-08-20 21,2025-08-20 23,NC,1,1,0,0,0,1,37009,36.36,-81.53999999999999,36.47,-81.43,,,,,,,
207251,2025-08-20 21,2025-08-20 23,WV,1,1,0,0,0,1,54025,37.68,-80.53999999999999,37.79,-80.43,,,,,,,
204654,2025-08-20 22,2025-08-21 02,AL,1,1,0,0,0,1,01073,33.5,-86.78999999999999,33.629999999999995,-86.61,,,,,,,
206856,2025-08-20 23,2025-08-21 01,LA,1,1,0,0,0,1,22069,31.48,-92.97,31.59,-92.87,,,,,,,
207237,2025-08-21 20,2025-08-21 23,LA,4,4,0,0,0,1,22109,29.529999999999998,-90.78999999999999,29.650000000000002,-90.65,,,,,,,
204776,2025-08-21 23,2025-08-22 02,VA,4,0,0,0,215000,1,51161,37.230000000000004,-80.06,37.37,-79.91,,,,,,,
205511,2025-08-22 00,2025-08-22 09,AZ,1,1,0,0,0,1,04025,34.440000000000005,-112.28999999999999,34.54,-112.18,,,,,,,
204789,2025-08-22 02,2025-08-22 04,NC,2,3,0,0,150000,2,37169;37171,36.28,-80.46,36.39,-80.34,,,,,,,
206936,2025-08-22 03,2025-08-22 17,SD,1,0,0,0,0,1,46029,44.88,-97.08,45.01,-96.98,,,,,,,
206928,2025-08-22 05,2025-08-22 10,SD,1,1,0,0,0,1,46005,44.480000000000004,-98.09,44.599999999999994,-97.98,,,,,,,
206914,2025-08-22 15,2025-08-22 22,SC,21,22,0,0,0,3,45015;45019;45035,32.77,-80.29,33.1,-79.85,,,,,,,
206915,2025-08-22 22,2025-08-23 00,GA,4,4,0,0,0,3,13029;13051;13103,31.85,-81.35,32.2,-81.24,,,,,,,
205171,2025-08-23 01,2025-08-23 22,GA,3,3,0,0,0,2,13095;13185,30.78,-84.17,31.58,-83.29,,,,,,,
206916,2025-08-23 11,2025-08-23 17,SC,13,9,0,0,0,1,45019,32.7,-80.13,32.81,-79.94,,,,,,,
206917,2025-08-23 18,2025-08-23 19,GA,2,2,0,0,0,1,13029,31.86,-81.36999999999999,31.990000000000002,-81.25,,,,,,,
205226,2025-08-24 04,2025-08-24 07,AL,2,2,0,0,0,2,01051;01101,32.28,-86.31,32.56,-86.1,,,,,,,
206967,2025-08-24 18,2025-08-24 19,CO,2,4,0,0,0,1,08103,39.75,-108.05,40.02,-107.88000000000001,,,,,,,
205154,2025-08-24 23,2025-08-25 01,NM,1,1,0,0,0,1,35043,35.81,-106.69,35.919999999999995,-106.58,,,,,,,
207029,2025-08-25 01,2025-08-25 03,NY,2,2,0,0,10000,1,36101,42.1,-77.14999999999999,42.23,-77.03,,,,,,,
204993,2025-08-25 02,2025-08-25 03,UT,1,1,0,0,0,1,49023,39.650000000000006,-111.86,39.769999999999996,-111.75,,,,,,,
205512,2025-08-25 03,2025-08-25 14,AZ,1,1,0,0,0,1,04005,36.85,-111.46,36.959999999999994,-111.35000000000001,,,,,,,
207145,2025-08-25 13,2025-08-25 16,KS,3,0,0,0,0,1,20033,37.11,-99.62,37.39,-99.27,,,,,,,
206431,2025-08-25 21,2025-08-26 00,CO,5,0,0,0,0,1,08041,38.75,-104.81,39.04,-104.65,,,,,,,
205157,2025-08-25 22,2025-08-26 00,NV,1,1,0,0,0,1,32031,39.510000000000005,-119.55,39.629999999999995,-119.44,,,,,,,
207035,2025-08-25 22,2025-08-26 00,AZ,2,2,0,0,2000,2,04019;04021,31.55,-111.79,32.6,-111.31,,,,,,,
207241,2025-08-25 22,2025-08-26 01,CA,5,9,0,0,2500000,2,06025;06071,32.68,-116.1,34.08,-114.83,,,,,,,
207291,2025-08-25 22,2025-08-27 04,CA,6,9,0,0,65000,2,06027;06071,34.13,-117.4,36.6,-116.05,,,,,,,
205302,2025-08-26 00,2025-08-28 07,UT,9,9,0,0,535000,4,49015;49025;49049;49053,37.0,-113.0,40.22,-110.1,,,,,,,
207065,2025-08-26 00,2025-08-26 02,AZ,4,4,0,0,0,1,04027,32.61,-114.53,32.75,-113.95,,,,,,,
205542,2025-08-26 03,2025-08-26 13,AZ,1,1,0,0,0,1,04025,34.49,-112.50999999999999,34.599999999999994,-112.4,,,,,,,
205149,2025-08-26 20,2025-08-27 02,NM,2,2,0,0,50000,2,35006;35033,35.01,-107.83,36.0,-105.36,,,,,,,
205137,2025-08-26 21,2025-08-27 02,NV,6,7,0,0,0,4,32019;32021;32029;32031,38.48,-119.96,39.85,-118.64,,,,,,,
205550,2025-08-26 21,2025-08-27 11,AZ,5,4,0,0,0,2,04005;04025,34.31,-112.06,36.97,-111.74,,,,,,,
205136,2025-08-26 23,2025-08-26 23,CA,1,1,0,0,0,1,06057,39.35,-120.1,39.489999999999995,-119.98,,,,,,,
206969,2025-08-26 23,2025-08-26 23,UT,1,0,0,0,0,1,49037,37.21,-109.95,37.33,-109.85,,,,,,,
207702,2025-08-27 00,2025-08-27 03,ID,3,5,0,0,0,2,16001;16015,43.59,-115.93,44.28,-115.22,,,,,,,
205138,2025-08-27 21,2025-08-27 21,CA,1,1,0,0,0,1,06057,39.34,-120.08,39.449999999999996,-119.97,,,,,,,
205139,2025-08-27 22,2025-08-27 23,NV,3,3,0,0,0,2,32029;32031,39.29,-119.66,39.58,-119.47,,,,,,,
207271,2025-08-27 23,2025-08-28 00,WY,1,0,0,0,0,1,56013,42.440000000000005,-107.89,42.55,-107.78,,,,,,,
207148,2025-08-28 00,2025-08-28 06,KS,2,2,0,0,0,2,20187;20195,37.48,-101.86,38.92,-99.85,,,,,,,
205222,2025-08-28 10,2025-08-28 19,AR,4,3,0,0,0,3,05029;05071;05119,34.79,-93.6,35.67,-92.26,,,,,,,
205707,2025-08-28 10,2025-08-28 12,KS,1,1,0,6,0,1,20191,37.3,-97.38,37.42,-97.24000000000001,,,,,,,
205337,2025-08-28 12,2025-08-28 15,AR,1,1,0,0,0,1,05143,35.980000000000004,-94.27,36.129999999999995,-94.15,,,,,,,
206166,2025-08-29 06,2025-08-29 08,CO,1,0,0,0,1000,1,08017,38.89,-103.13,39.0,-103.02,,,,,,,
206882,2025-08-29 10,2025-08-29 17,LA,7,7,0,0,0,2,22017;22059,31.67,-93.91,32.5,-92.1,,,,,,,
206883,2025-08-29 13,2025-08-29 19,TX,6,6,0,0,0,3,48063;48183;48419,31.95,-95.01,33.0,-94.04,,,,,,,
205153,2025-08-29 20,2025-08-30 06,NM,3,3,0,0,0,3,35027;35039;35041,33.3,-106.0,36.01,-103.35,,,,,,,
206434,2025-08-29 23,2025-08-30 02,CO,1,1,0,0,0,1,08009,37.34,-102.2,37.51,-102.10000000000001,,,,,,,
205440,2025-08-30 00,2025-08-30 02,TX,2,2,0,0,25000,1,48135,31.83,-102.4,31.95,-102.3,,,,,,,
206739,2025-08-30 01,2025-08-30 02,TX,1,1,0,0,0,1,48141,31.49,-106.16,31.62,-106.02,,,,,,,
206661,2025-08-30 14,2025-08-30 16,LA,1,3,0,0,10000,1,22019,30.16,-93.42999999999999,30.27,-93.3,,,,,,,
206807,2025-08-30 17,2025-09-01 05,TX,9,13,0,0,35000,3,48085;48113;48397,32.79,-96.93,33.04,-96.33,,,,,,,
205172,2025-08-31 12,2025-08-31 18,NM,1,1,0,0,0,1,35005,32.93,-104.47,33.05,-104.36,,,,,,,
205357,2025-08-31 19,2025-08-31 20,TX,1,15,0,0,75000,1,48201,29.61,-95.47,29.73,-95.28,,,,,,,
206740,2025-08-31 23,2025-09-01 00,NM,1,1,0,0,0,1,35023,32.190000000000005,-109.02,32.33,-108.86,,,,,,,
206833,2025-08-31 23,2025-09-01 03,TX,7,8,2,0,0,2,48029;48259,29.28,-98.59,29.99,-98.41,,,,,,,
207036,2025-09-01 00,2025-09-01 06,AZ,2,1,0,0,4000,1,04003,32.150000000000006,-109.2,32.29,-109.02,,,,,,,
207760,2025-09-01 09,2025-09-01 12,NE,1,1,0,0,0,1,31151,40.59,-97.17,40.75,-97.01,,,,,,,
205341,2025-09-02 14,2025-09-02 19,AL,1,0,0,0,0,1,01077,34.650000000000006,-87.48,34.769999999999996,-87.37,,,,,,,
206988,2025-09-03 00,2025-09-03 01,CA,2,2,0,0,0,1,06111,34.620000000000005,-119.4,34.779999999999994,-119.3,,,,,,,
205998,2025-09-03 22,2025-09-04 19,AZ,2,2,0,0,0,2,04007;04017,34.02,-111.29,36.71,-110.21,,,,,,,
207055,2025-09-04 04,2025-09-04 10,AZ,3,1,0,0,10000,2,04007;04013,32.91,-112.09,33.63,-111.88,,,,,,,
205340,2025-09-05 00,2025-09-07 21,UT,3,3,0,1,0,2,49017;49025,37.14,-111.94,38.14,-110.38,,,,,,,
207828,2025-09-05 00,2025-09-05 02,CO,1,0,0,0,20000,1,08077,38.940000000000005,-108.64,39.11,-108.49000000000001,,,,,,,
207867,2025-09-05 00,2025-09-06 00,CA,3,4,0,0,16000,2,06027;06071,34.9,-118.24,36.59,-115.08,,,,,,,
207064,2025-09-05 02,2025-09-05 06,AZ,10,6,0,0,52000,1,04027,32.67,-114.66,32.87,-114.33,,,,,,,
206006,2025-09-05 03,2025-09-05 15,AZ,2,1,0,0,0,1,04005,36.22,-112.7,36.52,-111.86,,,,,,,
207868,2025-09-05 08,2025-09-06 16,NV,7,13,0,1,159000,3,32003;32017;32023,36.12,-116.04,37.71,-114.44,,,,,,,
207866,2025-09-05 11,2025-09-06 12,AZ,12,17,0,0,1084000,1,04015,34.75,-114.65,36.12,-113.85,,,,,,,
205368,2025-09-06 00,2025-09-06 02,NM,1,2,0,0,0,1,35049,35.82,-106.13,35.949999999999996,-106.02,,,,,,,
207374,2025-09-06 16,2025-09-06 16,TX,2,2,0,0,4000,1,48099,31.23,-98.0,31.38,-97.86,,,,,,,
207450,2025-09-06 23,2025-09-07 01,NJ,2,2,0,0,10000,1,34025,40.24,-74.11,40.379999999999995,-73.92,,,,,,,
207578,2025-09-06 23,2025-09-07 00,SC,3,3,0,0,45000,1,45063,33.93,-81.16,34.05,-81.01,,,,,,,
207654,2025-09-07 02,2025-09-07 02,AZ,1,1,0,0,2000,1,04019,32.14,-111.23,32.25,-111.12,,,,,,,
205407,2025-09-07 13,2025-09-07 21,TX,3,3,0,0,0,2,48469;48479,27.57,-99.51,28.83,-96.97,,,,,,,
207491,2025-09-07 14,2025-09-07 14,TX,1,1,0,0,0,1,48435,30.57,-100.81,30.67,-100.65,,,,,,,
207624,2025-09-07 19,2025-09-07 22,TX,2,2,0,0,0,1,48323,28.65,-100.55,28.78,-100.43,,,,,,,
206503,2025-09-07 20,2025-09-07 22,SC,12,13,0,0,0,1,45019,32.720000000000006,-80.03,32.879999999999995,-79.92,,,,,,,
207793,2025-09-08 15,2025-09-08 22,KS,4,4,0,0,0,3,20053;20105;20169,38.71,-98.26,39.03,-97.85,,,,,,,
206642,2025-09-09 01,2025-09-09 04,OK,1,1,0,0,0,1,40045,36.45,-100.03999999999999,36.559999999999995,-99.87,,,,,,,
207053,2025-09-09 21,2025-09-09 23,ID,1,0,0,0,0,1,16037,44.31,-114.36,44.459999999999994,-114.23,,,,,,,
207120,2025-09-10 00,2025-09-10 02,TX,1,1,0,0,3000,1,48011,35.09,-101.36999999999999,35.2,-101.23,,,,,,,
207769,2025-09-11 17,2025-09-11 20,ND,1,1,0,0,0,1,38071,48.150000000000006,-99.08,48.269999999999996,-98.92,,,,,,,
207721,2025-09-12 03,2025-09-12 21,ID,1,0,0,0,10000,1,16049,45.980000000000004,-116.2,46.089999999999996,-116.09,,,,,,,
207728,2025-09-12 20,2025-09-12 20,UT,2,1,0,0,33000,1,49019,38.57,-109.64,38.74,-109.45,,,,,,,
207727,2025-09-12 21,2025-09-12 22,CO,2,1,0,0,34000,1,08007,37.03,-107.41,37.21,-107.23,,,,,,,
207655,2025-09-13 03,2025-09-14 00,AZ,2,1,1,0,4000,1,04003,31.99,-110.31,32.21,-109.22,,,,,,,
205661,2025-09-13 17,2025-09-14 00,UT,1,1,0,1,0,1,49015,38.92,-110.28,39.04,-110.10000000000001,,,,,,,
205925,2025-09-13 20,2025-09-14 01,TX,3,3,0,0,210000,2,48115;48317,32.3,-102.02,32.76,-101.83,,,,,,,
205924,2025-09-13 21,2025-09-14 02,NM,4,4,0,0,0,1,35015,32.78,-104.45,32.91,-104.32000000000001,,,,,,,
207521,2025-09-14 19,2025-09-14 23,ND,2,0,0,0,550000,2,38015;38059,46.62,-100.89,46.88,-100.64,,,,,,,
207756,2025-09-16 12,2025-09-16 22,VA,12,12,0,0,0,4,51131;51550;51710;51810,36.71,-76.29,37.18,-75.97,,,,,,,
205738,2025-09-16 22,2025-09-17 00,NM,1,1,0,0,0,1,35043,35.31,-106.56,35.43,-106.44,,,,,,,
206683,2025-09-16 22,2025-09-17 01,NE,1,2,0,0,0,1,31145,40.17,-100.71,40.279999999999994,-100.57000000000001,,,,,,,
207177,2025-09-17 00,2025-09-17 01,SD,1,1,0,0,0,1,46099,43.45,-96.85,43.57,-96.74000000000001,,,,,,,
208321,2025-09-17 01,2025-09-17 02,IA,1,1,0,0,0,1,19187,42.45,-94.23,42.559999999999995,-94.12,,,,,,,
207248,2025-09-17 22,2025-09-19 04,CA,11,11,0,0,50000,2,06025;06065,32.69,-115.81,34.03,-114.72,,,,,,,
207743,2025-09-18 01,2025-09-18 01,AZ,1,1,0,0,500,1,04019,32.18,-111.00999999999999,32.29,-110.9,,,,,,,
207870,2025-09-18 16,2025-09-20 03,CA,7,8,1,1,55000,2,06027;06071,34.12,-117.13,36.49,-115.71,,,,,,,
207252,2025-09-18 21,2025-09-19 05,AZ,3,3,0,0,0,2,04007;04012,33.36,-114.25,33.92,-110.56,,,,,,,
205852,2025-09-19 00,2025-09-19 08,CA,3,7,0,0,0,1,06029,34.95,-119.2,35.65,-117.98,,,,,,,
205901,2025-09-19 00,2025-09-19 03,TX,1,0,0,0,0,1,48189,34.010000000000005,-101.89999999999999,34.12,-101.79,,,,,,,
207774,2025-09-19 02,2025-09-19 02,AZ,2,2,0,0,60000,1,04019,32.13,-110.89999999999999,32.26,-110.79,,,,,,,
207293,2025-09-19 11,2025-09-19 12,AZ,1,1,0,0,20000,1,04013,33.71,-112.17,33.82,-112.05,,,,,,,
205933,2025-09-19 20,2025-09-20 02,AL,1,1,0,0,0,1,01059,34.45,-87.8,34.559999999999995,-87.68,,,,,,,
207586,2025-09-20 02,2025-09-20 04,NM,1,1,0,0,0,1,35013,32.470000000000006,-107.09,32.65,-106.95,,,,,,,
207617,2025-09-20 20,2025-09-20 20,SC,1,3,0,0,0,1,45079,33.93,-81.08,34.04,-80.97,,,,,,,
207765,2025-09-20 20,2025-09-20 21,VA,5,5,0,0,0,2,51087;51760,37.48,-77.63,37.66,-77.34,,,,,,,
206646,2025-09-21 00,2025-09-21 03,OK,1,0,0,0,0,1,40047,36.21,-97.95,36.32,-97.83,,,,,,,
205978,2025-09-21 02,2025-09-21 04,WV,1,1,0,0,0,1,54019,37.95,-81.22,38.059999999999995,-81.11,,,,,,,
206307,2025-09-21 03,2025-09-21 10,MO,4,4,0,0,0,2,29009;29109,36.65,-94.02,36.97,-93.85,,,,,,,
207625,2025-09-22 09,2025-09-22 17,TX,4,4,0,0,13000,2,48085;48121,33.2,-97.31,33.33,-96.59,,,,,,,
207294,2025-09-22 11,2025-09-22 13,CA,1,1,0,0,0,1,06025,32.970000000000006,-114.99,33.129999999999995,-114.84,,,,,,,
206246,2025-09-22 12,2025-09-24 20,AR,7,7,0,0,0,3,05013;05071;05083,33.56,-93.65,35.7,-92.49,,,,,,,
206481,2025-09-22 18,2025-09-22 19,TX,3,3,0,0,0,1,48355,27.72,-97.49,27.84,-97.37,,,,,,,
205994,2025-09-23 16,2025-09-23 22,AL,1,1,0,0,0,1,01089,34.86,-86.71,34.97,-86.60000000000001,,,,,,,
206399,2025-09-23 18,2025-09-24 00,MO,4,6,0,0,0,3,29009;29119;29213,36.56,-94.11,36.82,-93.13,,,,,,,
206974,2025-09-23 21,2025-09-24 03,AR,5,5,0,0,50000,2,05047;05143,35.28,-94.33,36.02,-93.71,,,,,,,
206029,2025-09-23 22,2025-09-24 00,PA,2,2,0,0,0,1,42071,39.99,-76.34,40.11,-76.22,,,,,,,
207537,2025-09-24 03,2025-09-24 05,TN,2,2,0,0,15000,1,47157,35.06,-89.95,35.27,-89.81,,,,,,,
206881,2025-09-24 13,2025-09-24 21,AR,4,4,0,0,0,2,05027;05139,33.18,-93.42,33.36,-92.67,,,,,,,
206937,2025-09-24 18,2025-09-24 20,LA,3,2,0,0,0,2,22015;22017,32.54,-93.82,32.68,-93.68,,,,,,,
206208,2025-09-24 21,2025-09-25 00,WV,3,4,0,0,0,2,54011;54099,38.28,-82.55,38.43,-82.36,,,,,,,
207011,2025-09-24 23,2025-09-25 02,KY,1,2,0,0,10000,1,21105,36.61,-89.06,36.73,-88.95,,,,,,,
206206,2025-09-25 06,2025-09-25 12,KY,2,6,0,0,0,1,21089,38.45,-82.81,38.599999999999994,-82.66,,,,,,,
206479,2025-09-25 09,2025-09-25 09,TX,2,2,0,0,0,1,48479,27.4,-99.52,27.52,-99.4,,,,,,,
206207,2025-09-25 11,2025-09-25 12,OH,1,1,0,0,0,1,39087,38.46,-82.71,38.58,-82.58,,,,,,,
206300,2025-09-25 13,2025-09-25 14,MA,1,1,0,0,0,1,25005,41.620000000000005,-71.2,41.73,-71.09,,,,,,,
206301,2025-09-25 13,2025-09-25 14,RI,1,1,0,0,0,1,44001,41.620000000000005,-71.33,41.73,-71.22,,,,,,,
207295,2025-09-25 21,2025-09-28 05,AZ,42,38,4,0,25725000,4,04007;04013;04021;04027,32.62,-114.38,33.85,-110.67,,,,,,,
207776,2025-09-25 22,2025-09-26 06,AZ,3,2,0,0,62000,2,04003;04019,31.75,-110.71,32.32,-109.48,,,,,,,
206292,2025-09-25 23,2025-09-26 04,NV,2,2,0,0,0,1,32005,38.82,-119.75,38.959999999999994,-119.63000000000001,,,,,,,
207711,2025-09-26 00,2025-09-26 03,NM,3,3,0,0,0,2,35013;35017,32.64,-108.15,32.99,-107.1,,,,,,,
206951,2025-09-26 01,2025-09-29 14,UT,4,4,0,0,0,4,49015;49017;49025;49053,37.0,-113.47,38.6,-110.41,,,,,,,
207872,2025-09-26 20,2025-09-28 21,AZ,7,10,0,0,18000,1,04015,35.01,-114.57,36.01,-114.06,,,,,,,
207873,2025-09-26 23,2025-09-28 01,CA,9,9,0,0,68000,1,06071,34.1,-116.44,35.46,-114.82,,,,,,,
206522,2025-09-27 01,2025-09-29 05,AZ,9,14,0,0,0,3,04005;04007;04025,34.31,-112.69,36.24,-111.34,,,,,,,
207348,2025-09-27 17,2025-09-27 22,CA,5,5,0,0,20000,1,06025,32.74,-114.94,33.06,-114.53,,,,,,,
207597,2025-09-27 17,2025-09-27 19,TN,1,1,0,0,0,1,47073,36.470000000000006,-82.86999999999999,36.589999999999996,-82.76,,,,,,,
207856,2025-09-27 17,2025-09-27 22,VA,14,14,0,0,0,8,51041;51053;51183;51199;51650;51710;51740;51810,36.82,-77.49,37.41,-76.06,,,,,,,
206468,2025-09-27 22,2025-09-29 04,NM,7,7,1,0,95000,5,35001;35005;35006;35027;35031,33.08,-108.77,35.78,-104.55,,,,,,,
207703,2025-09-28 05,2025-09-28 06,NM,1,1,0,0,0,1,35051,33.330000000000005,-107.52,33.459999999999994,-107.41,,,,,,,
206617,2025-09-28 18,2025-09-28 21,TX,1,1,0,0,0,1,48243,30.74,-103.95,30.86,-103.82000000000001,,,,,,,
207712,2025-09-28 22,2025-09-29 00,TX,1,1,0,0,0,1,48141,31.82,-106.13,31.94,-106.01,,,,,,,
