huc8,name,states,area_km2,min_lon,min_lat,max_lon,max_lat
01010002,Allagash River,ME,3198.5,-69.7627,46.2354,-68.8339,47.0976
01010003,Fish River,ME,2305.7,-68.9662,46.6838,-68.0724,47.3156
01010004,Aroostook River,"CN,ME",6321.3,-69.1602,46.1964,-67.7171,47.1637
01010005,Meduxnekeag River,"CN,ME",1328.1,-68.1315,45.8992,-67.5719,46.4569
01010006,Headwaters Saint John River,"CN,ME",3135.5,-70.4321,45.9868,-69.6944,46.8317
01010007,Big Black River-Saint John River,"CN,ME",3844.6,-70.2054,46.534,-69.0727,47.4534
01010008,Saint Francis River-Saint John River,"CN,ME",6027.3,-69.4654,46.9686,-68.2748,48.0996
01010009,Little River-Saint John River,"CN,ME",4161.4,-68.5258,46.81,-67.3737,47.8994
01010010,Becaguimec Stream-Saint John River,"CN,ME",2529.4,-68.0093,46.1293,-67.1531,46.8134
01010011,Keswick River-Saint John River,"CN,ME",3633.9,-67.8453,45.7066,-66.6013,46.304
01020001,West Branch Penobscot River,"CN,ME",5520.5,-70.4176,45.5298,-68.515,46.3632
01020002,East Branch Penobscot River,ME,2899.6,-69.7475,45.6095,-68.4069,46.4692
01020003,Mattawamkeag River,ME,3914.9,-68.5606,45.331,-67.6844,46.2676
01020004,Piscataquis River,ME,3764.0,-69.7717,45.0721,-68.6565,45.6309
01020005,Penobscot River,ME,6200.3,-69.2639,44.4077,-68.035,45.8733
01030001,Upper Kennebec River,"CN,ME",4133.4,-70.724,45.1846,-69.1826,45.9155
01030002,Dead River,"CN,ME",2271.0,-70.8258,44.9321,-69.9652,45.523
01030003,Lower Kennebec River,ME,8884.9,-70.5942,44.0,-69.0625,45.3343
01040001,Upper Androscoggin River,"CN,ME,NH",3548.8,-71.3431,44.4076,-70.5063,45.3477
01040002,Lower Androscoggin River,"ME,NH",5588.6,-71.3547,43.8994,-69.8435,44.8501
01050001,Saint Croix River,"CN,ME",4261.8,-68.1761,45.0204,-67.0376,45.9566
01050002,Maine Coastal,ME,12473.7,-69.2673,43.7322,-67.1282,45.2183
01050003,St. George-Sheepscot,ME,3545.1,-69.8765,43.6447,-69.099,44.4957
01050004,Passamaquoddy Bay-Bay of Fundy,"CN,ME",9671.6,-67.5125,44.4176,-66.0187,45.8855
01060001,Presumpscot,ME,3687.4,-70.8804,43.4365,-69.8181,44.39
01060002,Saco River,"ME,NH",4405.4,-71.5227,43.4317,-70.3338,44.3123
01060003,Piscataqua-Salmon Falls,"MA,ME,NH",4473.5,-71.3635,42.8112,-70.2459,43.6206
01070001,Pemigewasset River,NH,2646.8,-72.0323,43.4313,-71.4007,44.2004
01070002,Winnipesaukee River,NH,1256.8,-71.655,43.3954,-71.0776,43.8279
01070003,Contoocook River,NH,1978.9,-72.1426,42.7424,-71.5895,43.5273
01070004,Nashua River,"MA,NH",1380.1,-71.9835,42.2982,-71.4472,42.8115
01070005,Concord River,MA,1035.0,-71.7218,42.1967,-71.2515,42.6468
01070006,Merrimack River,"MA,NH",4666.6,-71.9192,42.4282,-70.804,43.5163
01080101,Headwaters Connecticut River,"CN,ME,NH,VT",3702.5,-71.8821,44.2924,-71.0717,45.3022
01080102,Passumpsic River,"NH,VT",1305.7,-72.2705,44.3191,-71.6976,44.7701
01080103,Ammonoosuc River-Connecticut River,"NH,VT",2402.6,-72.3559,43.9748,-71.303,44.5079
01080104,Waits River-Connecticut River,"NH,VT",1339.7,-72.4285,43.6486,-71.929,44.2065
01080105,White River,VT,1843.8,-72.9814,43.644,-72.3148,44.107
01080106,Black River-Connecticut River,"NH,VT",3423.0,-72.8373,43.1303,-71.9105,43.8252
01080107,West River-Connecticut River,"NH,VT",2199.2,-73.0081,42.7536,-72.1576,43.3819
01080201,Ashuelot River-Connecticut River,"MA,NH,VT",2636.5,-72.829,42.0873,-72.0662,43.2762
01080202,Millers River,"MA,NH",1006.3,-72.5153,42.5002,-71.8926,42.8316
01080203,Deerfield River,"MA,VT",1718.2,-73.0829,42.4648,-72.5548,43.0962
01080204,Chicopee River,MA,1872.2,-72.6262,42.0353,-71.8873,42.5768
01080205,Outlet Connecticut River,"CT,MA",2809.4,-72.8446,41.2645,-72.2309,42.1523
01080206,Westfield River,"CT,MA",1342.7,-73.1608,42.0042,-72.5854,42.6089
01080207,Farmington River,"CT,MA",1571.5,-73.2026,41.6362,-72.6232,42.3095
01090001,Charles,MA,3864.8,-71.5495,42.0256,-70.4991,42.8263
01090002,Cape Cod,"MA,RI",8821.3,-71.1963,41.189,-69.8605,42.2776
01090003,Blackstone River,"MA,RI",1229.3,-71.928,41.8548,-71.3534,42.3508
01090004,Narragansett,"MA,RI",3841.1,-71.7824,41.3087,-70.712,42.1604
01090006,Point Judith-Block Island,RI,631.1,-71.8588,41.096,-71.4539,41.52
01100001,Quinebaug River,"CT,MA,RI",1913.6,-72.2456,41.4824,-71.6905,42.2811
01100002,Shetucket River,"CT,MA",1363.0,-72.4538,41.513,-72.0001,42.0646
01100003,Thames,CT,955.5,-72.3309,41.2779,-71.8408,41.6905
01100004,Quinnipiac,CT,1327.8,-73.0819,41.1979,-72.3428,41.7
01100005,Housatonic,"CT,MA,NY",5054.7,-73.6748,41.1514,-72.9462,42.6027
01100006,Saugatuck,"CT,NY",1163.7,-73.7378,40.9391,-73.103,41.3687
01100007,Pawcatuck River,"CT,RI",783.8,-71.9332,41.3158,-71.4866,41.6812
02020001,Upper Hudson,NY,4308.8,-74.6082,43.3144,-73.5449,44.1531
02020002,Sacandaga,NY,2731.5,-74.6467,43.0109,-73.8426,43.7018
02020003,Hudson-Hoosic,"MA,NY,VT",4936.3,-74.0735,42.4861,-72.9349,43.3803
02020004,Mohawk,NY,6607.0,-75.5718,42.7127,-73.6726,43.6375
02020005,Schoharie,NY,2404.1,-74.6977,42.1143,-74.0265,42.942
02020006,Middle Hudson,"MA,NY",6291.4,-74.5192,41.8446,-73.2612,42.8184
02020007,Rondout,"NJ,NY",3077.6,-74.7364,40.9906,-73.9676,41.9771
02020008,Hudson-Wappinger,NY,2444.6,-74.338,41.2505,-73.6243,41.9945
02030101,Lower Hudson,"CT,NJ,NY",1941.8,-74.1134,40.6669,-73.4943,41.5856
02030102,Bronx,"CT,NY",487.7,-73.9258,40.6915,-73.6894,41.1564
02030103,Hackensack-Passaic,"NJ,NY",2937.2,-74.6347,40.6172,-73.9086,41.3611
02030104,Sandy Hook-Staten Island,"NJ,NY",1838.5,-74.4005,40.2419,-73.6602,40.8149
02030105,Raritan,NJ,2862.5,-75.0559,40.1845,-74.2277,40.916
02030201,Northern Long Island,NY,750.3,-73.7839,40.7405,-71.9222,41.294
02030202,Southern Long Island,"NJ,NY,RI",5078.2,-73.9406,40.4944,-71.7899,41.3002
02030203,Long Island Sound,"CT,NY,RI",3081.6,-73.7914,40.7974,-71.85,41.3638
02040101,Upper Delaware,"NY,PA",3082.4,-75.5722,41.4878,-74.5581,42.4624
02040102,East Branch Delaware,NY,2176.5,-75.2939,41.8042,-74.417,42.3666
02040103,Lackawaxen,PA,1548.8,-75.5284,41.2081,-74.9853,41.8085
02040104,Middle Delaware-Mongaup-Brodhead,"NJ,NY,PA",3962.5,-75.4684,40.8769,-74.3574,42.0351
02040105,Middle Delaware-Musconetcong,"NJ,PA",3520.9,-75.4037,40.1814,-74.437,41.2182
02040106,Lehigh,PA,3526.3,-76.0079,40.4589,-75.205,41.2893
02040201,Crosswicks-Neshaminy,"NJ,PA",1408.3,-75.3187,39.9921,-74.4167,40.3985
02040202,Lower Delaware,"DE,NJ,PA",2982.1,-75.6083,39.6383,-74.3718,40.2084
02040203,Schuylkill,PA,4951.5,-76.3956,39.8761,-75.1013,40.89
02040204,Delaware Bay,"DE,NJ",1073.9,-75.6046,38.798,-74.9624,39.7971
02040205,Brandywine-Christina,"DE,MD,PA",1956.6,-75.987,39.3229,-75.4456,40.1466
02040206,Cohansey-Maurice,"DE,NJ",3094.2,-75.5743,38.9323,-74.738,39.7898
02040207,Broadkill-Smyrna,DE,1966.4,-75.7078,38.6834,-75.0877,39.4177
02040301,Mullica-Toms,"NJ,NY",4466.7,-74.928,39.3733,-73.9026,40.543
02040302,Great Egg Harbor,NJ,2282.6,-75.0284,38.8613,-74.3137,39.8145
02040303,Chincoteague,"DE,MD,NJ,VA",2716.8,-75.5398,37.8077,-74.9288,38.9323
02040304,Eastern Lower Delmarva,VA,1960.1,-76.021,36.8008,-75.4308,37.922
02050101,Upper Susquehanna,"NY,PA",5927.1,-75.9718,41.8224,-74.5811,42.9872
02050102,Chenango,NY,4163.3,-76.2744,42.0929,-75.3197,42.9566
02050103,Owego-Wappasening,"NY,PA",2705.6,-76.7693,41.8829,-75.9159,42.5023
02050104,Tioga,"NY,PA",3585.4,-77.9005,41.6143,-76.834,42.4669
02050105,Chemung,"NY,PA",3138.7,-77.6052,41.8685,-76.5137,42.6654
02050106,Upper Susquehanna-Tunkhannock,PA,5193.0,-76.9255,41.3192,-75.4839,41.9643
02050107,Upper Susquehanna-Lackawanna,PA,4573.0,-76.8138,40.8112,-75.4158,41.853
02050201,Upper West Branch Susquehanna,PA,4135.8,-78.9144,40.4546,-77.8354,41.2737
02050202,Sinnemahoning,PA,2677.7,-78.6923,41.1267,-77.808,41.7516
02050203,Middle West Branch Susquehanna,PA,2031.3,-78.027,41.0599,-77.2641,41.6791
02050204,Bald Eagle,PA,2002.6,-78.1662,40.7177,-77.1343,41.2455
02050205,Pine,PA,2540.1,-77.8977,41.1713,-77.0666,41.9294
02050206,Lower West Branch Susquehanna,PA,4686.1,-77.3179,40.8801,-76.213,41.6532
02050301,Lower Susquehanna-Penns,PA,3750.4,-77.7848,40.3893,-76.0585,40.9986
02050302,Upper Juniata,PA,2566.2,-78.5745,40.2163,-77.662,40.8236
02050303,Raystown,PA,2492.1,-78.8876,39.826,-77.9611,40.4604
02050304,Lower Juniata,PA,3756.5,-78.2065,39.927,-76.9955,40.8088
02050305,Lower Susquehanna-Swatara,PA,4860.1,-77.8856,39.9415,-76.1925,40.6917
02050306,Lower Susquehanna,"MD,PA",6439.1,-77.4304,39.5343,-75.823,40.3222
02060001,Upper Chesapeake Bay,MD,1962.2,-76.5526,38.0326,-75.9822,39.5481
02060002,Chester-Sassafras,"DE,MD,PA",3373.5,-76.3929,38.7411,-75.6759,39.8744
02060003,Gunpowder-Patapsco,"MD,PA",3671.4,-77.175,39.1041,-76.0431,39.745
02060004,Severn,MD,955.4,-76.7397,38.0326,-76.3097,39.1431
02060005,Choptank,"DE,MD",2844.7,-76.4006,38.0668,-75.5828,39.1902
02060006,Patuxent,MD,2400.2,-77.2054,38.2668,-76.4008,39.3537
02070001,South Branch Potomac,"MD,VA,WV",3832.9,-79.6993,38.3788,-78.5529,39.5288
02070002,North Branch Potomac,"MD,PA,WV",3478.7,-79.5117,39.0702,-78.5726,39.9651
02070003,Cacapon-Town,"MD,PA,VA,WV",3120.3,-78.9789,38.8039,-78.2625,39.9145
02070004,Conococheague-Opequon,"MD,PA,VA,WV",5897.9,-78.4385,39.0628,-77.3878,40.2385
02070005,South Fork Shenandoah,"VA,WV",4329.8,-79.3229,37.8818,-78.1122,38.9574
02070006,North Fork Shenandoah,"VA,WV",2677.7,-79.0932,38.4225,-78.1889,39.1876
02070007,Shenandoah,"MD,VA,WV",911.2,-78.2743,38.8778,-77.7268,39.3464
02070008,Middle Potomac-Catoctin,"DC,MD,VA,WV",3207.2,-78.0758,38.8404,-77.0729,39.6502
02070009,Monocacy,"MD,PA",2510.9,-77.5167,39.2213,-76.8842,39.9265
02070010,Middle Potomac-Anacostia-Occoquan,"DC,MD,VA",3374.1,-77.8524,38.5132,-76.8051,39.2036
02070011,Lower Potomac,"MD,VA",4677.2,-77.6096,37.8863,-76.1997,38.7149
02080101,Lower Chesapeake Bay,"MD,VA",3048.0,-76.4056,36.9155,-75.8583,38.0668
02080102,Great Wicomico-Piankatank,"MD,VA",1740.1,-76.9526,37.2338,-76.1969,37.9237
02080103,Rapidan-Upper Rappahannock,VA,4032.2,-78.5264,38.1219,-77.5681,38.8957
02080104,Lower Rappahannock,VA,2994.0,-77.6414,37.5515,-76.2821,38.4111
02080105,Mattaponi,VA,2359.5,-77.8438,37.5279,-76.6613,38.3229
02080106,Pamunkey,VA,3812.3,-78.2868,37.4637,-76.7938,38.2743
02080107,York,VA,756.0,-76.8449,37.1903,-76.3044,37.5739
02080108,Lynnhaven-Poquoson,VA,593.7,-76.5081,36.7863,-75.9757,37.2351
02080109,Nanticoke,"DE,MD",2142.2,-75.9748,38.21,-75.377,38.9946
02080110,Tangier,"DE,MD,VA",2515.3,-76.2368,37.749,-75.4604,38.6015
02080111,Pokomoke-Western Lower Delmarva,"DE,MD,VA",2788.2,-76.0489,37.0832,-75.2245,38.5617
02080201,Upper James,"VA,WV",5728.9,-80.541,37.2792,-79.3251,38.4843
02080202,Maury,VA,2170.7,-79.6891,37.6238,-79.0438,38.3813
02080203,Middle James-Buffalo,VA,5240.3,-79.5057,37.2628,-78.1634,38.0465
02080204,Rivanna,VA,1989.4,-78.8406,37.7493,-78.1518,38.3697
02080205,Middle James-Willis,VA,2447.5,-78.6332,37.3629,-77.4285,37.9539
02080206,Lower James,VA,3733.5,-77.6655,36.8475,-76.4125,37.771
02080207,Appomattox,VA,4170.5,-78.8458,37.077,-77.276,37.5531
02080208,Hampton Roads,VA,1308.8,-76.7855,36.6696,-76.1367,37.0626
03010101,Upper Roanoke,VA,5674.4,-80.4551,36.7792,-79.1453,37.521
03010102,Middle Roanoke,"NC,VA",4502.9,-79.273,36.3197,-78.2583,37.3654
03010103,Upper Dan,"NC,VA",5323.9,-80.5183,36.1254,-79.3927,36.9587
03010104,Lower Dan,"NC,VA",3325.2,-79.6638,36.2137,-78.5499,36.7678
03010105,Banister,VA,1545.5,-79.5911,36.6888,-78.7638,37.0115
03010106,Roanoke Rapids,"NC,VA",1532.8,-78.4364,36.3944,-77.6675,36.823
03010107,Lower Roanoke,NC,3392.3,-77.7758,35.6406,-76.6582,36.5408
03010201,Nottoway,"NC,VA",4463.5,-78.325,36.5372,-76.916,37.2121
03010202,Blackwater,"NC,VA",1916.6,-77.4221,36.5433,-76.6912,37.2476
03010203,Chowan,"NC,VA",2327.9,-77.2795,35.9961,-76.5412,36.7228
03010204,Meherrin,"NC,VA",4175.7,-78.5315,36.256,-76.944,37.106
03010205,Albemarle,"NC,VA",11189.3,-76.7846,35.1817,-75.3983,36.8304
03020101,Upper Tar,NC,3379.5,-78.8706,35.8162,-77.5179,36.429
03020102,Fishing,NC,2315.5,-78.3494,35.9298,-77.3592,36.4502
03020103,Lower Tar,NC,2486.9,-77.9185,35.4485,-76.952,35.9722
03020104,Pamlico,NC,3383.7,-77.1286,35.1594,-76.1002,35.8069
03020105,Pamlico Sound,NC,5055.1,-76.5341,34.5226,-75.4799,35.6723
03020201,Upper Neuse,NC,6231.8,-79.2287,35.1739,-77.972,36.3993
03020202,Middle Neuse,NC,2759.1,-78.0201,35.0514,-76.911,35.582
03020203,Contentnea,NC,2612.0,-78.3561,35.3375,-77.3858,35.9408
03020204,Lower Neuse,NC,4101.2,-77.757,34.8317,-76.1319,35.2812
03020301,White Oak River,NC,2415.6,-77.4441,34.5128,-76.3768,34.9714
03020302,New River,NC,2243.1,-77.9629,33.7705,-77.2323,34.9855
03030002,Haw,NC,4422.6,-80.0733,35.5859,-78.8372,36.3719
03030003,Deep,NC,3755.9,-80.0673,35.2659,-79.0528,36.1187
03030004,Upper Cape Fear,NC,4222.0,-79.5888,34.9122,-78.6271,35.7275
03030005,Lower Cape Fear,NC,2859.0,-78.9412,33.7687,-77.875,35.0062
03030006,Black,NC,4076.6,-78.77,34.3367,-78.0191,35.5285
03030007,Northeast Cape Fear,NC,4510.6,-78.2891,34.2105,-77.4628,35.2401
03040101,Upper Yadkin,"NC,VA",6357.3,-81.6621,35.7457,-80.0719,36.6739
03040102,South Yadkin,NC,2347.8,-81.1672,35.5704,-80.4592,36.1876
03040103,Lower Yadkin,NC,3081.5,-80.6562,35.3359,-79.8119,36.1232
03040104,Upper Pee Dee,"NC,SC",2251.0,-80.4093,34.7754,-79.7117,35.691
03040105,Rocky,"NC,SC",3670.7,-80.8587,34.8064,-80.0666,35.5997
03040201,Lower Pee Dee,"NC,SC",6558.1,-80.4215,33.8413,-79.2889,35.1228
03040202,Lynches,"NC,SC",3659.3,-80.7061,33.726,-79.3659,34.8822
03040203,Lumber,"NC,SC",4539.5,-79.7445,34.177,-78.6584,35.3059
03040204,Little Pee Dee,"NC,SC",3542.3,-79.6779,33.7064,-78.8426,34.9952
03040205,Black,SC,5337.3,-80.5439,33.3764,-79.2076,34.3562
03040206,Waccamaw,"NC,SC",4277.5,-79.2719,33.3357,-78.2089,34.5837
03040207,Carolina Coastal-Sampit,SC,1482.7,-79.6322,33.1137,-79.0767,33.9543
03040208,Coastal Carolina,"NC,SC",1750.9,-79.2323,33.283,-78.0778,34.1203
03050101,Upper Catawba,"NC,SC",6106.1,-82.2949,34.9947,-80.8025,36.1481
03050102,South Fork Catawba,"NC,SC",1711.8,-81.7553,35.1488,-81.01,35.7399
03050103,Lower Catawba,"NC,SC",3456.3,-81.2657,34.5176,-80.602,35.3145
03050104,Wateree,SC,3254.9,-81.1721,33.7437,-80.4118,34.6024
03050105,Upper Broad,"NC,SC",6419.4,-82.5913,34.8118,-81.2652,35.6295
03050106,Lower Broad,SC,3338.1,-81.6478,34.0085,-80.8805,35.0451
03050107,Tyger,SC,2093.7,-82.4528,34.4527,-81.4233,35.1485
03050108,Enoree,SC,1895.4,-82.4695,34.3027,-81.411,35.0338
03050109,Saluda,"NC,SC",6538.5,-82.806,33.8376,-81.0624,35.2155
03050110,Congaree,SC,1786.3,-81.3588,33.6712,-80.6181,34.1195
03050111,Lake Marion,SC,1421.2,-80.8114,33.3439,-80.1278,33.8033
03050112,Santee,SC,1870.0,-80.1883,33.0575,-79.157,33.6721
03050201,Cooper,SC,3273.1,-80.3923,32.6345,-79.6157,33.4304
03050202,South Carolina Coastal,SC,1003.8,-80.3867,32.5223,-79.8628,33.0032
03050203,North Fork Edisto,SC,1968.6,-81.5998,33.2634,-80.7922,33.931
03050204,South Fork Edisto,SC,2246.3,-81.8713,33.2612,-80.8854,33.8588
03050205,Four Hole Swamp,SC,1693.9,-80.8615,33.051,-80.1749,33.6318
03050206,Edisto River,SC,2432.3,-81.0118,32.4132,-80.0344,33.4062
03050207,Salkehatchie,SC,4868.2,-81.5056,32.3542,-80.2965,33.4271
03050208,Broad-St. Helena,SC,2506.3,-81.389,32.1081,-80.5549,33.042
03050209,Bulls Bay,SC,1078.6,-79.8549,32.7094,-79.2587,33.1457
03050210,St. Helena Island,SC,412.0,-80.6343,32.1689,-80.3561,32.4416
03060101,Seneca,"NC,SC",2662.6,-83.1572,34.4366,-82.5485,35.1726
03060102,Tugaloo,"GA,NC,SC",2562.9,-83.6618,34.3551,-82.8366,35.1247
03060103,Upper Savannah,"GA,SC",4764.0,-83.1121,33.6505,-82.1766,34.6885
03060104,Broad,GA,3893.9,-83.6681,33.722,-82.5722,34.592
03060105,Little,GA,1989.3,-83.1795,33.4466,-82.2218,33.7936
03060106,Middle Savannah,"GA,SC",4750.4,-82.4378,32.7947,-81.3303,33.7195
03060107,Stevens,SC,1916.9,-82.3196,33.5666,-81.7877,34.1973
03060108,Brier,GA,2198.2,-82.6529,32.7626,-81.426,33.4849
03060109,Lower Savannah,"GA,SC",2603.6,-81.6711,31.9315,-80.7817,32.8569
03060110,Calibogue Sound-Wright River,SC,1082.5,-81.1465,31.9997,-80.6539,32.6421
03060201,Upper Ogeechee,GA,4755.0,-83.1031,32.6782,-81.8519,33.6249
03060202,Lower Ogeechee,GA,3072.5,-82.1303,31.9824,-81.2833,32.9119
03060203,Canoochee,GA,3594.6,-82.4,31.7656,-81.3097,32.7363
03060204,Ogeechee Coastal,GA,4316.6,-81.6734,31.3226,-80.8181,32.2871
03070101,Upper Oconee,GA,7549.9,-83.9541,33.031,-82.9198,34.3934
03070102,Lower Oconee,GA,6243.6,-83.5359,31.9596,-82.4951,33.2963
03070103,Upper Ocmulgee,GA,7700.9,-84.4423,32.6263,-83.4633,34.0503
03070104,Lower Ocmulgee,GA,6021.7,-83.967,31.6807,-82.4975,32.7684
03070105,Little Ocmulgee,GA,2082.5,-83.3498,31.9192,-82.6424,32.6156
03070106,Altamaha,GA,3949.8,-82.553,31.1697,-81.1942,32.2068
03070107,Ohoopee,GA,3484.0,-82.8587,31.8989,-82.0129,32.9474
03070201,Satilla,GA,6691.0,-83.2234,30.8283,-81.611,31.8514
03070202,Little Satilla,GA,2061.3,-82.6424,31.2943,-81.8972,31.8672
03070203,Cumberland-St. Simons,"FL,GA",2469.4,-81.8386,30.6941,-81.2375,31.4341
03070204,St. Marys,"FL,GA",4089.2,-82.5139,30.0892,-81.4334,30.9826
03070205,Nassau,"FL,GA",1317.2,-81.9667,30.3999,-81.3292,30.7298
03080101,Upper St. Johns,FL,10227.8,-81.8715,27.4344,-80.529,29.5001
03080102,Oklawaha,FL,7205.9,-82.597,28.1052,-81.5135,29.8193
03080103,Lower St. Johns,FL,7346.6,-82.0826,29.009,-81.16,30.5122
03080201,Daytona-St. Augustine,FL,2546.6,-81.4452,28.9691,-80.8608,30.2675
03080202,Cape Canaveral,FL,2721.2,-80.9724,27.8554,-80.3915,29.1066
03080203,Vero Beach,FL,1511.9,-80.8115,27.4055,-80.2522,27.9198
03090101,Kissimmee,FL,7581.2,-81.727,27.0617,-80.8661,28.571
03090102,Northern Okeechobee Inflow,FL,798.0,-80.9831,26.9863,-80.5832,27.465
03090103,Western Okeechobee Inflow,FL,2171.8,-81.5637,26.902,-80.9641,27.391
03090201,Lake Okeechobee,FL,2243.7,-81.1216,26.6802,-80.2129,27.2083
03090202,Everglades,FL,11848.7,-81.2793,25.1039,-80.2041,26.9006
03090203,Florida Bay-Florida Keys,FL,6289.5,-82.9979,24.3956,-80.2373,25.3001
03090204,Big Cypress Swamp,FL,8282.2,-82.0049,25.537,-80.8329,26.6378
03090205,Caloosahatchee,FL,3640.2,-82.0574,26.4461,-80.7182,26.9765
03090206,Florida Southeast Coast,FL,9518.6,-80.7739,25.2029,-79.9742,27.528
03100101,Peace,FL,6029.1,-82.1725,26.8947,-81.481,28.1387
03100102,Myakka,FL,1558.0,-82.3947,26.9326,-82.0099,27.5229
03100103,Charlotte Harbor,FL,1932.1,-82.3459,26.3717,-81.8194,26.9441
03100201,Sarasota Bay,FL,1561.0,-82.8021,26.802,-82.2248,27.5395
03100202,Manatee,FL,943.9,-82.6489,27.3553,-82.0643,27.6629
03100203,Little Manatee,FL,586.8,-82.5174,27.5468,-82.0258,27.7649
03100204,Alafia,FL,1091.9,-82.402,27.7047,-81.8831,28.0388
03100205,Hillsborough,FL,1699.3,-82.503,27.9079,-81.9552,28.408
03100206,Tampa Bay,FL,2401.1,-82.8228,27.4747,-82.2531,28.2011
03100207,Crystal-Pithlachascotee,FL,4318.5,-82.9088,27.7086,-82.262,29.0372
03100208,Withlacoochee,FL,5387.9,-82.7654,28.0819,-81.6792,29.219
03110101,Waccasassa,FL,3045.6,-83.2499,28.9691,-82.4725,29.7932
03110102,Econfina-Steinhatchee,FL,5630.9,-84.0264,29.3145,-83.0276,30.4437
03110103,Aucilla,"FL,GA",2467.1,-84.0286,30.0856,-83.372,30.9368
03110201,Upper Suwannee,"FL,GA",6860.1,-83.1824,30.1617,-82.1133,31.2543
03110202,Alapaha,"FL,GA",4677.6,-83.7583,30.4365,-82.8629,32.0624
03110203,Withlacoochee,"FL,GA",3905.4,-83.8561,30.3562,-83.1279,31.5074
03110204,Little,GA,2308.9,-83.8894,30.8473,-83.3194,31.7552
03110205,Lower Suwannee,FL,4091.6,-83.4413,29.2758,-82.729,30.4137
03110206,Santa Fe,FL,3577.0,-82.8832,29.6295,-82.0149,30.2146
03120001,Apalachee Bay-St. Marks,"FL,GA",3403.1,-84.5628,29.9032,-83.8221,30.8172
03120002,Upper Ochlockonee,GA,2401.2,-84.3687,30.7195,-83.7634,31.4889
03120003,Lower Ochlockonee,"FL,GA",4030.6,-84.9858,29.8908,-84.0683,30.9164
03130001,Upper Chattahoochee,GA,4106.9,-84.5568,33.749,-83.4085,34.8277
03130002,Middle Chattahoochee-Lake Harding,"AL,GA",7875.0,-85.4741,32.5093,-84.3906,33.9917
03130003,Middle Chattahoochee-Walter F,"AL,GA",7347.3,-85.5862,31.6119,-84.4431,32.6629
03130004,Lower Chattahoochee,"AL,FL,GA",3222.5,-85.4184,30.7063,-84.8152,31.7463
03130005,Upper Flint,GA,6810.6,-84.796,32.3356,-83.9173,33.6766
03130006,Middle Flint,GA,4036.4,-84.5657,31.4777,-83.6496,32.5524
03130007,Kinchafoonee-Muckalee,GA,2851.5,-84.7125,31.5804,-84.0523,32.3943
03130008,Lower Flint,"FL,GA",3300.4,-84.8832,30.7084,-83.9225,31.6451
03130009,Ichawaynochaway,GA,2859.5,-84.873,31.1699,-84.2859,31.998
03130010,Spring,GA,2042.6,-85.0026,30.7569,-84.5924,31.5913
03130011,Apalachicola,"FL,GA",3215.5,-85.3034,29.7075,-84.6138,30.7628
03130012,Chipola,"AL,FL",3347.4,-85.5194,29.9673,-85.0334,31.2491
03130013,New,FL,976.7,-84.9756,29.8119,-84.5914,30.3433
03130014,Apalachicola Bay,FL,1439.5,-85.3341,29.5366,-84.276,29.9543
03140101,St. Andrew-St. Joseph Bays,FL,4170.3,-86.1677,29.6057,-85.1972,30.6378
03140102,Choctawhatchee Bay,FL,2013.5,-86.6766,30.2549,-85.9954,30.7534
03140103,Yellow,"AL,FL",3559.7,-87.0034,30.4858,-86.0685,31.5354
03140104,Blackwater,"AL,FL",2239.5,-87.217,30.582,-86.5557,31.1539
03140105,Pensacola Bay,FL,1832.2,-87.4106,30.2655,-86.5154,30.6553
03140106,Perdido,"AL,FL",2383.7,-87.7926,30.4077,-87.3127,31.156
03140107,Perdido Bay,"AL,FL",1166.5,-88.0608,30.1722,-87.2468,30.6127
03140201,Upper Choctawhatchee,AL,3997.4,-86.0613,31.0221,-85.2654,31.8822
03140202,Pea,"AL,FL",4027.7,-86.3384,30.8763,-85.4184,32.1484
03140203,Lower Choctawhatchee,"AL,FL",4026.8,-86.1583,30.342,-85.3948,31.1234
03140301,Upper Conecuh,AL,2129.6,-86.7658,31.1394,-85.638,32.1523
03140302,Patsaliga,AL,1554.2,-86.6222,31.3661,-86.0065,32.0777
03140303,Sepulga,AL,2717.7,-87.0645,31.1804,-86.3947,32.0053
03140304,Lower Conecuh,"AL,FL",2626.7,-87.3402,30.9486,-86.7253,31.7326
03140305,Escambia,"AL,FL",1966.8,-87.5769,30.5064,-87.1629,31.4852
03150101,Conasauga,"GA,TN",1883.1,-85.078,34.5426,-84.4968,35.152
03150102,Coosawattee,GA,2231.8,-84.9027,34.2896,-84.1934,34.8759
03150103,Oostanaula,GA,1453.1,-85.3649,34.2516,-84.8638,34.7252
03150104,Etowah,GA,4821.1,-85.2356,33.8151,-83.9946,34.6645
03150105,Upper Coosa,"AL,GA",4141.7,-85.8503,33.7956,-85.1417,34.7899
03150106,Middle Coosa,AL,6692.0,-86.6406,33.2788,-85.521,34.5973
03150107,Lower Coosa,AL,5082.7,-86.8064,32.4991,-85.9478,33.4387
03150108,Upper Tallapoosa,"AL,GA",3611.8,-85.8374,33.2569,-84.9098,33.9413
03150109,Middle Tallapoosa,AL,4117.4,-86.1225,32.6704,-85.3155,33.3977
03150110,Lower Tallapoosa,AL,4411.4,-86.262,32.0163,-85.3272,32.7562
03150201,Upper Alabama,AL,6193.2,-87.0986,31.9661,-85.9872,32.9547
03150202,Cahaba,AL,4724.0,-87.3916,32.3073,-86.4196,33.7513
03150203,Middle Alabama,AL,5774.6,-87.7578,31.7266,-86.5933,32.708
03150204,Lower Alabama,AL,3766.2,-87.9454,31.022,-87.0437,31.8951
03160101,Upper Tombigbee,"AL,MS",4654.3,-88.8065,33.457,-87.9227,34.754
03160102,Town,MS,1769.6,-89.0455,33.9894,-88.5015,34.5948
03160103,Buttahatchee,"AL,MS",2239.5,-88.5004,33.6301,-87.6065,34.302
03160104,Tibbee,MS,2893.9,-89.115,33.3429,-88.4917,34.1556
03160105,Luxapallila,"AL,MS",2069.7,-88.4469,33.4362,-87.7666,34.0579
03160106,Middle Tombigbee-Lubbub,"AL,MS",4224.1,-88.6445,32.5292,-87.8066,33.5911
03160107,Sipsey,AL,2039.9,-88.1877,32.9692,-87.56,34.124
03160108,Noxubee,"AL,MS",3673.4,-89.1721,32.6855,-88.1766,33.4645
03160109,Mulberry,AL,3554.3,-87.6312,33.553,-86.4417,34.3278
03160110,Sipsey Fork,AL,2581.2,-87.6323,33.8143,-86.8152,34.4355
03160111,Locust,AL,3134.9,-87.1971,33.4877,-86.1347,34.2611
03160112,Upper Black Warrior,AL,3226.6,-87.7434,33.1264,-86.7785,33.8426
03160113,Lower Black Warrior,AL,3763.2,-87.9426,32.41,-87.2401,33.326
03160201,Middle Tombigbee-Chickasaw,"AL,MS",5389.0,-88.4864,31.686,-87.5241,32.5789
03160202,Sucarnoochee,"AL,MS",2522.1,-88.8176,32.2862,-88.0211,32.9285
03160203,Lower Tombigbee,AL,4175.7,-88.4166,31.1225,-87.6158,31.9456
03160204,Mobile-Tensaw,AL,2364.9,-88.3094,30.6046,-87.7348,31.1657
03160205,Mobile Bay,AL,2260.9,-88.2586,30.2211,-87.6556,30.7463
03170001,Chunky-Okatibbee,MS,2351.8,-89.2501,32.1704,-88.5627,32.7414
03170002,Upper Chickasawhay,"AL,MS",3745.8,-89.183,31.4375,-88.3765,32.3877
03170003,Lower Chickasawhay,"AL,MS",1721.0,-88.8123,30.948,-88.4284,31.7137
03170004,Upper Leaf,MS,4540.3,-89.8533,31.2948,-89.2049,32.3599
03170005,Lower Leaf,MS,4726.8,-89.3661,30.9758,-88.7031,32.2344
03170006,Pascagoula,MS,1580.9,-88.933,30.3401,-88.4986,31.0747
03170007,Black,MS,3282.3,-89.7386,30.6453,-88.6402,31.4986
03170008,Escatawpa,"AL,MS",2704.6,-88.5639,30.3934,-88.2138,31.5692
03170009,Mississippi Coastal,"AL,LA,MS",7370.2,-89.6406,30.0338,-88.0292,31.0849
03180001,Upper Pearl,MS,6379.8,-89.747,32.295,-88.7773,33.3917
03180002,Middle Pearl-Strong,MS,5120.4,-90.3849,31.8116,-89.5028,32.7897
03180003,Middle Pearl-Silver,MS,3156.4,-90.4498,31.2774,-89.6904,31.9913
03180004,Lower Pearl,"LA,MS",4714.4,-90.0673,30.1496,-89.4815,31.4302
03180005,Bogue Chitto,"LA,MS",3130.3,-90.6235,30.5864,-89.8673,31.6392
04010101,Baptism-Brule,"CN,MN",5802.5,-91.4514,47.3352,-89.2184,48.3577
04010102,Beaver-Lester,MN,1590.2,-92.1608,46.7871,-91.2014,47.473
04010201,St. Louis,"MN,WI",7602.3,-93.2139,46.5622,-91.6511,47.7844
04010202,Cloquet,MN,2055.5,-92.5735,46.8413,-91.4561,47.4773
04010301,Beartrap-Nemadji,"MN,WI",4773.0,-92.6615,46.3161,-90.6753,46.9627
04010302,Bad-Montreal,"MI,WI",3370.8,-91.4631,46.1657,-90.083,46.7317
04020101,Black-Presque Isle,"MI,WI",2619.6,-90.4135,46.166,-89.2659,46.8697
04020102,Ontonagon,"MI,WI",3596.1,-89.7216,46.0993,-88.6798,46.8766
04020103,Keweenaw Peninsula,MI,2829.5,-89.3139,46.7073,-87.7112,47.48
04020104,Sturgeon,MI,1891.5,-88.9477,46.3007,-88.225,47.0475
04020105,Dead-Kelsey,MI,2355.5,-88.6064,46.4475,-87.3693,46.9823
04020201,Betsy-Chocolay,MI,2979.7,-87.4942,46.2461,-84.9566,46.7726
04020202,Tahquamenon,MI,2097.1,-85.8699,46.1603,-84.8688,46.6253
04020203,Waiska,MI,277.7,-85.1669,46.3719,-84.6722,46.5557
04030101,Manitowoc-Sheboygan,WI,4221.9,-88.3607,43.3575,-87.4977,44.4906
04030102,Door-Kewaunee,WI,1931.3,-87.9009,44.429,-86.9702,45.299
04030103,Duck-Pensaukee,WI,862.1,-88.4322,44.5268,-87.852,44.8748
04030104,Oconto,WI,2488.6,-88.7604,44.8078,-87.8212,45.5089
04030105,Peshtigo,WI,3158.5,-88.9692,44.8947,-87.5775,45.7837
04030106,Brule,"MI,WI",2724.4,-89.0778,45.8943,-88.1902,46.5423
04030107,Michigamme,MI,1875.6,-88.4116,45.9534,-87.8754,46.7337
04030108,Menominee,"MI,WI",5938.7,-89.0321,45.0899,-87.502,46.1203
04030109,Cedar-Ford,MI,2640.0,-88.1593,45.0957,-87.1216,46.2443
04030110,Escanaba,MI,2402.5,-88.0378,45.7718,-87.0452,46.5967
04030111,Tacoosh-Whitefish,MI,1663.8,-87.2889,45.6674,-86.758,46.365
04030112,Fishdam-Sturgeon,MI,1503.4,-86.9763,45.6003,-86.2472,46.3492
04030113,Manistique River,MI,3812.2,-86.7481,45.9151,-85.6051,46.5963
04030114,Millecoquins Lake-Brevoort River,MI,1431.7,-86.2443,45.8392,-84.7237,46.2771
04030201,Upper Fox,WI,4196.3,-89.7133,43.5144,-88.5275,44.1931
04030202,Wolf,WI,9650.2,-89.4288,44.0056,-88.2881,45.7597
04030203,Lake Winnebago,WI,1482.3,-88.7945,43.6433,-88.2509,44.2345
04030204,Lower Fox,WI,1678.1,-88.5578,44.0935,-87.7996,44.6311
04040001,Little Calumet-Galien,"IL,IN,MI",1903.7,-87.6118,41.3622,-86.3837,42.1135
04040002,Pike-Root,"IL,WI",1083.6,-88.1261,41.7262,-87.5289,43.0248
04040003,Milwaukee,WI,2276.6,-88.4702,42.9332,-87.8599,43.76
04050001,St. Joseph,"IN,MI",12209.0,-86.5426,41.2642,-84.441,42.3735
04050002,Black-Macatawa,MI,1574.7,-86.4895,42.1144,-85.8859,43.058
04050003,Kalamazoo,MI,5261.6,-86.2285,41.9646,-84.4544,42.8329
04050004,Upper Grand,MI,4558.8,-85.0491,42.0085,-83.938,42.9955
04050005,Maple,MI,2449.7,-85.1481,42.8358,-84.0776,43.3821
04050006,Lower Grand,MI,5236.3,-86.2661,42.7487,-84.9024,43.558
04050007,Thornapple,MI,2198.9,-85.6245,42.4354,-84.6714,42.9577
04060101,Pere Marquette-White,MI,5395.3,-86.5411,43.0588,-85.5723,44.2494
04060102,Muskegon,MI,7062.1,-86.3521,43.1896,-84.4092,44.5986
04060103,Manistee,MI,5049.6,-86.3438,43.9667,-84.7509,45.0393
04060104,Betsie-Platte,MI,2062.1,-86.3432,44.2501,-85.5409,45.211
04060105,Boardman-Charlevoix,MI,4322.5,-85.7225,44.5378,-84.5667,45.7892
04070003,Lone Lake-Ocqueoc,MI,2061.6,-84.7461,44.4475,-83.2673,45.7841
04070004,Cheboygan,MI,2315.6,-85.069,44.9603,-84.3761,45.6787
04070005,Black,MI,1554.0,-84.4991,44.9777,-83.9971,45.6146
04070006,Thunder Bay,MI,3238.0,-84.3132,44.6645,-83.3866,45.3413
04070007,Au Sable,MI,5305.8,-84.8868,44.2871,-83.3181,45.1144
04080101,Au Gres-Rifle,MI,2640.0,-84.3809,43.9866,-83.3326,44.5116
04080102,Kawkawlin-Pine,MI,1251.0,-84.2971,43.5394,-83.8251,44.0653
04080103,Pigeon-Wiscoggin,MI,2310.6,-83.8625,43.4206,-82.834,44.0681
04080104,Birch-Willow,MI,1333.9,-82.9832,43.0259,-82.4387,44.0368
04080201,Tittabawassee,MI,3748.7,-85.0063,43.3822,-83.9676,44.2999
04080202,Pine,MI,2656.6,-85.328,43.2636,-84.2487,43.9122
04080203,Shiawassee,MI,3278.4,-84.6559,42.5135,-83.4807,43.5528
04080204,Flint,MI,3446.2,-84.1143,42.768,-83.0523,43.3586
04080205,Cass,MI,2351.3,-83.9851,43.1718,-82.8128,43.7511
04080206,Saginaw,MI,650.8,-84.1042,43.3362,-83.5683,43.6539
04090001,St. Clair,"CN,MI",3276.1,-83.1894,42.6416,-82.3046,43.6859
04090002,Lake St. Clair,"CN,MI",5806.6,-83.0099,42.0725,-81.3737,43.1205
04090003,Clinton,MI,2064.0,-83.5217,42.3699,-82.7758,42.9463
04090004,Detroit,"CN,MI",2303.8,-83.6528,42.0434,-82.7193,42.6446
04090006,Upper Thames River,CN,3053.5,-81.3782,42.8879,-80.6399,43.6226
04090007,Lower Thames River,CN,2594.2,-82.5887,42.1211,-81.0097,43.1553
04100001,Ottawa-Stony,"MI,OH",1812.2,-84.072,41.6214,-83.1714,42.2536
04100002,Raisin,"MI,OH",2753.2,-84.4597,41.6524,-83.3352,42.2578
04100003,St. Joseph,"IN,MI,OH",2830.2,-85.3318,41.0838,-84.3998,41.925
04100004,St. Marys,"IN,OH",2054.4,-85.2288,40.3948,-84.1769,41.1616
04100005,Upper Maumee,"IN,OH",1003.5,-85.1342,40.9963,-84.3842,41.3759
04100006,Tiffin,"MI,OH",2013.9,-84.7566,41.2793,-84.1433,42.0352
04100007,Auglaize,"IN,OH",4316.3,-85.0029,40.4688,-83.6761,41.2878
04100008,Blanchard,OH,1999.1,-84.2993,40.6494,-83.3643,41.1601
04100009,Lower Maumee,OH,2791.8,-84.3849,41.047,-83.4657,41.6976
04100010,Cedar-Portage,OH,2478.6,-83.8592,41.0417,-82.7127,41.7056
04100011,Sandusky,OH,4715.2,-83.5772,40.5908,-82.591,41.5343
04100012,Huron-Vermilion,OH,1976.7,-82.9064,40.9173,-82.2586,41.4263
04100013,Huron,MI,2378.2,-84.2261,42.0367,-83.1989,42.7353
04110001,Black-Rocky,OH,2317.4,-82.3711,40.9918,-81.6575,41.5152
04110002,Cuyahoga,OH,2101.6,-81.8333,40.9583,-81.0449,41.6181
04110003,Ashtabula-Chagrin,"OH,PA",1625.5,-81.7068,41.2707,-80.4581,41.9091
04110004,Grand,OH,1827.4,-81.3253,41.2847,-80.6099,41.8337
04120101,Chautauqua-Conneaut,"NY,OH,PA",2204.9,-80.7938,41.6568,-79.0247,42.5673
04120102,Cattaraugus,NY,1449.2,-79.1375,42.2743,-78.2686,42.6717
04120103,Buffalo-Eighteenmile,NY,1850.3,-79.1316,42.5303,-78.3163,42.9334
04130001,Oak Orchard-Twelvemile,"CN,NY",2655.7,-79.0604,43.0245,-77.6077,43.3759
04130002,Upper Genesee,"NY,PA",3691.9,-78.3927,41.8457,-77.5497,42.7832
04130003,Lower Genesee,NY,2763.7,-78.2352,42.5762,-77.4211,43.2588
04140101,Irondequoit-Ninemile,NY,1804.1,-77.6388,42.9189,-76.4547,43.4628
04140102,Salmon-Sandy,NY,2540.1,-76.5085,43.3283,-75.5983,43.9802
04140201,Seneca,NY,8961.2,-77.5054,42.1708,-76.0164,43.2131
04140202,Oneida,NY,3879.5,-76.3831,42.7748,-75.4363,43.7139
04140203,Oswego,NY,376.5,-76.5188,43.1641,-76.2762,43.4704
04140301,Black,NY,4939.7,-76.0648,43.3387,-74.5135,44.0766
04140302,Chaumont-Perch,NY,841.3,-76.3624,43.8442,-75.8161,44.264
04160001,Dog River-Frontal Lake Superior,CN,8896.2,-90.8386,48.1924,-88.8815,49.3081
04160002,Black Sturgeon River-Frontal Lake Superior,CN,5089.5,-89.4496,48.324,-88.0924,49.4959
04160003,Nipigon River,CN,25218.4,-90.2808,48.961,-86.9942,50.7803
04160004,Jackpine River-Frontal Lake Superior,CN,1826.3,-88.2441,48.856,-87.3375,49.3942
04170001,Little Pic River-Frontal Lake Superior,CN,4882.5,-87.6304,48.7295,-86.2256,49.5436
04170002,Pic River-Frontal Lake Superior,CN,6766.9,-86.6189,48.561,-85.4084,49.8165
04170003,White River-Frontal Lake Superior,CN,7497.2,-86.2733,47.9223,-84.7978,49.1924
04170004,Magpie River-Frontal Lake Superior,CN,9360.2,-85.6022,47.6422,-83.4417,48.7612
04170005,Agawa River-Frontal Lake Superior,CN,5657.6,-85.0333,47.204,-83.1585,47.9184
04170006,Goulais River-Frontal Lake Superior,CN,4730.0,-84.7891,46.5497,-83.5622,47.3823
04180000,Lake Superior,"CN,MI,MN,WI",84938.4,-92.1129,46.4081,-84.3396,49.0225
04190000,Lake Michigan,"IL,IN,MI,WI",58242.7,-88.0432,41.6089,-84.7238,46.1024
04200001,Carp-Pine,MI,1682.6,-85.1784,45.8469,-83.8995,46.4024
04200002,St. Marys,"CN,MI",4947.7,-84.8606,46.0001,-83.4265,47.0597
04200003,Gordon Lake,CN,975.2,-83.9339,46.2493,-83.427,46.6913
04200004,Upper Mississagi River,CN,5804.4,-83.6224,46.7504,-82.3,47.6105
04200005,Lower Mississagi River,CN,3540.3,-83.5962,46.1895,-82.3788,46.9307
04200006,Serpent River-Frontal Lake Huron,CN,2647.5,-83.2985,46.1589,-82.2055,46.5805
04200007,Vermillion River,CN,4392.8,-81.7786,46.2495,-80.7923,47.3377
04200008,Spanish River-Frontal Lake Huron,CN,9475.7,-82.7368,46.0938,-81.3633,47.5545
04200009,Killarney Lake-Frontal Lake Huron,CN,1795.9,-81.8229,45.9252,-80.8684,46.4657
04210001,Upper Wanapitei River,CN,2548.1,-81.4691,46.6222,-80.6039,47.4679
04210002,Lower Wanapitei River,CN,1220.8,-81.1095,46.0462,-80.5672,46.6828
04210003,Sturgeon River,CN,6920.9,-81.0079,46.3149,-79.3652,47.4939
04210004,French River-Frontal Lake Huron,CN,8832.4,-81.0978,45.7519,-78.9379,46.6275
04220001,Magnetawan River-Frontal Lake Huron,CN,5744.9,-80.7374,45.2071,-78.9623,45.9752
04220002,Lake Muskoka-Frontal Lake Huron,CN,5546.6,-80.0778,44.8566,-78.4781,45.7076
04220003,Severn River-Lake Simcoe,CN,6025.6,-79.7895,43.9423,-78.6985,45.2763
04220004,Nottawasaga River-Frontal Lake Huron,CN,4247.4,-80.3554,43.9307,-79.4134,44.8607
04230001,Eugenia Lake-Frontal Lake Huron,CN,1807.7,-81.0933,44.2071,-80.2435,44.7962
04230002,Bruce Peninsula-Frontal Lake Huron,CN,1794.0,-81.7021,44.3482,-80.9488,45.2556
04230003,Saugeen River,CN,4015.2,-81.5024,43.9153,-80.3288,44.5303
04230004,Penetangore River-Frontal Lake Huron,CN,1150.0,-81.7539,43.75,-81.368,44.3633
04230005,Maitland River-Frontal Lake Huron,CN,2636.3,-81.7279,43.5044,-80.6508,43.9827
04230006,Ausable River-Frontal Lake Huron,CN,3043.4,-82.4251,42.8658,-81.197,43.639
04240001,Manitoulin Island,CN,2888.6,-83.2263,45.515,-81.5779,45.9977
04240002,Lake Huron,"CN,MI",62203.8,-84.7475,42.978,-79.6512,46.2968
04250001,Cedar Creek-Frontal Lake Erie,CN,587.0,-83.1142,41.9413,-82.2476,42.1995
04250002,Talbot Creek-Frontal Lake Erie,CN,702.3,-82.094,42.2512,-81.2163,42.7765
04250003,Big Creek-Frontal Lake Erie,CN,3758.6,-81.3787,42.5737,-79.6087,43.0913
04250004,Upper Grand River,CN,4745.6,-80.9569,43.1414,-80.0273,44.2234
04250005,Lower Grand River,CN,2027.3,-80.8299,42.8475,-79.4788,43.4269
04260000,Lake Erie,"CN,MI,NY,OH,PA",26231.1,-83.4801,41.3776,-78.8477,42.9285
04270101,Niagara River,"CN,NY",3663.8,-79.9665,42.6215,-78.0874,43.2628
04270102,Jordan Harbour-Frontal Lake America,CN,780.2,-79.9622,43.0238,-79.0603,43.2611
04270103,Sixteen Mile Creek-Frontal Lake America,CN,2269.4,-80.2119,43.1669,-79.5668,43.9592
04270104,Humber River-Frontal Lake America,CN,2525.2,-80.0249,43.5827,-78.901,44.0483
04270105,Ganaraska River-Frontal Lake America,CN,1574.9,-78.9765,43.8507,-77.5793,44.11
04270106,Moira River-Frontal Lake America,CN,2835.4,-77.6825,44.1028,-76.9695,44.9613
04270107,Napanee River-Frontal Lake America,CN,2827.8,-77.3683,44.0505,-76.405,44.8586
04270201,Scugog River,CN,1006.1,-79.115,44.0282,-78.6118,44.4185
04270202,Gull River,CN,3248.5,-78.9756,44.4066,-78.1328,45.3707
04270203,Kawartha Lakes,CN,3072.6,-78.9406,44.0667,-77.9196,44.9778
04270204,Otonabee River,CN,1667.3,-78.6489,44.0676,-77.9126,44.5587
04270205,Trent River,CN,3592.0,-78.1599,44.0317,-77.3618,45.0735
04280001,Prince Edward County-Frontal Lake America,CN,1110.1,-77.6936,43.8387,-76.8421,44.1744
04280002,Lake America,"CN,NY",19356.5,-79.8195,43.1744,-76.0546,44.2487
04290001,Headwaters St. Lawrence River,"CN,NY",3807.4,-76.6432,44.091,-75.4955,44.7467
04290002,Indian,NY,1457.2,-75.9038,43.9467,-75.2643,44.6239
04290003,Oswegatchie,NY,2719.7,-75.758,43.9377,-74.7129,44.703
04290004,Grass,NY,1659.4,-75.353,44.1229,-74.6083,44.987
04290005,Raquette,NY,3260.8,-75.1449,43.7226,-74.0283,44.9956
04290006,St. Regis,NY,2212.7,-74.9484,44.3133,-74.1552,45.0019
04290007,Salmon,"CN,NY",1068.6,-74.6663,44.5507,-74.028,45.0365
04290008,Raisin River-St. Lawrence River,"CN,NY",3567.2,-75.5628,44.6531,-73.8528,45.4202
04300101,Mettawee River,"NY,VT",1780.3,-73.7631,43.2407,-73.0241,43.7972
04300102,Otter Creek,VT,2443.4,-73.39,43.2478,-72.7691,44.2267
04300103,Winooski River,VT,2753.8,-73.2763,44.0286,-72.2183,44.594
04300104,Ausable River,NY,1333.8,-74.0803,44.0209,-73.4219,44.5791
04300105,Lamoille River,VT,1868.6,-73.2488,44.4265,-72.1659,44.81
04300106,Saranac River,NY,1588.3,-74.4627,44.1872,-73.4468,44.8029
04300107,Missiquoi River,"CN,VT",2214.3,-73.15,44.6609,-72.2402,45.3979
04300108,Lake Champlain,"CN,NY,VT",7257.6,-73.9835,43.366,-72.7261,45.2777
04300109,Richelieu River,"CN,NY,VT",2565.7,-73.6109,44.9695,-72.9815,46.0477
04300201,Chateaugay-English,"CN,NY",2986.8,-74.4203,44.6337,-73.3875,45.499
04300202,St. Francois River,"CN,ME,NH,VT",7983.2,-72.4466,44.5748,-70.8114,46.1158
04310001,Chaudiere River,"CN,ME",6696.6,-71.576,45.2284,-70.2408,46.7481
04320000,Mojikit Lake-Ogoki River,CN,14003.3,-90.6932,49.1818,-87.9342,51.1282
04330000,Long Lake-Kenogami River,CN,4383.9,-87.4651,49.0665,-86.3422,50.1584
05010001,Upper Allegheny,"NY,PA",6711.2,-79.719,41.5983,-77.8394,42.4449
05010002,Conewango,"NY,PA",2334.4,-79.5699,41.8401,-78.8529,42.4498
05010003,Middle Allegheny-Tionesta,PA,4361.8,-80.3027,41.1141,-78.7918,41.8751
05010004,French,"NY,PA",3203.8,-80.3748,41.3771,-79.5201,42.1922
05010005,Clarion,PA,3233.8,-79.6764,41.0343,-78.4517,41.7281
05010006,Middle Allegheny-Redbank,PA,4361.5,-79.8202,40.5911,-78.6323,41.3318
05010007,Conemaugh,PA,3555.3,-79.4551,39.9188,-78.5558,40.7738
05010008,Kiskiminetas,PA,1334.3,-79.6751,40.1027,-79.0757,40.6914
05010009,Lower Allegheny,PA,1281.2,-80.1076,40.4396,-79.5862,40.9816
05020001,Tygart Valley,WV,3562.3,-80.3843,38.4501,-79.7209,39.5326
05020002,West Fork,WV,2280.2,-80.6235,38.7943,-80.0636,39.5032
05020003,Upper Monongahela,"PA,WV",1200.8,-80.4981,39.406,-79.7266,39.7422
05020004,Cheat,"MD,PA,WV",3683.0,-80.0149,38.3924,-79.2895,39.8588
05020005,Lower Monongahela,"PA,WV",3816.4,-80.4236,39.6107,-79.5358,40.4946
05020006,Youghiogheny,"MD,PA,WV",4560.8,-79.8856,39.2374,-78.8799,40.3754
05030101,Upper Ohio,"OH,PA,WV",5145.1,-81.039,40.0823,-79.9747,40.9787
05030102,Shenango,"OH,PA",2763.2,-80.7009,40.9439,-80.0748,41.7662
05030103,Mahoning,"OH,PA",2952.1,-81.279,40.7813,-80.3705,41.5819
05030104,Beaver,PA,291.4,-80.4715,40.6937,-80.2427,40.9638
05030105,Connoquenessing,PA,2171.2,-80.3213,40.6319,-79.7695,41.3102
05030106,Upper Ohio-Wheeling,"OH,PA,WV",3914.3,-81.2184,39.5955,-80.3076,40.333
05030201,Little Muskingum-Middle Island,"OH,WV",4700.9,-81.6518,39.1369,-80.4675,39.8669
05030202,Upper Ohio-Shade,"OH,WV",3669.5,-82.3071,38.6561,-81.4163,39.4372
05030203,Little Kanawha,WV,5981.6,-81.6433,38.6107,-80.2534,39.3892
05030204,Hocking,OH,3098.3,-82.8248,39.1524,-81.7404,39.8644
05040001,Tuscarawas,OH,6720.0,-81.9917,39.9861,-80.8939,41.1472
05040002,Mohican,OH,2603.0,-82.7742,40.36,-82.0432,41.0198
05040003,Walhonding,OH,3240.2,-82.7824,40.2486,-81.7652,41.0931
05040004,Muskingum,OH,4056.3,-82.4187,39.376,-81.4276,40.3435
05040005,Wills,OH,2210.1,-81.9026,39.7469,-81.1682,40.2615
05040006,Licking,OH,2020.3,-82.7624,39.855,-81.9922,40.3772
05050001,Upper New,"NC,TN,VA",7620.9,-81.7419,36.1174,-80.1046,37.3012
05050002,Middle New,"VA,WV",4350.8,-81.5165,37.0223,-80.2083,37.6996
05050003,Greenbrier,"VA,WV",4260.6,-80.8854,37.5102,-79.6181,38.7397
05050004,Lower New,WV,1791.2,-81.2958,37.5882,-80.7052,38.1727
05050005,Gauley,WV,3679.4,-81.3082,37.7733,-80.1294,38.4652
05050006,Upper Kanawha,WV,1345.5,-81.6524,37.8036,-81.1564,38.3702
05050007,Elk,WV,3971.6,-81.6459,38.2759,-79.9922,38.7226
05050008,Lower Kanawha,WV,2393.8,-82.1428,38.2253,-81.2371,38.8519
05050009,Coal,WV,2309.8,-81.958,37.7091,-81.24,38.408
05060001,Upper Scioto,OH,8276.8,-83.9365,39.6061,-82.4294,40.8015
05060002,Lower Scioto,OH,5633.6,-83.5795,38.7062,-82.4747,40.0193
05060003,Paint,OH,2956.1,-83.7246,39.1257,-82.9325,39.8892
05070101,Upper Guyandotte,WV,2434.3,-82.1461,37.413,-81.1556,37.909
05070102,Lower Guyandotte,WV,1917.1,-82.4111,37.8494,-81.8612,38.5166
05070201,Tug,"KY,VA,WV",4030.2,-82.673,37.1177,-81.3065,38.1392
05070202,Upper Levisa,"KY,VA,WV",3141.3,-82.7326,36.9429,-81.7405,37.4769
05070203,Lower Levisa,KY,2884.3,-83.0989,37.2611,-82.2256,38.1177
05070204,Big Sandy,"KY,WV",1062.8,-83.0252,37.8999,-82.4841,38.4177
05080001,"Upper Great Miami, Indiana, Ohio","IN,OH",6507.3,-84.9129,39.7347,-83.5566,40.6411
05080002,"Lower Great Miami, Indiana, Ohio","IN,OH",3577.6,-84.8947,39.1025,-84.1396,39.9956
05080003,Whitewater,"IN,OH",3821.3,-85.3872,39.1584,-84.6863,40.1047
05090101,Raccoon-Symmes,"KY,OH,WV",3779.0,-82.6694,38.3421,-82.0198,39.4606
05090102,Twelvepole,WV,1145.5,-82.5876,37.8416,-82.1124,38.4048
05090103,Little Scioto-Tygarts,"KY,OH,WV",2610.0,-83.3412,38.1906,-82.5072,39.0746
05090104,Little Sandy,KY,1875.9,-83.2746,37.9962,-82.6419,38.5879
05090201,Ohio Brush-Whiteoak,"KY,OH",5438.8,-84.4552,38.3183,-83.0108,39.2143
05090202,Little Miami,OH,4552.5,-84.4739,38.9005,-83.5497,39.929
05090203,Middle Ohio-Laughery,"IN,KY,OH",3651.6,-85.3669,38.6668,-84.347,39.4045
05100101,Licking,KY,7196.3,-84.6285,37.4866,-82.8785,39.0927
05100102,South Fork Licking,KY,2401.5,-84.5937,37.9633,-83.8852,38.6989
05100201,North Fork Kentucky,"KY,VA",3428.8,-83.7106,36.9534,-82.6435,37.7599
05100202,Middle Fork Kentucky,KY,1448.1,-83.6713,36.8828,-83.122,37.604
05100203,South Fork Kentucky,KY,1937.4,-83.9382,36.8951,-83.4433,37.5699
05100204,Upper Kentucky,KY,2832.7,-84.2464,37.3221,-83.2428,38.0244
05100205,Lower Kentucky,KY,8393.8,-85.2078,37.3332,-84.0027,38.8218
05110001,Upper Green,KY,8134.3,-86.6245,36.8661,-84.632,37.7561
05110002,Barren,"KY,TN",5866.6,-86.8198,36.4565,-85.6268,37.182
05110003,Middle Green,KY,2661.4,-87.2332,36.8117,-86.4803,37.4851
05110004,Rough,KY,2799.7,-87.137,37.3493,-85.9844,37.7891
05110005,Lower Green,KY,2390.8,-87.6939,37.3966,-86.6347,37.937
05110006,Pond,KY,2065.1,-87.549,36.8647,-87.1004,37.5361
05120101,Upper Wabash,"IN,OH",4230.8,-86.3722,40.2954,-84.4065,41.1563
05120102,Salamonie,IN,1450.8,-85.7251,40.3252,-84.8155,40.8325
05120103,Mississinewa,"IN,OH",2114.5,-86.0307,40.1209,-84.6911,40.7638
05120104,Eel,IN,2114.6,-86.3973,40.7503,-85.1483,41.3248
05120105,Middle Wabash-Deer,IN,1733.2,-86.8587,40.4663,-85.95,40.8666
05120106,Tippecanoe,IN,5046.6,-87.2086,40.5149,-85.4446,41.3577
05120107,Wildcat,IN,2081.5,-86.8733,40.2165,-85.7385,40.5348
05120108,Middle Wabash-Little Vermilion,"IL,IN",5892.0,-88.0675,39.5843,-86.5325,40.7003
05120109,Vermilion,"IL,IN",3708.1,-88.3574,39.9417,-87.3939,40.6756
05120110,Sugar,IN,2101.3,-87.3606,39.8375,-86.223,40.2959
05120111,Middle Wabash-Busseron,"IL,IN",5253.0,-87.8814,38.6315,-87.0484,39.9018
05120112,Embarras,IL,6308.7,-88.4571,38.6428,-87.513,40.1019
05120113,Lower Wabash,"IL,IN",3399.7,-88.2041,37.7879,-87.4794,38.7596
05120114,Little Wabash,IL,5547.7,-88.8369,37.8883,-87.9862,39.4908
05120115,Skillet,IL,2750.8,-88.9016,38.0266,-88.1257,38.8095
05120201,Upper White,IN,7047.2,-86.6896,39.3056,-84.8749,40.383
05120202,Lower White,IN,4333.8,-87.7427,38.4074,-86.1603,39.4265
05120203,Eel,IN,3128.4,-87.3336,39.1033,-86.4222,40.0181
05120204,Driftwood,IN,3018.5,-86.1763,39.1724,-85.2285,40.0547
05120205,Flatrock-Haw,IN,1548.5,-85.9705,39.1844,-85.2095,40.0171
05120206,Upper East Fork White,IN,2101.3,-86.2122,38.7713,-85.3206,39.529
05120207,Muscatatuck,IN,2954.3,-86.1665,38.5632,-85.2368,39.3397
05120208,Lower East Fork White,IN,5254.4,-87.2499,38.4093,-86.0503,39.3448
05120209,Patoka,IN,2229.2,-87.751,38.1593,-86.3302,38.5413
05130101,Upper Cumberland,"KY,TN,VA",6038.6,-84.5013,36.3763,-82.7166,37.1786
05130102,Rockcastle,KY,1977.6,-84.437,36.9519,-83.87,37.5399
05130103,Upper Cumberland-Lake Cumberland,"KY,TN",4874.8,-85.6748,36.5485,-84.3446,37.4631
05130104,South Fork Cumberland,"KY,TN",3580.5,-85.0257,36.0952,-84.2255,37.0017
05130105,Obey,"KY,TN",2452.8,-85.5121,36.0428,-84.8151,36.7812
05130106,Upper Cumberland-Cordell Hull Reservoir,TN,2063.9,-85.9684,36.1484,-85.2453,36.5963
05130107,Collins,TN,2039.5,-86.1238,35.3134,-85.4634,35.8731
05130108,Caney,TN,4654.1,-86.1941,35.524,-85.0715,36.2603
05130201,Lower Cumberland-Old Hickory Lake,TN,2552.8,-86.6964,36.0558,-85.8806,36.5569
05130202,Lower Cumberland-Sycamore,TN,1676.6,-87.156,35.9156,-86.5911,36.4343
05130203,Stones,TN,2423.3,-86.6803,35.6186,-85.9439,36.2368
05130204,Harpeth,TN,2245.8,-87.4367,35.7035,-86.5196,36.3044
05130205,Lower Cumberland,"KY,TN",6045.3,-88.408,36.0855,-87.0573,37.3278
05130206,Red,"KY,TN",3765.4,-87.7607,36.3937,-86.4936,36.9217
05140101,Silver-Little Kentucky,"IN,KY",3267.6,-86.0072,38.0025,-85.1501,38.9987
05140102,Salt,KY,3805.8,-85.9646,37.5827,-84.7948,38.4142
05140103,Rolling Fork,KY,3753.8,-85.8811,37.4004,-84.8545,37.9914
05140104,Blue-Sinking,"IN,KY",4916.7,-86.6208,37.72,-85.8158,38.6722
05140201,Lower Ohio-Little Pigeon,"IN,KY",3615.6,-87.5129,37.7066,-86.4594,38.3308
05140202,Highland-Pigeon,"IL,IN,KY",2684.3,-88.15,37.5663,-87.2358,38.3573
05140203,Lower Ohio-Bay,"IL,KY",2706.8,-88.8547,37.1212,-87.8626,37.7449
05140204,Saline,"IL,KY",3049.2,-89.0184,37.5126,-88.1259,38.1271
05140205,Tradewater,KY,2441.9,-88.075,36.9473,-87.4692,37.6223
05140206,Lower Ohio,"IL,KY",2391.1,-89.2664,36.9636,-88.3951,37.5781
06010101,North Fork Holston,"TN,VA",1882.1,-82.8327,36.5447,-81.2611,37.0872
06010102,South Fork Holston,"NC,TN,VA",3054.6,-82.718,36.3592,-81.2856,36.9639
06010103,"Watauga, North Carolina, Tennessee","NC,TN",2248.9,-82.505,36.103,-81.6946,36.5381
06010104,Holston,"TN,VA",2590.1,-83.8999,35.9508,-82.5855,36.5946
06010105,Upper French Broad,"NC,SC,TN",4867.8,-83.1998,35.0646,-82.2642,36.0658
06010106,Pigeon,"NC,TN",1785.7,-83.3173,35.2916,-82.7453,36.0281
06010107,Lower French Broad,"NC,TN",2063.3,-83.8706,35.5891,-83.0864,36.1225
06010108,Nolichucky,"NC,TN",4553.6,-83.4119,35.6988,-81.8756,36.4233
06010201,Watts Bar Lake,"NC,TN",3506.0,-85.0563,35.5245,-83.4724,36.0879
06010202,Upper Little Tennessee,"GA,NC,TN",2168.6,-83.8202,34.9034,-83.1435,35.5799
06010203,Tuckasegee,"NC,TN",1900.6,-83.6213,35.0981,-82.9192,35.6958
06010204,Lower Little Tennessee,"NC,TN",2732.4,-84.4659,35.2169,-83.685,35.7819
06010205,"Upper Clinch, Tennessee, Virginia","TN,VA,WV",5091.1,-84.3268,36.2229,-81.3976,37.2405
06010206,Powell,"KY,TN,VA",2452.1,-84.0943,36.2783,-82.618,37.0443
06010207,Lower Clinch,TN,1647.9,-84.5653,35.8304,-83.6807,36.2852
06010208,Emory,TN,2243.7,-85.1925,35.7426,-84.379,36.2549
06020001,Middle Tennessee-Chickamauga,"AL,GA,TN",4827.2,-85.6602,34.5828,-84.5501,35.7404
06020002,Hiwassee,"GA,NC,TN",5325.3,-85.0134,34.7219,-83.5689,35.5979
06020003,Ocoee,"GA,NC,TN",1655.2,-84.7228,34.6296,-83.9392,35.2064
06020004,Sequatchie,TN,1558.0,-85.7385,35.0181,-84.8942,35.8749
06030001,Guntersville Lake,"AL,GA,TN",5173.2,-86.517,34.1116,-85.5145,35.282
06030002,Wheeler Lake,"AL,TN",7493.2,-87.4035,34.2405,-86.0298,35.1038
06030003,Upper Elk,"AL,TN",3325.2,-86.9281,34.983,-85.722,35.4834
06030004,Lower Elk,"AL,TN",2497.1,-87.354,34.7644,-86.7117,35.4563
06030005,Pickwick Lake,"AL,MS,TN",5911.4,-88.4443,34.3892,-87.2021,35.353
06030006,Bear,"AL,MS",2444.5,-88.2893,34.2195,-87.4974,34.8929
06040001,Lower Tennessee-Beech,"MS,TN",5403.2,-88.5432,34.9223,-87.7168,35.9584
06040002,Upper Duck,TN,3058.1,-87.0767,35.3183,-85.943,35.7528
06040003,Lower Duck,TN,4005.8,-87.9419,35.4285,-86.7414,36.1405
06040004,Buffalo,TN,1975.3,-87.8957,35.2062,-87.2352,36.001
06040005,Kentucky Lake,"KY,TN",4700.1,-88.4808,35.6929,-87.5467,37.0469
06040006,Lower Tennessee,"KY,TN",1807.7,-88.6796,36.4173,-88.2211,37.1229
07010101,Mississippi Headwaters,MN,4975.3,-95.3665,47.0626,-93.4587,47.7717
07010102,Leech Lake,MN,3473.9,-94.9631,46.8291,-93.8604,47.4373
07010103,Prairie-Willow,MN,5397.7,-94.0112,46.5446,-92.7642,47.6871
07010104,Elk-Nokasippi,MN,4358.5,-94.8293,45.8168,-93.1008,46.802
07010105,Pine,MN,2028.2,-94.6714,46.5303,-93.7233,46.9678
07010106,Crow Wing,MN,5136.8,-95.52,46.147,-94.1252,47.2277
07010107,Redeye,MN,2315.4,-95.6172,46.1041,-94.8115,46.8879
07010108,Long Prairie,MN,2287.3,-95.5811,45.7637,-94.4368,46.3892
07010201,Platte-Spunk,MN,2654.8,-94.691,45.4853,-93.8033,46.2331
07010202,Sauk,MN,2700.6,-95.3236,45.2821,-94.1762,45.9969
07010203,Clearwater-Elk,MN,2904.8,-94.4819,45.1882,-93.5159,45.8284
07010204,Crow,MN,3825.8,-95.2552,44.9328,-93.5055,45.6696
07010205,South Fork Crow,MN,3312.2,-95.0713,44.6467,-93.5816,45.1573
07010206,Twin Cities,MN,2609.2,-93.778,44.735,-92.8047,45.3048
07010207,Rum,MN,4105.1,-93.9852,45.1883,-93.1096,46.4201
07020001,Upper Minnesota,"MN,ND,SD",5515.4,-97.364,44.833,-95.7962,45.9585
07020002,Pomme De Terre,MN,2266.2,-96.2643,45.1774,-95.5525,46.3529
07020003,Lac Qui Parle,"MN,SD",2840.4,-96.6944,44.444,-95.8547,45.0956
07020004,Hawk-Yellow Medicine,"MN,SD",5392.4,-96.4654,44.335,-94.8341,45.2501
07020005,Chippewa,MN,5382.0,-95.9754,44.9339,-95.0078,46.1933
07020006,Redwood,MN,1810.7,-96.3973,44.1165,-95.0823,44.6158
07020007,Middle Minnesota,MN,3489.7,-95.2432,44.0211,-93.6578,44.731
07020008,Cottonwood,MN,3402.3,-96.0029,43.9416,-94.4136,44.47
07020009,Blue Earth,"IA,MN",4054.0,-95.0575,43.2311,-93.535,44.1641
07020010,Watonwan,MN,2262.7,-95.2245,43.7608,-94.1267,44.1867
07020011,Le Sueur,MN,2879.8,-94.175,43.6695,-93.314,44.2287
07020012,Lower Minnesota,MN,4755.7,-94.7267,44.316,-93.0889,44.9457
07030001,Upper St. Croix,"MN,WI",5247.6,-92.8315,45.5367,-91.2717,46.4669
07030002,Namekagon,WI,2637.9,-92.2334,45.7823,-90.9713,46.3042
07030003,Kettle,MN,2725.4,-93.2121,45.8531,-92.4122,46.7164
07030004,Snake,MN,2606.6,-93.6249,45.6788,-92.766,46.3875
07030005,Lower St. Croix,"MN,WI",6777.3,-93.2121,44.747,-92.0722,45.8905
07040001,Rush-Vermillion,"MN,WI",2881.0,-93.3681,44.3655,-92.0827,45.0234
07040002,Cannon,MN,3809.4,-93.8492,43.8223,-92.5566,44.6161
07040003,Buffalo-Whitewater,"MN,WI",3603.6,-92.3967,43.9102,-90.9941,44.639
07040004,Zumbro,MN,3682.7,-93.2057,43.8479,-91.9261,44.4146
07040005,Trempealeau,WI,1888.8,-91.6723,44.017,-90.8419,44.53
07040006,La Crosse-Pine,"MN,WI",1800.3,-91.561,43.7397,-90.5761,44.1294
07040007,Black,WI,5894.1,-91.4404,43.9338,-90.1259,45.3302
07040008,Root,"IA,MN",4309.9,-92.8093,43.4834,-91.2517,43.9892
07050001,Upper Chippewa,WI,4999.1,-91.5626,45.1954,-90.3037,46.2723
07050002,Flambeau,"MI,WI",3054.5,-91.2748,45.2979,-89.3836,46.3047
07050003,South Fork Flambeau,WI,1915.0,-90.8183,45.5585,-89.918,46.0482
07050004,Jump,WI,2213.3,-91.1441,45.2349,-90.0972,45.6759
07050005,Lower Chippewa,WI,5337.8,-92.3421,44.407,-90.4138,45.3534
07050006,Eau Claire,WI,2289.1,-91.5036,44.5456,-90.6217,45.1145
07050007,Red Cedar,WI,4897.7,-92.2555,44.706,-91.3533,45.8471
07060001,Coon-Yellow,"IA,MN,WI",3688.8,-91.7765,42.9829,-90.7949,43.8015
07060002,Upper Iowa,"IA,MN",2588.6,-92.6663,43.1667,-91.2333,43.6281
07060003,Grant-Little Maquoketa,"IA,WI",2899.8,-91.3125,42.4396,-90.362,43.0164
07060004,Turkey,IA,4387.4,-92.5077,42.5659,-91.0113,43.4579
07060005,Apple-Plum,"IA,IL,WI",3849.4,-90.8511,41.8743,-89.704,42.7575
07060006,Maquoketa,IA,4844.0,-91.786,41.9048,-90.3003,42.7512
07070001,Upper Wisconsin,"MI,WI",5645.7,-90.2125,45.3507,-88.9176,46.2165
07070002,Lake Dubay,WI,7043.3,-90.4003,44.5924,-88.8911,45.4755
07070003,Castle Rock,WI,8415.8,-90.6107,43.4855,-89.1497,45.0958
07070004,Baraboo,WI,1697.3,-90.4618,43.3783,-89.4404,43.8478
07070005,Lower Wisconsin,WI,6115.5,-91.1521,42.9506,-89.0439,43.6194
07070006,Kickapoo,WI,1988.1,-91.0426,43.0768,-90.4176,43.9051
07080101,Copperas-Duck,"IA,IL",2568.4,-91.2051,41.1419,-89.8884,42.0872
07080102,Upper Wapsipinicon,"IA,MN",4060.7,-92.7121,42.0691,-91.2489,43.5537
07080103,Lower Wapsipinicon,IA,2541.6,-91.388,41.5873,-90.3048,42.1436
07080104,Flint-Henderson,"IA,IL,MO",6257.2,-91.6615,40.3166,-89.9621,41.3655
07080105,South Skunk,IA,4775.1,-93.9597,41.1514,-92.0255,42.5192
07080106,North Skunk,IA,2259.8,-93.259,41.249,-92.0179,42.025
07080107,Skunk,IA,4231.1,-92.589,40.6975,-91.1152,41.446
07080201,Upper Cedar,"IA,MN",4362.8,-93.371,42.6017,-92.2831,43.9508
07080202,Shell Rock,"IA,MN",2798.1,-93.543,42.6322,-92.4797,43.7885
07080203,Winnebago,"IA,MN",1783.1,-93.7945,43.0388,-92.9411,43.6654
07080204,West Fork Cedar,IA,2229.9,-93.5372,42.5809,-92.483,43.113
07080205,Middle Cedar,IA,6259.5,-93.286,41.8668,-91.6108,42.6828
07080206,Lower Cedar,IA,2846.2,-91.6879,41.2835,-90.6995,42.212
07080207,Upper Iowa,IA,3770.7,-93.8713,42.0447,-92.9263,43.2665
07080208,Middle Iowa,IA,4292.5,-93.2732,41.6712,-91.4316,42.2345
07080209,Lower Iowa,IA,4366.2,-92.7417,41.0193,-91.012,41.7812
07090001,Upper Rock,WI,4902.5,-89.3191,42.9255,-88.2151,43.7818
07090002,Middle Rock,"IL,WI",4743.5,-89.605,42.4576,-88.1827,43.3662
07090003,Pecatonica,"IL,WI",4870.0,-90.4404,42.139,-89.0699,43.0285
07090004,Sugar,"IL,WI",1969.8,-89.7767,42.4032,-89.1974,43.0813
07090005,Lower Rock,"IL,WI",5616.7,-90.7122,41.3085,-88.8082,42.536
07090006,Kishwaukee,"IL,WI",3250.2,-89.1421,41.7635,-88.3355,42.5677
07090007,Green,IL,2923.7,-90.3988,41.2279,-88.9203,41.8628
07100001,Des Moines Headwaters,MN,3231.4,-96.1124,43.5855,-94.968,44.2608
07100002,Upper Des Moines,"IA,MN",2786.5,-95.0825,42.6522,-94.1823,43.6267
07100003,East Fork Des Moines,"IA,MN",3385.7,-94.9803,42.6768,-93.696,43.7335
07100004,Middle Des Moines,IA,4468.8,-94.9929,41.5788,-93.5834,43.0148
07100005,Boone,IA,2352.8,-94.1496,42.2981,-93.636,43.1561
07100006,North Raccoon,IA,6399.3,-95.3141,41.4833,-93.6125,42.9366
07100007,South Raccoon,IA,2944.3,-95.0648,41.4675,-93.9657,42.2122
07100008,Lake Red Rock,IA,6326.2,-94.6959,40.9101,-92.9683,41.9042
07100009,Lower Des Moines,"IA,MO",5546.9,-93.3108,40.3663,-91.4141,41.4368
07110001,Bear-Wyaconda,"IA,IL,MO",4470.6,-92.7464,39.8869,-90.9705,40.8204
07110002,North Fabius,"IA,MO",2371.9,-92.6839,39.8972,-91.5007,40.7202
07110003,South Fabius,MO,1605.2,-92.5761,39.8191,-91.4542,40.4386
07110004,The Sny,"IL,MO",5146.5,-92.2696,38.9316,-90.6061,40.0644
07110005,North Fork Salt,MO,2314.6,-92.6252,39.4844,-91.7809,40.4182
07110006,South Fork Salt,MO,3143.6,-92.4972,39.0212,-91.7131,40.0258
07110007,Salt,MO,2056.7,-91.8608,39.2123,-91.0638,39.6863
07110008,Cuivre,MO,3268.0,-91.7895,38.7919,-90.6754,39.348
07110009,Peruque-Piasa,"IL,MO",1731.1,-91.0795,38.6899,-89.9393,39.1396
07120001,Kankakee,"IL,IN,MI",7845.1,-88.2963,40.9542,-85.8923,41.8048
07120002,Iroquois,"IL,IN",5537.2,-88.2108,40.3987,-86.8752,41.1816
07120003,Chicago,"IL,IN",1590.2,-87.9227,41.3504,-87.3348,42.3508
07120004,Des Plaines,"IL,WI",3769.7,-88.2847,41.3503,-87.7255,42.7023
07120005,Upper Illinois,IL,2606.6,-88.8471,40.9347,-88.1337,41.6657
07120006,Upper Fox,"IL,WI",3999.0,-88.6744,41.9913,-88.0385,43.205
07120007,Lower Fox,IL,2857.1,-89.0912,41.3431,-88.1867,42.0645
07130001,Lower Illinois-Senachwine Lake,IL,5075.8,-89.7062,40.6114,-88.6832,41.7063
07130002,Vermilion,IL,3452.7,-89.162,40.591,-88.0484,41.3187
07130003,Lower Illinois-Lake Chautauqua,IL,4202.6,-90.6525,39.9405,-89.4643,40.9727
07130004,Mackinaw,IL,2976.0,-89.8342,40.3601,-88.3516,40.8947
07130005,Spoon,IL,4831.6,-90.759,40.2912,-89.564,41.3257
07130006,Upper Sangamon,IL,3732.2,-89.5405,39.6117,-88.1426,40.5669
07130007,South Fork Sangamon,IL,3029.8,-90.0319,39.3067,-88.8742,39.8327
07130008,Lower Sangamon,IL,2311.2,-90.4341,39.6755,-89.4125,40.2973
07130009,Salt,IL,4836.2,-89.8282,39.8615,-88.5055,40.5711
07130010,La Moine,IL,3494.2,-91.2368,39.9433,-90.4377,40.6695
07130011,Lower Illinois,IL,5886.6,-91.2085,38.8931,-89.8982,40.0533
07130012,Macoupin,IL,2524.0,-90.6053,39.071,-89.575,39.5302
07140101,Cahokia-Joachim,"IL,MO",4264.7,-90.6261,37.8611,-89.6547,39.2029
07140102,Meramec,MO,5568.5,-91.7918,37.4958,-90.3029,38.6319
07140103,Bourbeuse,MO,2185.0,-91.7917,37.9636,-90.8475,38.4837
07140104,Big,MO,2512.6,-91.006,37.6406,-90.314,38.4799
07140105,Upper Mississippi-Cape Girardeau,"IL,KY,MO",4472.7,-90.3365,36.9492,-89.133,38.1885
07140106,Big Muddy,IL,6178.4,-89.6302,37.5301,-88.6279,38.4942
07140107,Whitewater,MO,3088.6,-90.4261,37.0945,-89.4736,37.6999
07140108,Cache,IL,947.2,-89.4226,37.083,-88.9232,37.473
07140201,Upper Kaskaskia,IL,4062.8,-89.1609,39.1242,-88.1657,40.1864
07140202,Middle Kaskaskia,IL,4449.6,-89.6154,38.3171,-88.5943,39.3685
07140203,Shoal,IL,2373.9,-89.7123,38.4826,-89.2237,39.4084
07140204,Lower Kaskaskia,IL,4160.8,-90.1976,37.9742,-89.435,39.0983
08010100,Lower Mississippi-Memphis,"AR,IL,KY,MO,MS,TN",2842.2,-90.3268,34.9477,-88.9452,37.1218
08010201,Bayou De Chien-Mayfield,"KY,TN",2513.8,-89.1924,36.4883,-88.4361,37.0092
08010202,Obion,"KY,TN",3406.8,-89.6963,35.9077,-88.2895,36.6073
08010203,South Fork Obion,TN,2998.4,-89.0829,35.7847,-88.3043,36.3744
08010204,North Fork Forked Deer,TN,2471.4,-89.464,35.6439,-88.4498,36.1511
08010205,South Fork Forked Deer,TN,2748.1,-89.5226,35.2731,-88.4356,36.0126
08010206,Forked Deer,TN,184.4,-89.5966,35.88,-89.4298,36.08
08010207,Upper Hatchie,"MS,TN",2968.1,-89.0269,34.5469,-88.3932,35.3251
08010208,Lower Hatchie,"MS,TN",3791.3,-89.9132,34.9489,-88.7526,35.8151
08010209,Loosahatchie,TN,1921.5,-90.0641,35.136,-89.1416,35.5268
08010210,Wolf,"MS,TN",2111.4,-90.0575,34.821,-88.9974,35.2399
08010211,Horn Lake-Nonconnah,"MS,TN",723.2,-90.2646,34.9063,-89.5845,35.1257
08010300,Town of Madrid-Saint Johns Bayou,MO,1783.1,-89.6278,36.5547,-89.1142,37.1569
08020100,Lower Mississippi-Helena,"AR,MS",1536.5,-91.111,33.736,-90.2355,34.9544
08020202,Upper St. Francis,MO,3362.2,-90.7645,36.8943,-90.1939,37.8613
08020203,Lower St. Francis,"AR,MO",9269.9,-90.7815,34.6096,-89.764,37.1347
08020204,Little River Ditches,"AR,MO",6747.7,-90.4419,35.5272,-89.5193,37.2461
08020205,L'Anguille,AR,2474.7,-91.1041,34.729,-90.6755,35.7972
08020301,Lower White-Bayou Des Arc,AR,2941.9,-92.2545,34.6749,-91.287,35.3434
08020302,Cache,"AR,MO",5197.8,-91.4536,34.6986,-90.1817,36.6041
08020303,Lower White,AR,3524.9,-91.7192,33.9314,-90.5834,34.8033
08020304,Big,AR,2453.5,-91.2452,34.3179,-90.6,35.0976
08020401,Lower Arkansas,AR,1793.6,-92.1027,33.7782,-91.0526,34.765
08020402,Bayou Meto,AR,2589.0,-92.3222,34.0481,-91.3433,35.0222
08030100,Lower Mississippi-Greenville,"AR,LA,MS",1555.2,-91.2627,32.3123,-90.8883,33.8159
08030201,Little Tallahatchie,MS,4269.5,-90.0421,34.2207,-88.834,34.8619
08030202,Tallahatchie,MS,2722.7,-90.5466,33.5258,-89.7782,34.5027
08030203,Yocona,MS,1926.4,-90.1249,34.0377,-89.1267,34.4146
08030204,Coldwater,"MS,TN",4820.1,-90.5736,34.1828,-89.3042,34.9998
08030205,Yalobusha,MS,5917.7,-90.281,33.4302,-89.0075,34.239
08030206,Upper Yazoo,MS,4330.4,-90.6818,32.5811,-89.8393,33.5603
08030207,Big Sunflower,MS,8211.0,-91.1666,32.522,-90.2232,34.4127
08030208,Lower Yazoo,"LA,MS",519.0,-90.9775,32.3337,-90.5624,32.7011
08030209,Deer-Steele,"LA,MS",2121.5,-91.1545,32.4422,-90.8003,33.5826
08040101,Ouachita Headwaters,AR,4009.6,-94.3389,34.3436,-92.8241,34.8541
08040102,Upper Ouachita,AR,4540.7,-93.9245,33.5603,-92.5113,34.5201
08040103,Little Missouri,AR,5437.7,-94.0368,33.4695,-92.8941,34.4473
08040201,Lower Ouachita-Smackover,AR,4672.2,-93.2417,33.1883,-92.2489,34.1423
08040202,Lower Ouachita-Bayou De Loutre,"AR,LA",3401.4,-92.7176,32.5617,-91.851,33.3262
08040203,Upper Saline,AR,4443.5,-93.1107,33.8921,-92.156,34.8624
08040204,Lower Saline,AR,3934.8,-92.3292,33.1627,-91.7499,34.207
08040205,Bayou Bartholomew,"AR,LA",4311.3,-92.1924,32.7165,-91.4358,34.2902
08040206,Bayou D'Arbonne,"AR,LA",4974.4,-93.1683,32.404,-92.1122,33.3267
08040207,Lower Ouachita,LA,1908.8,-92.4277,31.631,-91.5648,32.7353
08040301,Lower Red,LA,2350.5,-92.4448,30.9935,-91.5742,31.6317
08040302,Castor,LA,2479.6,-92.6202,31.7504,-92.0006,32.4545
08040303,Dugdemona,LA,2420.2,-92.9519,31.7789,-92.3567,32.5503
08040304,Little,LA,2596.8,-92.6575,31.3506,-91.8094,31.9154
08040305,Black,LA,191.4,-91.8721,31.2663,-91.7174,31.6451
08040306,Bayou Cocodrie,LA,1441.7,-91.8638,31.1588,-91.3995,31.762
08050001,Boeuf,"AR,LA",7479.3,-92.1599,31.8517,-91.2549,34.1657
08050002,Bayou Macon,"AR,LA",2638.0,-91.6424,31.9109,-91.1028,34.0727
08050003,Tensas,LA,3597.7,-91.806,31.6125,-90.9222,32.9065
08060100,Lower Mississippi-Natchez,"LA,MS",1792.7,-91.6619,30.9948,-90.7866,32.3705
08060201,Upper Big Black,MS,3832.0,-90.0269,32.8238,-89.0523,33.6973
08060202,Lower Big Black,MS,4934.2,-91.0586,32.0263,-89.7371,33.067
08060203,Bayou Pierre,"LA,MS",2772.3,-91.1916,31.632,-90.3336,32.225
08060204,Coles Creek,"LA,MS",950.1,-91.3765,31.5422,-90.8694,31.8536
08060205,Homochitto,MS,3091.1,-91.5036,31.2157,-90.4954,31.7758
08060206,Buffalo,MS,959.9,-91.5996,31.0691,-91.0214,31.3248
08070100,Lower Mississippi-Baton Rouge,"LA,MS",601.4,-91.6843,29.9761,-90.4559,31.0124
08070201,Bayou Sara-Thompson,"LA,MS",1800.1,-91.6484,30.4467,-91.0787,31.1286
08070202,Amite,"LA,MS",4879.6,-91.2342,30.1837,-90.5398,31.4413
08070203,Tickfaw,"LA,MS",1880.4,-90.8593,30.3285,-90.4245,31.1607
08070204,Lake Maurepas,LA,1846.7,-91.0588,29.9895,-90.2792,30.541
08070205,Tangipahoa,"LA,MS",2008.2,-90.6216,30.3294,-90.1743,31.3821
08070300,Lower Grand,LA,2059.1,-91.6622,30.0082,-91.1172,30.7512
08080101,Atchafalaya,LA,5163.6,-91.9513,29.2812,-91.1708,31.1525
08080102,Bayou Teche,LA,5730.7,-92.7442,29.5521,-91.3708,31.3949
08080103,Vermilion,LA,5215.8,-92.2641,29.3508,-91.5254,30.5669
08080201,Mermentau Headwaters,LA,3606.5,-92.8126,30.1461,-92.0757,30.8825
08080202,Mermentau,LA,6662.4,-93.1994,29.4818,-92.1321,30.4383
08080203,Upper Calcasieu,LA,3912.4,-93.3113,30.1576,-92.5983,31.4474
08080204,Whisky Chitto,LA,2282.1,-93.3373,30.5092,-92.7738,31.1455
08080205,West Fork Calcasieu,LA,1947.1,-93.6728,30.2582,-93.156,30.8683
08080206,Lower Calcasieu,LA,3286.3,-93.838,29.5983,-93.001,30.3043
08090100,Lower Mississippi-New Orleans,LA,2219.1,-90.4586,28.8544,-88.9082,30.0039
08090201,Liberty Bayou-Tchefuncta,LA,1800.4,-90.3528,30.167,-89.69,30.9118
08090202,Lake Pontchartrain,LA,1656.9,-90.4328,30.0185,-89.6231,30.3884
08090203,Eastern Louisiana Coastal,"LA,MS",8564.8,-90.4536,29.2911,-88.759,30.1836
08090301,East Central Louisiana Coastal,LA,6993.6,-91.0561,29.0293,-89.3527,30.1317
08090302,West Central Louisiana Coastal,LA,8001.5,-91.3931,28.9944,-90.2091,30.2039
09010002,Des Lacs,"CN,ND",2739.0,-102.657,48.1788,-101.4189,49.0459
09010003,Lower Souris,"CN,ND",13002.0,-102.2884,47.7017,-100.1798,49.9622
09010004,Willow,"CN,ND",4649.5,-100.5427,48.1875,-99.5763,49.0824
09010005,Deep,"CN,ND",4353.7,-101.9637,48.1218,-100.6127,49.1281
09010006,Long Creek,"CN,ND",4490.0,-104.7931,48.6436,-102.8913,49.6673
09010007,Headwaters Souris River,"CN,ND",8048.6,-104.5108,48.6742,-102.4531,50.1679
09010008,Moose Mountain Creek-Souris River,"CN,ND",8762.5,-103.5914,47.8445,-100.8991,49.9794
09010009,Upper Moose Mountain Creek,CN,4073.1,-104.1758,49.5339,-102.3396,50.5524
09020101,Bois De Sioux,"MN,ND,SD",2875.1,-97.1622,45.5943,-96.0549,46.264
09020102,Mustinka,MN,2227.6,-96.6161,45.4762,-95.8778,46.2173
09020103,Otter Tail,MN,4983.4,-96.5989,46.1583,-95.3331,47.2435
09020104,Upper Red,"MN,ND",1695.7,-96.9395,46.2637,-96.1915,47.0878
09020105,Western Wild Rice,"ND,SD",5793.1,-98.0652,45.776,-96.6057,46.7667
09020106,Buffalo,"MN,ND",2888.4,-96.817,46.4564,-95.6216,47.0898
09020107,Elm-Marsh,"MN,ND",2838.5,-97.6036,47.0355,-96.1911,47.5205
09020108,Eastern Wild Rice,MN,4235.2,-96.8414,46.9427,-95.2422,47.5169
09020109,Goose,ND,3276.6,-98.1881,47.1745,-96.856,48.0275
09020201,Devils Lake,ND,9945.3,-99.8034,47.7961,-98.0793,48.9682
09020202,Upper Sheyenne,ND,4877.6,-100.599,47.4081,-98.9047,48.2651
09020203,Middle Sheyenne,ND,5228.8,-99.126,47.0201,-97.8713,47.9361
09020204,Lower Sheyenne,ND,4462.6,-98.5316,46.2328,-96.8243,47.2881
09020205,Maple,ND,4088.9,-97.9634,46.4775,-96.919,47.4579
09020301,Sandhill-Wilson,"MN,ND",3049.8,-97.5553,47.4098,-95.6717,47.9723
09020302,Red Lakes,MN,5026.8,-95.3289,47.6455,-94.0486,48.3376
09020303,Red Lake,MN,3468.0,-97.0212,47.599,-95.2478,48.2049
09020304,Thief,MN,2715.1,-96.2461,48.108,-95.2231,48.5698
09020305,Clearwater,MN,3518.0,-96.2877,47.4349,-95.0416,48.0203
09020306,Grand Marais-Red,"MN,ND",1644.1,-97.2241,47.8181,-96.3683,48.4819
09020307,Turtle,ND,1769.6,-98.0628,47.8021,-97.0704,48.3251
09020308,Forest,ND,2425.2,-98.3035,47.9982,-97.1437,48.5883
09020309,Snake,MN,2015.8,-97.1309,48.1255,-96.0003,48.5292
09020310,Park,ND,2472.2,-98.354,48.3591,-97.1314,48.7589
09020311,Middle Red,"CN,MN,ND",6377.6,-98.3901,48.3177,-95.9607,49.8854
09020312,Two Rivers,"CN,MN",2822.4,-97.1587,48.5085,-95.8206,49.0239
09020314,Roseau,"CN,MN",5346.6,-97.2797,48.483,-95.1518,49.2442
09020315,Upper Pembina River,"CN,ND",3568.8,-100.1499,48.7542,-98.9413,49.4767
09020316,Lower Pembina River,"CN,ND",6571.9,-99.4034,48.5795,-97.2365,49.4548
09020317,Morris River,CN,4064.1,-98.8999,49.1952,-97.3554,49.7317
09020318,Rat River-Tourond Creek,CN,3229.1,-97.2701,49.1342,-95.932,49.7023
09020319,La Salle River,CN,2415.1,-98.4717,49.532,-97.1361,49.999
09030001,Rainy Headwaters,"CN,MN",16347.0,-93.1741,47.4398,-90.0607,48.7805
09030002,Vermilion,MN,2678.4,-93.0304,47.4774,-92.0267,48.3504
09030003,Rainy Lake,"CN,MN",12749.5,-93.9852,48.2243,-89.8593,49.526
09030005,Little Fork,MN,4854.3,-93.6783,47.462,-92.3678,48.527
09030006,Big Fork,"CN,MN",5325.5,-94.358,47.4352,-93.2427,48.5175
09030007,Rapid,MN,2444.5,-95.2763,48.2529,-94.1449,48.6965
09030008,Lower Rainy,"CN,MN",3975.7,-95.0824,48.2756,-93.3322,48.9283
09030009,Lake of the Woods,"CN,MN",13740.2,-95.6145,48.5707,-93.0572,49.851
09030010,Big Turtle River-Rainy Lake,CN,6446.4,-93.1939,48.6861,-91.2618,49.463
09030011,Shoal Lake,CN,1027.9,-95.4118,49.3888,-94.6666,49.7622
09040001,St. Marys,"CN,MT",3816.6,-113.7737,48.5728,-112.6841,49.6267
09040002,Belly,"CN,MT",4897.7,-114.1667,48.8175,-112.4652,50.0009
09040003,Upper Oldman River,CN,4853.9,-114.7533,49.1542,-113.7667,50.2491
09040004,Oldman River-Willow Creek,CN,4036.4,-114.4796,49.4045,-113.1122,50.3072
10020001,Red Rock,"ID,MT",5994.7,-113.5767,44.3581,-111.4635,45.191
10020002,Beaverhead,MT,3889.4,-113.2529,44.7338,-112.0932,45.5731
10020003,Ruby,MT,2501.4,-112.4648,44.7853,-111.8118,45.5954
10020004,Big Hole,"ID,MT",7228.3,-113.9382,45.148,-112.3376,46.065
10020005,Jefferson,MT,3366.6,-112.512,45.5199,-111.5054,46.1625
10020006,Boulder,MT,1965.9,-112.5979,45.8548,-111.7777,46.4245
10020007,Madison,"ID,MT,WY",6619.0,-111.9758,44.3393,-110.5276,45.927
10020008,Gallatin,"MT,WY",4784.8,-111.5309,44.8501,-110.738,46.0709
10030101,Upper Missouri,MT,8676.8,-112.5367,45.9265,-110.5321,47.0987
10030102,Upper Missouri-Dearborn,MT,6737.0,-112.8304,46.9651,-110.2543,47.9419
10030103,Smith,MT,5197.5,-111.7683,46.3153,-110.5861,47.4135
10030104,Sun,MT,4862.8,-113.1659,47.2844,-111.2887,47.9552
10030105,Belt,MT,2068.9,-111.105,46.8361,-110.5632,47.6001
10030201,Two Medicine,MT,3334.1,-113.4809,48.0006,-112.1882,48.5536
10030202,Cut Bank,MT,3110.2,-113.5168,48.4684,-112.138,48.9972
10030203,Marias,"CN,MT",9553.2,-112.6825,47.8657,-110.4373,49.001
10030204,Willow,MT,2573.1,-111.8809,48.3557,-111.1211,48.9567
10030205,Teton,MT,5307.7,-112.9091,47.5857,-110.5044,48.0983
10040101,Bullwhacker-Dog,MT,5009.3,-110.5061,47.2757,-109.0034,48.1973
10040102,Arrow,MT,3295.5,-110.6447,47.0543,-109.7735,47.8099
10040103,Judith,MT,7162.8,-110.6873,46.6721,-109.2143,47.735
10040104,Fort Peck Reservoir,MT,13623.9,-109.4975,46.9845,-105.8418,48.2355
10040105,Big Dry,MT,4012.2,-107.4976,46.9407,-106.2408,47.6258
10040106,Little Dry,MT,3167.6,-107.1296,46.7734,-105.8282,47.3485
10040201,Upper Musselshell,MT,10400.3,-110.7836,45.9635,-108.3285,46.7866
10040202,Middle Musselshell,MT,4984.3,-109.1475,46.2628,-107.4364,46.9473
10040203,Flatwillow,MT,1760.8,-109.3565,46.725,-107.93,47.0167
10040204,Box Elder,MT,3036.8,-109.2685,46.8801,-108.0401,47.3815
10040205,Lower Musselshell,MT,4376.0,-108.9551,46.8822,-107.4,47.5494
10050001,Milk Headwaters,"CN,MT",2498.2,-113.4187,48.6189,-112.2734,49.2914
10050002,Upper Milk,"CN,MT",5877.4,-112.3891,48.5555,-109.8687,49.3596
10050003,Wild Horse Lake,"CN,MT",1241.3,-110.5674,48.8785,-109.8489,49.4457
10050004,Middle Milk,MT,9096.8,-110.0861,48.0734,-107.0602,48.953
10050005,Big Sandy,MT,2091.2,-110.6294,48.0771,-109.6718,48.5696
10050006,Sage,"CN,MT",2578.6,-111.141,48.3456,-109.9942,49.0222
10050007,Lodge,"CN,MT",2809.1,-110.4855,48.5693,-109.1581,49.6359
10050008,Battle,"CN,MT",4449.8,-110.2579,48.5759,-108.8645,49.68
10050009,Peoples,MT,1839.9,-109.4488,47.9154,-108.1799,48.4296
10050010,Cottonwood,"CN,MT",2454.9,-108.9648,48.5074,-107.7558,49.0952
10050011,Whitewater,"CN,MT",4642.4,-109.2276,48.539,-107.3654,49.373
10050012,Lower Milk,MT,3897.6,-107.2673,47.8016,-106.1292,48.6852
10050013,Frenchman,"CN,MT",6227.1,-109.7474,48.5168,-107.1365,49.739
10050014,Beaver,MT,4714.5,-108.5542,47.8137,-107.0869,48.5359
10050015,Rock,"CN,MT",3544.8,-107.234,48.4126,-106.4786,49.2862
10050016,Porcupine,MT,1879.7,-106.6803,48.1173,-106.0971,48.8662
10060001,Prairie Elk-Wolf,MT,5244.2,-106.6051,47.5681,-105.2082,48.636
10060002,Redwater,MT,5477.9,-105.9905,47.0301,-104.7551,48.0649
10060003,Poplar,"CN,MT",6011.9,-106.3815,48.0773,-104.9055,49.4046
10060004,West Fork Poplar,"CN,MT",2655.0,-106.5373,48.4523,-105.358,49.2713
10060005,Charlie-Little Muddy,"MT,ND",3256.5,-105.2148,47.8011,-103.9128,48.3717
10060006,Big Muddy,"CN,MT,ND",8905.6,-105.3009,48.1257,-103.8025,49.4522
10060007,Brush Lake Closed Basin,"CN,MT,ND",2724.5,-104.4596,48.5156,-103.578,49.2787
10070001,Yellowstone Headwaters,"MT,WY",6715.2,-110.9089,43.9457,-109.7225,45.2556
10070002,Upper Yellowstone,"MT,WY",7677.9,-111.1212,44.9811,-109.4913,46.2026
10070003,Shields,MT,2212.0,-110.9984,45.7155,-110.2852,46.2724
10070004,Upper Yellowstone-Lake Basin,MT,4068.1,-109.7445,45.4965,-108.3813,46.0903
10070005,Stillwater,MT,2763.2,-110.1562,45.0448,-109.153,45.6402
10070006,Clarks Fork Yellowstone,"MT,WY",7233.0,-109.9597,44.5798,-108.6018,45.6499
10070007,Upper Yellowstone-Pompeys Pillar,MT,5201.8,-109.0201,45.5987,-107.4752,46.397
10070008,Pryor,MT,1581.7,-108.6855,45.2241,-108.1359,45.8903
10080001,Upper Wind,WY,6602.8,-110.0841,42.8114,-108.1088,43.961
10080002,Little Wind,WY,2888.7,-109.375,42.4658,-108.1151,43.1969
10080003,Popo Agie,WY,2080.9,-109.2374,42.5315,-108.4312,42.9596
10080004,Muskrat,WY,1904.6,-108.1932,42.6657,-107.5484,43.201
10080005,Lower Wind,WY,4419.1,-109.1909,42.7729,-107.2064,43.6645
10080006,Badwater,WY,2216.3,-108.1773,43.1228,-107.1831,43.5879
10080007,Upper Bighorn,WY,8994.0,-109.2636,43.4376,-107.5531,44.4705
10080008,Nowood,WY,5209.0,-107.9805,43.4292,-107.0551,44.4673
10080009,Greybull,WY,2977.9,-109.5516,43.7716,-108.0491,44.4791
10080010,Big Horn Lake,"MT,WY",4675.3,-108.4913,44.3732,-107.2749,45.3156
10080011,Dry,WY,1120.6,-109.0775,44.2523,-108.0565,44.6236
10080012,North Fork Shoshone,WY,2337.6,-110.1725,44.2282,-109.1139,44.6719
10080013,South Fork Shoshone,WY,1558.4,-109.8742,43.8011,-109.2141,44.4541
10080014,Shoshone,"MT,WY",3823.7,-109.3062,44.2621,-108.178,45.3224
10080015,Lower Bighorn,MT,5081.9,-108.3283,45.0339,-107.0135,46.1542
10080016,Little Bighorn,"MT,WY",3359.4,-107.9115,44.7656,-107.1161,45.7481
10090101,Upper Tongue,"MT,WY",6566.0,-107.7587,44.4383,-106.1811,45.4266
10090102,Lower Tongue,MT,7438.6,-106.8007,45.0082,-105.4112,46.4096
10090201,Middle Fork Powder,WY,2572.8,-107.2669,43.3381,-106.5083,44.1569
10090202,Upper Powder,WY,6463.8,-106.6361,43.4605,-105.6329,44.8834
10090203,South Fork Powder,WY,3151.3,-107.4919,42.7663,-106.4495,43.6844
10090204,Salt,WY,2089.3,-106.6181,43.0919,-105.9774,43.6914
10090205,Crazy Woman,WY,2473.7,-107.0818,43.8805,-106.1288,44.5743
10090206,Clear,WY,2989.1,-107.2043,44.1975,-106.0626,44.9728
10090207,Middle Powder,"MT,WY",2751.3,-106.1915,44.7044,-105.3427,45.5044
10090208,Little Powder,"MT,WY",5256.2,-105.8046,44.2798,-104.8983,45.4821
10090209,Lower Powder,MT,4861.6,-105.5022,45.279,-104.6502,46.7422
10090210,Mizpah,MT,2081.6,-105.803,45.4024,-105.1525,46.2723
10100001,Lower Yellowstone-Sunday,MT,12447.1,-107.9096,45.6368,-105.3622,46.9225
10100002,Big Porcupine,MT,2260.3,-107.5486,46.2856,-106.7814,46.9949
10100003,Rosebud,MT,3387.7,-107.1923,45.1569,-106.2349,46.2743
10100004,Lower Yellowstone,"MT,ND",13795.0,-105.9053,46.4928,-103.5185,47.982
10100005,O'Fallon,MT,4092.1,-105.2272,45.8961,-104.1055,46.8363
10110101,Lake Sakakawea,ND,17587.4,-104.0059,47.3911,-100.9741,48.7947
10110102,Little Muddy,ND,2411.3,-104.0268,48.1353,-103.0863,48.7699
10110201,Upper Little Missouri,"MT,ND,SD,WY",8994.3,-105.2045,44.5369,-103.61,46.3753
10110202,Boxelder,"MT,ND,SD",3091.7,-104.9638,45.1836,-103.9392,46.0587
10110203,Middle Little Missouri,"MT,ND",5628.2,-104.2109,46.2039,-103.1934,47.3313
10110204,Beaver,"MT,ND",2258.0,-104.3433,46.4951,-103.6545,47.3985
10110205,Lower Little Missouri,ND,4662.8,-103.8088,47.2122,-102.21,47.875
10120101,Antelope,WY,2692.4,-106.1017,43.1699,-105.0447,43.7141
10120102,Dry Fork Cheyenne,WY,1280.9,-105.9995,43.047,-105.0265,43.4341
10120103,Upper Cheyenne,WY,3721.4,-105.5076,43.3308,-104.2738,43.9796
10120104,Lance,WY,2815.3,-105.0686,42.7566,-104.1415,43.3816
10120105,Lightning,WY,2597.5,-105.6145,42.8168,-104.6067,43.2945
10120106,Angostura Reservoir,"NE,SD,WY",3632.1,-104.5383,42.9512,-103.1739,43.8021
10120107,Beaver,"SD,WY",4311.9,-104.7816,43.4222,-103.7424,44.1906
10120108,Hat,"NE,SD,WY",2507.6,-104.2843,42.6833,-103.4518,43.2637
10120109,Middle Cheyenne-Spring,SD,5500.0,-103.7989,43.2421,-102.5443,44.0364
10120110,Rapid,SD,1852.3,-103.9947,43.857,-102.6283,44.2523
10120111,Middle Cheyenne-Elk,SD,4088.6,-103.7887,43.7325,-102.1998,44.4351
10120112,Lower Cheyenne,SD,4197.8,-102.4609,44.1132,-101.2425,44.9737
10120113,Cherry,SD,4796.7,-103.3651,44.5685,-101.4884,45.0428
10120201,Upper Belle Fourche,"SD,WY",7607.8,-105.8985,43.6092,-104.0287,44.8011
10120202,Lower Belle Fourche,"MT,SD,WY",8408.3,-104.6382,44.2468,-102.3025,45.1833
10120203,Redwater,"SD,WY",2721.5,-104.4529,44.1126,-103.6465,44.707
10130101,Painted Woods-Square Butte,ND,6544.0,-101.5614,46.7623,-100.0934,47.8978
10130102,Upper Lake Oahe,"ND,SD",9418.1,-101.1863,45.2354,-99.333,46.8525
10130103,Apple Creek,ND,9411.4,-100.813,46.3514,-99.0726,47.4433
10130104,Beaver,ND,2682.1,-100.5425,46.0424,-99.1369,46.4915
10130105,Lower Lake Oahe,SD,9927.6,-101.4572,44.409,-99.5389,45.5315
10130106,West Missouri Coteau,"ND,SD",4213.8,-100.2589,45.4112,-98.9079,46.3558
10130201,Knife,ND,6482.6,-103.2208,46.8134,-101.3685,47.4863
10130202,Upper Heart,ND,4440.5,-103.3554,46.5032,-101.8058,47.1916
10130203,Lower Heart,ND,4230.0,-102.1543,46.3304,-100.8379,47.0751
10130204,Upper Cannonball,ND,4234.6,-103.3577,46.0927,-101.3054,46.6939
10130205,Cedar,"ND,SD",4626.4,-103.3707,45.8358,-101.2066,46.497
10130206,Lower Cannonball,ND,2317.4,-101.5731,45.9686,-100.5904,46.6359
10130301,North Fork Grand,"ND,SD",3227.1,-103.7422,45.7497,-102.2327,46.2542
10130302,South Fork Grand,SD,4518.2,-103.852,45.3858,-102.1353,45.8943
10130303,Grand,"ND,SD",6207.1,-102.934,45.3865,-100.7235,46.1489
10130304,South Fork Moreau,SD,2624.6,-104.0043,44.9427,-102.7273,45.3801
10130305,Upper Moreau,SD,4061.6,-103.7218,44.9783,-102.1482,45.5762
10130306,Lower Moreau,SD,6884.6,-102.8966,44.9255,-100.4897,45.5955
10140101,Fort Randall Reservoir,"NE,SD",11053.1,-100.4672,42.9704,-98.3378,44.5032
10140102,Bad,SD,8226.1,-102.3115,43.7524,-100.2891,44.5093
10140103,Medicine Knoll,SD,2170.4,-100.1853,44.3147,-99.2505,44.9735
10140104,Medicine,SD,1794.6,-100.5979,43.8079,-99.6007,44.1251
10140105,Crow,SD,3019.2,-99.5935,43.7637,-98.5914,44.4842
10140201,Upper White,"NE,SD",9801.8,-103.8507,42.5211,-101.9517,43.7979
10140202,Middle White,SD,6301.6,-102.3597,43.1845,-100.6611,43.8999
10140203,Little White,"NE,SD",4210.0,-102.2923,42.9206,-100.5698,43.728
10140204,Lower White,SD,5455.4,-100.8411,43.2003,-99.4331,43.9231
10150002,Niobrara Headwaters,"NE,WY",3838.7,-104.697,42.2001,-103.0708,42.8633
10150003,Upper Niobrara,"NE,SD",10752.8,-103.7916,41.9011,-101.3429,43.0991
10150004,Middle Niobrara,"NE,SD",9809.6,-102.1824,42.2961,-98.9815,43.1446
10150005,Snake,NE,2231.8,-102.3502,42.3496,-100.7622,42.7801
10150006,Keya Paha,"NE,SD",4464.1,-100.838,42.772,-98.9849,43.3512
10150007,Lower Niobrara,NE,3863.7,-99.1936,42.2647,-97.9462,42.922
10160001,James Headwaters,ND,4396.7,-100.1075,46.9018,-98.6015,47.8348
10160002,Pipestem,ND,2772.6,-99.7401,46.8614,-98.7159,47.5302
10160003,Upper James,"ND,SD",11583.0,-99.3241,45.1792,-97.1904,47.1748
10160004,Elm,"ND,SD",4010.5,-99.2413,45.5253,-98.3053,46.4623
10160005,Mud,SD,2171.0,-98.3908,45.1251,-97.464,45.6972
10160006,Middle James,SD,9604.0,-99.0221,43.9898,-97.5893,45.397
10160007,North Fork Snake,SD,2480.3,-99.7527,45.0126,-98.9249,45.6219
10160008,Snake,SD,4409.2,-99.656,44.8694,-98.4373,45.8179
10160009,Turtle,SD,3887.2,-99.6416,44.3273,-98.443,45.0455
10160011,Lower James,SD,9428.8,-98.7533,42.8713,-97.2746,44.3816
10170101,Lewis and Clark Lake,"NE,SD",8363.1,-98.7438,42.2737,-96.4455,43.5615
10170102,Vermillion,SD,5487.5,-97.5807,42.7327,-96.632,44.2629
10170103,Lake Thompson,SD,1237.8,-97.6922,44.106,-97.1157,44.6398
10170104,Ponca,"NE,SD",2136.9,-99.8161,42.7373,-98.1336,43.2788
10170201,Upper Big Sioux,SD,4229.3,-97.8159,44.6217,-96.7601,45.5812
10170202,Middle Big Sioux,"MN,SD",5473.5,-97.7918,43.9998,-96.3139,45.0251
10170203,Lower Big Sioux,"IA,MN,NE,SD",8854.9,-97.3052,42.4872,-96.1488,44.2761
10170204,Rock,"IA,MN",4364.2,-96.4614,43.0745,-95.6093,44.1346
10180001,North Platte Headwaters,CO,3689.4,-106.7063,40.3232,-105.8519,40.9668
10180002,Upper North Platte,"CO,WY",7665.8,-107.4593,40.8654,-106.1259,41.9805
10180003,Pathfinder-Seminoe Reservoirs,WY,2669.5,-107.2151,41.8165,-106.4325,42.5032
10180004,Medicine Bow,WY,3733.3,-106.8491,41.3599,-105.6333,42.1749
10180005,Little Medicine Bow,WY,2650.5,-106.5859,41.9096,-105.733,42.4835
10180006,Sweetwater,WY,7514.1,-109.2043,42.2127,-106.7714,42.822
10180007,Middle North Platte-Casper,WY,8996.4,-107.288,42.3214,-105.4081,43.201
10180008,Glendo Reservoir,WY,5510.2,-105.8025,42.1978,-104.5885,42.9359
10180009,Middle North Platte-Scotts Bluff,"NE,WY",13352.5,-104.8122,41.1941,-102.1193,42.6498
10180010,Upper Laramie,"CO,WY",5760.6,-106.3204,40.6068,-105.4274,41.9218
10180011,Lower Laramie,WY,6172.3,-105.8627,41.4497,-104.5155,42.336
10180012,Horse,"NE,WY",4413.1,-105.4753,41.2908,-103.8202,41.9664
10180013,Pumpkin,"NE,WY",2663.4,-104.134,41.3528,-103.0113,41.7681
10180014,Lower North Platte,NE,5681.2,-102.5156,41.1124,-100.6757,41.7408
10190001,South Platte Headwaters,CO,4154.7,-106.2103,38.753,-105.1567,39.4947
10190002,Upper South Platte,CO,4790.7,-105.8681,38.8932,-104.8089,39.764
10190003,Middle South Platte-Cherry Creek,CO,7441.1,-105.2746,39.0325,-103.8394,40.6427
10190004,Clear,CO,1477.1,-105.9269,39.5912,-104.9489,39.8936
10190005,St. Vrain,CO,2538.3,-105.7006,39.8473,-104.8691,40.2992
10190006,Big Thompson,CO,2156.2,-105.8033,40.2271,-104.7605,40.629
10190007,Cache La Poudre,"CO,WY",4896.3,-105.9301,40.3731,-104.5996,41.2102
10190008,Lone Tree-Owl,"CO,WY",1489.4,-105.3996,40.4228,-104.5452,41.1476
10190009,Crow,"CO,WY",3599.2,-105.4462,40.3861,-104.0468,41.2827
10190010,Kiowa,CO,1856.5,-104.675,39.0255,-104.0534,40.3377
10190011,Bijou,CO,3590.3,-104.5418,39.0748,-103.86,40.299
10190012,Middle South Platte-Sterling,"CO,NE",7725.0,-104.2222,39.6186,-102.3836,41.0754
10190013,Beaver,CO,2865.6,-103.8969,39.3488,-103.3008,40.3442
10190014,Pawnee,CO,1874.6,-104.1898,40.5368,-103.2358,40.9279
10190015,Upper Lodgepole,"CO,NE,WY",3063.0,-105.4436,40.9076,-103.861,41.4173
10190016,Lower Lodgepole,"CO,NE,WY",3455.0,-104.492,40.9324,-102.3818,41.4892
10190017,Sidney Draw,"CO,NE,WY",1947.8,-104.1077,40.83,-103.0066,41.2092
10190018,Lower South Platte,"CO,NE",3660.1,-102.6488,40.8772,-100.677,41.2689
10200101,Middle Platte-Buffalo,NE,8652.0,-101.0759,40.4323,-98.1287,41.7221
10200102,Wood,NE,1891.6,-99.9102,40.7054,-98.1259,41.2304
10200103,Middle Platte-Prairie,NE,2857.5,-98.8399,40.8007,-97.2241,41.4276
10200201,Lower Platte-Shell,NE,2222.9,-98.0404,41.1984,-96.7734,41.9315
10200202,Lower Platte,NE,1356.1,-97.0717,40.9022,-95.8804,41.5643
10200203,Salt,NE,4266.3,-97.043,40.5224,-96.2851,41.4315
10210001,Upper Middle Loup,NE,5414.8,-102.315,41.8153,-100.0705,42.3656
10210002,Dismal,NE,4695.8,-102.2421,41.5404,-100.0711,41.9717
10210003,Lower Middle Loup,NE,4628.1,-100.3604,41.001,-98.3797,41.9076
10210004,South Loup,NE,4094.2,-100.831,40.8359,-98.6531,41.6283
10210005,Mud,NE,1918.6,-99.9125,40.9904,-98.9068,41.5601
10210006,Upper North Loup,NE,6085.2,-101.9666,41.7155,-99.3796,42.5258
10210007,Lower North Loup,NE,2532.4,-99.4333,41.2061,-98.4041,41.8912
10210008,Calamus,NE,2567.2,-100.4615,41.7973,-99.1057,42.4699
10210009,Loup,NE,3968.8,-98.8209,41.1091,-97.3198,42.0577
10210010,Cedar,NE,3185.0,-99.3408,41.3571,-97.929,42.1766
10220001,Upper Elkhorn,NE,7493.1,-99.7371,41.8122,-97.3644,42.6476
10220002,North Fork Elkhorn,NE,2197.6,-98.1292,41.995,-97.2522,42.5823
10220003,Lower Elkhorn,NE,5709.6,-97.7557,41.1219,-96.2437,42.1741
10220004,Logan,NE,2728.3,-97.424,41.6185,-96.4322,42.5583
10230001,Blackbird-Soldier,"IA,NE,SD",4166.5,-96.7049,41.5102,-95.3239,42.786
10230002,Floyd,IA,2372.5,-96.4104,42.4825,-95.5878,43.3208
10230003,Little Sioux,"IA,MN",7318.0,-96.0726,41.7768,-94.836,43.6983
10230004,Monona-Harrison Ditch,IA,2502.7,-96.3601,41.8106,-95.7095,42.8927
10230005,Maple,IA,1916.4,-95.9823,41.9992,-95.2076,42.8666
10230006,Big Papillion-Mosquito,"IA,NE",2885.0,-96.3136,41.0521,-95.3635,41.8898
10230007,Boyer,IA,3082.1,-96.0417,41.4269,-94.9939,42.6266
10240001,Keg-Weeping Water,"IA,MO,NE",2178.8,-96.4056,40.4829,-95.3816,41.7142
10240002,West Nishnabotna,IA,4277.5,-95.6818,40.6522,-94.9116,42.043
10240003,East Nishnabotna,IA,2975.2,-95.6238,40.5919,-94.6352,41.9296
10240004,Nishnabotna,"IA,MO,NE",453.3,-95.7911,40.4605,-95.4183,40.8041
10240005,Tarkio-Wolf,"IA,KS,MO,NE",4405.5,-95.8433,39.6448,-94.9662,41.2003
10240006,Little Nemaha,NE,2311.9,-96.577,40.2251,-95.6362,40.8439
10240007,South Fork Big Nemaha,"KS,NE",1841.4,-96.4652,39.6574,-95.7005,40.3274
10240008,Big Nemaha,"KS,NE",3133.1,-96.7613,39.787,-95.3477,40.615
10240009,West Nodaway,IA,2059.3,-95.0953,40.6221,-94.434,41.4861
10240010,Nodaway,"IA,MO",2588.2,-95.1908,39.9008,-94.3823,41.2628
10240011,Independence-Sugar,"KS,MO",2699.8,-95.3445,39.106,-94.5663,39.9661
10240012,Platte,"IA,MO",4310.9,-94.8502,39.2488,-94.276,41.1622
10240013,One Hundred and Two,"IA,MO",2011.5,-94.9631,39.7419,-94.4688,40.9916
10250001,Arikaree,"CO,KS,NE",4783.5,-103.7921,39.2398,-101.9205,40.0641
10250002,North Fork Republican,"CO,KS,NE",7636.7,-103.3502,39.6689,-101.5176,40.5321
10250003,South Fork Republican,"CO,KS,NE",6987.3,-103.4118,39.0286,-101.4519,40.0485
10250004,Upper Republican,"KS,NE",5581.4,-101.7874,39.8627,-100.1432,40.8324
10250005,Frenchman,"CO,NE",4266.6,-103.041,40.2158,-100.8261,40.771
10250006,Stinking Water,"CO,NE",3744.9,-102.7195,40.3638,-101.1045,41.0231
10250007,Red Willow,NE,2055.3,-101.5235,40.2193,-100.4828,41.0579
10250008,Medicine,NE,2402.2,-101.106,40.278,-100.1481,40.9724
10250009,Harlan County Reservoir,"KS,NE",3493.4,-100.4425,39.9765,-99.2097,40.8465
10250010,Upper Sappa,KS,2748.0,-101.9026,39.2171,-100.5572,39.8546
10250011,Lower Sappa,"KS,NE",1692.1,-100.6728,39.7047,-99.4748,40.1941
10250012,South Fork Beaver,"CO,KS",1946.1,-102.5677,39.112,-101.0046,39.8253
10250013,Little Beaver,"CO,KS",1666.4,-102.324,39.2865,-101.0333,39.9194
10250014,Beaver,"KS,NE",1896.6,-101.0553,39.7397,-99.6332,40.2202
10250015,Prairie Dog,"KS,NE",2871.8,-101.3186,39.2945,-99.2489,40.0688
10250016,Middle Republican,"KS,NE",5624.1,-99.481,39.7991,-97.7013,40.501
10250017,Lower Republican,KS,5125.3,-98.2557,39.0087,-96.7987,39.913
10260001,Smoky Hill Headwaters,"CO,KS",2726.5,-102.5876,38.7849,-101.2807,39.171
10260002,North Fork Smoky Hill,"CO,KS",1889.6,-102.8132,38.9202,-101.2573,39.2464
10260003,Upper Smoky Hill,KS,3829.0,-101.3249,38.5438,-99.7183,39.0636
10260004,Ladder,"CO,KS",3669.4,-102.5623,38.525,-100.8543,38.894
10260005,Hackberry,KS,1680.0,-101.3497,38.8084,-100.0311,39.1522
10260006,Middle Smoky Hill,KS,4090.0,-99.7653,38.5204,-97.9637,38.9126
10260007,Big,KS,2232.1,-100.7971,38.7352,-98.9092,39.1482
10260008,Lower Smoky Hill,KS,5173.8,-98.0575,38.3797,-96.7606,39.3953
10260009,Upper Saline,KS,4976.0,-101.3885,38.8423,-98.404,39.2884
10260010,Lower Saline,KS,3525.1,-98.8524,38.6261,-97.4996,39.2935
10260011,Upper North Fork Solomon,KS,3634.6,-101.3221,39.2664,-99.1193,39.8215
10260012,Lower North Fork Solomon,"KS,NE",3480.3,-99.6444,39.4547,-98.419,40.0055
10260013,Upper South Fork Solomon,KS,2996.2,-101.4934,39.2127,-99.4215,39.5328
10260014,Lower South Fork Solomon,KS,2754.7,-99.5951,39.2009,-98.3994,39.5724
10260015,Solomon,KS,4912.8,-98.5283,38.8631,-97.3242,39.8428
10270101,Upper Kansas,KS,1389.4,-96.912,38.6356,-96.4799,39.3805
10270102,Middle Kansas,KS,5647.6,-96.5557,38.8149,-95.3822,39.6686
10270103,Delaware,KS,2996.7,-95.9856,39.0591,-95.2161,39.9326
10270104,"Lower Kansas, Kansas","KS,MO",4287.2,-96.0585,38.7547,-94.5483,39.6049
10270201,Upper Big Blue,NE,2868.3,-98.2949,40.8184,-96.9975,41.2881
10270202,Middle Big Blue,NE,3273.4,-97.2756,40.0069,-96.3503,41.1891
10270203,West Fork Big Blue,NE,3470.5,-98.5747,40.5318,-96.9826,40.9391
10270204,Turkey,NE,1887.1,-97.9216,40.2691,-96.8842,40.6724
10270205,Lower Big Blue,"KS,NE",4420.0,-97.1173,39.1801,-96.0509,40.1805
10270206,Upper Little Blue,"KS,NE",5820.9,-99.1651,39.9564,-97.2941,40.6846
10270207,Lower Little Blue,"KS,NE",3469.3,-97.7287,39.583,-96.6782,40.4785
10280101,Upper Grand,"IA,MO",8613.7,-94.703,39.4566,-93.5026,41.0276
10280102,Thompson,"IA,MO",5701.1,-94.4783,39.7637,-93.3933,41.3671
10280103,Lower Grand,"IA,MO",6114.2,-93.6121,39.3444,-92.8479,40.7107
10280201,Upper Chariton,"IA,MO",3502.1,-93.7821,40.2414,-92.5631,41.0423
10280202,Lower Chariton,MO,2640.9,-93.0393,39.3127,-92.5837,40.4266
10280203,Little Chariton,MO,1809.5,-92.9572,39.2084,-92.4287,40.1373
10290101,Upper Marais Des Cygnes,KS,5637.0,-96.2178,38.0858,-94.9156,38.8921
10290102,Lower Marais Des Cygnes,"KS,MO",4082.2,-95.1918,38.0568,-94.1805,38.8293
10290103,Little Osage,"KS,MO",1504.9,-95.2239,37.8894,-94.2008,38.125
10290104,Marmaton,"KS,MO",2955.7,-95.1756,37.478,-94.2293,37.9993
10290105,Harry S. Truman Reservoir,MO,3117.4,-94.3183,37.5867,-93.3216,38.4582
10290106,Sac,MO,5103.8,-94.2046,37.0246,-93.1023,38.0222
10290107,Pomme De Terre,MO,2190.3,-93.5321,37.2667,-92.9211,38.1767
10290108,South Grand,"KS,MO",5302.1,-94.6626,38.1362,-93.3701,38.9039
10290109,Lake of the Ozarks,MO,3591.5,-93.4193,37.5916,-92.352,38.5024
10290110,Niangua,MO,2666.2,-93.2125,37.3248,-92.6902,38.1157
10290111,Lower Osage,MO,2791.5,-92.7051,37.9088,-91.8809,38.5933
10290201,Upper Gasconade,MO,4629.8,-92.8903,37.0834,-92.0603,37.9989
10290202,Big Piney,MO,1956.1,-92.2113,37.0479,-91.7936,37.8849
10290203,Lower Gasconade,MO,2675.7,-92.1053,37.5654,-91.4398,38.6758
10300101,Lower Missouri-Crooked,"KS,MO",6990.9,-94.8224,38.7354,-92.8512,39.5915
10300102,Lower Missouri-Moreau,MO,8808.2,-93.0522,38.3196,-91.547,39.3605
10300103,Lamine,MO,2879.6,-93.6126,38.388,-92.7879,38.9838
10300104,Blackwater,MO,3999.9,-94.1077,38.5656,-92.9393,39.3078
10300200,Lower Missouri,MO,4119.7,-91.8133,38.3842,-90.1142,39.1224
11010001,Beaver Reservoir,"AR,MO",6616.4,-94.2277,35.7125,-93.1845,36.6971
11010002,James,MO,3772.9,-93.9857,36.5772,-92.6713,37.3378
11010003,Bull Shoals Lake,"AR,MO",6750.7,-93.3833,36.044,-92.4081,37.0942
11010004,Middle White,AR,3822.3,-92.4581,35.5715,-91.3206,36.3606
11010005,Buffalo,AR,3470.4,-93.532,35.6633,-92.3234,36.2188
11010006,North Fork White,"AR,MO",4743.2,-92.7008,36.1949,-91.9029,37.1417
11010007,Upper Black,"AR,MO",4984.8,-91.3194,36.2211,-90.143,37.7139
11010008,Current,"AR,MO",6782.3,-92.0088,36.2481,-90.4695,37.5781
11010009,Lower Black,"AR,MO",2120.5,-91.5739,35.6401,-90.7774,36.6744
11010010,Spring,"AR,MO",3147.0,-92.0024,36.1061,-91.066,36.8026
11010011,Eleven Point,"AR,MO",3114.6,-92.0021,36.1499,-91.0253,37.0341
11010012,Strawberry,AR,1969.9,-92.01,35.8798,-91.2102,36.3745
11010013,Upper White-Village,AR,1918.3,-91.6296,35.1808,-90.8024,36.2386
11010014,Little Red,AR,4666.3,-92.8554,35.1755,-91.4317,35.9107
11020001,Arkansas Headwaters,CO,7937.6,-106.5998,37.8898,-105.1727,39.3832
11020002,Upper Arkansas,CO,5970.1,-105.5553,37.8611,-104.3854,38.9013
11020003,Fountain,CO,2404.5,-105.1259,38.2533,-104.5219,39.1386
11020004,Chico,CO,1874.4,-104.6692,38.2423,-104.2271,39.0857
11020005,Upper Arkansas-Lake Meredith,CO,5733.4,-104.4345,37.4657,-103.3149,38.7695
11020006,Huerfano,CO,4817.5,-105.5011,37.2892,-104.2457,38.2321
11020007,Apishapa,CO,2788.1,-105.0321,37.259,-103.9377,38.1282
11020008,Horse,CO,3689.7,-104.3245,38.0349,-103.3264,39.0572
11020009,Upper Arkansas-John Martin Reservoir,"CO,KS",9989.7,-103.6906,37.465,-102.0074,38.8259
11020010,Purgatoire,"CO,NM",8933.6,-105.2108,36.8984,-103.1561,38.0661
11020011,Big Sandy,CO,4793.8,-104.4618,38.1118,-102.3075,39.3745
11020012,Rush,CO,3534.2,-104.1651,38.3672,-102.525,39.2141
11020013,Two Butte,CO,2087.6,-103.3945,37.25,-102.1249,38.0422
11030001,Middle Arkansas-Lake McKinney,"CO,KS",5956.2,-102.175,37.737,-100.7726,38.4216
11030002,Whitewoman,"CO,KS",3775.8,-102.4919,38.2477,-100.837,38.7302
11030003,Arkansas-Dodge City,KS,2639.2,-101.2749,37.5798,-100.0144,38.0259
11030004,Coon-Pickerel,KS,4853.8,-100.2921,37.4839,-98.3547,38.4336
11030005,Pawnee,KS,4630.7,-100.8271,37.8934,-99.0954,38.3996
11030006,Buckner,KS,2352.8,-100.5556,37.7429,-99.5459,38.2195
11030007,Upper Walnut Creek,KS,2403.4,-100.887,38.305,-99.854,38.6548
11030008,Lower Walnut Creek,KS,2095.3,-99.9775,38.3355,-98.6805,38.6673
11030009,Rattlesnake,KS,3226.7,-99.8354,37.4307,-98.3553,38.2743
11030010,Gar-Peace,KS,1654.6,-98.6609,37.6902,-97.3496,38.248
11030011,Cow,KS,2479.9,-99.0545,37.9795,-97.8393,38.6642
11030012,Little Arkansas,KS,3684.6,-98.1866,37.6914,-97.235,38.5463
11030013,Middle Arkansas-Slate,KS,2350.3,-97.8035,37.0004,-96.9981,37.8289
11030014,North Fork Ninnescah,KS,2755.1,-99.1298,37.5681,-97.6783,38.044
11030015,South Fork Ninnescah,KS,2099.4,-99.0392,37.5076,-97.7051,37.8027
11030016,Ninnescah,KS,1059.0,-97.9478,37.2786,-97.1666,37.7308
11030017,Upper Walnut River,KS,2513.0,-97.2899,37.6441,-96.5489,38.1421
11030018,Lower Walnut River,KS,2658.3,-97.2276,37.0351,-96.5043,37.8306
11040001,Cimarron Headwaters,"CO,NM,OK",4345.8,-104.1832,36.6804,-102.89,37.2881
11040002,Upper Cimarron,"CO,KS,NM,OK",4272.8,-103.0318,36.7119,-101.1041,37.4817
11040003,North Fork Cimarron,"CO,KS",2566.5,-102.7991,37.0922,-101.1043,37.6937
11040004,Sand Arroyo,"CO,KS",1972.2,-103.1675,37.1616,-101.4874,37.5273
11040005,Bear,"CO,KS",4932.8,-103.0182,37.2981,-101.2567,37.9128
11040006,Upper Cimarron-Liberal,"KS,OK",4486.4,-101.9253,36.856,-100.0973,37.5214
11040007,Crooked,"KS,OK",3742.9,-101.1231,36.9507,-100.0162,37.6506
11040008,Upper Cimarron-Bluff,"KS,OK",4816.6,-100.3567,36.7814,-99.2891,37.5349
11050001,Lower Cimarron-Eagle Chief,"KS,OK",6272.3,-99.8629,36.2025,-98.3125,37.1292
11050002,Lower Cimarron-Skeleton,OK,8382.7,-98.6077,35.5091,-97.3326,36.5811
11050003,Lower Cimarron,OK,3586.6,-97.5025,35.8088,-96.2718,36.2631
11060001,Kaw Lake,"KS,OK",2468.0,-97.178,36.5877,-96.4678,37.5891
11060002,Upper Salt Fork Arkansas,"KS,OK",2795.0,-99.4277,36.7366,-98.3278,37.4991
11060003,Medicine Lodge,"KS,OK",3313.0,-99.3591,36.8243,-98.3142,37.6183
11060004,Lower Salt Fork Arkansas,"KS,OK",6048.1,-98.5267,36.4614,-97.027,37.3809
11060005,Chikaskia,"KS,OK",5238.6,-98.8105,36.6235,-97.129,37.5994
11060006,Black Bear-Red Rock,OK,5531.8,-97.8394,36.1012,-96.1728,36.9885
11070101,Upper Verdigris,KS,3101.9,-96.4519,37.3969,-95.4586,38.2936
11070102,Fall,KS,2226.7,-96.5862,37.393,-95.6621,38.0938
11070103,Middle Verdigris,"KS,OK",3930.1,-95.9085,36.4128,-95.2294,37.4776
11070104,Elk,KS,1815.9,-96.5389,37.1762,-95.6936,37.6291
11070105,Lower Verdigris,OK,1849.4,-95.8063,35.7988,-95.282,36.5557
11070106,Caney,"KS,OK",5424.5,-96.6696,36.3028,-95.6951,37.4881
11070107,Bird,OK,2945.9,-96.5927,36.0596,-95.7272,36.8673
11070201,Neosho Headwaters,KS,2928.2,-96.8131,38.1654,-95.7139,38.8702
11070202,Upper Cottonwood,KS,2432.9,-97.4304,38.0542,-96.6381,38.5991
11070203,Lower Cottonwood,KS,2493.8,-96.9244,38.0236,-96.0455,38.6729
11070204,Upper Neosho,KS,3526.5,-96.014,37.5662,-95.1325,38.3787
11070205,Middle Neosho,"KS,OK",3691.4,-95.4958,36.9791,-94.7877,37.8016
11070206,Lake O' The Cherokees,"AR,KS,MO,OK",2355.5,-95.2097,36.4022,-94.4052,37.0861
11070207,Spring,"KS,MO,OK",6707.9,-94.8832,36.6417,-93.5832,37.6088
11070208,Elk,"AR,MO,OK",2656.0,-94.763,36.3519,-93.9044,36.8789
11070209,Lower Neosho,"AR,OK",5764.9,-95.5003,35.7917,-94.2872,36.9913
11080001,Canadian Headwaters,"CO,NM",4468.3,-105.2376,36.3242,-104.1386,37.0725
11080002,Cimarron,NM,2718.1,-105.3774,36.2638,-104.4991,36.849
11080003,Upper Canadian,NM,5320.1,-105.2102,35.3984,-104.1342,36.5241
11080004,Mora,NM,3773.9,-105.5576,35.5749,-104.3845,36.3611
11080005,Conchas,NM,2634.4,-105.013,34.9681,-104.1801,35.6798
11080006,Upper Canadian-Ute Reservoir,"NM,TX",5798.0,-104.4366,34.9261,-103.0074,35.9405
11080007,Ute,NM,5506.9,-104.2618,35.355,-103.3959,36.5884
11080008,Revuelto,NM,2086.8,-104.0763,34.8109,-103.2966,35.3649
11090101,Middle Canadian-Trujillo,"NM,TX",4790.9,-103.489,34.9287,-102.4288,35.924
11090102,Punta de Agua,"NM,TX",3885.9,-103.758,35.5437,-102.3063,36.3332
11090103,Rita Blanca,"NM,OK,TX",2834.6,-103.6313,35.662,-102.3431,36.5645
11090104,Carrizo,"NM,TX",2366.8,-104.1871,36.0116,-102.5866,36.7203
11090105,Lake Meredith,TX,5238.6,-102.5688,35.1674,-101.5434,35.885
11090106,Middle Canadian-Spring,"OK,TX",7134.0,-101.6221,35.3559,-99.9905,36.1265
11090201,Lower Canadian-Deer,"OK,TX",5289.9,-100.1082,35.4441,-98.3786,36.1825
11090202,Lower Canadian-Walnut,OK,4747.4,-98.4092,34.6046,-96.1614,35.655
11090203,Little,OK,2530.7,-97.5257,34.9172,-96.2989,35.4401
11090204,Lower Canadian,OK,5130.0,-96.2516,34.6038,-95.0391,35.4471
11100101,Upper Beaver,"NM,OK,TX",7075.6,-103.9089,36.3896,-101.4681,36.9629
11100102,Middle Beaver,"KS,OK,TX",3511.0,-101.6599,36.4876,-100.5154,37.0411
11100103,Coldwater,"NM,OK,TX",5082.0,-103.0171,36.0158,-101.1339,36.6771
11100104,Palo Duro,"OK,TX",5016.4,-102.4945,35.8125,-100.8994,36.66
11100201,Lower Beaver,"OK,TX",4612.3,-100.9867,36.2812,-99.5014,36.9192
11100202,Upper Wolf,TX,2156.4,-101.3151,35.9698,-100.2697,36.3803
11100203,Lower Wolf,"OK,TX",2823.2,-100.3489,36.0508,-99.4802,36.5924
11100301,Middle North Canadian,OK,4812.7,-99.5686,35.3783,-97.618,36.6434
11100302,Lower North Canadian,OK,4843.3,-97.6332,35.0454,-95.4544,35.611
11100303,Deep Fork,OK,6569.4,-97.6206,35.3294,-95.5527,35.9653
11110101,Polecat-Snake,OK,3424.4,-96.5381,35.5806,-95.295,36.2316
11110102,Dirty-Greenleaf,OK,2064.6,-95.6543,35.3253,-94.9622,35.8978
11110103,Illinois,"AR,OK",4283.4,-95.1233,35.4873,-94.0658,36.373
11110104,Robert S. Kerr Reservoir,"AR,OK",4565.1,-95.5291,34.9885,-94.14,35.9059
11110105,Poteau,"AR,OK",4934.7,-95.3953,34.679,-93.8813,35.3885
11110201,Frog-Mulberry,AR,3330.7,-94.4031,35.1376,-93.4018,35.868
11110202,Dardanelle Reservoir,AR,4830.9,-94.0567,35.1543,-92.7767,35.8532
11110203,Lake Conway-Point Remove,AR,2951.9,-93.2517,34.8942,-92.1588,35.5492
11110204,Petit Jean,AR,2846.3,-94.2825,34.8582,-92.8558,35.2529
11110205,Cadron,AR,1961.3,-92.6686,35.1059,-91.9924,35.5189
11110206,Fourche La Fave,AR,2886.9,-94.3503,34.6607,-92.5767,35.0597
11110207,Lower Arkansas-Maumelle,AR,2844.6,-92.9762,34.2137,-91.8491,34.942
11120101,Tierra Blanca,"NM,TX",4964.7,-103.7488,34.5645,-101.8284,35.0266
11120102,Palo Duro,"NM,TX",2591.4,-103.2519,34.8449,-101.9027,35.2881
11120103,Upper Prairie Dog Town Fork Red,TX,5576.7,-102.0918,34.4644,-100.7517,35.2254
11120104,Tule,TX,3304.4,-102.577,34.2872,-101.2315,34.8149
11120105,Lower Prairie Dog Town Fork Red,"OK,TX",3729.2,-101.2269,34.3888,-99.946,34.9422
11120201,Upper Salt Fork Red,TX,1918.1,-101.3908,34.8132,-100.5584,35.2334
11120202,Lower Salt Fork Red,"OK,TX",3230.9,-100.6807,34.4468,-99.2639,35.193
11120301,Upper North Fork Red,TX,3052.3,-101.8033,35.1632,-100.5321,35.599
11120302,Middle North Fork Red,"OK,TX",4285.8,-100.687,34.8676,-99.2725,35.6264
11120303,Lower North Fork Red,OK,3574.3,-99.518,34.3341,-98.7544,35.4865
11120304,Elm Fork Red,"OK,TX",2404.5,-100.639,34.8449,-99.3174,35.299
11130101,Groesbeck-Sandy,"OK,TX",3413.1,-100.2144,34.1306,-99.2037,34.8331
11130102,Blue-China,"OK,TX",1994.8,-99.3445,34.0067,-98.2675,34.452
11130103,North Pease,TX,3867.0,-101.5971,34.0633,-100.1195,34.5323
11130104,Middle Pease,TX,3548.2,-101.4221,33.6662,-100.1099,34.2442
11130105,Pease,"OK,TX",2078.5,-100.173,33.9377,-99.1071,34.3358
11130201,Farmers-Mud,"OK,TX",6010.1,-98.2715,33.5562,-97.0892,34.5123
11130202,Cache,OK,2071.0,-98.7455,34.1333,-98.213,35.0148
11130203,West Cache,OK,2848.9,-99.0399,34.1782,-98.3057,34.7999
11130204,North Wichita,TX,2840.9,-100.6929,33.6908,-99.4435,34.121
11130205,South Wichita,TX,1787.1,-100.6815,33.526,-99.4912,33.7724
11130206,Wichita,"OK,TX",2646.7,-99.5756,33.612,-98.1637,34.1216
11130207,Southern Beaver,TX,1760.7,-99.8529,33.7918,-98.8119,34.1081
11130208,Northern Beaver,OK,2237.6,-98.3153,33.9958,-97.8823,34.831
11130209,Little Wichita,TX,3841.2,-99.1944,33.3873,-97.9713,34.0213
11130210,Lake Texoma,"OK,TX",2569.7,-97.2541,33.5856,-96.5626,34.2164
11130301,Washita Headwaters,"OK,TX",3813.7,-100.6656,35.4261,-99.1807,35.9088
11130302,Upper Washita,OK,8310.6,-99.382,34.7725,-97.7209,35.899
11130303,Middle Washita,OK,6496.0,-97.9902,34.1513,-96.868,35.116
11130304,Lower Washita,OK,1893.8,-96.9949,33.8812,-96.454,34.6016
11140101,Bois D'arc-Island,"OK,TX",5137.1,-96.7087,33.4048,-95.2275,34.0753
11140102,Blue,OK,1769.3,-96.8728,33.8583,-95.9286,34.6848
11140103,Muddy Boggy,OK,3717.1,-96.634,33.9107,-95.556,34.8923
11140104,Clear Boggy,OK,2597.1,-96.762,34.0202,-95.798,34.7831
11140105,Kiamichi,"AR,OK",4719.0,-95.8222,33.9145,-94.4511,34.8206
11140106,Pecan-Waterhole,"AR,OK,TX",3747.8,-95.4197,33.4401,-93.8097,34.0858
11140107,Upper Little,OK,3638.2,-95.3919,33.8286,-94.575,34.6299
11140108,Mountain Fork,"AR,OK",2192.2,-94.8346,33.9511,-94.1849,34.6938
11140109,"Lower Little Arkansas, Oklahoma","AR,OK",5151.8,-94.6163,33.5618,-93.7874,34.4934
11140201,McKinney-Posten Bayous,"AR,LA,TX",2287.3,-94.1328,32.8987,-93.5489,33.8087
11140202,Middle Red-Coushatta,LA,618.8,-93.8329,31.8413,-93.075,32.9165
11140203,Loggy Bayou,"AR,LA",3871.5,-93.5532,32.1838,-93.0874,33.5982
11140204,Red Chute,LA,1095.4,-93.7854,32.2347,-93.4171,32.9627
11140205,Bodcau Bayou,"AR,LA",1860.5,-93.7092,32.5825,-93.3449,33.6698
11140206,Bayou Pierre,"LA,TX",2902.1,-94.0471,31.5952,-93.0935,32.5034
11140207,Lower Red-Lake Iatt,LA,3693.0,-93.3737,31.2083,-92.4115,31.8846
11140208,Saline Bayou,LA,1266.3,-93.121,31.7342,-92.7784,32.5853
11140209,Black Lake Bayou,LA,2346.7,-93.3988,31.8367,-92.9214,32.7626
11140301,Sulphur Headwaters,TX,2974.1,-96.2493,33.1257,-95.3055,33.6722
11140302,Lower Sulpher,"AR,TX",4723.6,-95.47,33.0876,-93.8173,33.7125
11140303,White Oak Bayou,TX,2066.5,-95.8266,33.0404,-94.65,33.3743
11140304,Cross Bayou,"AR,LA,TX",2017.8,-94.2597,32.3827,-93.7312,33.2229
11140305,Lake O'the Pines,TX,2291.0,-95.361,32.6972,-94.4688,33.2366
11140306,Caddo Lake,"LA,TX",3097.4,-94.709,32.5061,-93.9143,33.2102
11140307,Little Cypress,TX,1838.9,-95.2256,32.5175,-94.2599,33.012
12010001,Upper Sabine,TX,3538.4,-96.3931,32.4845,-95.4761,33.3253
12010002,Middle Sabine,"LA,TX",7221.7,-95.5411,31.9215,-93.9828,33.019
12010003,Lake Fork,TX,1759.4,-95.9458,32.606,-95.2918,33.148
12010004,Toledo Bend Reservoir,"LA,TX",6136.5,-94.4287,31.0825,-93.367,32.2311
12010005,Lower Sabine,"LA,TX",6856.1,-94.0276,29.8936,-93.146,31.5673
12020001,Upper Neches,TX,5036.5,-95.9258,31.408,-95.063,32.5423
12020002,Middle Neches,TX,4165.3,-95.3677,30.8425,-94.4022,31.7177
12020003,Lower Neches,TX,2856.8,-94.5488,29.95,-93.8534,31.1601
12020004,Upper Angelina,TX,4185.7,-95.3682,31.3916,-94.6219,32.3702
12020005,Lower Angelina,TX,5044.3,-94.77,30.8717,-93.8724,31.979
12020006,Village,TX,2908.1,-94.8198,30.2297,-94.119,30.8886
12020007,Pine Island Bayou,TX,1704.4,-94.7554,29.9928,-94.1109,30.5843
12030101,Upper West Fork Trinity,TX,5067.5,-98.7367,32.8585,-97.4017,33.602
12030102,Lower West Fork Trinity,TX,3921.2,-97.9335,32.4074,-96.8982,33.0049
12030103,Elm Fork Trinity,TX,4813.2,-97.6549,32.7983,-96.6973,33.7372
12030104,Denton,TX,1863.3,-97.8351,32.9165,-96.94,33.6593
12030105,Upper Trinity,TX,3547.4,-96.9745,31.9574,-95.891,33.1411
12030106,East Fork Trinity,TX,3375.5,-96.7898,32.496,-96.2164,33.5548
12030107,Cedar,TX,2759.9,-96.4306,32.0764,-95.7971,32.942
12030108,Richland,TX,2374.4,-97.0971,31.7131,-96.0606,32.192
12030109,Chambers,TX,2784.2,-97.3378,31.974,-96.1676,32.5539
12030201,Lower Trinity-Tehuacana,TX,5454.1,-96.5515,31.2867,-95.3451,32.2223
12030202,Lower Trinity-Kickapoo,TX,8439.7,-96.1442,30.4273,-94.6601,31.3943
12030203,Lower Trinity,TX,2082.4,-94.9932,29.7478,-94.5374,30.4873
12040101,West Fork San Jacinto,TX,2801.6,-95.9703,29.9111,-95.0881,30.7739
12040102,Spring,TX,1960.5,-95.9879,29.8791,-95.2636,30.3629
12040103,East Fork San Jacinto,TX,2577.1,-95.5411,30.0415,-94.8668,30.7661
12040104,Buffalo-San Jacinto,TX,3062.4,-95.9598,29.5801,-94.9483,30.021
12040201,Sabine Lake,"LA,TX",2512.1,-94.5014,29.6237,-93.6456,30.1434
12040202,East Galveston Bay,"LA,TX",2760.8,-94.8704,29.35,-93.8013,30.0045
12040203,North Galveston Bay,TX,923.4,-95.1028,29.5021,-94.703,30.1628
12040204,West Galveston Bay,TX,3141.1,-95.545,29.0571,-94.621,29.7054
12040205,Austin-Oyster,TX,1804.3,-95.9206,28.8433,-95.0644,29.7531
12050001,Yellow House Draw,"NM,TX",9509.4,-103.8705,33.5762,-101.8332,34.5671
12050002,Blackwater Draw,"NM,TX",4371.9,-103.6129,33.5927,-101.8061,34.5697
12050003,North Fork Double Mountain Fork Brazos,TX,3137.8,-102.2442,33.0843,-100.9747,34.0236
12050004,Double Mountain Fork Brazos,TX,6744.0,-102.6649,32.7055,-99.9015,33.6793
12050005,Running Water Draw,"NM,TX",3920.9,-103.6614,33.9736,-101.453,34.689
12050006,White,TX,4188.2,-102.4306,33.2412,-100.9326,34.3362
12050007,Salt Fork Brazos,TX,5687.2,-101.6287,33.0168,-100.0012,33.9752
12060101,Middle Brazos-Millers,TX,6525.2,-100.5769,32.9978,-98.6564,33.6668
12060102,Upper Clear Fork Brazos,TX,7244.0,-100.803,32.19,-99.3292,33.0553
12060103,Paint,TX,2759.7,-100.3061,32.7025,-99.3582,33.2407
12060104,Lower Clear Fork Brazos,TX,1626.7,-99.4041,32.765,-98.6479,33.1706
12060105,Hubbard,TX,3329.3,-99.5037,32.2211,-98.7306,32.9124
12060201,Middle Brazos-Palo Pinto,TX,8163.4,-98.8446,32.2561,-97.5478,33.4305
12060202,Middle Brazos-Lake Whitney,TX,6468.8,-98.2941,31.4103,-96.8475,32.5
12060203,Bosque,TX,1092.1,-97.8274,31.3434,-97.1559,31.6883
12060204,North Bosque,TX,3220.5,-98.3977,31.5609,-97.2244,32.3652
12070101,Lower Brazos-Little Brazos,TX,6986.3,-97.37,30.0893,-95.911,31.6414
12070102,Yegua,TX,3421.9,-97.3248,30.1408,-96.2984,30.6814
12070103,Navasota,TX,5818.3,-96.9025,30.3309,-95.8992,31.8145
12070104,Lower Brazos,TX,4254.7,-96.6566,28.8755,-95.3709,30.2377
12070201,Leon,TX,7823.7,-99.1578,30.9842,-97.3352,32.5513
12070202,Cowhouse,TX,1884.1,-98.5695,31.0705,-97.5082,31.7259
12070203,Lampasas,TX,3917.0,-98.5638,30.7929,-97.4,31.6139
12070204,Little,TX,2598.5,-97.6102,30.643,-96.6776,31.3181
12070205,San Gabriel,TX,3539.7,-98.2671,30.4037,-97.0029,30.9189
12080001,Lost Draw,"NM,TX",4637.3,-103.6926,32.9714,-102.0133,33.8217
12080002,Colorado Headwaters,TX,7570.5,-102.3237,32.1797,-100.4874,33.2207
12080003,Monument-Seminole Draws,"NM,TX",6239.1,-103.8637,32.4175,-102.2704,33.3347
12080004,Mustang Draw,"NM,TX",8044.5,-103.8379,31.8276,-101.3983,33.555
12080005,Johnson Draw,TX,5125.2,-102.9609,31.643,-101.5799,32.4034
12080006,Sulphur Springs Draw,"NM,TX",4879.2,-103.5951,32.0816,-101.5143,33.5674
12080007,Beals,TX,1575.8,-101.5981,31.9646,-100.8548,32.3977
12080008,Upper Colorado,TX,3571.8,-100.9803,31.7011,-100.1179,32.3085
12090101,Middle Colorado-Elm,TX,2997.4,-100.3976,31.552,-99.6697,32.2751
12090102,South Concho,TX,3461.6,-101.26,30.8377,-100.2657,31.4572
12090103,Middle Concho,TX,6972.9,-102.2798,31.0406,-100.561,31.8287
12090104,North Concho,TX,3845.6,-101.6159,31.4198,-100.4149,32.1479
12090105,Concho,TX,3193.2,-100.4785,31.0469,-99.707,31.7153
12090106,Middle Colorado,TX,5213.9,-99.8659,31.1676,-98.5097,31.8312
12090107,Pecan Bayou,TX,3679.9,-99.6882,31.4253,-98.5243,32.4311
12090108,Jim Ned,TX,2029.5,-99.8889,31.7262,-99.0016,32.2675
12090109,San Saba,TX,5947.5,-100.6134,30.6208,-98.6281,31.3274
12090110,Brady,TX,2081.5,-100.0762,31.0074,-98.9746,31.3028
12090201,Buchanan-Lyndon B. Johnson Lakes,TX,3289.7,-99.0076,30.3707,-98.2311,31.3891
12090202,North Llano,TX,2380.0,-100.5131,30.2737,-99.7569,30.7353
12090203,South Llano,TX,2417.3,-100.4938,29.9834,-99.6789,30.4945
12090204,Llano,TX,6769.8,-99.8373,30.0714,-98.4293,30.9778
12090205,Austin-Travis Lakes,TX,3214.3,-98.3702,30.0236,-97.5871,30.8206
12090206,Pedernales,TX,3316.6,-99.3424,30.081,-98.0539,30.4589
12090301,Lower Colorado-Cummins,TX,5688.7,-97.7684,29.6802,-96.4454,30.5017
12090302,Lower Colorado,TX,1827.8,-96.7404,28.5955,-95.9468,29.7518
12090401,San Bernard,TX,2750.2,-96.4968,28.8604,-95.3765,29.8924
12090402,East Matagorda Bay,TX,2481.0,-96.1002,28.5374,-95.3209,29.324
12100101,Lavaca,TX,2356.3,-97.2459,28.6946,-96.5352,29.6429
12100102,Navidad,TX,3629.0,-97.1276,28.8326,-96.2606,29.8218
12100201,Upper Guadalupe,TX,3710.3,-99.694,29.7992,-98.1788,30.2638
12100202,Middle Guadalupe,TX,5538.3,-98.3545,29.0306,-97.0859,29.9337
12100203,San Marcos,TX,3519.6,-98.7154,29.4834,-97.4353,30.1677
12100204,Lower Guadalupe,TX,2609.9,-97.6812,28.5087,-96.8896,29.2231
12100301,Upper San Antonio,TX,1312.9,-98.6484,29.1484,-98.2199,29.7331
12100302,Medina,TX,3491.3,-99.5875,29.1517,-98.4062,29.9607
12100303,Lower San Antonio,TX,3845.6,-98.3906,28.4296,-96.7863,29.446
12100304,Cibolo,TX,2212.3,-98.8923,28.9525,-97.8598,29.8583
12100401,Central Matagorda Bay,TX,3555.6,-96.5983,28.3519,-95.9629,29.2533
12100402,West Matagorda Bay,TX,2318.2,-97.1117,28.3524,-96.3635,29.1021
12100403,East San Antonio Bay,TX,1345.7,-96.972,28.0279,-96.3387,28.6953
12100404,West San Antonio Bay,TX,379.1,-96.9605,28.1085,-96.749,28.5067
12100405,Aransas Bay,TX,2378.6,-97.3025,27.8051,-96.8081,28.5991
12100406,Mission,TX,2689.0,-97.9702,28.1257,-97.1287,28.7527
12100407,Aransas,TX,2218.2,-97.9224,27.9048,-97.1931,28.5006
12110101,Nueces Headwaters,TX,2114.7,-100.2706,29.2879,-99.8206,30.0941
12110102,West Nueces,TX,2378.1,-100.5666,29.2539,-99.9493,30.1223
12110103,Upper Nueces,TX,4866.7,-100.0217,28.0428,-99.2328,29.5248
12110104,Turkey,TX,4036.2,-100.407,28.3999,-99.8091,29.4032
12110105,Middle Nueces,TX,8646.2,-99.6131,27.5337,-98.1891,28.5309
12110106,Upper Frio,TX,6063.3,-99.9203,28.6985,-99.0386,30.0007
12110107,Hondo,TX,2867.8,-99.4892,28.9288,-98.9203,29.7485
12110108,Lower Frio,TX,3162.7,-99.5609,28.3294,-98.1235,28.8619
12110109,San Miguel,TX,2211.9,-99.0821,28.5226,-98.4392,29.392
12110110,Atascosa,TX,3614.3,-98.8913,28.4903,-97.9765,29.2859
12110111,Lower Nueces,TX,3363.8,-98.4785,27.8189,-97.5157,28.7607
12110201,North Corpus Christi Bay,TX,453.4,-97.6528,27.8103,-97.1886,27.9644
12110202,South Corpus Christi Bay,TX,1304.6,-97.7314,27.5732,-96.9857,27.8725
12110203,North Laguna Madre,TX,810.8,-97.5027,27.2603,-97.162,27.6727
12110204,San Fernando,TX,3297.0,-98.6842,27.4164,-97.7432,28.0389
12110205,Baffin Bay,TX,5517.1,-98.9367,27.1684,-97.3971,28.0171
12110206,Palo Blanco,TX,2437.9,-98.9922,27.1225,-97.762,27.5402
12110207,Central Laguna Madre,TX,9680.1,-98.8697,26.5226,-97.2131,27.2777
12110208,South Laguna Madre,TX,7729.7,-98.4833,25.8544,-97.0893,26.6342
13010001,Rio Grande Headwaters,CO,3575.8,-107.5592,37.4074,-106.3652,37.9748
13010002,Alamosa-Trinchera,"CO,NM",6575.6,-106.7014,36.8613,-105.1296,37.6934
13010003,San Luis,CO,4098.6,-106.3462,37.4557,-105.4286,38.4582
13010004,Saguache,CO,3478.1,-106.8715,37.6917,-105.8614,38.3527
13010005,Conejos,"CO,NM",1987.0,-106.7076,36.7667,-105.7361,37.382
13020101,Upper Rio Grande,"CO,NM",8429.4,-106.4488,35.7133,-105.2002,37.1932
13020102,Rio Chama,"CO,NM",8179.1,-107.0186,35.9944,-105.8843,37.1385
13020201,Rio Grande-Santa Fe,NM,4847.5,-106.6334,35.1127,-105.6249,35.8876
13020202,Jemez,NM,2690.8,-107.0632,35.3549,-106.3899,36.1258
13020203,Rio Grande-Albuquerque,NM,8327.8,-107.1998,33.6567,-106.2095,35.42
13020204,Rio Puerco,NM,5469.3,-107.3963,34.3492,-106.8185,36.2059
13020205,Arroyo Chico,NM,3562.0,-107.9715,35.2509,-107.0054,36.0705
13020206,North Plains,NM,3126.8,-108.4144,34.3242,-107.7483,35.1501
13020207,Rio San Jose,NM,6727.1,-108.3939,34.5592,-107.0262,35.6025
13020208,Plains of San Agustin,NM,5155.6,-108.5185,33.5557,-107.4042,34.3391
13020209,Rio Salado,NM,3615.6,-108.0364,34.0162,-106.8569,34.7276
13020210,Jornada Del Muerto,NM,4431.5,-106.8675,33.2264,-106.1492,34.3725
13020211,Elephant Butte Reservoir,NM,5684.3,-107.83,33.0204,-106.7232,34.0601
13030101,Caballo,NM,3195.1,-107.87,32.8637,-107.1545,33.5226
13030102,El Paso-Las Cruces,"MX,NM,TX",14293.7,-107.7773,30.2415,-106.2351,32.9529
13030103,Jornada Draw,NM,3236.5,-107.2229,32.3537,-106.5281,33.29
13030201,Playas Lake,"MX,NM",18286.7,-109.0234,30.2456,-107.4829,32.1023
13030202,Mimbres,"MX,NM",17304.5,-108.4358,30.6009,-106.8958,33.1427
13040100,Rio Grande-Fort Quitman,"MX,NM,TX",8041.0,-106.5851,30.802,-105.3216,31.9946
13040201,Cibolo-Red Light,"MX,TX",9521.7,-105.7365,29.3818,-104.2157,31.3229
13040202,Alamito,"MX,TX",4045.0,-104.4071,29.5203,-103.6659,30.5983
13040203,Black Hills-Fresno,"MX,TX",7255.4,-104.6532,28.5901,-103.518,29.7121
13040204,Terlingua,TX,2851.1,-103.9244,29.1658,-103.2853,30.1435
13040205,Big Bend,"MX,TX",15500.9,-103.8483,27.961,-102.36,29.5857
13040206,Maravillas,TX,3400.9,-103.5433,29.4557,-102.7218,30.4042
13040207,Santiago Draw,TX,2262.2,-103.7154,29.4237,-103.0515,30.2882
13040208,Reagan-Sanderson,"MX,TX",6332.2,-102.9412,28.9114,-101.7993,30.2578
13040209,San Francisco,TX,2651.4,-103.2153,29.7916,-102.304,30.3731
13040210,Lozier Canyon,"MX,TX",2289.7,-102.8687,29.7983,-101.7097,30.3641
13040211,Big Canyon,TX,2084.3,-103.1476,30.0783,-101.8123,30.4992
13040212,Amistad Reservoir,"MX,TX",7161.8,-102.2618,28.9825,-101.0223,30.1505
13040301,Upper Devils,TX,6844.3,-101.3732,30.0846,-100.451,31.054
13040302,Lower Devils,TX,2259.8,-101.3006,29.4504,-100.7315,30.1937
13040303,Dry Devils,TX,1888.7,-100.9972,29.7192,-100.4091,30.2785
13050001,Western Estancia,NM,6280.3,-106.4477,34.2123,-105.6207,35.2858
13050002,Eastern Estancia,NM,1333.1,-105.7483,34.2052,-105.3356,34.8498
13050003,Tularosa Valley,"NM,TX",17381.5,-106.7484,31.8947,-105.6305,34.3262
13050004,Salt Basin,"NM,TX",20518.7,-105.9554,30.0524,-104.1385,32.8021
13060001,Pecos Headwaters,NM,9016.2,-105.807,34.5886,-104.0513,35.9821
13060002,Pintada Arroyo,NM,2667.6,-105.7106,34.6286,-104.6434,35.1597
13060003,Upper Pecos,NM,10897.3,-105.6046,33.5609,-103.7805,34.8222
13060004,Taiban,NM,2086.9,-104.1754,34.2389,-103.5989,34.91
13060005,Arroyo Del Macho,NM,4848.2,-105.7051,33.5004,-104.364,34.1546
13060006,Gallo Arroyo,NM,2258.0,-105.7704,33.8489,-104.7643,34.3338
13060007,Upper Pecos-Long Arroyo,NM,8291.5,-105.2478,32.7305,-103.63,33.9717
13060008,Rio Hondo,NM,4307.4,-105.8502,33.1564,-104.3993,33.6506
13060009,Rio Felix,NM,2445.7,-105.6368,32.9197,-104.3099,33.2917
13060010,Rio Penasco,NM,2778.0,-105.8085,32.6515,-104.3256,33.1721
13060011,Upper Pecos-Black,"NM,TX",11342.8,-105.3187,31.9145,-103.4526,33.0132
13070001,Lower Pecos-Red Bluff Reservoir,"NM,TX",6454.6,-104.5943,30.7753,-103.0989,32.2523
13070002,Delaware,"NM,TX",2046.9,-104.8841,31.5524,-104.0162,32.0576
13070003,Toyah,TX,2912.8,-104.1885,30.634,-103.2597,31.4226
13070004,Salt Draw,TX,5071.5,-104.6498,30.6573,-103.4437,31.6221
13070005,Barrilla Draw,TX,1831.8,-104.1685,30.4682,-103.3002,31.3436
13070006,Coyanosa-Hackberry Draws,TX,3833.0,-103.9394,30.2482,-103.0616,31.3649
13070007,Landreth-Monument Draws,"NM,TX",16414.9,-103.8747,30.3717,-102.1228,33.0197
13070008,Pecos,TX,4962.0,-102.4473,30.4365,-101.545,31.4213
13070009,Tunas,TX,2505.5,-103.0104,30.3675,-102.185,31.0354
13070010,Independence,TX,1996.8,-102.5383,30.3628,-101.7208,30.7873
13070011,Howard Draw,TX,2828.9,-101.6734,30.1511,-101.2571,31.1504
13070012,Lower Pecos,TX,2574.0,-101.9353,29.6906,-101.1356,30.4523
13080001,Elm-Sycamore,"MX,TX",10630.6,-101.8183,28.5975,-100.305,29.824
13080002,San Ambrosia-Santa Isabel,"MX,TX",14940.1,-101.552,27.2831,-99.2826,28.7827
13080003,International Falcon Reservoir,"MX,TX",7292.2,-99.9464,26.5293,-98.8268,27.6155
13090001,Los Olmos,"MX,TX",8146.0,-100.1991,26.0316,-98.4237,26.9697
13090002,Lower Rio Grande,"MX,TX",5502.6,-98.8672,25.4303,-97.0886,26.2368
13100000,Rio Conchos,MX,67619.6,-107.7618,26.0467,-104.3867,29.926
13110000,Rio Salado,MX,60402.4,-102.8637,26.0802,-99.3006,29.0227
13120000,Rio San Juan,MX,32796.4,-101.8959,24.8395,-98.7328,26.4348
14010001,Colorado Headwaters,CO,7516.0,-107.3751,39.4912,-105.6264,40.4862
14010002,Blue,CO,1769.4,-106.4712,39.3575,-105.7761,40.0432
14010003,Eagle,CO,2518.5,-107.0589,39.3052,-106.1761,39.8348
14010004,Roaring Fork,CO,3767.2,-107.4657,38.9776,-106.4811,39.5639
14010005,Colorado Headwaters-Plateau,"CO,UT",9909.3,-109.108,38.943,-107.3075,39.8428
14020001,East-Taylor,CO,1986.3,-107.1206,38.6075,-106.3208,39.0556
14020002,Upper Gunnison,CO,6244.7,-107.8727,37.8344,-106.739,38.8386
14020003,Tomichi,CO,2856.0,-106.981,37.9417,-106.2372,38.7004
14020004,North Fork Gunnison,CO,2510.1,-107.8372,38.6998,-107.0811,39.2574
14020005,Lower Gunnison,CO,4306.8,-108.7774,38.3144,-107.7559,39.0801
14020006,Uncompahgre,CO,2887.1,-108.1979,37.8924,-107.5109,38.7565
14030001,Westwater Canyon,"CO,UT",3768.9,-109.722,38.8186,-108.7011,39.459
14030002,Upper Dolores,"CO,UT",5588.0,-109.2641,37.4049,-107.861,38.4668
14030003,San Miguel,CO,4022.8,-108.8067,37.7734,-107.7328,38.5131
14030004,Lower Dolores,"CO,UT",2390.2,-109.3004,38.3675,-108.591,38.8787
14030005,Upper Colorado-Kane Springs,"CO,UT",5891.7,-109.8924,37.8223,-109.0004,39.0358
14040101,Upper Green,WY,7601.6,-110.7361,42.0103,-109.6161,43.4522
14040102,New Fork,WY,3265.1,-110.0593,42.522,-109.2102,43.2069
14040103,Upper Green-Slate,WY,3963.4,-110.5043,41.4574,-109.2811,42.4287
14040104,Big Sandy,WY,4600.0,-109.7898,41.8349,-108.8408,42.7704
14040105,Bitter,WY,5773.6,-109.4623,41.0508,-108.2009,42.0594
14040106,Upper Green-Flaming Gorge Reservoir,"CO,UT,WY",6476.1,-110.4307,40.5277,-108.6669,41.518
14040107,Blacks Fork,"UT,WY",7106.7,-110.8123,40.7389,-109.4893,42.3698
14040108,Muddy,"UT,WY",2500.3,-110.9253,40.9428,-110.2073,41.7976
14040109,Vermilion,"CO,WY",2524.3,-109.0158,40.5534,-108.2646,41.3271
14040200,Great Divide Closed Basin,WY,9947.1,-109.069,41.4833,-107.0727,42.3999
14050001,Upper Yampa,CO,6784.7,-107.7062,39.9704,-106.5896,40.9069
14050002,Lower Yampa,CO,4065.0,-109.0411,40.11,-107.5276,40.771
14050003,Little Snake,"CO,WY",7926.8,-108.6283,40.4537,-106.8012,41.4186
14050004,Muddy,WY,2607.3,-108.2821,41.0396,-107.3014,41.642
14050005,Upper White,CO,3533.3,-108.4281,39.7424,-107.1641,40.3804
14050006,Piceance-Yellow,CO,2368.2,-108.6255,39.6233,-107.8526,40.1727
14050007,Lower White,"CO,UT",7057.1,-109.6784,39.4407,-108.3631,40.4332
14060003,Duchesne,UT,6938.9,-111.1879,39.8674,-109.675,40.8347
14060004,Strawberry,UT,3016.4,-111.315,39.8689,-110.3855,40.4197
14060005,Lower Green-Desolation Canyon,UT,5040.4,-110.7458,39.1465,-109.6319,40.1652
14060006,Willow,UT,2470.8,-109.8566,39.147,-109.2745,40.0514
14060007,Price,UT,4886.0,-111.3604,39.157,-110.1057,40.0471
14060008,Lower Green,UT,4836.5,-110.6301,38.1017,-109.6694,39.2161
14060009,San Rafael,UT,6301.7,-111.4909,38.3599,-110.1048,39.7276
14060010,Lower Green-Diamond,"CO,UT",4210.9,-109.9661,40.0656,-108.9048,40.8276
14070001,Upper Lake Powell,UT,7406.2,-111.1057,37.1811,-109.7573,38.1904
14070002,Muddy,UT,4016.9,-111.5962,38.3912,-110.5781,39.1245
14070003,Fremont,UT,5128.1,-111.8953,37.9292,-110.6751,38.7454
14070004,Dirty Devil,UT,2183.7,-110.7968,37.8883,-110.1252,38.5621
14070005,Escalante,UT,5247.7,-111.901,37.2253,-110.851,38.156
14070006,Lower Lake Powell,"AZ,UT",7605.9,-111.9148,36.4989,-110.6724,37.6095
14070007,Paria,"AZ,UT",3676.0,-112.3284,36.7181,-111.5873,37.739
14080101,Upper San Juan,"CO,NM",8886.1,-108.2569,36.3254,-106.5882,37.7085
14080102,Piedra,CO,1751.9,-107.4767,37.0071,-106.9801,37.6411
14080103,Blanco Canyon,NM,4438.8,-107.8911,36.0549,-106.9487,36.7306
14080104,Animas,"CO,NM",3547.2,-108.2215,36.7129,-107.5162,37.9621
14080105,Middle San Juan,"AZ,CO,NM",5037.5,-109.2945,36.4413,-107.9588,37.4605
14080106,Chaco,"AZ,NM",11846.1,-109.0862,35.5584,-107.35,36.774
14080107,Mancos,"CO,NM",2077.3,-108.9807,36.9377,-108.0731,37.499
14080201,Lower San Juan-Four Corners,"AZ,CO,NM,UT",5165.4,-109.925,36.7903,-108.7936,37.8474
14080202,McElmo,"CO,UT",1856.9,-109.195,37.2002,-108.3861,37.6044
14080203,Montezuma,"CO,UT",3027.7,-109.4957,37.2657,-108.7424,37.9822
14080204,Chinle,"AZ,NM,UT",10616.9,-110.5868,35.736,-108.8529,37.2129
14080205,Lower San Juan,"AZ,UT",6317.7,-110.9026,36.7536,-109.706,37.6328
15010001,Lower Colorado-Marble Canyon,AZ,3802.7,-112.1856,35.9602,-111.5062,36.8886
15010002,Grand Canyon,AZ,6607.1,-113.7237,35.5281,-112.0744,36.4958
15010003,Kanab,"AZ,UT",6121.5,-112.9911,36.3831,-112.1005,37.5022
15010004,Havasu Canyon,AZ,7599.3,-113.0154,35.1829,-111.7665,36.3099
15010005,Lake Mead,"AZ,NV",7494.1,-114.9944,35.5216,-113.4052,36.6248
15010006,Grand Wash,"AZ,NV",2419.7,-114.1907,36.197,-113.5322,36.8
15010007,Red Lake,AZ,3663.5,-114.3068,35.1088,-113.1799,35.8168
15010008,Upper Virgin,UT,5654.5,-113.9362,37.006,-112.47,37.5974
15010009,Fort Pearce Wash,"AZ,UT",4326.8,-113.6518,36.3486,-112.7557,37.0854
15010010,Lower Virgin,"AZ,NV,UT",5337.4,-114.4735,36.5239,-113.5153,37.608
15010011,White,NV,7448.1,-115.5011,37.1224,-114.8713,39.3028
15010012,Muddy,NV,4696.7,-115.1881,36.2865,-114.3789,37.4293
15010013,Meadow Valley Wash,"NV,UT",6570.2,-114.814,36.6633,-114.0364,38.3834
15010014,Detrital Wash,AZ,1795.8,-114.6204,35.2486,-114.1654,36.0528
15010015,Las Vegas Wash,NV,4865.3,-115.7061,35.8269,-114.8516,36.7635
15020001,Little Colorado Headwaters,"AZ,NM",2085.1,-109.5843,33.8757,-108.9486,34.3841
15020002,Upper Little Colorado,"AZ,NM",4200.1,-110.3234,34.0887,-109.0058,35.0021
15020003,Carrizo Wash,"AZ,NM",5852.3,-109.4576,33.9932,-108.036,34.7251
15020004,Zuni,"AZ,NM",6909.4,-109.6798,34.5954,-108.0773,35.4009
15020005,Silver,AZ,2456.8,-110.4698,34.098,-109.712,34.7382
15020006,Upper Puerco,"AZ,NM",4951.1,-109.3143,35.1645,-108.135,36.0657
15020007,Lower Puerco,AZ,2889.7,-110.1393,34.8224,-109.1126,35.4066
15020008,Middle Little Colorado,AZ,6561.8,-111.3799,34.2837,-110.0968,35.5014
15020009,Leroux Wash,AZ,2106.5,-110.2427,34.8981,-109.2036,35.6928
15020010,Chevelon Canyon,AZ,2123.4,-110.9996,34.2746,-110.4353,34.9453
15020011,Cottonwood Wash,AZ,4342.6,-110.6526,34.9916,-109.1684,35.9124
15020012,Corn-Oraibi,AZ,1895.2,-110.9539,35.3868,-109.8327,36.481
15020013,Polacca Wash,AZ,2972.7,-110.9773,35.2759,-109.8084,36.3524
15020014,Jadito Wash,AZ,2432.4,-110.8414,35.2069,-109.9129,35.9219
15020015,Canyon Diablo,AZ,3106.1,-111.7856,34.7494,-110.9702,35.402
15020016,Lower Little Colorado,AZ,6201.7,-111.9622,35.2851,-110.9018,36.3872
15020017,Dinnebito Wash,AZ,2122.0,-111.2384,35.423,-110.115,36.5211
15020018,Moenkopi Wash,AZ,6868.4,-111.6365,35.887,-110.1979,36.7949
15030101,Havasu-Mohave Lakes,"AZ,CA,NV",7207.4,-114.908,34.2744,-114.073,36.0432
15030102,Piute Wash,"CA,NV",2664.9,-115.3258,34.7777,-114.6338,35.5813
15030103,Sacramento Wash,AZ,3449.3,-114.4883,34.5352,-113.8324,35.4614
15030104,Imperial Reservoir,"AZ,CA",8924.2,-115.336,32.8786,-113.8556,34.3462
15030105,Bouse Wash,AZ,4185.3,-114.3465,33.3527,-113.4047,34.1623
15030106,Tyson Wash,AZ,1850.4,-114.4237,33.2333,-113.9605,33.922
15030107,Lower Colorado,"AZ,CA,MX",3992.8,-115.4287,31.6441,-114.3754,32.9696
15030108,Yuma Desert,"AZ,MX",7550.5,-114.9961,31.5082,-114.0064,32.7313
15030201,Big Sandy,AZ,5576.2,-113.9279,34.3109,-112.9499,35.4517
15030202,Burro,AZ,1846.7,-113.5774,34.4107,-112.9322,34.9648
15030203,Santa Maria,AZ,3711.2,-113.5226,34.1544,-112.5502,34.8281
15030204,Bill Williams,AZ,2782.9,-114.1365,34.0336,-113.051,34.7395
15040001,Upper Gila,NM,5133.1,-108.687,32.9166,-107.7831,33.7474
15040002,Upper Gila-Mangas,"AZ,NM",5305.3,-109.3826,32.4143,-108.1624,33.2719
15040003,Animas Valley,"AZ,NM",5864.4,-109.0988,31.448,-108.1706,32.624
15040004,San Francisco,"AZ,NM",7257.6,-109.4065,32.9759,-108.3857,34.0792
15040005,Upper Gila-San Carlos Reservoir,AZ,7171.4,-110.637,32.4922,-109.2861,33.5843
15040006,San Simon,"AZ,NM",5829.1,-109.7881,31.504,-108.902,32.8424
15040007,San Carlos,AZ,2786.5,-110.8008,33.1843,-109.808,33.6973
15050100,Middle Gila,AZ,8508.2,-112.3419,32.5758,-110.3172,33.4901
15050201,Willcox Playa,AZ,4285.2,-110.2844,31.8092,-109.2614,32.7432
15050202,Upper San Pedro,"AZ,MX",6423.7,-110.6527,30.9688,-109.8617,32.3131
15050203,Lower San Pedro,AZ,5133.1,-110.9507,32.0992,-110.0295,33.028
15050301,Upper Santa Cruz,"AZ,MX",6800.6,-111.3008,31.0404,-110.3445,32.69
15050302,Rillito,AZ,2385.5,-111.0548,31.586,-110.4069,32.4492
15050303,Lower Santa Cruz,AZ,4358.0,-112.403,32.3922,-111.0225,33.2647
15050304,Brawley Wash,AZ,3649.2,-111.6516,31.4535,-111.0428,32.5371
15050305,Aguirre Valley,AZ,1898.7,-111.9176,31.9552,-111.3885,32.6747
15050306,Santa Rosa Wash,AZ,3130.9,-112.4592,32.016,-111.7304,32.8975
15060101,Black,AZ,3241.5,-110.3217,33.3593,-109.1719,33.9917
15060102,White,AZ,1653.1,-110.2256,33.6919,-109.5132,34.1505
15060103,Upper Salt,AZ,5579.0,-111.1695,33.2695,-110.1834,34.3397
15060104,Carrizo,AZ,1838.8,-110.6729,33.784,-109.8239,34.3068
15060105,Tonto,AZ,2715.9,-111.5006,33.659,-110.8225,34.4049
15060106,Lower Salt,AZ,2704.6,-112.3035,33.3224,-111.1117,33.8421
15060201,Big Chino-Williamson Valley,AZ,5577.8,-113.2154,34.5934,-112.2138,35.8665
15060202,Upper Verde,AZ,6496.9,-112.586,34.4794,-111.3904,35.3774
15060203,Lower Verde,AZ,5093.5,-111.9656,33.541,-111.1375,34.8019
15070101,Lower Gila-Painted Rock Reservoir,AZ,5222.3,-113.0361,32.5167,-112.1768,33.5966
15070102,Agua Fria,AZ,7106.3,-112.6433,33.3885,-111.7818,34.7182
15070103,Hassayampa,AZ,3810.0,-113.1838,33.3217,-112.3502,34.501
15070104,Centennial Wash,AZ,5002.6,-113.718,33.1679,-112.7669,34.2172
15070201,Lower Gila,AZ,10857.8,-114.5647,32.2269,-112.8848,33.4806
15070202,Tenmile Wash,AZ,2783.8,-113.4849,32.1461,-112.5459,32.9169
15070203,San Cristobal Wash,AZ,4263.1,-113.763,31.9848,-112.5917,32.8442
15080101,San Simon Wash,"AZ,MX",7503.7,-112.6908,31.3278,-111.5584,32.5535
15080102,Rio Sonoyta,"AZ,MX",12383.7,-113.6457,30.5223,-112.3348,32.0968
15080103,Tule Desert,"AZ,MX",5700.1,-114.2869,31.4417,-112.8883,32.3128
15080200,Rio De La Concepcion,"AZ,MX",25730.8,-113.0029,29.8386,-110.3751,31.5415
15080301,Whitewater Draw,"AZ,MX",6893.4,-109.9996,30.4549,-109.2557,31.9056
15080302,San Bernardino Valley,"AZ,MX,NM",3580.9,-109.47,30.8157,-108.798,31.6463
15080303,Cloverdale,"MX,NM",474.4,-109.04,31.2533,-108.7419,31.5008
16010101,Upper Bear,"UT,WY",5202.6,-111.511,40.7104,-110.5985,42.0593
16010102,Central Bear,"ID,UT,WY",2123.0,-111.2349,41.8964,-110.6341,42.6055
16010201,Bear Lake,"ID,UT",3281.4,-111.7202,41.6742,-111.079,42.8558
16010202,Middle Bear,"ID,UT",3323.7,-112.1683,41.7599,-111.5521,42.6633
16010203,Little Bear-Logan,"ID,UT",2289.7,-112.0518,41.3688,-111.4018,42.0947
16010204,Lower Bear-Malad,"ID,UT",3242.2,-112.5522,41.3589,-111.8733,42.5571
16020101,Upper Weber,"UT,WY",3020.4,-111.5936,40.5843,-110.8852,41.3736
16020102,Lower Weber,UT,3421.5,-112.2922,40.6093,-111.4206,41.4338
16020201,Utah Lake,UT,3483.1,-112.2142,39.5831,-111.5516,40.578
16020202,Spanish Fork,UT,2494.3,-111.8306,39.699,-111.082,40.3005
16020203,Provo,UT,1770.8,-111.7389,40.2313,-110.8917,40.712
16020204,Jordan,UT,2107.9,-112.2278,40.4143,-111.5533,40.9403
16020301,Hamlin-Snake Valleys,"NV,UT",8069.3,-114.3882,37.9472,-113.4928,39.8044
16020302,Pine Valley,UT,1896.8,-113.9839,38.1331,-113.5383,38.7828
16020303,Tule Valley,UT,2461.7,-113.7632,38.7981,-113.31,39.7262
16020304,Rush-Tooele Valleys,UT,3128.5,-112.6625,39.8805,-112.1444,40.9328
16020305,Skull Valley,UT,2106.8,-113.0187,40.0556,-112.5422,40.884
16020306,Southern Great Salt Lake Desert,"NV,UT",14177.2,-114.3139,39.4491,-112.543,40.9675
16020307,"Pilot-Thousand Springs, Nevada, Utah","NV,UT",3971.4,-115.0099,41.0101,-113.934,41.8508
16020308,Northern Great Salt Lake Desert,"NV,UT",11801.5,-114.331,40.5802,-112.6202,41.913
16020309,Curlew Valley,"ID,UT",5856.3,-113.321,41.2038,-112.3407,42.4718
16020310,Great Salt Lake,UT,4527.0,-113.0727,40.6658,-111.9095,41.7009
16030001,Upper Sevier,UT,3116.4,-112.8671,37.4048,-112.1456,38.3432
16030002,East Fork Sevier,UT,3217.1,-112.4015,37.4042,-111.7014,38.7058
16030003,Middle Sevier,UT,4797.0,-112.5226,38.2489,-111.4408,39.4129
16030004,San Pitch,UT,2229.9,-111.8758,39.0324,-111.2965,39.787
16030005,Lower Sevier,UT,10622.4,-113.3377,38.6724,-111.6781,40.0113
16030006,Escalante Desert,"NV,UT",8523.1,-114.2234,37.4511,-112.4422,38.3114
16030007,Beaver Bottoms-Upper Beaver,UT,4475.6,-113.2963,38.0663,-112.3354,38.8143
16030008,Lower Beaver,UT,2074.8,-113.0079,38.6274,-112.4131,39.2256
16030009,Sevier Lake,UT,3614.0,-113.6175,38.2613,-112.9144,39.3277
16040101,Upper Humboldt,NV,7148.0,-116.3342,40.5849,-114.7154,41.7853
16040102,North Fork Humboldt,NV,2586.5,-116.0153,40.9245,-115.3933,41.6272
16040103,South Fork Humboldt,NV,3368.3,-116.025,39.8884,-115.3886,40.8865
16040104,Pine,NV,2605.3,-116.5739,39.8036,-115.9417,40.6369
16040105,Middle Humboldt,NV,8285.3,-117.595,39.7225,-116.1877,41.3454
16040106,Rock,NV,2349.4,-116.8636,40.6917,-116.2872,41.4304
16040107,Reese,NV,6160.9,-117.5639,38.741,-116.8408,40.7994
16040108,Lower Humboldt,NV,6718.0,-118.9816,39.7405,-117.3207,41.1766
16040109,Little Humboldt,NV,4613.0,-117.7787,41.0109,-116.6184,41.866
16040201,Upper Quinn,"NV,OR",9134.8,-118.5635,40.7603,-117.3134,42.3448
16040202,Lower Quinn,NV,8474.8,-119.4223,40.5179,-118.2716,41.9168
16040203,Smoke Creek Desert,"CA,NV",6376.4,-120.245,40.1795,-119.2044,41.6486
16040204,Massacre Lake,"CA,NV",3357.6,-120.1356,40.8543,-119.4557,41.9694
16040205,Thousand-Virgin,"NV,OR",2998.6,-119.3604,41.5106,-118.6579,42.2955
16050101,Lake Tahoe,"CA,NV",1312.7,-120.2525,38.7041,-119.877,39.3251
16050102,Truckee,"CA,NV",3152.4,-120.4649,39.1441,-119.2566,39.7277
16050103,Pyramid-Winnemucca Lakes,NV,3587.7,-119.854,39.6275,-119.1665,40.4291
16050104,Granite Springs Valley,NV,4304.6,-119.3681,39.4843,-118.5379,40.6582
16050201,Upper Carson,"CA,NV",2482.2,-119.9938,38.3539,-119.4548,39.2513
16050202,Middle Carson,NV,2149.2,-119.7226,39.0283,-118.9447,39.522
16050203,Carson Desert,NV,5633.4,-119.1808,39.1286,-118.0375,40.2841
16050301,East Walker,"CA,NV",3109.7,-119.5149,38.0302,-118.6843,38.8954
16050302,West Walker,"CA,NV",2699.0,-119.6515,38.1371,-119.0931,39.0813
16050303,Walker,NV,2315.6,-119.3005,38.7814,-118.4238,39.2358
16050304,Walker Lake,NV,2093.5,-118.8514,38.1068,-118.3031,38.8495
16060001,Dixie Valley,NV,10470.5,-118.4102,39.0311,-117.1098,40.7702
16060002,Gabbs Valley,NV,5390.7,-118.8599,38.4787,-117.3686,39.6354
16060003,Southern Big Smoky Valley,NV,5309.5,-117.8906,37.8162,-117.0363,39.0412
16060004,Northern Big Smoky Valley,NV,4942.6,-117.3557,38.589,-116.4605,40.1619
16060005,Diamond-Monitor Valleys,NV,8089.7,-116.9784,38.4967,-115.7948,40.2413
16060006,Little Smoky-Newark Valleys,NV,3741.8,-116.2727,38.7567,-115.4346,39.9655
16060007,Long-Ruby Valleys,NV,10657.4,-115.64,39.0745,-114.5506,41.2498
16060008,Spring-Steptoe Valleys,NV,13769.0,-115.1122,38.3985,-114.1471,41.1959
16060009,Dry Lake Valley,NV,5618.5,-115.0328,37.2354,-114.3111,38.8425
16060010,Fish Lake-Soda Spring Valleys,"CA,NV",7147.1,-118.7269,37.362,-117.5658,38.6594
16060011,Ralston-Stone Cabin Valleys,NV,8395.5,-117.9121,37.4601,-116.3764,38.6727
16060012,Hot Creek-Railroad Valleys,NV,12224.2,-116.5967,37.6715,-115.2824,39.26
16060013,Cactus-Sarcobatus Flats,NV,7140.9,-117.5871,36.9229,-116.0733,37.851
16060014,Sand Spring-Tikaboo Valleys,NV,13290.4,-116.2556,36.3248,-115.0829,38.3292
16060015,Ivanpah-Pahrump Valleys,"CA,NV",7415.9,-116.2583,35.2066,-114.7462,36.4709
17010101,Middle Kootenai,"CN,ID,MT",9537.2,-116.201,48.06,-114.689,50.1283
17010102,Fisher,MT,2183.1,-115.6116,47.8902,-114.7338,48.5083
17010103,Yaak,"CN,ID,MT",2050.4,-116.0533,48.5439,-115.3577,49.2263
17010104,Lower Kootenai,"CN,ID,MT",9699.8,-117.6521,48.4503,-115.9405,50.2262
17010105,Moyie,"CN,ID,MT",2031.3,-116.3931,48.7088,-115.7049,49.5367
17010106,Elk,"CN,MT",4414.5,-115.2178,48.9153,-114.5695,50.5868
17010107,Headwaters Kootenai River,CN,5393.2,-116.4298,49.9521,-115.0504,51.3343
17010108,Upper Kootenai River,CN,6599.6,-116.6951,49.3393,-115.3339,50.2213
17010109,Duncan River,CN,4762.9,-117.7153,50.0813,-116.5405,51.0647
17010110,Slocan River,CN,3431.0,-118.0152,49.3776,-117.1265,50.358
17010201,Upper Clark Fork,MT,4856.2,-113.2524,45.792,-112.2932,46.7715
17010202,Flint-Rock,MT,4713.0,-113.9351,45.9386,-113.0145,46.8725
17010203,Blackfoot,MT,5989.9,-113.8892,46.6571,-112.3118,47.4255
17010204,Middle Clark Fork,"ID,MT",5139.8,-115.7595,46.6965,-113.7472,47.4968
17010205,Bitterroot,"ID,MT",7401.6,-114.6561,45.459,-113.5154,46.8788
17010206,North Fork Flathead,"CN,MT",4057.9,-114.8903,48.4676,-113.8556,49.4616
17010207,Middle Fork Flathead,MT,2939.6,-114.0972,47.9079,-112.8785,48.8561
17010208,Flathead Lake,MT,3084.5,-114.7012,47.6541,-113.9208,48.4979
17010209,South Fork Flathead,MT,4340.9,-114.0996,47.2282,-112.9186,48.4578
17010210,Stillwater,MT,2018.0,-114.9244,48.1971,-114.2274,48.8028
17010211,Swan,MT,1888.2,-114.0831,47.2715,-113.5012,48.1606
17010212,Lower Flathead,MT,5203.0,-114.8749,47.0041,-113.666,48.2083
17010213,Lower Clark Fork,"ID,MT",6051.4,-116.2994,47.3446,-114.6944,48.4154
17010214,Pend Oreille Lake,"ID,WA",3141.2,-117.1464,47.8854,-116.1648,48.6879
17010215,Priest,"CN,ID,WA",2541.4,-117.1907,48.1776,-116.6288,49.067
17010216,Pend Oreille,"CN,ID,WA",4232.5,-117.6295,48.1201,-116.9692,49.4703
17010301,Upper Coeur d'Alene,"ID,MT",2322.2,-116.6048,47.5194,-115.6886,48.0689
17010302,South Fork Coeur d'Alene,"ID,MT",774.5,-116.3651,47.3875,-115.6295,47.6036
17010303,Coeur d'Alene Lake,"ID,WA",1707.6,-117.089,47.3725,-116.2496,47.7525
17010304,St. Joe,"ID,MT",4780.7,-116.9471,46.9107,-115.0696,47.4361
17010305,Upper Spokane,"ID,WA",1523.0,-117.4582,47.5444,-116.53,47.9662
17010306,Hangman,"ID,WA",1793.9,-117.6585,47.0396,-116.7083,47.6606
17010307,Lower Spokane,WA,2312.5,-118.3406,47.5617,-117.392,48.1293
17010308,Little Spokane,"ID,WA",1837.0,-117.6786,47.6917,-116.9285,48.2109
17020001,Franklin D. Roosevelt Lake,"CN,WA",10518.9,-119.0274,47.5955,-117.3414,50.2426
17020002,Kettle,"CN,WA",10837.1,-119.3838,48.63,-118.0109,50.1683
17020003,Colville,WA,2635.2,-118.1227,48.0103,-117.4752,48.7332
17020004,Sanpoil,WA,2541.2,-119.2427,47.9475,-118.4595,48.7428
17020005,Chief Joseph,WA,3467.2,-120.0826,47.7685,-118.769,48.4164
17020006,Okanogan,"CN,WA",12121.0,-120.2365,48.0887,-118.7974,50.6344
17020007,Similkameen,"CN,WA",9270.5,-121.1164,48.6202,-119.4274,49.9853
17020008,Methow,WA,4710.7,-120.789,47.9542,-119.8386,48.9979
17020009,Lake Chelan,WA,2415.1,-121.0718,47.8,-119.9711,48.5509
17020010,Upper Columbia-Entiat,WA,3879.2,-120.8144,46.8138,-119.7062,48.1681
17020011,Wenatchee,WA,3440.9,-121.181,47.2828,-120.3248,48.1811
17020012,Moses Coulee,WA,2410.1,-120.1309,47.2552,-119.199,47.8714
17020013,Upper Crab,WA,4810.4,-119.2991,47.1953,-117.6727,47.887
17020014,Banks Lake,WA,1595.6,-119.6212,47.3213,-118.8477,48.0243
17020015,Lower Crab,WA,6425.2,-119.995,46.7672,-118.2226,47.503
17020016,Upper Columbia-Priest Rapids,WA,5413.5,-120.206,46.0803,-118.1675,46.945
17020017,Headwaters Columbia River,CN,10109.9,-117.3343,50.1145,-115.7649,51.8128
17020018,Canoe River-McNaughton Lake,CN,3168.7,-119.7388,52.1493,-118.195,52.8807
17020019,McNaughton Lake-Columbia River,CN,7871.2,-118.6747,51.0346,-116.9184,52.4969
17020020,Goldstream River-Columbia River,CN,5633.5,-118.9924,50.9974,-117.8886,52.1839
17020021,Upper Arrow Lake-Columbia River,CN,6480.7,-118.3936,50.0628,-117.343,51.434
17030001,Upper Yakima,WA,5539.6,-121.4661,46.5901,-120.0541,47.5978
17030002,Naches,WA,2860.5,-121.5227,46.4551,-120.5138,47.1418
17030003,Lower Yakima,WA,7527.9,-121.2188,45.9828,-119.2051,46.6465
17040101,Snake Headwaters,WY,4430.9,-110.8794,43.5453,-109.814,44.4906
17040102,Gros Ventre,WY,1617.3,-110.7989,43.3316,-109.7625,43.7413
17040103,Greys-Hoback,"ID,WY",4096.6,-111.0639,42.5252,-110.1574,43.6902
17040104,Palisades,"ID,WY",2405.9,-111.7102,43.0758,-110.919,43.6717
17040105,Salt,"ID,WY",2309.1,-111.3399,42.4734,-110.754,43.1671
17040201,Idaho Falls,ID,1413.4,-112.3989,43.4832,-111.5746,43.9357
17040202,Upper Henrys,"ID,MT,WY",2838.3,-111.7787,44.0484,-110.9558,44.755
17040203,Lower Henrys,"ID,WY",2915.3,-111.9927,43.6799,-110.7202,44.42
17040204,Teton,"ID,WY",2886.2,-111.8844,43.477,-110.8244,44.01
17040205,Willow,ID,1792.1,-112.0447,42.9113,-111.2886,43.6301
17040206,American Falls,ID,5592.7,-113.1976,42.3519,-111.9443,43.6207
17040207,Blackfoot,ID,3290.2,-112.5067,42.5529,-111.1503,43.5783
17040208,Portneuf,ID,4344.1,-112.7524,42.2683,-111.6567,43.1652
17040209,Lake Walcott,ID,8702.4,-114.2151,42.2508,-112.6963,43.4987
17040210,Raft,"ID,UT",3819.8,-113.8727,41.7498,-112.9123,42.6192
17040211,Goose,"ID,NV,UT",2796.0,-114.4476,41.6772,-113.6629,42.5399
17040212,Upper Snake-Rock,ID,6602.2,-115.243,42.1067,-113.8834,43.2612
17040213,Salmon Falls,"ID,NV",5680.8,-115.3477,41.4338,-114.2867,42.7205
17040214,Beaver-Camas,"ID,MT",3288.7,-112.5236,43.6956,-111.7208,44.5717
17040215,Medicine Lodge,"ID,MT",3006.4,-112.8791,43.5498,-112.2864,44.5042
17040216,Birch,"ID,MT",1573.4,-113.2873,43.7532,-112.6111,44.4611
17040217,Little Lost,ID,2496.2,-113.6728,43.6755,-112.8491,44.4845
17040218,Big Lost,ID,6354.2,-114.4174,43.2589,-112.5879,44.272
17040219,Big Wood,ID,3713.8,-114.905,42.8371,-114.0662,43.9229
17040220,Camas,ID,1779.8,-115.3565,43.1861,-114.4006,43.5754
17040221,Little Wood,ID,3163.9,-114.7958,42.7653,-113.6655,43.7734
17050101,C.J. Strike Reservoir,ID,5392.3,-116.1564,42.3429,-114.9421,43.432
17050102,Bruneau,"ID,NV",8749.7,-116.3089,41.3973,-115.022,42.9453
17050103,Middle Snake-Succor,"ID,OR",6064.8,-117.2533,42.6687,-115.9697,43.8153
17050104,Upper Owyhee,"ID,NV",5551.2,-116.9789,41.4977,-115.612,42.7468
17050105,South Fork Owyhee,"ID,NV,OR",4856.6,-117.0825,41.1278,-115.9585,42.2763
17050106,East Little Owyhee,"ID,NV,OR",2395.7,-117.3681,41.5809,-116.6166,42.1675
17050107,Middle Owyhee,"ID,NV,OR",3872.3,-117.7191,41.9808,-116.7672,42.9185
17050108,Jordan,"ID,OR",3385.7,-117.6455,42.6168,-116.4539,43.2508
17050109,Crooked-Rattlesnake,OR,3443.2,-118.2796,42.2139,-117.2684,42.9655
17050110,Lower Owyhee,OR,5116.4,-118.1983,42.8515,-117.0252,43.9166
17050111,North and Middle Forks Boise,ID,1967.7,-115.7396,43.6102,-114.9715,44.0986
17050112,Boise-Mores,ID,1608.5,-116.1002,43.5009,-115.4813,44.0478
17050113,South Fork Boise,ID,3384.0,-115.9372,43.2259,-114.6364,43.8586
17050114,Lower Boise,ID,3441.0,-117.0224,43.2521,-115.7778,43.8895
17050115,Middle Snake-Payette,"ID,OR",751.5,-117.202,43.8111,-116.6703,44.239
17050116,Upper Malheur,OR,6289.5,-118.8507,43.0433,-117.9006,44.3735
17050117,Lower Malheur,OR,2456.5,-118.1167,43.5472,-116.9741,44.0871
17050118,Bully,OR,1517.7,-118.1617,43.8353,-117.2398,44.267
17050119,Willow,OR,1967.3,-118.1618,43.9705,-117.1533,44.4603
17050120,South Fork Payette,ID,2124.0,-116.0308,43.9404,-114.9676,44.5474
17050121,Middle Fork Payette,ID,877.8,-116.0716,44.0809,-115.6084,44.5677
17050122,Payette,ID,3170.9,-116.9573,43.7368,-116.0003,44.5107
17050123,North Fork Payette,ID,2402.6,-116.2111,44.0844,-115.7816,45.2196
17050124,Weiser,ID,4363.9,-117.0419,44.1538,-116.1549,45.1187
17050201,Brownlee Reservoir,"ID,OR",3374.6,-117.4925,44.1407,-116.5047,45.2583
17050202,Burnt,OR,2847.6,-118.5195,44.2669,-117.2192,44.751
17050203,Powder,OR,4423.3,-118.3187,44.5627,-117.0145,45.1892
17060101,Hells Canyon,"ID,OR",1402.4,-116.8291,45.1408,-116.3788,45.9248
17060102,Imnaha,OR,2203.1,-117.2921,45.055,-116.5826,45.8173
17060103,Lower Snake-Asotin,"ID,OR,WA",1803.5,-117.5753,45.7512,-116.7768,46.426
17060104,Upper Grande Ronde,OR,4238.4,-118.7394,44.9564,-117.4828,45.8814
17060105,Wallowa,OR,2470.8,-117.7994,45.109,-117.0597,45.759
17060106,Lower Grande Ronde,"OR,WA",3932.8,-117.9569,45.4276,-116.843,46.1594
17060107,Lower Snake-Tucannon,"ID,WA",3778.6,-118.2166,46.0976,-117.0337,46.8457
17060108,Palouse,"ID,WA",6018.6,-118.4359,46.4663,-116.4504,47.6321
17060109,Rock,"ID,WA",2473.2,-118.1011,46.9122,-116.9441,47.4996
17060110,Lower Snake,WA,1877.0,-119.076,46.1897,-118.1596,46.7247
17060201,Upper Salmon,ID,6279.5,-115.1789,43.788,-113.9054,44.879
17060202,Pahsimeroi,ID,2151.0,-114.0964,44.0639,-113.4527,44.741
17060203,Middle Salmon-Panther,"ID,MT",4718.5,-114.6016,44.6923,-113.6793,45.7061
17060204,Lemhi,"ID,MT",3267.1,-113.8923,44.3905,-112.9985,45.2742
17060205,Upper Middle Fork Salmon,ID,3889.5,-115.5494,44.2328,-114.4688,44.9846
17060206,Lower Middle Fork Salmon,ID,3562.6,-115.4683,44.6061,-114.3,45.3005
17060207,Middle Salmon-Chamberlain,"ID,MT",4435.8,-116.0571,45.1701,-114.3602,45.8049
17060208,South Fork Salmon,ID,3393.5,-115.9896,44.4655,-115.2267,45.4019
17060209,Lower Salmon,ID,3056.8,-116.8545,45.1528,-115.9313,46.1641
17060210,Little Salmon,ID,1494.1,-116.5786,44.7813,-116.089,45.4372
17060301,Upper Selway,"ID,MT",2549.1,-115.0621,45.4711,-114.3876,46.2039
17060302,Lower Selway,"ID,MT",2659.1,-115.673,45.6853,-114.4434,46.3791
17060303,Lochsa,"ID,MT",3059.9,-115.7651,46.134,-114.3203,46.7406
17060304,Middle Fork Clearwater,ID,565.6,-115.9842,45.9344,-115.596,46.2481
17060305,South Fork Clearwater,ID,3052.4,-116.4645,45.5939,-115.148,46.1685
17060306,Clearwater,"ID,WA",6102.1,-117.0855,46.0474,-115.5534,46.9765
17060307,Upper North Fork Clearwater,"ID,MT",3358.4,-115.7666,46.412,-114.7572,47.0144
17060308,Lower North Fork Clearwater,ID,2971.8,-116.4191,46.5023,-115.4486,47.1259
17070101,Middle Columbia-Lake Wallula,"OR,WA",6644.7,-120.7166,45.4567,-118.6083,46.2981
17070102,Walla Walla,"OR,WA",4600.9,-118.9408,45.7596,-117.68,46.5141
17070103,Umatilla,OR,6541.8,-119.5916,45.1907,-118.0167,45.952
17070104,Willow,OR,2246.3,-120.1739,45.1056,-119.2475,45.8001
17070105,Middle Columbia-Hood,"OR,WA",5592.2,-122.1049,45.2838,-120.6124,46.2058
17070106,Klickitat,WA,3501.8,-121.5131,45.679,-120.596,46.5118
17070201,Upper John Day,OR,5539.9,-120.1779,43.9032,-118.4076,44.7776
17070202,North Fork John Day,OR,4787.3,-119.7661,44.54,-118.2235,45.2829
17070203,Middle Fork John Day,OR,2052.0,-119.3587,44.442,-118.3058,44.9748
17070204,Lower John Day,OR,8155.6,-120.821,44.4556,-119.4864,45.7355
17070301,Upper Deschutes,OR,5579.5,-122.1429,43.5201,-121.1331,44.7441
17070302,Little Deschutes,OR,2725.6,-122.153,43.2215,-121.1727,43.8669
17070303,Beaver-South Fork,OR,3964.0,-120.668,43.4804,-119.4964,44.3604
17070304,Upper Crooked,OR,2993.8,-120.85,43.7849,-119.8391,44.4721
17070305,Lower Crooked,OR,4787.2,-121.3104,43.573,-120.2682,44.5738
17070306,Lower Deschutes,OR,5945.3,-121.8203,44.4167,-120.6553,45.6411
17070307,Trout,OR,1792.5,-121.1322,44.5019,-120.4889,45.0232
17080001,Lower Columbia-Sandy,"OR,WA",2264.7,-122.5607,45.1543,-121.6791,45.8
17080002,Lewis,WA,2715.8,-122.7795,45.7104,-121.5025,46.3266
17080003,Lower Columbia-Clatskanie,"OR,WA",2977.4,-123.5301,45.5198,-122.1904,46.4034
17080004,Upper Cowlitz,WA,2655.3,-122.129,46.2017,-121.353,46.8744
17080005,Lower Cowlitz,WA,3757.3,-123.1375,46.0641,-122.0429,46.6903
17080006,Lower Columbia,"OR,WA",1756.2,-124.0915,45.926,-123.3101,46.4976
17090001,Middle Fork Willamette,OR,3540.1,-123.0236,43.356,-121.9605,44.0821
17090002,Coast Fork Willamette,OR,1726.2,-123.1725,43.5046,-122.5285,44.0235
17090003,Upper Willamette,OR,4849.4,-123.6643,43.864,-122.3215,44.9089
17090004,Mckenzie,OR,3468.4,-123.1059,43.8586,-121.768,44.5084
17090005,North Santiam,OR,1978.9,-123.1428,44.4638,-121.7598,44.9
17090006,South Santiam,OR,2696.7,-123.0158,44.2671,-122.028,44.77
17090007,Middle Willamette,OR,1841.4,-123.6173,44.7515,-122.4327,45.3861
17090008,Yamhill,OR,1998.8,-123.7586,44.9189,-122.9979,45.4446
17090009,Molalla-Pudding,OR,2267.9,-123.0024,44.83,-122.2021,45.3011
17090010,Tualatin,OR,1836.1,-123.4169,45.3044,-122.6475,45.7952
17090011,Clackamas,OR,2442.1,-122.6089,44.8004,-121.6514,45.4563
17090012,Lower Willamette,OR,1042.6,-123.052,45.3646,-122.2841,45.9413
17100101,Hoh-Quillayute,WA,3906.2,-124.8599,47.5918,-123.568,48.3955
17100102,Queets-Quinault,WA,3530.3,-124.4794,46.9216,-123.3163,47.7989
17100103,Upper Chehalis,WA,3363.9,-123.5171,46.3319,-122.4326,47.0422
17100104,Lower Chehalis,WA,2119.7,-123.8591,46.8911,-123.1712,47.5415
17100105,Grays Harbor,WA,1520.8,-124.1799,46.7687,-123.6129,47.5004
17100106,Willapa Bay,"OR,WA",3281.9,-124.2536,46.2336,-123.3208,46.9545
17100201,Necanicum,OR,819.2,-124.148,45.6569,-123.699,46.2619
17100202,Nehalem,OR,2213.8,-123.9444,45.6245,-123.0338,46.096
17100203,Wilson-Trusk-Nestuccu,OR,2948.2,-124.0905,45.0257,-123.2933,45.6837
17100204,Siletz-Yaquina,OR,2270.6,-124.1523,44.4735,-123.5658,45.0684
17100205,Alsea,OR,2173.6,-124.217,44.0185,-123.4274,44.6135
17100206,Siuslaw,OR,2007.4,-124.147,43.7621,-123.1292,44.2921
17100207,Siltcoos,OR,570.5,-124.2827,43.6709,-123.9072,44.027
17100301,North Umpqua,OR,3558.2,-123.4454,42.9729,-121.9742,43.5974
17100302,South Umpqua,OR,4665.0,-123.8801,42.6984,-122.4186,43.2933
17100303,Umpqua,OR,3917.3,-124.2194,43.2459,-122.9334,43.9736
17100304,Coos,OR,2298.7,-124.485,43.1241,-123.5559,43.6877
17100305,Coquille,OR,2738.4,-124.4329,42.6635,-123.6229,43.3571
17100306,Sixes,OR,1946.9,-124.7038,42.3891,-124.1346,43.1592
17100307,Upper Rogue,OR,4184.4,-122.946,42.2176,-122.1365,43.1341
17100308,Middle Rogue,OR,2284.0,-123.4542,42.0301,-122.4746,42.7641
17100309,Applegate,"CA,OR",1993.9,-123.6425,41.9172,-122.7499,42.4485
17100310,Lower Rogue,OR,2349.3,-124.4331,42.3954,-123.1233,42.7994
17100311,Illinois,"CA,OR",2564.1,-124.2003,41.8806,-123.31,42.6301
17100312,Chetco,"CA,OR",2006.5,-124.5012,41.9488,-123.7905,42.4207
17110001,Sumas River,"CN,WA",1621.7,-122.4035,48.8529,-121.2406,49.2073
17110002,Strait of Georgia,"CN,WA",2866.7,-123.5576,48.4186,-122.1555,49.2069
17110003,San Juan Islands,"CN,WA",3130.4,-123.7278,48.3689,-122.7033,49.0325
17110004,Nooksack,"CN,WA",2639.4,-122.7155,48.5724,-121.5279,49.0789
17110005,Upper Skagit,"CN,WA",5205.3,-121.854,48.3448,-120.6547,49.3134
17110006,Sauk,WA,1896.8,-121.685,47.9575,-120.9071,48.4814
17110007,Lower Skagit,WA,1172.9,-122.5388,48.2539,-121.6637,48.6189
17110008,Stillaguamish,WA,1817.5,-122.3954,47.9927,-121.4374,48.4535
17110009,Skykomish,WA,2156.6,-122.034,47.5369,-121.066,48.0599
17110010,Snoqualmie,WA,1788.6,-122.0507,47.3491,-121.2321,47.8225
17110011,Snohomish,WA,769.2,-122.2509,47.7755,-121.669,48.1722
17110012,Lake Washington,WA,1572.3,-122.4003,47.2659,-121.4303,47.9232
17110013,Duwamish,WA,1258.1,-122.3603,47.118,-121.2977,47.5724
17110014,Puyallup,WA,2534.1,-122.4229,46.7823,-121.3745,47.2969
17110015,Nisqually,WA,1994.3,-122.7761,46.5931,-121.7102,47.0991
17110016,Deschutes,WA,442.1,-122.9747,46.6773,-122.3222,47.0681
17110017,Skokomish,WA,634.2,-123.5247,47.2658,-123.0983,47.6393
17110018,Hood Canal,WA,2459.3,-123.3772,47.3288,-122.5406,47.9409
17110019,Puget Sound,WA,6370.0,-123.306,46.9845,-122.1889,48.5037
17110020,Dungeness-Elwha,"CN,WA",4233.4,-123.758,47.6659,-122.754,48.5509
17110021,Crescent-Hoko,"CN,WA",6393.7,-124.9022,47.994,-123.5638,49.1539
17120001,Harney-Malheur Lakes,OR,3762.2,-119.3561,42.8706,-118.395,43.8491
17120002,Silvies,OR,3414.5,-119.5744,43.3546,-118.6819,44.298
17120003,Donner und Blitzen,OR,2045.6,-119.0116,42.4867,-118.4346,43.2864
17120004,Silver,OR,4361.2,-119.9597,42.9258,-119.1262,43.9549
17120005,Summer Lake,OR,10708.9,-121.5779,42.6618,-119.6284,43.7128
17120006,Lake Abert,OR,2670.8,-120.8775,42.2753,-120.0475,43.05
17120007,Warner Lakes,"CA,NV,OR",4908.8,-120.3011,41.8131,-119.432,43.008
17120008,Guano,"NV,OR",7713.5,-119.8046,41.585,-118.6746,43.0036
17120009,Alvord Lake,"NV,OR",5558.0,-118.8593,41.8104,-117.9726,43.1224
18010101,Smith,"CA,OR",2539.2,-124.443,41.5111,-123.6357,42.144
18010102,Mad-Redwood,CA,3683.1,-124.3647,40.0884,-123.1264,41.5471
18010103,Upper Eel,CA,1836.4,-123.5217,39.2406,-122.668,39.7158
18010104,Middle Fork Eel,CA,1951.0,-123.3585,39.4954,-122.7577,40.1492
18010105,Lower Eel,CA,3962.9,-124.3494,39.6489,-123.1164,40.7263
18010106,South Fork Eel,CA,1785.2,-124.0828,39.6028,-123.4255,40.385
18010107,Mattole,CA,1934.2,-124.5351,39.9281,-123.8929,40.6789
18010108,Big-Navarro-Garcia,CA,4148.8,-124.0353,38.7232,-123.1891,39.965
18010109,Gualala-Salmon,CA,1434.9,-123.5839,38.2549,-122.898,38.8912
18010110,Russian,CA,3845.8,-123.3877,38.3003,-122.5295,39.399
18010201,Williamson,OR,3726.0,-122.1722,42.4431,-121.2967,43.3427
18010202,Sprague,OR,4171.1,-121.8732,42.197,-120.671,42.9463
18010203,Upper Klamath Lake,OR,1874.8,-122.3154,42.1683,-121.7091,42.9103
18010204,Lost,"CA,OR",7833.0,-121.9941,41.4224,-120.5638,42.484
18010205,Butte,"CA,OR",1572.2,-122.1921,41.4463,-121.7349,42.0689
18010206,Upper Klamath,"CA,OR",3687.6,-123.267,41.6408,-121.9372,42.3393
18010207,Shasta,CA,2056.5,-122.7511,41.3191,-122.1153,41.8311
18010208,Scott,CA,2108.7,-123.2238,41.196,-122.5657,41.7851
18010209,Lower Klamath,"CA,OR",3966.2,-124.0982,40.9888,-123.1996,42.0178
18010210,Salmon,CA,1945.7,-123.4968,40.9925,-122.8969,41.5663
18010211,Trinity,CA,5278.2,-123.7794,40.4182,-122.4463,41.3686
18010212,South Fork Trinity,CA,2414.2,-123.7042,40.1319,-122.956,40.9076
18020001,Goose Lake,"CA,OR",2818.3,-120.9109,41.6708,-120.1871,42.4324
18020002,Upper Pit,CA,6944.3,-121.5429,40.9272,-120.1311,41.8265
18020003,Lower Pit,CA,6830.4,-122.37,40.4521,-120.8121,41.6222
18020004,McCloud,CA,1763.7,-122.3412,40.7693,-121.763,41.5207
18020005,Sacramento Headwaters,CA,1533.4,-122.5486,40.7106,-122.1683,41.4122
18020104,Sacramento-Stone Corral,CA,4879.8,-122.5123,38.6927,-121.6142,39.7749
18020111,Lower American,CA,757.6,-121.5149,38.5579,-121.0829,38.8783
18020115,Upper Stony,CA,2012.4,-122.9603,39.2024,-121.9703,39.8646
18020116,Upper Cache,CA,3017.2,-123.0976,38.6396,-121.6734,39.3207
18020121,North Fork Feather,CA,3137.5,-121.5859,39.5557,-120.8146,40.5071
18020122,East Branch North Fork Feather,CA,2661.5,-121.2306,39.8559,-120.198,40.3194
18020123,Middle Fork Feather,CA,3535.0,-121.5004,39.4792,-120.1012,40.0299
18020125,Upper Yuba,CA,3483.4,-121.5976,39.1275,-120.3157,39.777
18020126,Upper Bear,CA,1228.4,-121.5812,38.9356,-120.6508,39.3232
18020128,North Fork American,CA,2623.0,-121.1725,38.7033,-120.1412,39.3212
18020129,South Fork American,CA,2200.3,-121.1485,38.6146,-119.9829,38.9656
18020151,Cow Creek,CA,1107.2,-122.2691,40.4641,-121.6397,40.8065
18020152,Cottonwood Creek,CA,2444.1,-123.069,40.0361,-122.1997,40.5894
18020153,Battle Creek,CA,956.7,-122.1938,40.3025,-121.505,40.6405
18020154,Clear Creek-Sacramento River,CA,1775.4,-122.7524,40.3524,-121.7076,41.0052
18020155,Paynes Creek-Sacramento River,CA,1096.9,-122.7386,40.0323,-121.659,40.3896
18020156,Thomes Creek-Sacramento River,CA,2613.1,-122.9564,39.8038,-121.4728,40.4862
18020157,Big Chico Creek-Sacramento River,CA,2466.3,-122.548,39.6638,-121.3411,40.3694
18020158,Butte Creek,CA,2123.1,-122.0243,39.1875,-121.3668,40.1591
18020159,Honcut Headwaters-Lower Feather,CA,2004.2,-121.9289,38.7855,-121.2816,39.6207
18020161,Upper Coon-Upper Auburn,CA,1124.1,-121.6402,38.5963,-121.0006,39.0108
18020162,Upper Putah,CA,1694.4,-122.7482,38.3947,-121.589,38.92
18020163,Lower Sacramento,CA,3181.9,-122.1687,38.0258,-121.1575,38.8022
18030001,Upper Kern,CA,2829.4,-118.6448,35.6375,-118.2095,36.7008
18030002,South Fork Kern,CA,2541.4,-118.4611,35.4179,-117.9808,36.4377
18030003,Middle Kern-Upper Tehachapi-Grapevine,CA,6764.7,-119.7261,34.7752,-118.2364,35.6533
18030004,Upper Poso,CA,1489.7,-119.626,35.4734,-118.5484,35.8336
18030005,Upper Deer-Upper White,CA,3168.8,-119.626,35.5896,-118.5665,36.0446
18030006,Upper Tule,CA,2446.6,-119.8251,35.9539,-118.528,36.3876
18030007,Upper Kaweah,CA,3944.0,-119.6799,36.0392,-118.5296,36.7468
18030009,Upper Dry,CA,5506.5,-120.67,36.1579,-119.3676,37.0651
18030010,Upper King,CA,3999.4,-119.4227,36.593,-118.3343,37.2093
18030012,Tulare Lake Bed,CA,9808.1,-120.6833,35.2307,-118.9492,36.9133
18040001,Middle San Joaquin-Lower Chowchilla,CA,9130.8,-121.3607,36.6432,-119.4515,37.5834
18040002,Lower San Joaquin River,CA,2376.6,-121.4854,37.1501,-120.5217,37.6645
18040003,San Joaquin Delta,CA,3192.2,-121.9368,37.5015,-120.8379,38.2167
18040006,Upper San Joaquin,CA,4244.3,-119.7357,36.9834,-118.6544,37.7393
18040007,Fresno River,CA,1677.8,-120.5571,36.9628,-119.5577,37.4876
18040008,Upper Merced,CA,3287.9,-120.9757,37.3394,-119.2576,37.9027
18040009,Upper Tuolumne,CA,4850.6,-121.1747,37.5729,-119.1993,38.2295
18040010,Upper Stanislaus,CA,3099.7,-121.2408,37.6134,-119.6047,38.519
18040011,Upper Calaveras California,CA,1369.6,-121.3684,37.9594,-120.2509,38.3549
18040012,Upper Mokelumne,CA,3280.0,-121.6016,38.0693,-119.7576,38.6655
18040013,Upper Cosumnes,CA,2460.0,-121.4413,38.2275,-120.2282,38.7573
18040014,Panoche-San Luis Reservoir,CA,792.7,-121.032,36.3669,-120.5128,36.7488
18040051,Rock Creek-French Camp Slough,CA,1224.6,-121.3187,37.7579,-120.6083,38.0794
18050001,Suisun Bay,CA,1689.7,-122.2246,37.7374,-121.8094,38.4306
18050002,San Pablo Bay,CA,3175.6,-122.7569,37.7426,-122.1236,38.6664
18050003,Coyote,CA,1865.7,-122.3295,37.0182,-121.3775,37.4847
18050004,San Francisco Bay,CA,3452.9,-122.492,37.2578,-121.4067,37.8763
18050005,Tomales-Drake Bays,CA,1978.0,-123.1708,37.6434,-122.4873,38.3683
18050006,San Francisco Coastal South,CA,1744.2,-122.5881,36.8985,-122.0627,37.8153
18060002,Pajaro,CA,3368.7,-121.8533,36.2675,-120.5825,37.2316
18060003,Carrizo Plain,CA,1153.5,-120.1286,34.9378,-119.4001,35.4875
18060004,Estrella,CA,2459.6,-120.695,35.1317,-119.9104,36.0052
18060005,Salinas,CA,8622.1,-121.8062,35.2074,-120.1999,36.7579
18060006,Central Coastal,CA,4980.8,-122.0431,34.9688,-120.3708,36.6488
18060007,Cuyama,CA,2962.0,-120.4299,34.6218,-119.1288,35.2739
18060008,Santa Maria,CA,1771.8,-120.6513,34.6895,-119.6183,35.0921
18060009,San Antonio,CA,768.8,-120.7332,34.6835,-120.1182,34.9926
18060010,Santa Ynez,CA,2322.1,-120.6034,34.4633,-119.4229,34.8135
18060013,Santa Barbara Coastal,CA,1734.8,-120.7127,34.3263,-119.4453,34.697
18060014,Santa Barbara Channel Islands,CA,2170.2,-120.5803,33.8441,-119.2953,34.1552
18060015,Monterey Bay,CA,1961.1,-122.2026,36.5479,-121.4515,37.2604
18070101,Ventura,CA,867.8,-119.502,34.213,-119.1352,34.5989
18070102,Santa Clara,CA,4210.7,-119.4676,34.2212,-118.052,34.8236
18070103,Calleguas,CA,1133.4,-119.3216,34.0433,-118.6141,34.3727
18070104,Santa Monica Bay,CA,1742.3,-119.0965,33.6548,-118.2431,34.2256
18070105,Los Angeles,CA,2152.1,-118.7207,33.7543,-117.9499,34.4004
18070106,San Gabriel,CA,2347.1,-118.4382,33.6535,-117.6333,34.3819
18070107,San Pedro Channel Islands,CA,2057.8,-119.7556,32.7484,-118.2437,33.5387
18070201,Seal Beach,CA,329.8,-118.1149,33.5859,-117.8612,33.8468
18070202,San Jacinto,CA,1979.0,-117.4592,33.5533,-116.5591,33.9996
18070203,Santa Ana,CA,4387.6,-118.0002,33.625,-116.6943,34.3858
18070204,Newport Bay,CA,502.7,-117.9923,33.5124,-117.6276,33.8031
18070301,Aliso-San Onofre,CA,1595.8,-117.8563,33.1996,-117.2955,33.7167
18070302,Santa Margarita,CA,1919.4,-117.4163,33.2174,-116.5687,33.7086
18070303,San Luis Rey-Escondido,CA,2151.6,-117.4642,32.9959,-116.4886,33.4369
18070304,San Diego,"CA,MX",4020.9,-117.343,32.5148,-116.4831,33.2448
18070305,Cottonwood-Tijuana,"CA,MX",4452.1,-117.1325,32.133,-115.898,32.9288
18080001,Surprise Valley,"CA,NV",2347.3,-120.2986,41.0669,-119.8495,41.9766
18080002,Madeline Plains,"CA,NV",2180.8,-120.8557,40.6967,-119.931,41.129
18080003,Honey-Eagle Lakes,"CA,NV",7262.8,-121.2549,39.5701,-119.7286,40.8366
18090101,Mono Lake,"CA,NV",2813.7,-119.3237,37.707,-118.4976,38.3227
18090102,Crowley Lake,"CA,NV",4967.7,-119.1057,36.9978,-118.0308,37.9929
18090103,Owens Lake,CA,3550.1,-118.4208,36.11,-117.6487,37.0605
18090201,Eureka-Saline Valleys,"CA,NV",4246.6,-118.2015,36.5039,-117.4271,37.5172
18090202,Upper Amargosa,"CA,NV",8825.8,-117.0714,35.7305,-115.8761,37.3351
18090203,Death Valley-Lower Amargosa,"CA,NV",13927.6,-117.7083,35.1832,-115.4784,37.4126
18090204,Panamint Valley,CA,4224.1,-117.7542,35.3774,-116.8475,36.5803
18090205,Indian Wells-Searles Valleys,CA,5230.1,-118.1447,35.3257,-117.1449,36.2086
18090206,Antelope-Fremont Valleys,CA,8736.3,-118.8203,34.3355,-117.5317,35.4962
18090207,Coyote-Cuddeback Lakes,CA,4785.0,-117.6792,34.8169,-116.55,35.5417
18090208,Mojave,CA,11961.4,-117.7123,34.1921,-115.3808,35.4674
18100100,Southern Mojave,CA,22958.3,-117.1931,33.3822,-114.6198,35.2629
18100201,Whitewater River,CA,3889.1,-116.9581,33.452,-115.9487,34.1673
18100202,Carrizo Creek,"CA,MX",1692.7,-116.5336,32.4667,-115.84,33.0985
18100203,San Felipe Creek,CA,2734.5,-116.6767,32.9532,-115.7968,33.5516
18100204,Salton Sea,"CA,MX",12974.7,-116.2799,32.2998,-114.7127,33.8169
