site_no,station_name,lat,lon,drainage_area_km2,huc8,n_runoff_events,basin_polygon,radar_coverage_at_gage
01016500,"Machias River Near Ashland, Me",46.628,-68.435,847.8,01010004,0,1,100.0
01017060,"Hardwood Brook Below Glidden Brk Nr Caribou, Maine",46.784,-67.989,14.9,01010004,0,1,100.0
01017290,"Little Madawaska River At Caribou, Maine",46.889,-67.945,594.6,01010004,0,1,100.0
01017550,"Williams Brook At Phair, Maine",46.628,-67.953,10.0,01010010,0,1,100.0
01017960,"Meduxnekeag R Above S Br Medux. R Nr Houlton, Me",46.105,-67.881,226.3,01010005,0,1,100.0
01018000,"Meduxnekeag River Near Houlton, Maine",46.105,-67.867,450.5,01010005,0,1,96.79
01018009,"Pearce Brook At Route 1 At Houlton, Maine",46.115,-67.84,19.5,01010005,0,1,100.0
01019000,"Grand Lake Stream At Grand Lake Stream, Maine",45.173,-67.769,620.6,01050001,0,1,100.0
01021200,"Dennys River At Dennysville, Maine",44.901,-67.248,242.8,01050004,0,1,0.0
01021470,"Libby Brook Near Northfield, Maine",44.801,-67.725,16.1,01050002,0,1,0.0
01021480,"Old Stream Near Wesley, Maine",44.937,-67.736,76.7,01050002,0,1,32.47
01022260,"Pleasant River Near Epping, Maine",44.698,-67.787,162.0,01050002,0,1,0.0
01022330,"Narraguagus River At Deblois, Maine",44.741,-68.013,264.8,01050002,0,1,36.6
01022500,"Narraguagus River At Cherryfield, Maine",44.608,-67.935,573.6,01050002,0,1,14.43
01023000,"West Branch Union River At Amherst, Me",44.84,-68.372,385.1,01050002,0,1,50.92
01027200,"North Branch Penobscot River Nr Pittston Farm, Me",45.935,-69.994,582.0,01020001,0,1,0.0
01029200,"Seboeis River Near Shin Pond, Maine",46.143,-68.634,444.9,01020002,0,1,99.19
01031300,"Piscataquis River At Blanchard, Maine",45.267,-69.584,304.4,01020004,0,1,11.15
01031450,"Kingsbury Stream At Abbot Village, Maine",45.184,-69.452,239.1,01020004,0,1,10.5
01031500,"Piscataquis River Near Dover-Foxcroft, Maine",45.175,-69.315,769.0,01020004,0,1,7.26
01031510,"Black Stream Near Dover-Foxcroft, Maine",45.15,-69.236,70.1,01020004,0,1,0.0
01033000,"Sebec River At Sebec, Maine",45.27,-69.112,844.4,01020004,0,1,21.85
01033500,"Pleasant River Near Milo, Me",45.283,-69.003,834.0,01020004,1,1,94.94
01035000,"Passadumkeag River At Lowell, Me",45.184,-68.474,779.4,01020005,0,1,97.71
01036500,"Kenduskeag Stream Near Kenduskeag, Maine",44.897,-68.884,391.5,01020005,0,1,0.0
01037380,"Ducktrap River Near Lincolnville, Maine",44.329,-69.061,39.0,01050002,0,1,100.0
01038000,"Sheepscot River At North Whitefield, Maine",44.223,-69.594,375.1,01050003,2,1,100.0
01044550,"Spencer Stream Near Grand Falls, Maine",45.314,-70.242,499.8,01030002,0,1,18.14
01046000,"Austin Stream At Bingham, Maine",45.065,-69.881,243.2,01030003,0,1,70.04
01047000,"Carrabassett River Near North Anson, Maine",44.869,-69.955,909.1,01030003,4,1,100.0
01047200,"Sandy River Near Madrid, Maine",44.858,-70.485,65.6,01030003,0,1,100.0
01048220,"East Branch Wesserunsett Stream Near Athens, Maine",44.947,-69.657,49.4,01030003,0,1,87.34
01049500,"Cobbosseecontee Stream At Gardiner, Maine",44.229,-69.778,561.3,01030003,2,1,100.0
01052500,"Diamond River Near Wentworth Location, Nh",44.877,-71.057,383.8,01040001,0,1,100.0
01054200,"Wild River At Gilead, Maine",44.39,-70.98,181.0,01040002,0,1,100.0
01054300,"Ellis River At South Andover, Maine",44.593,-70.733,337.7,01040002,0,1,71.12
01055000,"Swift River Near Roxbury, Maine",44.643,-70.589,250.6,01040002,0,1,75.85
01055500,"Nezinscot River At Turner Center, Maine",44.27,-70.23,439.5,01040002,3,1,100.0
01057000,"Little Androscoggin River Near South Paris, Maine",44.304,-70.54,190.9,01040002,0,1,75.35
01058500,"Little Androscoggin River Near Auburn, Me",44.064,-70.274,851.4,01040002,7,1,94.42
01059800,"Collyer Brook Near Gray, Maine",43.918,-70.317,35.3,01060001,0,1,100.0
01060000,"Royal River At Yarmouth, Maine",43.799,-70.178,364.8,01060001,1,1,85.75
01064300,"Ellis River Near Jackson, Nh",44.219,-71.249,27.4,01060002,0,1,0.0
01064400,"Lucy Brook Near North Conway, Nh",44.07,-71.173,12.2,01060002,0,1,50.0
01064500,"Saco River Near Conway, Nh",43.991,-71.09,993.7,01060002,0,1,48.78
01064801,"Bearcamp River At South Tamworth, Nh",43.83,-71.288,173.4,01060002,0,1,100.0
01065000,"Ossipee River At Effingham Falls, Nh",43.795,-71.059,855.3,01060002,4,1,87.64
01066500,"Little Ossipee River Near South Limington, Me",43.689,-70.671,423.9,01060002,0,1,100.0
01067950,"Kennebunk River Near Kennebunk, Maine",43.432,-70.553,71.5,01060003,0,1,100.0
01068910,"Mousam River At Route 4 Near Sanford, Maine",43.418,-70.738,117.4,01060003,0,1,100.0
01069500,"Mousam River Near West Kennebunk, Maine",43.418,-70.658,264.5,01060003,1,1,100.0
01069700,"Branch Brook Near Kennebunk, Maine",43.379,-70.583,27.9,01060003,0,1,100.0
01072500,"Salmon Falls River Near South Lebanon, Me",43.328,-70.927,359.8,01060003,1,1,99.74
01072800,"Cocheco River Near Rochester, Nh",43.268,-70.974,244.0,01060003,0,1,100.0
01072870,"Isinglass R At Rochester Neck Rd, Nr Dover, Nh",43.235,-70.956,192.0,01060003,0,1,100.0
01073000,"Oyster River Near Durham, Nh",43.149,-70.965,31.3,01060003,0,1,100.0
01073319,"Lamprey River At Langford Road, At Raymond, Nh",43.042,-71.201,144.4,01060003,1,1,100.0
01073500,"Lamprey River Near Newmarket, Nh",43.103,-70.953,471.1,01060003,0,1,100.0
01073587,"Exeter River At Haigh Road, Near Brentwood, Nh",42.985,-71.038,163.1,01060003,0,1,100.0
01073600,"Dudley Brook Near Exeter, Nh",42.993,-71.022,16.4,01060003,0,1,100.0
01073785,"Winnicut River At Greenland, Nr Portsmouth, Nh",43.037,-70.848,36.9,01060003,0,1,100.0
01074520,"East Branch Pemigewasset River At Lincoln, Nh",44.048,-71.66,297.2,01070001,0,1,38.25
01075000,"Pemigewasset River At Woodstock, Nh",43.976,-71.68,504.3,01070001,1,1,100.0
01075800,"Stevens Brook Near Wentworth, Nh",43.836,-71.885,7.7,01070001,0,1,98.4
01076000,"Baker River Near Rumney, Nh",43.796,-71.845,369.8,01070001,2,1,98.57
01077000,"Squam River At Ashland, Nh",43.705,-71.63,150.3,01070001,0,1,100.0
01077400,"Cockermouth River Below Hardy Brook, At Groton, Nh",43.704,-71.833,56.2,01070001,0,1,100.0
01078000,"Smith River Near Bristol, Nh",43.566,-71.748,222.5,01070001,1,1,88.93
01082000,"Contoocook River At Peterborough, Nh",42.863,-71.959,175.0,01070003,6,1,100.0
01083000,Nubanusit Bk Blw Macdowell Dam Nr Peterborough Nh,42.893,-71.987,116.9,01070003,2,1,100.0
01084000,"North Branch River Near Antrim, Nh",43.082,-71.978,140.1,01070003,3,1,92.94
01084500,"Beard Brook Near Hillsboro, Nh",43.114,-71.926,143.8,01070003,0,1,67.73
01085000,"Contoocook River Near Henniker, Nh",43.152,-71.857,950.1,01070003,7,1,86.69
01085800,"West Branch Warner River Near Bradford, Nh",43.259,-72.026,14.8,01070003,0,1,21.43
01086000,"Warner River At Davisville, Nh",43.251,-71.732,381.6,01070003,1,1,100.0
01087000,"Blackwater River Near Webster, Nh",43.298,-71.694,331.9,01070003,0,1,75.52
01089000,"Soucook River Near Concord, Nh",43.239,-71.462,201.1,01070006,1,1,100.0
01089100,"Soucook River, At Pembroke Road, Near Concord, Nh",43.214,-71.48,214.1,01070006,0,1,100.0
01089500,"Suncook River At North Chichester, Nh",43.257,-71.37,400.8,01070006,4,1,100.0
01090800,"Piscataquog River Bl Everett Dam, Nr E Weare, Nh",43.091,-71.66,163.1,01070006,1,1,100.0
01091000,"South Branch Piscataquog River Near Goffstown, Nh",43.015,-71.641,266.8,01070006,0,1,100.0
01091500,"Piscataquog River Near Goffstown, Nh",43.017,-71.551,519.1,01070006,0,1,97.1
01093000,"Sucker Brook At Auburn, Nh",43.006,-71.349,77.7,01070006,0,1,100.0
01093800,"Stony Brook Tributary Near Temple, Nh",42.86,-71.833,9.4,01070006,0,1,100.0
01093852,"Souhegan River (Site Wlr-1) Near Milford, Nh",42.843,-71.707,263.7,01070006,1,1,100.0
01094000,"Souhegan River At Merrimack, Nh",42.858,-71.506,440.5,01070006,1,1,100.0
01094400,"North Nashua River At Fitchburg, Ma",42.576,-71.788,166.2,01070004,2,1,99.04
01094500,"North Nashua River Near Leominster, Ma",42.502,-71.723,279.7,01070004,9,1,99.38
01095220,"Stillwater River Near Sterling, Ma",42.411,-71.791,78.7,01070004,0,1,100.0
01095375,"Quinapoxet River At Canada Mills Near Holden, Ma",42.373,-71.828,115.2,01070004,0,1,100.0
01095505,"Nashua River 0.4 Mi Upstream Rt 110 At Clinton, Ma",42.429,-71.68,322.7,01070004,1,1,100.0
01096000,"Squannacook River Near West Groton, Ma",42.634,-71.658,173.1,01070004,0,1,100.0
01096503,"Nissitissit River At Pepperell, Ma",42.672,-71.577,155.8,01070004,1,1,100.0
01096835,"Assabet River At Port Street At Hudson, Ma",42.385,-71.578,154.2,01070005,0,1,100.0
01096840,"Assabet River 200 Ft Below Rt 85 At Hudson, Ma",42.39,-71.57,163.6,01070005,0,1,100.0
01096885,"Assabet River At Sudbury Rd Near Stow, Ma",42.412,-71.508,224.5,01070005,0,1,100.0
01097000,"Assabet River At Maynard, Ma",42.432,-71.45,299.3,01070005,1,1,100.0
01097300,"Nashoba Brook Near Acton, Ma",42.513,-71.404,30.9,01070005,0,1,100.0
01097380,"Nashoba Brook, Commonwealth Ave At W. Concord, Ma",42.459,-71.397,120.4,01070005,0,1,100.0
01097480,"Sudbury River At Ashland, Ma",42.26,-71.456,90.8,01070005,0,1,100.0
01098530,"Sudbury River At Saxonville, Ma",42.325,-71.398,274.2,01070005,2,1,100.0
01100505,"Spicket River At North Salem, Nh",42.849,-71.215,42.9,01070006,0,1,100.0
01100561,"Spicket River Near Methuen, Ma",42.743,-71.208,158.3,01070006,1,1,100.0
01100600,"Shawsheen River Near Wilmington, Ma",42.568,-71.215,96.4,01070006,1,1,100.0
01100627,"Shawsheen River At Balmoral Street At Andover, Ma",42.671,-71.149,173.1,01070006,0,1,100.0
01101000,"Parker River At Byfield, Ma",42.753,-70.946,55.5,01090001,0,1,100.0
01101344,"Ipswich River At Mill Street Nr North Reading, Ma",42.561,-71.111,58.1,01090001,0,1,100.0
01101500,"Ipswich River At South Middleton, Ma",42.57,-71.027,115.3,01090001,0,1,100.0
01102000,"Ipswich River Near Ipswich, Ma",42.66,-70.894,316.4,01090001,1,1,100.0
01102345,"Saugus River At Saugus Ironworks At Saugus, Ma",42.47,-71.007,60.4,01090001,1,1,100.0
01102500,"Aberjona River At Winchester, Ma",42.447,-71.139,59.7,01090001,0,1,100.0
01103025,"Alewife Brook Near Arlington, Ma",42.407,-71.134,21.5,01090001,1,1,100.0
01103220,"Miscoe Brook Near Franklin, Ma",42.041,-71.427,3.0,01090001,0,1,100.0
01103280,"Charles River At Medway, Ma",42.14,-71.39,169.1,01090001,1,1,100.0
01103455,"Trout Brook At Dover, Ma",42.254,-71.293,9.7,01090001,0,1,100.0
01103500,"Charles River At Dover, Ma",42.256,-71.26,473.3,01090001,1,1,100.0
01104200,"Charles River At Wellesley, Ma",42.316,-71.228,548.4,01090001,3,1,100.0
01104430,"Hobbs Bk Below Cambridge Res Nr Kendall Green, Ma",42.398,-71.273,17.5,01090001,0,1,100.0
01104460,"Stony Brook At Rt 20 At Waltham, Ma",42.369,-71.271,57.1,01090001,0,1,100.0
01104475,"Stony Brook Res., Unnamed Trib 1, Near Weston, Ma",42.355,-71.268,2.1,01090001,0,1,100.0
01104500,"Charles River At Waltham, Ma",42.372,-71.234,647.4,01090001,0,1,100.0
01105000,"Neponset River At Norwood, Ma",42.178,-71.201,84.9,01090001,2,1,100.0
01105500,"East Branch Neponset River At Canton, Ma",42.155,-71.146,60.7,01090001,3,1,100.0
01105554,"Neponset River At Greenlodge St Near Canton, Ma",42.209,-71.146,220.7,01090001,0,1,100.0
01105583,"Monatiquot River At East Braintree, Ma",42.221,-70.978,73.6,01090001,2,1,100.0
01105585,"Town Brook At Quincy, Ma",42.248,-70.997,11.1,01090001,2,0,100.0
01105600,"Old Swamp River Near South Weymouth, Ma",42.19,-70.945,12.7,01090001,0,1,100.0
01105638,"Weir River At Leavitt Street At Hingham, Ma",42.235,-70.872,39.2,01090001,1,1,100.0
01105730,"Indian Head River At Hanover, Ma",42.101,-70.823,79.6,01090002,0,1,100.0
01105870,"Jones River At Kingston, Ma",41.991,-70.734,55.1,01090002,0,1,100.0
01105876,"Eel River At Rt 3A Near Plymouth, Ma",41.942,-70.623,34.9,01090002,0,1,
01105880,"Herring River At North Harwich, Ma",41.7,-70.107,25.5,01090002,0,1,100.0
01105917,"Mattapoisett River Near Mattapoisett, Ma",41.663,-70.838,61.3,01090002,0,1,100.0
01105933,"Paskamanset River Near South Dartmouth, Ma",41.585,-70.99,68.1,01090002,0,1,100.0
01106000,"Adamsville Brook At Adamsville, Ri",41.558,-71.129,22.1,01090002,10,1,100.0
01106500,"Matfield River At Elmwood, Ma",42.015,-70.961,104.5,01090004,0,1,100.0
01108000,"Taunton River Near Bridgewater, Ma",41.934,-70.956,677.6,01090004,0,1,100.0
01108320,"Canoe River Near Norton, Ma",41.977,-71.144,57.9,01090004,0,1,22.22
01108410,"Mill River At Spring Street At Taunton, Ma",41.9,-71.089,122.0,01090004,0,1,99.89
01108500,"Wading River At West Mansfield, Ma",42.0,-71.26,51.8,01090004,0,1,100.0
01109000,"Wading River Near Norton, Ma",41.948,-71.177,112.7,01090004,1,1,96.95
01109060,"Threemile River At North Dighton, Ma",41.866,-71.123,220.1,01090004,0,1,87.89
01109070,"Segreganset River Near Dighton, Ma",41.84,-71.143,27.2,01090004,0,1,100.0
01109090,"Rattlesnake Brook Near Assonet, Ma",41.777,-71.089,12.8,01090004,0,1,100.0
01109220,"Palmer River At South Rehoboth, Ma",41.809,-71.278,78.9,01090004,1,1,100.0
01109403,"Ten Mile R., Pawtucket Ave. At E. Providence, Ri",41.831,-71.351,137.6,01090004,4,1,100.0
01109500,"Kettle Brook At Worcester, Ma",42.232,-71.835,82.2,01090003,0,1,100.0
01109730,"Blackstone River, W. Main St., At Millbury, Ma",42.189,-71.765,185.8,01090003,7,1,100.0
01110000,"Quinsigamond River At North Grafton, Ma",42.23,-71.711,66.1,01090003,1,1,100.0
01110500,"Blackstone River At Northbridge, Ma",42.154,-71.652,363.5,01090003,0,1,96.42
01111050,"Mumford River At Uxbridge, Ma",42.075,-71.625,145.4,01090003,0,1,97.35
01111200,"West River Below West Hill Dam, Nr Uxbridge, Ma",42.105,-71.607,72.4,01090003,0,1,98.72
01111212,"Blackstone River, Rt 122 Bridge Near Uxbridge, Ma",42.055,-71.616,631.4,01090003,0,1,97.64
01111225,"Emerson Brook Near Uxbridge, Ma",42.045,-71.622,18.1,01090003,0,1,100.0
01111300,"Nipmuc River Near Harrisville, Ri",41.981,-71.686,41.1,01090003,0,1,100.0
01111500,"Branch River At Forestdale, Ri",41.996,-71.563,237.2,01090003,1,1,100.0
01113695,"Catamint Brook At Cumberland, Ri",41.985,-71.414,10.6,01090003,0,1,100.0
01114000,"Moshassuck River At Providence, Ri",41.834,-71.411,60.4,01090004,5,1,100.0
01114500,"Woonasquatucket River At Centerdale, Ri",41.859,-71.487,98.9,01090004,0,1,100.0
01115098,"Peeptoad Brook At Elmdale Rd Nr North Scituate, Ri",41.853,-71.606,13.4,01090004,0,1,100.0
01115187,"Ponaganset River At South Foster, Ri",41.819,-71.705,38.8,01090004,0,1,100.0
01115630,"Nooseneck River At Nooseneck, Ri",41.627,-71.633,21.7,01090004,0,1,100.0
01115670,"Congdon River Near Nooseneck, Ri",41.612,-71.623,10.9,01090004,0,1,100.0
01115770,"Carr River Near Nooseneck, Ri",41.643,-71.608,18.9,01090004,0,1,100.0
01116000,"South Branch Pawtuxet River At Washington, Ri",41.69,-71.566,168.3,01090004,0,1,100.0
01116500,"Pawtuxet River At Cranston, Ri",41.751,-71.445,525.0,01090004,2,1,99.64
01116905,"Hunt R 250 Ft Ds Fry Brk At Frenchtown, Ri",41.63,-71.479,40.8,01090004,1,1,100.0
01117000,"Hunt River Near East Greenwich, Ri",41.641,-71.445,59.7,01090004,0,1,100.0
01117350,"Chipuxet River At West Kingston, Ri",41.482,-71.551,25.2,01090005,0,1,100.0
01117370,Queen R At Liberty Rd At Liberty Ri,41.539,-71.569,50.5,01090005,0,1,100.0
01117420,"Usquepaug River Near Usquepaug, Ri",41.477,-71.605,93.1,01090005,0,1,100.0
01117430,"Pawcatuck River At Kenyon, Ri",41.446,-71.621,189.0,01090005,0,1,100.0
01117468,"Beaver River Near Usquepaug, Ri",41.493,-71.628,25.3,01090005,0,1,100.0
01117500,"Pawcatuck River At Wood River Junction, Ri",41.445,-71.681,260.4,01090005,0,1,100.0
01117800,"Wood River Near Arcadia, Ri",41.574,-71.721,90.8,01090005,0,1,100.0
01118000,"Wood River At Hope Valley, Ri",41.498,-71.716,193.2,01090005,0,1,100.0
01118300,"Pendleton Hill Brook Near Clarks Falls, Ct",41.475,-71.834,10.4,01090005,1,1,100.0
01118500,"Pawcatuck River At Westerly, Ri",41.384,-71.833,765.8,01090005,0,1,100.0
01119384,"Willimantic River Near Mansfield Depot, Ct",41.816,-72.317,255.6,01100002,2,1,100.0
01119500,"Willimantic River Near Coventry, Ct",41.751,-72.266,314.8,01100002,0,1,100.0
01120000,"Hop R Nr Columbia, Ct.",41.728,-72.302,192.9,01100002,4,1,100.0
01120500,"Safford Bk Nr Woodstock Valley, Ct.",41.926,-72.057,6.7,01100002,0,1,100.0
01121000,"Mount Hope River Near Warrenville, Ct",41.844,-72.169,70.3,01100002,2,1,100.0
01122000,"Natchaug River At Willimantic, Ct",41.72,-72.196,453.3,01100002,1,1,100.0
01123000,"Little River Near Hanover, Ct",41.672,-72.052,77.9,01100002,2,1,100.0
01123360,"Quinebaug R Bl E Brimfield Dam At Fiskdale, Ma",42.109,-72.124,162.3,01100001,0,1,100.0
01123600,"Quinebaug R Bl Westville Dam Nr Southbridge, Ma",42.083,-72.057,244.6,01100001,0,1,100.0
01124000,"Quinebaug River At Quinebaug, Ct",42.022,-71.956,392.0,01100001,1,1,100.0
01124151,"Quinebaug River At West Thompson, Ct",41.943,-71.9,433.9,01100001,0,1,98.54
01124350,"French River Below Dam, At Hodges Village, Ma",42.118,-71.881,80.5,01100001,0,1,100.0
01124500,"Little River Near Oxford, Ma",42.116,-71.89,72.6,01100001,0,0,100.0
01125000,"French River At Webster, Ma",42.051,-71.885,222.2,01100001,1,1,95.1
01125100,"French River At North Grosvenordale, Ct",41.978,-71.9,262.3,01100001,0,1,96.29
01125500,"Quinebaug River At Putnam, Ct",41.909,-71.913,839.9,01100001,0,1,100.0
01126000,"Fivemile R At Killingly, Ct.",41.837,-71.885,150.4,01100001,0,1,100.0
01126500,"Moosup R At Moosup, Ct.",41.71,-71.886,211.5,01100001,2,1,100.0
01127500,"Yantic River At Yantic, Ct",41.559,-72.121,230.7,01100003,2,1,100.0
01127880,"Big Brook Near Pittsburg, Nh",45.135,-71.206,17.0,01080101,0,1,50.0
01128500,"Connecticut R At First Conn Lk Nr Pittsburg, Nh",45.087,-71.292,215.7,01080101,0,1,70.54
01129200,"Connecticut R Below Indian Stream Nr Pittsburg, Nh",45.04,-71.444,658.7,01080101,0,1,54.52
01130000,"Upper Ammonoosuc River Near Groveton, Nh",44.625,-71.469,598.0,01080101,0,1,91.27
01133000,"East Branch Passumpsic River Near East Haven, Vt",44.634,-71.898,138.3,01080102,0,1,31.1
01134500,"Moose River At Victory, Vt",44.512,-71.837,195.1,01080102,0,1,27.54
01135000,"Moose River At St. Johnsbury, Vt",44.423,-72.0,334.3,01080102,0,1,21.08
01135150,"Pope Brook (Site W-3) Near North Danville, Vt",44.476,-72.125,10.1,01080102,0,1,0.0
01135300,"Sleepers River (Site W-5) Near St. Johnsbury, Vt",44.435,-72.038,111.1,01080102,0,1,2.29
01137500,"Ammonoosuc River At Bethlehem Junction, Nh",44.269,-71.63,228.6,01080103,0,1,67.16
01139000,"Wells River At Wells River, Vt",44.15,-72.065,246.3,01080103,0,1,0.0
01139800,"East Orange Branch At East Orange, Vt",44.093,-72.336,22.8,01080104,0,1,0.0
01141500,"Ompompanoosuc River At Union Village, Vt",43.79,-72.255,338.5,01080104,0,1,3.12
01141800,"Mink Brook Near Etna, Nh",43.702,-72.187,12.3,01080104,0,1,40.0
01142500,"Ayers Brook At Randolph, Vt",43.935,-72.658,82.2,01080105,0,1,10.71
01145000,"Mascoma River At West Canaan, Nh",43.651,-72.085,208.1,01080106,0,1,54.14
01150500,"Mascoma River At Mascoma, Nh",43.649,-72.182,397.7,01080106,0,1,39.5
01150900,"Ottauquechee River Near West Bridgewater, Vt",43.622,-72.759,61.2,01080106,0,1,7.46
01151500,"Ottauquechee River At North Hartland, Vt",43.603,-72.354,576.2,01080106,0,1,0.0
01152500,"Sugar River At West Claremont, Nh",43.388,-72.362,700.4,01080106,0,1,17.25
01153000,"Black River At North Springfield, Vt",43.333,-72.515,411.6,01080106,0,1,5.24
01153500,"Williams River At Brockways Mills, Vt",43.209,-72.518,263.3,01080106,0,1,3.81
01153550,Williams River Near Rockingham Vt,43.192,-72.485,289.6,01080106,0,1,3.53
01154000,"Saxtons River At Saxtons River, Vt",43.138,-72.488,187.3,01080107,0,1,4.57
01155000,"Cold River At Drewsville, Nh",43.132,-72.39,215.4,01080107,0,1,9.03
01155500,"West River At Jamaica, Vt",43.109,-72.775,459.8,01080107,2,1,82.61
01155910,"West River Below Townshend Dam Near Townshend, Vt",43.051,-72.7,723.3,01080107,0,1,0.0
01156000,"West River At Newfane, Vt",42.995,-72.636,792.1,01080107,0,1,75.05
01157000,"Ashuelot River Near Gilsum, Nh",43.039,-72.27,182.6,01080201,0,1,20.0
01158000,"Ashuelot River Below Surry Mt Dam, Near Keene, Nh",42.995,-72.311,263.9,01080201,0,1,55.52
01158600,"Otter Brook Below Otter Brook Dam, Near Keene, Nh",42.946,-72.237,122.4,01080201,2,1,99.23
01160000,"S Br Ashuelot River At Webb, Nr Marlborough, Nh",42.872,-72.214,92.9,01080201,3,1,100.0
01160350,"Ashuelot River At West Swanzey, Nh",42.871,-72.328,818.0,01080201,0,1,78.93
01161500,"Tarbell Brook Near Winchendon, Ma",42.713,-72.085,48.0,01080202,0,1,100.0
01162000,"Millers River Near Winchendon, Ma",42.684,-72.083,212.6,01080202,1,1,100.0
01162500,"Priest Brook Near Winchendon, Ma",42.683,-72.115,49.7,01080202,0,1,100.0
01163200,"Otter River At Otter River, Ma",42.588,-72.041,88.4,01080202,0,1,100.0
01164000,"Millers River At South Royalston, Ma",42.63,-72.15,491.5,01080202,0,1,100.0
01165000,"East Branch Tully River Near Athol, Ma",42.642,-72.226,129.5,01080202,2,1,100.0
01165500,"Moss Brook At Wendell Depot, Ma",42.603,-72.36,32.9,01080202,0,1,100.0
01166500,"Millers River At Erving, Ma",42.598,-72.438,965.5,01080202,4,1,100.0
01168151,"Deerfield River Near Rowe, Ma",42.683,-72.976,660.7,01080203,0,1,100.0
01168500,"Deerfield River At Charlemont, Ma",42.626,-72.855,938.5,01080203,0,1,100.0
01169000,"North River At Shattuckville, Ma",42.638,-72.725,230.6,01080203,0,1,86.33
01169900,"South River Near Conway, Ma",42.542,-72.694,62.3,01080203,4,1,100.0
01170100,"Green River Near Colrain, Ma",42.703,-72.671,107.0,01080203,0,1,0.0
01170930,"Mill River At Christian Lane At Whately, Ma",42.445,-72.63,47.1,01080201,0,1,33.33
01171300,"Fort River Near Amherst, Ma",42.358,-72.506,107.6,01080201,0,1,100.0
01171500,"Mill River At Northampton, Ma",42.319,-72.665,139.8,01080201,0,1,0.0
01172500,"Ware River Near Barre, Ma",42.425,-72.025,142.7,01080204,2,1,100.0
01173000,"Ware River At Intake Works Near Barre, Ma",42.391,-72.06,249.0,01080204,0,1,100.0
01173500,"Ware River At Gibbs Crossing, Ma",42.236,-72.273,510.3,01080204,0,1,100.0
01174000,"Hop Brook Near New Salem, Ma",42.478,-72.334,9.2,01080204,0,1,100.0
01174500,"East Branch Swift River Near Hardwick, Ma",42.393,-72.239,113.0,01080204,0,1,100.0
01174565,"West Branch Swift River Near Shutesbury, Ma",42.455,-72.382,33.0,01080204,0,1,100.0
01174600,"Cadwell Creek Near Pelham, Ma",42.355,-72.388,1.6,01080204,0,1,100.0
01174900,"Cadwell Creek Near Belchertown, Ma",42.336,-72.37,7.1,01080204,0,1,100.0
01175500,"Swift River At West Ware, Ma",42.268,-72.333,489.9,01080204,1,1,100.0
01175670,"Sevenmile River Near Spencer, Ma",42.265,-72.005,24.0,01080204,1,1,100.0
01176000,"Quaboag River At West Brimfield, Ma",42.182,-72.264,387.2,01080204,0,1,100.0
01176780,"Twelvemile Brook Near North Wilbraham, Ma",42.148,-72.4,35.4,01080204,0,1,100.0
01179500,"Westfield River At Knightville, Ma",42.288,-72.864,422.1,01080206,0,1,100.0
01180000,"Sykes Brook At Knightville, Ma",42.291,-72.87,3.6,01080206,0,1,100.0
01180500,"Middle Branch Westfield River At Goss Heights, Ma",42.259,-72.873,136.7,01080206,0,1,100.0
01181000,"West Branch Westfield River At Huntington, Ma",42.237,-72.896,243.5,01080206,3,1,100.0
01184100,"Stony Brook Near West Suffield, Ct",41.961,-72.71,24.6,01080205,0,1,100.0
01184490,"Broad Brook At Broad Brook, Ct",41.914,-72.55,38.1,01080205,0,1,100.0
01184500,"Scantic R At Broad Brook, Ct.",41.912,-72.563,253.0,01080205,0,1,100.0
01185500,"West Branch Farmington River Near New Boston, Ma",42.079,-73.073,237.4,01080207,2,1,100.0
01186000,"West Branch Farmington River At Riverton, Ct",41.963,-73.018,333.6,01080207,0,1,100.0
01186500,"Still River At Robertsville, Ct",41.967,-73.034,221.5,01080207,1,1,100.0
01187300,"Hubbard River Near West Hartland, Ct",42.037,-72.939,53.9,01080207,0,1,100.0
01187400,"Valley Bk Nr West Hartland, Ct.",42.034,-72.93,19.1,01080207,0,1,100.0
01187800,"Nepaug R Nr Nepaug, Ct.",41.821,-72.97,61.6,01080207,1,1,100.0
01188000,"Bunnell Brook Near Burlington, Ct",41.786,-72.965,10.6,01080207,0,1,100.0
01188090,"Farmington River At Unionville, Ct",41.756,-72.887,977.8,01080207,1,1,100.0
01189000,"Pequabuck R At Forestville, Ct.",41.673,-72.901,116.4,01080207,7,1,100.0
01190500,"South Branch Park R At Hartford, Ct.",41.734,-72.714,103.7,01080205,10,1,100.0
01191000,"North Branch Park River At Hartford, Ct",41.784,-72.708,68.9,01080205,3,1,100.0
01192500,"Hockanum River Near East Hartford, Ct",41.783,-72.587,190.7,01080205,4,1,100.0
01192883,"Coginchaug River At Middlefield, Ct",41.52,-72.706,77.9,01080205,0,1,100.0
01193500,"Salmon River Near East Hampton, Ct",41.552,-72.449,271.3,01080205,1,1,100.0
01194000,"Eightmile River At North Plain, Ct",41.442,-72.333,52.3,01080205,0,1,100.0
01194500,"East Branch Eightmile River Near North Lyme, Ct",41.428,-72.334,58.1,01080205,0,1,100.0
01195100,"Indian River Near Clinton, Ct",41.306,-72.531,14.8,01100004,0,1,100.0
01195200,"Neck R Nr Madison, Ct.",41.283,-72.619,18.8,01100004,0,1,100.0
01195490,"Quinnipiac River At Southington, Ct",41.602,-72.884,47.6,01100004,3,1,100.0
01196500,"Quinnipiac River At Wallingford, Ct",41.45,-72.841,285.7,01100004,3,1,100.0
01196561,"Muddy River Near East Wallingford, Ct",41.436,-72.779,22.0,01100004,0,1,100.0
01196620,"Mill River Near Hamden, Ct",41.421,-72.903,63.8,01100004,0,1,100.0
01197000,"East Branch Housatonic River At Coltsville, Ma",42.47,-73.196,149.6,01100005,0,1,100.0
01197500,"Housatonic River Near Great Barrington, Ma",42.232,-73.355,732.9,01100005,7,1,100.0
01198000,"Green River Near Great Barrington, Ma",42.192,-73.391,132.2,01100005,0,1,100.0
01198500,"Blackberry R At Canaan, Ct.",42.024,-73.342,117.8,01100005,1,1,100.0
01199050,"Salmon Creek At Lime Rock, Ct",41.942,-73.391,76.1,01100005,0,1,100.0
01199200,"Guinea Bk At West Woods Rd At Ellsworth, Ct",41.824,-73.43,9.0,01100005,0,1,100.0
01200000,"Tenmile River Near Gaylordsville, Ct",41.659,-73.528,532.6,01100005,3,1,100.0
01201487,"Still River At Route 7 At Brookfield Center, Ct",41.466,-73.403,155.1,01100005,16,1,100.0
01202501,"Shepaug River At Peters Dam At Woodville, Ct",41.719,-73.293,99.6,01100005,1,1,100.0
01203510,"Pootatuck River At Sandy Hook, Ct",41.42,-73.282,64.7,01100005,0,1,100.0
01203600,"Nonewaug River At Minortown, Ct",41.576,-73.179,45.9,01100005,0,1,100.0
01203805,"Weekeepeemee River At Hotchkissville, Ct",41.558,-73.215,70.1,01100005,0,1,100.0
01204000,"Pomperaug River At Southbury, Ct",41.481,-73.225,195.3,01100005,11,1,100.0
01205600,"W Br Naugatuck R At Torrington, Ct.",41.801,-73.123,87.5,01100005,2,1,100.0
01205700,"East Branch Naugatuck River At Torrington, Conn",41.803,-73.118,36.2,01100005,0,1,100.0
01206900,"Naugatuck River At Thomaston, Ct",41.674,-73.07,260.8,01100005,0,1,100.0
01208500,"Naugatuck River At Beacon Falls, Ct",41.442,-73.063,674.4,01100005,9,1,100.0
01208873,"Rooster River At Fairfield, Ct",41.18,-73.219,26.0,01100006,2,1,100.0
01208925,"Mill River Near Fairfield, Ct",41.166,-73.27,74.5,01100006,0,1,100.0
01208950,"Sasco Brook Near Southport, Ct",41.153,-73.306,19.2,01100006,0,1,100.0
01208990,"Saugatuck River Near Redding, Ct",41.295,-73.395,53.8,01100006,1,1,100.0
01209700,"Norwalk River At South Wilton, Ct",41.164,-73.419,77.1,01100006,0,1,100.0
01209761,"Fivemile River Near New Canaan, Ct",41.175,-73.512,3.3,01100006,1,1,100.0
01209901,"Rippowam River At Stamford, Ct.",41.066,-73.549,78.6,01100006,0,1,100.0
01300000,Blind Brook At Rye Ny,40.984,-73.687,24.1,01100006,0,1,100.0
01300500,Beaver Swamp Brook At Mamaroneck Ny,40.956,-73.718,11.7,02030102,0,1,100.0
01301000,Mamaroneck River At Mamaroneck Ny,40.955,-73.735,58.2,02030102,3,1,100.0
01301500,Hutchinson River At Pelham Ny,40.911,-73.813,14.5,02030102,6,1,100.0
01302000,Bronx River At Bronxville Ny,40.936,-73.836,113.7,02030102,21,1,100.0
01302020,Bronx River At Ny Botanical Garden At Bronx Ny,40.862,-73.874,101.6,02030102,2,1,100.0
01302500,Glen Cove Creek At Glen Cove Ny,40.863,-73.634,30.3,02030201,3,1,100.0
01303000,Mill Neck Creek At Mill Neck Ny,40.888,-73.564,27.4,02030201,2,1,100.0
01303500,Cold Spring Brook At Cold Spring Harbor Ny,40.857,-73.463,19.0,02030201,0,1,100.0
01304000,Nissequogue River Near Smithtown Ny,40.85,-73.224,57.9,02030201,3,1,100.0
01304500,Peconic River At Riverhead Ny,40.914,-72.687,192.4,02030202,0,1,65.05
01305000,Carmans River At Yaphank Ny,40.83,-72.906,190.2,02030202,2,1,100.0
01305500,Swan River At East Patchogue Ny,40.767,-72.994,21.3,02030202,0,1,100.0
01306000,Patchogue River At Patchogue Ny,40.766,-73.021,36.3,02030202,0,1,100.0
01306440,Connetquot Brook At Central Islip Ny,40.793,-73.166,41.7,02030202,2,1,100.0
01306460,Connetquot Bk Nr Central Islip Ny,40.772,-73.159,55.7,02030202,0,1,100.0
01306500,Connetquot River Near Oakdale Ny,40.748,-73.15,72.2,02030202,0,1,100.0
01307000,Champlin Creek At Islip Ny,40.737,-73.202,14.0,02030202,1,1,100.0
01307500,Penataquit Creek At Bay Shore Ny,40.726,-73.244,11.0,02030202,0,1,100.0
01308000,Sampawams Creek At Babylon Ny,40.704,-73.314,58.2,02030202,2,1,100.0
01308500,Carlls River At Babylon Ny,40.709,-73.328,94.3,02030202,4,1,100.0
01309000,Santapogue Creek At Lindenhurst Ny,40.692,-73.355,10.0,02030202,0,1,100.0
01309500,Massapequa Creek At Massapequa Ny,40.689,-73.455,94.5,02030202,2,1,100.0
01309950,Bellmore Creek Near Bellmore Ny,40.679,-73.516,37.8,02030202,0,1,100.0
01310000,Bellmore Creek At Bellmore Ny,40.679,-73.516,39.5,02030202,2,1,100.0
01310500,East Meadow Brook At Freeport Ny,40.666,-73.57,78.1,02030202,4,1,100.0
01311000,Pines Brook At Malverne Ny,40.666,-73.659,26.2,02030202,2,1,100.0
01311500,Valley Stream At Valley Stream Ny,40.664,-73.705,18.1,02030104,2,1,100.0
01311810,Conselyeas Pond Tributary At Rosedale Ny,40.662,-73.743,33.5,02030104,1,1,100.0
01312000,Hudson River Near Newcomb Ny,43.966,-74.131,498.2,02020001,1,1,100.0
01315000,Indian River Near Indian Lake Ny,43.756,-74.267,337.5,02020001,0,1,100.0
01319000,East Branch Sacandaga River At Griffin Ny,43.474,-74.223,292.7,02020002,0,1,100.0
01328000,Bond Creek At Dunham Basin Ny,43.306,-73.548,37.9,02020003,0,1,0.0
01329000,"Batten Kill At Arlington, Vt",43.076,-73.157,389.4,02020003,3,1,98.56
01330000,Glowegee Creek At West Milton Ny,43.031,-73.927,63.8,02020003,0,1,100.0
01330500,Kayaderosseras Creek Nr West Milton Ny,43.038,-73.909,219.9,02020003,0,1,100.0
01331500,"Hoosic River At Adams, Ma",42.611,-73.124,121.0,02020003,0,1,100.0
01332000,"North Branch Hoosic River At North Adams, Ma",42.702,-73.093,105.5,02020003,0,1,100.0
01332500,"Hoosic River Near Williamstown, Ma",42.7,-73.159,328.3,02020003,1,1,99.72
01333000,"Green River At Williamstown, Ma",42.709,-73.197,112.2,02020003,0,1,94.6
01333500,Little Hoosic River At Petersburg Ny,42.764,-73.337,140.9,02020003,0,1,98.92
01334000,"Walloomsac River Near North Bennington, Vt",42.913,-73.256,299.6,02020003,1,1,100.0
01336000,Mohawk River Below Delta Dam Near Rome Ny,43.265,-75.436,386.4,02020004,5,1,100.0
01343060,West Canada Creek Near Wilmurt Ny,43.366,-74.958,609.8,02020004,0,1,100.0
01348000,East Canada Creek At East Creek Ny,43.017,-74.741,756.5,02020004,0,1,100.0
01349000,Otsquago Creek At Fort Plain Ny,42.93,-74.626,157.7,02020004,0,1,100.0
01349150,Canajoharie Creek Near Canajoharie Ny,42.876,-74.603,154.8,02020004,0,1,100.0
01349700,East Kill Near Jewett Center Ny,42.249,-74.303,92.7,02020005,0,1,100.0
01349705,Schoharie Creek Near Lexington Ny,42.237,-74.34,249.2,02020005,0,1,93.28
01349711,West Kill Below Hunter Brook Near Spruceton Ny,42.185,-74.277,12.7,02020005,0,1,100.0
01349810,West Kill Near West Kill Ny,42.23,-74.393,73.7,02020005,0,1,100.0
01349840,Batavia Kill Near Maplecrest Ny,42.29,-74.116,5.2,02020005,0,1,100.0
01349950,Batavia Kill At Red Falls Near Prattsville Ny,42.308,-74.39,177.9,02020005,1,1,100.0
01350000,Schoharie Creek At Prattsville Ny,42.32,-74.437,612.5,02020005,1,1,100.0
01350035,Bear Kill Near Prattsville Ny,42.338,-74.452,67.7,02020005,0,1,100.0
01350080,Manor Kill At West Conesville Near Gilboa Ny,42.377,-74.413,83.8,02020005,0,1,100.0
01350101,Schoharie Creek At Gilboa Ny,42.397,-74.45,817.1,02020005,1,1,100.0
01350120,Platter Kill At Gilboa Ny,42.406,-74.447,29.5,02020005,0,1,97.59
01350140,Mine Kill Near North Blenheim Ny,42.429,-74.473,43.8,02020005,0,1,100.0
01350180,Schoharie Creek At North Blenheim Ny,42.466,-74.462,928.5,02020005,0,1,100.0
01356190,Lisha Kill Northwest Of Niskayuna Ny,42.784,-73.857,40.6,02020004,0,1,100.0
01359750,Moordener Kill At Castleton-On-Hudson Ny,42.534,-73.737,82.5,02020006,0,1,100.0
01360640,Valatie Kill Near Nassau Ny,42.552,-73.591,24.9,02020006,1,1,100.0
01361500,Catskill Creek At Oak Hill Ny,42.405,-74.152,252.7,02020006,0,1,100.0
01362198,Esopus Creek At Shandaken Ny,42.116,-74.388,154.1,02020006,0,1,100.0
01362200,Esopus Creek At Allaben Ny,42.117,-74.38,169.2,02020006,0,1,100.0
01362370,Stony Clove Creek Blw Ox Clove At Chichester Ny,42.102,-74.311,80.2,02020006,0,1,100.0
01362497,Little Beaver Kill At Beechford Near Mt Tremper Ny,42.02,-74.266,43.2,02020006,0,1,100.0
01362500,Esopus Creek At Coldbrook Ny,42.014,-74.271,493.2,02020006,0,1,85.24
01363382,Bush Kill Blw Maltby Hollow Bk At West Shokan Ny,41.966,-74.293,44.3,02020006,0,1,55.77
01364959,Rondout Cr Above Red Brook At Peekamoose Ny,41.937,-74.375,14.0,02020007,0,1,100.0
01365000,Rondout Creek Near Lowes Corners Ny,41.866,-74.487,99.6,02020007,0,1,100.0
01365500,Chestnut Creek At Grahamsville Ny,41.845,-74.54,54.4,02020007,0,1,100.0
01366650,Sandburg Creek At Ellenville Ny,41.714,-74.389,139.9,02020007,1,1,83.33
01367500,Rondout Creek At Rosendale Ny,41.843,-74.086,940.1,02020007,0,1,58.56
01367800,Papakating Creek At Pellettown Nj,41.163,-74.675,42.9,02020007,0,1,100.0
01368000,Wallkill River Near Unionville Ny,41.26,-74.549,365.0,02020007,0,1,85.93
01369000,Pochuck Creek Near Pine Island Ny,41.276,-74.472,253.2,02020007,2,1,96.24
01369500,Quaker Creek At Florida Ny,41.339,-74.362,25.1,02020007,0,1,93.33
01372500,Wappinger Creek Near Wappingers Falls Ny,41.653,-73.873,441.8,02020008,3,1,95.7
01374505,East Branch Croton River At Brewster Ny,41.395,-73.607,218.3,02030101,2,1,100.0
01374531,East Branch Croton River Near Croton Falls Ny,41.374,-73.639,231.8,02030101,0,1,100.0
01374559,West Branch Croton River At Richardsville Ny,41.471,-73.76,28.9,02030101,0,1,100.0
01374581,W Br Croton River Below Dam Near Kent Cliffs Ny,41.45,-73.737,57.6,02030101,0,1,100.0
01374598,Horse Pound Brook Near Lake Carmel Ny,41.476,-73.689,10.1,02030101,0,1,100.0
01374654,Middle Branch Croton River Near Carmel Ny,41.432,-73.652,35.9,02030101,1,1,100.0
01374701,West Branch Croton River Near Croton Falls Ny,41.358,-73.668,207.7,02030101,1,1,100.0
01374781,Titicus River Below June Road At Salem Center Ny,41.327,-73.591,33.5,02030101,1,1,100.0
01374821,Titicus River At Purdys Station Ny,41.327,-73.656,61.8,02030101,0,1,100.0
01374890,Cross River Near Cross River Ny,41.26,-73.602,40.7,02030101,0,1,100.0
01374901,Cross River At Katonah Ny,41.266,-73.666,73.6,02030101,0,1,100.0
01374918,Stone Hill River South Of Katonah Ny,41.25,-73.67,49.2,02030101,0,1,100.0
01374930,Muscoot River At Baldwin Place Ny,41.338,-73.769,34.6,02030101,2,1,100.0
01374941,Muscoot River Below Dam At Amawalk Ny,41.288,-73.754,50.8,02030101,1,1,100.0
01374987,Kisco River Below Mount Kisco Ny,41.229,-73.744,45.5,02030101,0,1,100.0
01375000,Croton R At New Croton Dam Nr Croton-On-Hudson Ny,41.225,-73.859,980.0,02030101,2,1,100.0
01376500,Saw Mill River At Yonkers Ny,40.937,-73.889,62.5,02030101,17,1,100.0
01376800,Hackensack River At West Nyack Ny,41.096,-73.964,80.6,02030103,0,1,100.0
01377000,Hackensack River At Rivervale Nj,40.999,-73.989,146.5,02030103,4,1,100.0
01377370,Pascack Brook At Park Ridge Nj,41.037,-74.039,35.2,02030103,0,1,100.0
01377500,Pascack Brook At Westwood Nj,40.993,-74.021,73.6,02030103,7,1,100.0
01378500,Hackensack River At New Milford Nj,40.948,-74.027,300.3,02030103,10,1,100.0
01379000,Passaic River Near Millington Nj,40.68,-74.529,140.4,02030103,0,1,100.0
01379500,Passaic River Near Chatham Nj,40.726,-74.39,256.0,02030103,1,1,100.0
01379530,Canoe Brook Near Summit Nj,40.744,-74.354,29.9,02030103,1,1,100.0
01379773,Green Pond Brook At Picatinny Arsenal Nj,40.959,-74.54,19.6,02030103,0,1,100.0
01379780,Green Pond Bk Blw Picatinny Lk At Picatinny Ars Nj,40.949,-74.558,23.6,02030103,0,1,100.0
01379790,Green Pond Brook At Wharton Nj,40.918,-74.584,32.5,02030103,0,1,100.0
01380500,Rockaway River Above Reservoir At Boonton Nj,40.903,-74.41,304.2,02030103,5,1,100.0
01381000,Rockaway River Below Reservoir At Boonton Nj,40.897,-74.395,314.4,02030103,0,1,100.0
01381400,Whippany River Near Morristown Nj,40.812,-74.512,36.2,02030103,0,1,100.0
01381500,Whippany River At Morristown Nj,40.807,-74.457,76.9,02030103,2,1,100.0
01381800,Whippany River Near Pine Brook Nj,40.845,-74.347,180.0,02030103,1,1,100.0
01381900,Passaic River At Pine Brook Nj,40.862,-74.321,907.8,02030103,8,1,100.0
01382170,Pequannock River At Nj Route 23 Near Oak Ridge Nj,41.078,-74.49,49.2,02030103,0,1,100.0
01382500,Pequannock River At Macopin Intake Dam Nj,41.018,-74.401,164.1,02030103,0,1,100.0
01383500,Wanaque River At Awosting Nj,41.16,-74.334,75.3,02030103,2,1,100.0
01384000,Wanaque River At Monks Nj,41.123,-74.297,111.1,02030103,0,1,100.0
01384500,Ringwood Creek Near Wanaque Nj,41.127,-74.266,44.0,02030103,0,1,100.0
01386000,West Brook Near Wanaque Nj,41.074,-74.312,30.7,02030103,0,1,100.0
01387400,Ramapo River At Ramapo Ny,41.14,-74.168,231.7,02030103,4,1,100.0
01387420,Ramapo River At Suffern Ny,41.118,-74.16,247.7,02030103,1,1,100.0
01387450,Mahwah River Near Suffern Ny,41.141,-74.116,32.2,02030103,0,1,100.0
01387500,Ramapo River Near Mahwah Nj,41.098,-74.163,318.8,02030103,2,1,100.0
01388000,Ramapo River At Pompton Lakes Nj,40.992,-74.28,420.6,02030103,3,1,100.0
01388500,Pompton River At Pompton Plains Nj,40.969,-74.282,923.1,02030103,5,1,100.0
01389550,Peckman River At Little Falls Nj,40.872,-74.222,20.1,02030103,2,1,100.0
01390450,Saddle River At Upper Saddle River Nj,41.059,-74.096,29.1,02030103,1,1,100.0
01390500,Saddle River At Ridgewood Nj,40.985,-74.091,57.5,02030103,3,1,100.0
01391000,Hohokus Brook At Ho-Ho-Kus Nj,40.998,-74.112,42.3,02030103,4,1,100.0
01391500,Saddle River At Lodi Nj,40.89,-74.081,146.5,02030103,7,1,100.0
01392210,Third River At Passaic Nj,40.83,-74.142,32.4,02030103,3,1,100.0
01393450,Elizabeth River At Ursino Lake At Elizabeth Nj,40.675,-74.222,45.5,02030104,8,1,100.0
01393500,Elizabeth River At Elizabeth Nj,40.668,-74.219,49.4,02030104,1,1,100.0
01394500,Rahway River Near Springfield Nj,40.688,-74.312,67.1,02030104,12,1,100.0
01395000,Rahway River At Rahway Nj,40.619,-74.283,107.9,02030104,9,1,100.0
01396000,Robinsons Branch At Rahway Nj,40.606,-74.3,52.5,02030104,3,1,100.0
01396091,South Br Raritan River At Rt 46 At Budd Lake Nj,40.859,-74.761,13.0,02030105,0,1,100.0
01396190,South Branch Raritan River At Four Bridges Nj,40.806,-74.741,80.0,02030105,0,1,100.0
01396500,South Branch Raritan River Near High Bridge Nj,40.678,-74.879,162.5,02030105,0,1,100.0
01396580,Spruce Run At Glen Gardner Nj,40.693,-74.94,31.9,02030105,0,1,100.0
01396582,Spruce Run At Main Street At Glen Gardner Nj,40.691,-74.937,32.1,02030105,0,1,100.0
01396660,Mulhockaway Creek At Van Syckel Nj,40.648,-74.969,30.4,02030105,1,1,100.0
01396800,Spruce Run At Clinton Nj,40.64,-74.916,107.8,02030105,0,1,100.0
01397000,South Branch Raritan River At Stanton Nj,40.572,-74.868,388.6,02030105,1,1,100.0
01398000,Neshanic River At Reaville Nj,40.473,-74.828,66.0,02030105,3,1,100.0
01398500,North Branch Raritan River Near Far Hills Nj,40.708,-74.636,68.9,02030105,1,1,100.0
01399100,Middle Brook At Burnt Mills Nj,40.649,-74.682,17.0,02030105,1,1,100.0
01399500,Lamington (Black) River Near Pottersville Nj,40.727,-74.73,83.5,02030105,0,1,100.0
01399510,Upper Cold Brook Near Pottersville Nj,40.721,-74.752,5.7,02030105,0,1,100.0
01399670,South B Rockaway Creek At Whitehouse Station Nj,40.619,-74.774,30.9,02030105,1,1,100.0
01400000,North Branch Raritan River Near Raritan Nj,40.571,-74.679,485.1,02030105,6,1,100.0
01401000,Stony Brook At Princeton Nj,40.333,-74.682,115.2,02030105,2,1,100.0
01401650,Pike Run At Belle Mead Nj,40.468,-74.649,13.3,02030105,0,1,100.0
01402000,Millstone River At Blackwells Mills Nj,40.475,-74.576,670.4,02030105,14,1,100.0
01402600,Royce Brook Tributary Near Belle Mead Nj,40.499,-74.651,1.6,02030105,0,1,100.0
01403150,West Branch Middle Brook Near Martinsville Nj,40.612,-74.591,5.0,02030105,0,1,100.0
01403400,Green Brook At Seeley Mills Nj,40.666,-74.404,16.3,02030105,4,1,100.0
01403500,Green Brook At Plainfield Nj,40.615,-74.432,31.5,02030105,3,1,100.0
01403535,East Br Stony Brook At Best Lake At Watchung Nj,40.64,-74.448,3.7,02030105,0,1,100.0
01403540,Stony Brook At Watchung Nj,40.637,-74.451,14.1,02030105,0,1,100.0
01403900,Bound Brook At Middlesex Nj,40.585,-74.508,125.6,02030105,4,1,100.0
01405000,Lawrence Brook At Farrington Dam Nj,40.45,-74.451,84.3,02030105,1,1,100.0
01405030,Lawrence Brook At Westons Mills Nj,40.483,-74.413,112.0,02030105,6,1,100.0
01405400,Manalapan Brook At Spotswood Nj,40.389,-74.391,100.8,02030105,2,1,100.0
01405500,South River At Old Bridge Nj,40.406,-74.369,245.6,02030105,5,1,100.0
01406050,Deep Run At Old Bridge Nj,40.415,-74.349,40.5,02030105,0,1,100.0
01407290,Big Brook Near Marlboro Nj,40.32,-74.214,17.0,02030104,0,1,100.0
01407500,Swimming River Near Red Bank Nj,40.32,-74.116,127.5,02030104,0,1,100.0
01407705,Shark River Near Neptune City Nj,40.199,-74.07,25.0,02040301,1,1,100.0
01407760,Jumping Brook Near Neptune City Nj,40.203,-74.066,16.3,02040301,0,1,100.0
01408000,Manasquan River At Squankum Nj,40.161,-74.155,114.1,02040301,0,1,100.0
01408029,Manasquan River Near Allenwood Nj,40.147,-74.122,164.3,02040301,0,1,100.0
01408120,North Branch Metedeconk River Near Lakewood Nj,40.092,-74.153,91.3,02040301,1,1,100.0
01408500,Toms River Near Toms River Nj,39.986,-74.223,318.8,02040301,2,1,88.72
01409000,Cedar Creek At Lanoka Harbor Nj,39.867,-74.169,137.7,02040301,0,1,100.0
01409280,Westecunk Creek At Stafford Forge Nj,39.667,-74.32,42.5,02040301,0,1,100.0
01409400,Mullica River Near Batsto Nj,39.674,-74.665,116.2,02040301,0,1,100.0
01409500,Batsto River At Batsto Nj,39.642,-74.65,177.5,02040301,0,1,100.0
01409810,West Branch Wading River Near Jenkins Nj,39.688,-74.548,218.7,02040301,0,1,100.0
01410000,Oswego River At Harrisville Nj,39.663,-74.524,185.3,02040301,0,1,100.0
01410150,East Branch Bass River Near New Gretna Nj,39.623,-74.441,35.3,02040301,0,1,100.0
01410500,Absecon Creek At Absecon Nj,39.429,-74.521,48.0,02040302,0,1,100.0
01411000,Great Egg Harbor River At Folsom Nj,39.595,-74.852,145.2,02040302,0,1,100.0
01411300,Tuckahoe River At Head Of River Nj,39.307,-74.821,79.3,02040302,0,1,100.0
01411456,Little Ease Run Near Clayton Nj,39.659,-75.067,24.2,02040206,0,1,100.0
01411500,Maurice River At Norma Nj,39.496,-75.077,270.2,02040206,0,1,100.0
01412800,Cohansey River At Seeley Nj,39.472,-75.256,82.0,02040206,0,1,100.0
01413088,East Branch Delaware River At Roxbury Ny,42.292,-74.56,47.4,02040102,2,1,100.0
01413398,Bush Kill Near Arkville Ny,42.151,-74.601,121.0,02040102,0,1,100.0
01413408,Dry Brook At Arkville,42.147,-74.623,212.8,02040102,0,1,100.0
01413500,East Branch Delaware River At Margaretville Ny,42.145,-74.653,424.1,02040102,1,1,100.0
01414000,Platte Kill At Dunraven Ny,42.133,-74.695,90.4,02040102,0,1,100.0
01414500,Mill Brook Near Dunraven Ny,42.106,-74.73,64.5,02040102,0,1,100.0
01415000,Tremper Kill Near Andes Ny,42.12,-74.818,85.6,02040102,1,1,100.0
01415460,Terry Clove Kill Near De Lancey Ny,42.147,-74.905,20.5,02040102,0,1,100.0
01417000,East Branch Delaware River At Downsville Ny,42.075,-74.976,960.9,02040102,0,1,100.0
01418500,Beaver Kill At Craigie Clair Ny,41.963,-74.867,213.0,02040102,0,1,100.0
01419500,Willowemoc Creek Nr Livingston Manor Ny,41.903,-74.813,162.2,02040102,0,1,100.0
01420000,Little Beaver Kill Nr Livingston Manor Ny,41.873,-74.797,52.5,02040102,0,1,100.0
01420500,Beaver Kill At Cooks Falls Ny,41.946,-74.98,627.0,02040102,2,1,100.0
01421610,West Branch Delaware River At Hobart Ny,42.371,-74.669,38.8,02040101,1,1,100.0
01421618,Town Brook Southeast Of Hobart Ny,42.361,-74.662,37.3,02040101,0,1,100.0
01421900,West Branch Delaware River Upstream From Delhi Ny,42.28,-74.907,347.7,02040101,0,1,100.0
01422000,West Branch Delaware River At Delhi Ny,42.271,-74.918,368.7,02040101,1,1,100.0
01422389,Coulter Brook Near Bovina Center Ny,42.239,-74.736,3.2,02040101,0,1,100.0
01422500,Little Delaware River Near Delhi Ny,42.252,-74.902,128.9,02040101,0,1,100.0
01422738,Wolf Creek At Mundale Ny,42.26,-75.042,1.7,02040101,0,1,100.0
01422747,East Brook East Of Walton Ny,42.173,-75.121,63.9,02040101,1,1,100.0
01423000,West Branch Delaware River At Walton Ny,42.166,-75.14,859.7,02040101,0,1,100.0
01426000,Oquaga Creek At Deposit Ny,42.059,-75.428,174.9,02040101,3,1,100.0
01427500,Callicoon Creek At Callicoon Ny,41.761,-75.048,286.6,02040101,6,1,100.0
01428000,Tenmile River At Tusten Ny,41.564,-75.015,118.7,02040101,0,1,100.0
01428750,"West Branch Lackawaxen River Near Aldenville, Pa",41.675,-75.376,107.9,02040103,0,1,100.0
01429000,"West Branch Lackawaxen River At Prompton, Pa",41.587,-75.327,151.4,02040103,0,1,100.0
01429500,"Dyberry Creek Near Honesdale, Pa",41.607,-75.267,167.2,02040103,0,1,100.0
01430000,"Lackawaxen River Near Honesdale, Pa",41.562,-75.248,425.0,02040103,0,1,100.0
01431500,"Lackawaxen River At Hawley, Pa",41.476,-75.172,748.7,02040103,2,1,100.0
01432000,Wallenpaupack Creek At Wilsonville Pa,41.459,-75.185,592.6,02040103,9,1,100.0
01432900,Mongaup River At Mongaup Valley Ny,41.668,-74.78,198.7,02040104,2,1,100.0
01433500,Mongaup River Near Mongaup Ny,41.461,-74.759,523.7,02040104,1,1,0.0
01434017,East Branch Neversink River Near Claryville Ny,41.925,-74.54,59.5,02040104,0,1,100.0
01434021,W Br Neversink R At Winnisook L Nr Frost Valley Ny,42.011,-74.414,2.2,02040104,0,1,100.0
01434025,Biscuit Bk Above Pigeon Bk At Frost Valley Ny,41.995,-74.501,9.7,02040104,0,1,100.0
01434498,West Branch Neversink River At Claryville Ny,41.92,-74.575,87.9,02040104,0,1,100.0
01435000,Neversink River Near Claryville Ny,41.89,-74.59,172.5,02040104,0,1,100.0
01436000,Neversink River At Neversink Ny,41.82,-74.635,240.7,02040104,0,1,100.0
01436500,Neversink River At Woodbourne Ny,41.757,-74.597,292.7,02040104,0,1,100.0
01436690,Neversink River At Bridgeville Ny,41.638,-74.617,443.0,02040104,0,1,97.37
01437000,Neversink River At Oakland Valley Ny,41.496,-74.646,576.9,02040104,0,1,92.09
01437500,Neversink River At Godeffroy Ny,41.441,-74.602,794.0,02040104,0,1,74.94
01439500,"Bush Kill At Shoemakers, Pa",41.088,-75.038,305.9,02040104,0,1,79.65
01439800,Big Flat Brook Near Hainesville Nj,41.207,-74.804,62.0,02040104,0,1,100.0
01440000,Flat Brook Near Flatbrookville Nj,41.107,-74.952,167.7,02040104,0,1,85.71
01440400,"Brodhead Creek Near Analomink, Pa",41.085,-75.215,175.2,02040104,1,1,100.0
01440485,"Swiftwater Creek At Swiftwater, Pa",41.094,-75.322,17.8,02040104,0,1,40.0
01441495,"Pocono Creek Ab Wigwam Run Near Stroudsburg, Pa",40.991,-75.255,120.2,02040104,3,1,100.0
01442500,"Brodhead Creek At Minisink Hills, Pa",40.999,-75.143,677.6,02040104,3,1,83.51
01443280,East Branch Paulins Kill Near Lafayette Nj,41.076,-74.695,33.9,02040105,0,1,100.0
01443500,Paulins Kill At Blairstown Nj,40.981,-74.953,326.4,02040105,1,1,100.0
01443900,Yards Creek Near Blairstown Nj,40.981,-75.039,13.6,02040105,0,1,100.0
01445000,Pequest River At Huntsville Nj,40.981,-74.776,74.9,02040105,2,1,100.0
01445500,Pequest River At Pequest Nj,40.831,-74.978,269.5,02040105,0,1,100.0
01446000,Beaver Brook Near Belvidere Nj,40.843,-75.046,95.5,02040105,0,1,100.0
01446775,"Bushkill Creek Ab Rt 33 Bridge At Tatamy, Pa",40.749,-75.265,81.3,02040105,1,1,100.0
01446776,"Bushkill Creek Bl Sr2017 Bridge At Tatamy, Pa",40.749,-75.261,81.5,02040105,0,1,100.0
01447500,"Lehigh River At Stoddartsville, Pa",41.13,-75.625,240.2,02040106,1,1,100.0
01447680,"Tunkhannock Creek Near Long Pond, Pa",41.065,-75.52,51.7,02040106,0,1,100.0
01447720,"Tobyhanna Creek Near Blakeslee, Pa",41.085,-75.605,308.1,02040106,2,1,100.0
01447800,Lehigh R Bl Francis E Walter Res Nr White Haven Pa,41.105,-75.732,752.7,02040106,0,1,100.0
01448500,"Dilldown Creek Near Long Pond, Pa",41.036,-75.543,6.3,02040106,0,1,100.0
01449360,"Pohopoco Creek At Kresgeville, Pa",40.898,-75.502,129.5,02040106,2,1,97.49
01449500,"Wild Creek At Hatchery, Pa",40.923,-75.559,42.9,02040106,0,1,33.33
01449800,"Pohopoco Cr Bl Beltzville Dam Nr Parryville, Pa",40.846,-75.646,249.5,02040106,0,1,90.12
01450000,"Pohopoco Creek Near Parryville, Pa",40.832,-75.681,284.0,02040106,0,1,0.0
01450500,"Aquashicola Creek At Palmerton, Pa",40.806,-75.598,198.1,02040106,2,1,100.0
01451500,"Little Lehigh Creek Near Allentown, Pa",40.582,-75.483,212.1,02040106,1,1,100.0
01451650,Little Lehigh Creek At Tenth St. Br. At Allentown,40.596,-75.474,253.9,02040106,2,1,100.0
01451800,"Jordan Creek Near Schnecksville, Pa",40.662,-75.627,135.8,02040106,1,1,100.0
01452000,"Jordan Creek At Allentown, Pa",40.623,-75.482,196.6,02040106,1,1,100.0
01452500,"Monocacy Creek At Bethlehem, Pa",40.641,-75.379,112.0,02040106,0,1,100.0
01455500,Musconetcong River At Outlet Of Lake Hopatcong Nj,40.917,-74.666,65.1,02040105,0,1,100.0
01456000,Musconetcong River Near Hackettstown Nj,40.888,-74.797,179.3,02040105,0,1,100.0
01457000,Musconetcong River Near Bloomsbury Nj,40.672,-75.061,366.8,02040105,1,1,100.0
01459500,"Tohickon Creek Near Pipersville, Pa",40.434,-75.117,254.2,02040105,2,1,100.0
01460880,Lockatong Creek At Raven Rock Nj,40.416,-75.018,59.5,02040105,1,1,100.0
01461300,Wickecheoke Creek At Stockton Nj,40.411,-74.987,69.6,02040105,1,1,89.93
01463620,Assunpink Creek Near Clarksville Nj,40.27,-74.672,88.2,02040105,1,1,100.0
01464000,Assunpink Creek At Trenton Nj,40.224,-74.749,233.0,02040105,3,1,100.0
01464500,Crosswicks Creek At Extonville Nj,40.137,-74.6,200.8,02040201,0,1,100.0
01464645,"Nb Neshaminy Cr Bl Lake Galena Nr New Britain, Pa",40.312,-75.207,42.4,02040201,0,1,100.0
01464720,"Nb Neshaminy Creek At Chalfont, Pa",40.288,-75.204,82.3,02040201,0,1,100.0
01464750,"Neshaminy Creek Near Rushland, Pa",40.26,-75.035,235.8,02040201,1,1,100.0
01464907,Little Neshaminy C At Valley Road Nr Neshaminy Pa,40.229,-75.12,72.3,02040201,0,1,100.0
01465500,"Neshaminy Creek Near Langhorne, Pa",40.174,-74.957,541.4,02040201,4,1,100.0
01465798,"Poquessing Creek At Grant Ave. At Philadelphia, Pa",40.057,-74.985,54.5,02040202,10,1,100.0
01465850,South Branch Rancocas Creek At Vincentown Nj,39.94,-74.763,170.8,02040202,0,1,100.0
01465880,Southwest Branch Rancocas Creek At Medford Nj,39.895,-74.824,123.3,02040202,0,1,100.0
01466500,Mcdonalds Branch In Byrne State Forest Nj,39.885,-74.505,5.4,02040202,0,1,100.0
01466900,Greenwood Branch At New Lisbon Nj,39.956,-74.628,193.0,02040202,0,1,83.69
01467000,North Branch Rancocas Creek At Pemberton Nj,39.97,-74.684,323.6,02040202,0,1,100.0
01467042,"Pennypack Creek At Pine Road, At Philadelphia, Pa",40.09,-75.069,98.2,02040202,6,1,100.0
01467048,"Pennypack Cr At Lower Rhawn St Bdg, Phila., Pa",40.05,-75.033,129.5,02040202,6,1,100.0
01467081,South Branch Pennsauken Creek At Cherry Hill Nj,39.942,-75.001,23.1,02040202,1,1,100.0
01467086,"Tacony Creek Ab Adams Avenue, Philadelphia, Pa",40.047,-75.111,41.8,02040202,3,1,100.0
01467087,"Frankford Creek At Castor Ave, Philadelphia, Pa",40.016,-75.097,77.0,02040202,2,1,100.0
01467150,Cooper River At Haddonfield Nj,39.903,-75.021,47.0,02040202,0,1,100.0
01467471,"Schuylkill River Ab Mill Creek At Port Carbon, Pa",40.694,-76.165,71.0,02040203,0,1,0.0
01467492,"Mill Cr Ab Schuylkill River At Port Carbon, Pa",40.694,-76.165,65.1,02040203,0,1,0.0
01467500,"Schuylkill River At Pottsville, Pa",40.684,-76.186,139.0,02040203,0,1,0.0
01467688,Wb Schuylkill River Ab Pine Knot Disch At Duncott,40.704,-76.249,43.8,02040203,0,1,0.0
01467752,"Wb Schuylkill River Ab West Cr Near Pottsville, Pa",40.669,-76.236,63.2,02040203,0,1,0.0
01467861,"West Cr West Branch Schuylkill Near Pottsville, Pa",40.669,-76.238,47.5,02040203,0,1,0.0
01468500,"Schuylkill River At Landingville, Pa",40.629,-76.125,344.2,02040203,0,1,0.0
01469500,"Little Schuylkill River At Tamaqua, Pa",40.807,-75.972,114.3,02040203,0,1,0.0
01469700,"Little Schuylkill River At South Tamaqua, Pa",40.773,-75.957,171.4,02040203,0,1,16.28
01470500,"Schuylkill River At Berne, Pa",40.523,-75.998,924.7,02040203,0,1,3.03
01470756,"Maiden Creek At Virginville, Pa",40.514,-75.883,410.1,02040203,0,1,50.0
01470779,"Tulpehocken Creek Near Bernville, Pa",40.413,-76.172,179.2,02040203,0,1,0.0
01470853,"Furnace Creek At Robesonia, Pa",40.34,-76.143,10.8,02040203,0,1,0.0
01470960,Tulpehocken Cr At Blue Marsh Damsite Near Reading,40.371,-76.025,461.4,02040203,0,1,0.0
01471000,"Tulpehocken Creek Near Reading, Pa",40.369,-75.979,557.1,02040203,0,1,4.7
01471875,"Manatawny Creek Near Spangsville, Pa",40.34,-75.742,148.1,02040203,3,1,100.0
01471980,"Manatawny Creek Near Pottstown, Pa",40.273,-75.68,221.7,02040203,4,1,100.0
01472157,"French Creek Near Phoenixville, Pa",40.151,-75.601,152.3,02040203,0,1,100.0
01472198,"Perkiomen Creek At East Greenville, Pa",40.394,-75.515,97.5,02040203,4,1,100.0
01472199,"West Branch Perkiomen Creek At Hillegass, Pa",40.374,-75.522,60.8,02040203,1,1,100.0
01472620,"East Branch Perkiomen Creek Near Dublin, Pa",40.404,-75.234,10.5,02040203,0,1,100.0
01472810,"East Branch Perkiomen Creek Near Schwenksville, Pa",40.259,-75.429,152.4,02040203,1,1,100.0
01473000,"Perkiomen Creek At Graterford, Pa",40.23,-75.452,721.4,02040203,6,1,100.0
01473120,"Skippack Creek Near Collegeville, Pa",40.165,-75.433,137.9,02040203,2,1,100.0
01473169,Valley Creek At Pa Turnpike Br Near Valley Forge,40.079,-75.461,54.0,02040203,4,1,100.0
01473900,"Wissahickon Creek At Fort Washington, Pa",40.124,-75.22,104.6,02040203,1,1,100.0
01474000,"Wissahickon Creek At Mouth, Philadelphia, Pa",40.015,-75.207,165.0,02040203,0,1,61.5
01475000,Mantua Creek At Pitman Nj,39.737,-75.113,15.7,02040202,0,1,100.0
01475300,"Darby Creek At Waterloo Mills Near Devon, Pa",40.023,-75.422,13.5,02040202,0,1,100.0
01475510,"Darby Creek Near Darby, Pa",39.929,-75.272,98.0,02040202,2,1,100.0
01475530,"Cobbs Cr At U.S. Hghwy No. 1 At Philadelphia, Pa",39.975,-75.28,14.7,02040202,4,1,100.0
01475548,"Cobbs Creek At Mt. Moriah Cemetery, Philadelphia",39.933,-75.238,50.8,02040202,3,1,100.0
01475550,"Cobbs Creek At Darby, Pa",39.917,-75.247,56.1,02040202,0,1,100.0
01475850,"Crum Creek Near Newtown Square, Pa",39.976,-75.437,41.0,02040202,5,1,100.0
01476480,"Ridley Creek At Media, Pa",39.916,-75.403,78.4,02040202,0,1,100.0
01477000,"Chester Creek Near Chester, Pa",39.869,-75.408,157.0,02040202,8,1,100.0
01477120,Raccoon Creek Near Swedesboro Nj,39.741,-75.259,67.4,02040202,0,1,100.0
01477800,"Shellpot Creek At Wilmington, De",39.761,-75.519,18.9,02040205,2,1,100.0
01478000,"Christina River At Coochs Bridge, De",39.637,-75.728,54.0,02040205,2,1,100.0
01478120,"East Branch White Clay Creek At Avondale, Pa",39.828,-75.781,31.6,02040205,0,1,100.0
01478245,"White Clay Creek Near Strickersville, Pa",39.748,-75.771,153.4,02040205,4,1,100.0
01478500,"White Clay Creek Above Newark, De",39.714,-75.759,171.6,02040205,1,1,100.0
01478650,"White Clay Creek At Newark, De",39.689,-75.749,177.5,02040205,0,1,100.0
01479000,"White Clay Creek Near Newark, De",39.699,-75.675,230.8,02040205,3,1,100.0
01479820,"Red Clay Creek Near Kennett Square, Pa",39.817,-75.692,71.5,02040205,1,1,100.0
01480000,"Red Clay Creek At Wooddale, De",39.763,-75.636,122.6,02040205,1,1,100.0
01480015,"Red Clay Creek Near Stanton, De",39.716,-75.64,135.9,02040205,0,1,100.0
01480300,"West Branch Brandywine Creek Near Honey Brook, Pa",40.073,-75.861,47.7,02040205,1,1,100.0
01480400,"Birch Run Near Wagontown, Pa",40.027,-75.845,12.0,02040205,0,1,100.0
01480500,"West Branch Brandywine Creek At Coatesville, Pa",39.986,-75.827,119.4,02040205,3,1,100.0
01480617,"West Branch Brandywine Creek At Modena, Pa",39.962,-75.801,143.5,02040205,6,1,100.0
01480638,"Broad Run At Northbrook, Pa",39.93,-75.685,16.5,02040205,1,1,100.0
01480675,"Marsh Creek Near Glenmoore, Pa",40.098,-75.742,22.1,02040205,0,1,100.0
01480685,"Marsh Creek Near Downingtown, Pa",40.055,-75.716,52.1,02040205,2,1,100.0
01480700,"East Branch Brandywine Creek Near Downingtown, Pa",40.035,-75.709,155.2,02040205,1,1,100.0
01480870,"East Branch Brandywine Creek Below Downingtown, Pa",39.969,-75.673,232.2,02040205,11,1,100.0
01481000,"Brandywine Creek At Chadds Ford, Pa",39.87,-75.593,755.2,02040205,10,1,100.0
01481500,"Brandywine Creek At Wilmington, De",39.769,-75.573,824.0,02040205,1,1,100.0
01482500,Salem River At Woodstown Nj,39.644,-75.33,37.5,02040206,0,1,100.0
01483000,Alloway Creek At Alloway Nj,39.566,-75.361,53.1,02040206,0,1,100.0
01483155,"Silver Lake Tributary At Middletown, De",39.431,-75.723,4.8,02040205,0,1,100.0
01483200,"Blackbird Creek At Blackbird, De",39.366,-75.669,10.8,02040205,0,1,100.0
01483700,"St Jones River At Dover, De",39.164,-75.519,81.0,02040207,0,1,100.0
01484000,"Murderkill River Near Felton, De",38.976,-75.567,32.5,02040207,0,1,100.0
01484085,"Murderkill River At Bowers, De",39.058,-75.398,254.1,02040207,0,1,
01484100,"Beaverdam Branch At Houston, De",38.906,-75.513,9.0,02040207,0,1,100.0
01484300,"Sowbridge Branch Near Milton, De",38.814,-75.327,18.4,02040207,0,1,89.29
01484500,"Stockley Branch At Stockley, De",38.639,-75.342,12.4,02040303,0,1,100.0
01484525,"Millsboro Pond Outlet At Millsboro, De",38.595,-75.291,159.9,02040303,0,1,100.0
01484800,"Guy Creek Near Nassawadox, Va",37.504,-75.872,3.7,02080111,0,1,100.0
01485000,"Pocomoke River Near Willards, Md",38.389,-75.324,137.9,02080111,0,1,100.0
01485500,"Nassawango Creek Near Snow Hill, Md",38.229,-75.471,141.5,02080111,0,1,100.0
01486000,"Manokin Branch Near Princess Anne, Md",38.214,-75.671,11.2,02080110,0,1,100.0
01486500,"Beaverdam Creek Near Salisbury, Md",38.353,-75.573,46.7,02080110,0,1,100.0
01487000,"Nanticoke River Near Bridgeville, De",38.728,-75.562,187.4,02080109,1,1,100.0
01488500,"Marshyhope Creek Near Adamsville, De",38.85,-75.673,125.3,02080109,0,1,100.0
01489000,"Faulkner Branch At Federalsburg, Md",38.712,-75.792,20.6,02080109,0,1,100.0
01490000,"Chicamacomico River Near Salem, Md",38.512,-75.88,40.6,02080110,1,1,100.0
01491000,"Choptank River Near Greensboro, Md",38.997,-75.786,292.0,02060005,1,1,100.0
01491500,"Tuckahoe Creek Near Ruthsburg, Md",38.967,-75.943,223.0,02060005,0,1,100.0
01492000,"Beaverdam Branch At Matthews, Md",38.812,-75.97,14.7,02060005,0,1,100.0
01492500,"Sallie Harris Creek Near Carmichael, Md",38.965,-76.109,19.0,02060002,0,1,100.0
01493000,"Unicorn Branch Near Millington, Md",39.25,-75.861,50.9,02060002,0,1,100.0
01493500,"Morgan Creek Near Kennedyville, Md",39.28,-76.015,33.0,02060002,0,1,100.0
01494150,"Three Bridges Branch At Centreville, Md",39.054,-76.055,24.5,02060002,0,1,100.0
01494850,"East Branch Big Elk Creek At Forestville, Pa",39.822,-75.897,25.0,02060002,0,1,100.0
01495000,"Big Elk Creek At Elk Mills, Md",39.657,-75.822,138.2,02060002,4,1,100.0
01496000,"Northeast Creek At Leslie, Md",39.628,-75.944,62.9,02060002,1,1,100.0
01496200,"Principio Creek Near Principio Furnace, Md",39.626,-76.041,23.3,02060002,1,1,100.0
01496500,Oaks Creek At Index Ny,42.666,-74.96,265.0,02050101,1,1,100.0
01498500,Charlotte Creek At West Davenport Ny,42.445,-74.963,432.8,02050101,2,1,100.0
01500000,Ouleout Creek At East Sidney Ny,42.333,-75.235,267.2,02050101,3,1,100.0
01502000,Butternut Creek At Morris Ny,42.545,-75.239,152.2,02050101,1,1,100.0
01505000,Chenango River At Sherburne Ny,42.679,-75.51,661.4,02050102,4,1,100.0
01505500,Canasawacta Creek Near South Plymouth Ny,42.564,-75.552,150.7,02050102,0,1,100.0
01507500,Genegantslet Cr At Smithville Flats Ny,42.393,-75.804,211.7,02050102,1,1,100.0
01509000,Tioughnioga River At Cortland Ny,42.603,-76.159,759.8,02050102,9,1,100.0
01510000,Otselic River At Cincinnatus Ny,42.541,-75.9,383.0,02050102,2,1,100.0
01510500,Otselic River Near Upper Lisle Ny,42.422,-75.949,566.3,02050102,1,1,100.0
01514000,Owego Creek Near Owego Ny,42.129,-76.27,480.7,02050103,2,1,100.0
01516350,"Tioga River Near Mansfield, Pa",41.794,-77.08,395.2,02050104,0,1,100.0
01516500,"Corey Creek Near Mainesburg, Pa",41.791,-77.015,31.5,02050104,0,1,100.0
01517000,"Elk Run Near Mainesburg, Pa",41.815,-76.965,26.3,02050104,0,1,100.0
01518000,"Tioga River At Tioga, Pa",41.908,-77.129,724.5,02050104,3,1,100.0
01518500,"Crooked Creek At Tioga, Pa",41.902,-77.148,307.2,02050104,1,1,99.71
01518862,"Cowanesque River At Westfield, Pa",41.923,-77.532,233.9,02050104,0,1,100.0
01520000,"Cowanesque River Near Lawrenceville, Pa",41.997,-77.14,776.3,02050104,7,1,99.55
01521500,Canisteo River At Arkport Ny,42.396,-77.711,79.7,02050104,0,1,100.0
01523500,Canacadea Creek Near Hornell Ny,42.335,-77.683,151.7,02050104,0,1,100.0
01524500,Canisteo River Below Canacadea Creek At Hornell Ny,42.314,-77.651,407.7,02050104,5,1,100.0
01525500,Canisteo River At West Cameron Ny,42.222,-77.418,888.3,02050104,15,1,100.0
01525981,Tuscarora Creek Above South Addison Ny,42.072,-77.299,261.9,02050104,7,1,100.0
01526000,Tuscarora Cr Nr South Addison Ny,42.067,-77.284,295.2,02050104,1,1,100.0
01527000,Cohocton River At Cohocton Ny,42.5,-77.5,142.3,02050105,0,1,100.0
01527500,Cohocton River At Avoca Ny,42.398,-77.417,412.4,02050105,1,1,100.0
01528000,Fivemile Creek Near Kanona Ny,42.388,-77.358,174.9,02050105,1,1,100.0
01529000,Mud Creek Near Savona Ny,42.308,-77.197,202.8,02050105,3,1,100.0
01530500,Newtown Creek At Elmira Ny,42.105,-76.798,207.1,02050105,1,1,100.0
01532000,"Towanda Creek Near Monroeton, Pa",41.707,-76.485,553.9,02050106,2,1,100.0
01534300,"Lackawanna River Near Forest City, Pa",41.68,-75.472,98.5,02050107,2,1,98.13
01534500,"Lackawanna River At Archbald, Pa",41.505,-75.542,281.8,02050107,4,1,99.31
01534860,"Lackawanna R Bl Leggetts Creek At Scranton, Pa",41.441,-75.642,450.6,02050107,14,1,99.52
01536000,"Lackawanna River At Old Forge, Pa",41.359,-75.744,863.1,02050107,17,1,99.78
01537000,"Toby Creek At Luzerne, Pa",41.281,-75.896,85.4,02050107,3,1,100.0
01537500,"Solomon Creek At Wilkes-Barre, Pa",41.228,-75.904,44.4,02050107,5,1,100.0
01538000,"Wapwallopen Creek Near Wapwallopen, Pa",41.059,-76.094,103.1,02050107,0,1,50.58
01539000,"Fishing Creek Near Bloomsburg, Pa",41.078,-76.431,701.8,02050107,0,1,65.66
01541000,"West Branch Susquehanna River At Bower, Pa",40.897,-78.677,817.7,02050201,0,1,100.0
01541200,"Wb Susquehanna River Near Curwensville, Pa",40.961,-78.519,952.0,02050201,0,1,100.0
01541500,"Clearfield Creek At Dimeling, Pa",40.972,-78.406,960.2,02050201,0,1,100.0
01542000,"Moshannon Creek At Osceola Mills, Pa",40.85,-78.268,178.2,02050201,0,1,100.0
01542810,"Waldy Run Near Emporium, Pa",41.579,-78.293,13.6,02050202,0,1,100.0
01543000,"Driftwood Br Sinnemahoning Cr At Sterling Run, Pa",41.413,-78.197,705.5,02050202,0,1,100.0
01544000,"First Fork Sinnemahoning Cr Near Sinnemahoning, Pa",41.402,-78.024,635.0,02050202,0,1,100.0
01544500,"Kettle Creek At Cross Fork, Pa",41.476,-77.826,355.1,02050203,0,1,100.0
01545000,"Kettle Creek Near Westport, Pa",41.32,-77.874,604.3,02050203,0,1,100.0
01545600,"Young Womans Creek Near Renovo, Pa",41.39,-77.691,120.0,02050203,0,1,100.0
01546400,"Spring Creek At Houserville, Pa",40.834,-77.828,156.7,02050204,0,1,100.0
01546500,"Spring Creek Near Axemann, Pa",40.89,-77.794,223.7,02050204,0,1,100.0
01547100,"Spring Creek At Milesburg, Pa",40.932,-77.787,377.3,02050204,0,1,99.5
01547200,"Bald Eagle Creek Bl Spring Creek At Milesburg, Pa",40.943,-77.786,694.3,02050204,0,1,100.0
01547500,"Bald Eagle Creek At Blanchard, Pa",41.052,-77.604,878.2,02050204,0,1,100.0
01547700,"Marsh Creek At Blanchard, Pa",41.06,-77.606,113.5,02050204,0,1,100.0
01547950,"Beech Creek At Monument, Pa",41.112,-77.702,395.1,02050204,0,1,100.0
01549500,"Blockhouse Creek Near English Center, Pa",41.474,-77.231,97.5,02050205,0,1,100.0
01550000,"Lycoming Creek Near Trout Run, Pa",41.418,-77.033,452.7,02050206,0,1,93.85
01552500,"Muncy Creek Near Sonestown, Pa",41.357,-76.535,60.6,02050206,1,1,100.0
01553700,"Chillisquaque Creek At Washingtonville, Pa",41.062,-76.68,133.7,02050206,0,1,0.0
01554500,"Shamokin Creek Near Shamokin, Pa",40.81,-76.584,141.1,02050301,0,1,0.0
01555000,"Penns Creek At Penns Creek, Pa",40.867,-77.048,792.6,02050301,1,1,100.0
01555500,"East Mahantango Creek Near Dalmatia, Pa",40.611,-76.912,421.7,02050301,0,1,0.0
01556000,"Frankstown Br Juniata River At Williamsburg, Pa",40.463,-78.2,749.6,02050302,6,1,100.0
01557500,"Bald Eagle Creek At Tyrone, Pa",40.684,-78.234,115.3,02050302,0,1,100.0
01558000,"Little Juniata River At Spruce Creek, Pa",40.613,-78.141,572.5,02050302,0,1,100.0
01558098,"Spruce Creek Near Spruce Creek, Pa",40.618,-78.127,275.0,02050302,0,1,100.0
01560000,"Dunning Creek At Belden, Pa",40.072,-78.493,444.6,02050303,0,1,84.97
01564500,"Aughwick Creek Near Three Springs, Pa",40.213,-77.925,445.6,02050304,0,1,100.0
01565000,"Kishacoquillas Creek At Reedsville, Pa",40.655,-77.583,421.8,02050304,0,1,100.0
01566000,"Tuscarora Creek Near Port Royal, Pa",40.515,-77.419,543.7,02050304,0,1,100.0
01567500,"Bixler Run Near Loysville, Pa",40.371,-77.402,38.8,02050305,0,1,100.0
01568000,"Sherman Creek At Shermans Dale, Pa",40.323,-77.169,534.4,02050305,0,1,97.43
01568500,"Clark Creek Near Carsonville, Pa",40.46,-76.751,56.3,02050305,0,1,0.0
01569800,"Letort Spring Run Near Carlisle, Pa",40.235,-77.139,59.6,02050305,1,1,95.89
01571184,"Mountain Creek Near Pine Grove Furnace, Pa",40.031,-77.309,35.7,02050305,0,1,100.0
01571500,"Yellow Breeches Creek Near Camp Hill, Pa",40.225,-76.898,557.7,02050305,1,1,90.39
01572025,"Swatara Creek Near Pine Grove, Pa",40.533,-76.402,301.8,02050305,0,1,0.0
01572190,"Swatara Creek Near Inwood, Pa",40.479,-76.531,433.8,02050305,0,1,0.0
01572950,"Indiantown Run Near Harper Tavern, Pa",40.439,-76.598,14.3,02050305,0,1,0.0
01573000,"Swatara Creek At Harper Tavern, Pa",40.403,-76.577,871.7,02050305,0,1,0.0
01573482,"Manada Creek At Manada Gap, Pa",40.407,-76.709,22.9,02050305,0,1,0.0
01573825,"West Conewago Creek At East Berlin, Pa",39.941,-76.994,566.7,02050306,2,1,100.0
01573849,"Bermudian Creek At Oxford Road Nr Heidlersburg, Pa",39.98,-77.155,27.0,02050306,0,1,100.0
01574500,"Codorus Creek At Spring Grove, Pa",39.879,-76.853,195.8,02050306,0,1,100.0
01575000,"South Branch Codorus Creek Near York, Pa",39.921,-76.749,302.4,02050306,0,1,100.0
01575500,"Codorus Creek Near York, Pa",39.946,-76.755,573.7,02050306,1,1,100.0
01576500,"Conestoga River At Lancaster, Pa",40.05,-76.277,837.2,02050306,0,1,28.52
01576787,"Pequea Creek At Martic Forge, Pa",39.906,-76.328,389.0,02050306,1,1,85.71
01578475,"Octoraro Creek Near Richardsmere, Md",39.707,-76.115,457.9,02050306,5,1,100.0
01580000,"Deer Creek At Rocks, Md",39.63,-76.403,244.4,02050306,0,1,100.0
01580520,"Deer Creek Near Darlington, Md",39.617,-76.192,425.4,02050306,1,1,100.0
01580700,"Swan Creek At Swan Creek, Md",39.523,-76.142,32.8,02060003,0,1,100.0
01581500,"Bynum Run At Bel Air, Md",39.541,-76.33,21.7,02060003,6,1,100.0
01581649,"James Run Near Belcamp, Md",39.492,-76.259,25.1,02060003,1,1,100.0
01581690,"Bear Cabin Branch Near Bel Air, Md",39.545,-76.392,8.2,02060003,0,1,100.0
01581700,"Winters Run Near Benson, Md",39.52,-76.373,90.1,02060003,0,1,100.0
01581752,"Plumtree Run Near Bel Air, Md",39.496,-76.347,6.5,02060003,1,1,100.0
01581757,"Otter Point Creek Near Edgewood, Md",39.439,-76.306,139.0,02060003,6,1,100.0
01581810,"Gunpowder Falls At Hoffmanville, Md",39.69,-76.781,70.5,02060003,1,1,100.0
01581830,"Grave Run Near Beckleysville, Md",39.655,-76.781,19.8,02060003,1,1,100.0
01581870,"Georges Run Near Beckleysville, Md",39.626,-76.773,40.1,02060003,0,1,100.0
01581920,"Gunpowder Falls Near Parkton, Md",39.619,-76.69,211.0,02060003,1,1,100.0
01581960,"Beetree Run At Bentley Springs, Md",39.673,-76.675,25.5,02060003,0,1,100.0
01582000,"Little Falls At Blue Mount, Md",39.604,-76.62,139.2,02060003,0,1,100.0
01582500,"Gunpowder Falls At Glencoe, Md",39.55,-76.636,413.8,02060003,0,1,100.0
01583000,"Slade Run Near Glyndon, Md",39.495,-76.795,5.3,02060003,0,1,100.0
01583100,"Piney Run At Dover, Md",39.521,-76.767,32.0,02060003,0,1,100.0
01583500,"Western Run At Western Run, Md",39.511,-76.677,155.8,02060003,0,1,100.0
01583580,"Baisman Run At Broadmoor, Md",39.479,-76.678,3.9,02060003,0,1,100.0
01583600,"Beaverdam Run At Cockeysville, Md",39.486,-76.646,53.6,02060003,0,1,100.0
01584050,"Long Green Creek At Glen Arm, Md",39.455,-76.479,24.1,02060003,0,1,100.0
01584500,"Little Gunpowder Falls At Laurel Brook, Md",39.505,-76.432,93.5,02060003,1,1,100.0
01585090,"Whitemarsh Run Near Fullerton, Md",39.38,-76.496,6.9,02060003,1,1,100.0
01585095,"North Fork Whitemarsh Run Near White Marsh, Md",39.386,-76.469,3.4,02060003,0,1,100.0
01585100,"Whitemarsh Run At White Marsh, Md",39.371,-76.446,19.7,02060003,4,1,100.0
01585104,"Honeygo Run Near White Marsh, Md",39.383,-76.433,6.1,02060003,3,1,100.0
01585200,"West Branch Herring Run At Idlewylde, Md",39.374,-76.584,6.0,02060003,0,1,100.0
01585230,"Moores Run At Radecke Ave At Baltimore, Md",39.33,-76.535,9.1,02060003,0,1,100.0
01585300,"Stemmers Run At Rossville, Md",39.341,-76.488,11.6,02060003,0,1,100.0
01585400,"Brien Run At Stemmers Run, Md",39.334,-76.473,5.0,02060003,0,1,100.0
01585500,"Cranberry Branch Near Westminster, Md",39.593,-76.968,8.4,02060003,1,1,100.0
01586000,"North Branch Patapsco River At Cedarhurst, Md",39.504,-76.885,144.5,02060003,1,1,100.0
01586210,"Beaver Run Near Finksburg, Md",39.489,-76.903,36.5,02060003,0,1,100.0
01586610,"Morgan Run Near Louisville, Md",39.452,-76.955,72.7,02060003,0,1,100.0
01587500,"South Branch Patapsco River At Henryton, Md",39.351,-76.914,166.7,02060003,7,1,100.0
01589000,"Patapsco River At Hollofield, Md",39.31,-76.792,738.8,02060003,1,1,100.0
01589100,"East Branch Herbert Run At Arbutus, Md",39.24,-76.692,6.4,02060003,0,1,100.0
01589197,"Gwynns Falls Near Delight, Md",39.443,-76.783,10.6,02060003,1,1,100.0
01589290,"Scotts Level Branch At Rockdale, Md",39.362,-76.761,8.7,02060003,0,1,100.0
01589300,"Gwynns Falls At Villa Nova, Md",39.346,-76.733,84.5,02060003,2,1,100.0
01589305,"Powder Mill Run Near Lochearn, Md",39.335,-76.711,9.2,02060003,2,1,100.0
01589312,"Dead Run Near Catonsville, Md",39.296,-76.744,2.0,02060003,1,1,100.0
01589317,"Tributary To Dead Run Tributary At Woodlawn, Md",39.327,-76.745,1.2,02060003,0,1,100.0
01589330,"Dead Run At Franklintown, Md",39.311,-76.717,14.2,02060003,1,1,100.0
01589352,"Gwynns Falls At Washington Blvd At Baltimore, Md",39.272,-76.649,159.1,02060003,3,1,100.0
01589440,"Jones Falls At Sorrento, Md",39.392,-76.661,65.1,02060003,0,1,100.0
01589500,"Sawmill Creek At Glen Burnie, Md",39.17,-76.631,12.6,02060003,0,1,100.0
01589795,"South Fork Jabez Branch At Millersville, Md",39.068,-76.652,2.5,02060004,0,1,100.0
01590000,"North River Near Annapolis, Md",38.986,-76.622,22.2,02060004,1,1,100.0
01591000,"Patuxent River Near Unity, Md",39.238,-77.056,89.0,02060006,1,1,100.0
01591400,"Cattail Creek Near Glenwood, Md",39.256,-77.051,59.1,02060006,0,1,100.0
01591610,Patuxent River Below Brighton Dam Near Brighton Md,39.192,-77.004,205.3,02060006,0,1,100.0
01591700,"Hawlings River Near Sandy Spring, Md",39.175,-77.022,70.3,02060006,0,1,100.0
01592500,"Patuxent River Near Laurel, Md",39.116,-76.874,344.2,02060006,1,1,100.0
01593500,"Little Patuxent River At Guilford, Md",39.168,-76.851,98.0,02060006,2,1,100.0
01594000,"Little Patuxent River At Savage, Md",39.134,-76.816,254.4,02060006,0,1,100.0
01594400,"Dorsey Run Near Jessup, Md",39.12,-76.782,30.8,02060006,0,1,100.0
01594440,"Patuxent River Near Bowie, Md",38.956,-76.694,906.6,02060006,3,1,100.0
01594500,"Western Branch Near Largo, Md",38.876,-76.798,78.8,02060006,1,1,100.0
01594526,"Western Branch At Upper Marlboro, Md",38.814,-76.749,233.6,02060006,1,1,100.0
01594930,"Laurel Run At Dobbin Rd Near Wilson, Md",39.244,-79.428,21.5,02070002,0,1,0.0
01594936,"North Fork Sand Run Near Wilson, Md",39.26,-79.41,5.0,02070002,0,1,30.43
01594950,"Mcmillan F Near Fort Pendleton, Md",39.277,-79.39,6.1,02070002,0,1,100.0
01595000,"North Branch Potomac River At Steyer, Md",39.302,-79.307,190.1,02070002,0,1,83.98
01595200,"Stony River Near Mount Storm, Wv",39.27,-79.262,126.4,02070002,0,1,100.0
01595300,"Abram Creek At Oakmont, Wv",39.367,-79.179,107.2,02070002,0,1,31.37
01595500,"North Branch Potomac River At Kitzmiller, Md",39.394,-79.182,587.5,02070002,0,1,66.67
01595800,"North Branch Potomac River At Barnum, Wv",39.445,-79.111,693.9,02070002,0,1,0.0
01596500,"Savage River Near Barton, Md",39.57,-79.102,124.7,02070002,2,1,100.0
01597000,"Crabtree Creek Near Swanton, Md",39.5,-79.159,43.5,02070002,0,1,96.36
01597500,"Savage Riv Bl Savage Riv Dam Near Bloomington, Md",39.503,-79.124,276.0,02070002,0,1,99.19
01598650,"Sand Spring Run At Frostburg, Md",39.647,-78.936,9.4,02070002,0,1,100.0
01599000,"Georges Creek At Franklin, Md",39.494,-79.045,188.5,02070002,4,1,98.91
01601000,"Wills Creek Below Hyndman, Pa",39.812,-78.716,378.0,02070002,1,1,99.24
01601500,"Wills Creek Near Cumberland, Md",39.67,-78.788,641.4,02070002,6,1,92.81
01603500,"Evitts Creek Near Centerville, Pa",39.79,-78.646,78.7,02070002,0,1,100.0
01604500,"Patterson Creek Near Headsville, Wv",39.443,-78.822,570.8,02070002,2,1,100.0
01605500,"South Branch Potomac River At Franklin, Wv",38.636,-79.338,463.8,02070001,0,1,14.22
01606000,"N F South Branch Potomac River At Cabins, Wv",38.985,-79.234,805.0,02070001,0,1,62.57
01607500,"S F South Branch Potomac River At Brandywine, Wv",38.632,-79.244,267.2,02070001,0,1,85.71
01608000,"S F South Branch Potomac River Nr Moorefield, Wv",39.012,-78.956,717.6,02070001,0,1,51.83
01609000,"Town Creek Near Oldtown, Md",39.553,-78.555,386.4,02070003,0,1,100.0
01610155,"Sideling Hill Creek Near Bellegrove, Md",39.65,-78.344,266.2,02070003,2,1,100.0
01613050,"Tonoloway Creek Near Needmore, Pa",39.898,-78.132,27.9,02070004,0,1,100.0
01613095,"Tonoloway Creek Near Hancock, Md",39.706,-78.153,292.6,02070004,1,1,100.0
01613525,"Licking Creek At Pectonville, Md",39.678,-78.037,502.1,02070004,0,1,100.0
01613900,"Hogue Creek Near Hayfield, Va",39.215,-78.288,41.5,02070004,0,1,0.0
01614000,"Back Creek Near Jones Springs, Wv",39.512,-78.037,607.4,02070004,0,1,100.0
01614090,"Conococheague Creek Near Fayetteville, Pa",39.93,-77.439,12.9,02070004,0,1,100.0
01614830,"Opequon Creek Near Stephens City, Va",39.109,-78.205,39.1,02070004,0,1,100.0
01615000,"Opequon Creek Near Berryville, Va",39.175,-78.078,149.5,02070004,0,1,100.0
01616000,"Abrams Creek Near Winchester, Va",39.178,-78.086,44.6,02070004,0,1,33.01
01616100,"Dry Marsh Run Near Berryville, Va",39.193,-78.069,28.4,02070004,0,1,49.63
01616500,"Opequon Creek Near Martinsburg, Wv",39.424,-77.939,706.4,02070004,1,1,100.0
01617000,"Tuscarora Creek Above Martinsburg, Wv",39.47,-77.971,29.9,02070004,0,1,100.0
01617800,"Marsh Run At Grimes, Md",39.515,-77.777,48.4,02070004,0,1,100.0
01619000,"Antietam Creek Near Waynesboro, Pa",39.716,-77.607,244.0,02070004,1,1,100.0
01619500,"Antietam Creek Near Sharpsburg, Md",39.45,-77.73,728.4,02070004,2,0,100.0
01620500,"North River Near Stokesville, Va",38.338,-79.24,44.7,02070005,0,1,0.0
01621050,"Muddy Creek At Mount Clinton, Va",38.487,-78.96,37.2,02070005,0,1,0.0
01622000,"North River Near Burketown, Va",38.34,-78.914,970.5,02070005,0,1,0.0
01624800,"Christians Creek Near Fishersville, Va",38.128,-78.994,187.4,02070005,0,1,0.0
01625000,"Middle River Near Grottoes, Va",38.262,-78.862,964.1,02070005,0,1,3.47
01626000,"South River Near Waynesboro, Va",38.058,-78.908,328.7,02070005,0,1,0.0
01626850,"South River Near Dooms, Va",38.089,-78.877,384.0,02070005,0,1,10.05
01627500,"South River At Harriston, Va",38.219,-78.837,547.3,02070005,0,1,32.62
01630700,"Gooney Run Near Glen Echo, Va",38.835,-78.232,58.8,02070005,0,1,57.35
01632000,"N F Shenandoah River At Cootes Store, Va",38.637,-78.853,543.4,02070006,0,1,56.55
01632082,"Linville Creek At Broadway, Va",38.607,-78.803,115.9,02070006,0,1,0.0
01632900,"Smith Creek Near New Market, Va",38.693,-78.643,245.0,02070006,0,1,0.0
01634500,"Cedar Creek Near Winchester, Va",39.081,-78.329,264.0,02070006,1,1,100.0
01635090,"Cedar Creek Above Hwy 11 Near Middletown, Va",39.007,-78.316,397.5,02070006,0,1,67.49
01635500,"Passage Creek Near Buckton, Va",38.958,-78.267,224.2,02070006,0,1,50.0
01636210,"Happy Creek At Front Royal, Va",38.906,-78.186,36.4,02070005,0,1,51.72
01636242,"Crooked Run Below Hwy 340 At Riverton, Va",38.955,-78.197,121.2,02070007,0,1,53.54
01636316,"Spout Run At Rt 621 Near Millwood, Va",39.067,-78.004,57.3,02070007,0,1,100.0
01636690,"Piney Run Near Lovettsville, Va",39.311,-77.719,35.4,02070008,0,1,100.0
01637500,"Catoctin Creek Near Middletown, Md",39.427,-77.556,174.3,02070008,0,1,64.68
01638350,"S F Catoctin Creek At Rt 698 Near Waterford, Va",39.191,-77.615,81.9,02070008,0,1,100.0
01638420,"N F Catoctin Creek At Rt 681 Near Waterford, Va",39.205,-77.624,60.1,02070008,1,1,100.0
01638480,"Catoctin Creek At Taylorstown, Va",39.255,-77.576,232.0,02070008,0,1,100.0
01639000,"Monocacy River At Bridgeport, Md",39.679,-77.234,448.6,02070009,0,1,100.0
01639500,"Big Pipe Creek At Bruceville, Md",39.612,-77.237,267.2,02070009,2,1,100.0
01640500,"Owens Creek At Lantz, Md",39.677,-77.464,15.8,02070009,0,1,37.5
01641000,"Hunting Creek At Jimtown, Md",39.594,-77.397,49.1,02070009,0,1,57.41
01641500,"Fishing Creek Near Lewistown, Md",39.527,-77.467,18.9,02070009,0,1,73.33
01642438,"Linganore Creek Near Libertytown, Md",39.441,-77.27,146.7,02070009,0,1,100.0
01642500,"Linganore Creek Near Frederick, Md",39.415,-77.333,213.5,02070009,1,1,100.0
01643395,"Soper Branch At Hyattstown, Md",39.275,-77.303,3.3,02070009,0,1,100.0
01643500,"Bennett Creek At Park Mills, Md",39.294,-77.407,163.8,02070009,1,1,100.0
01643590,"Limestone Branch Near Leesburg, Va",39.168,-77.536,21.8,02070008,0,1,100.0
01643700,"Goose Creek Near Middleburg, Va",38.986,-77.797,315.1,02070008,0,1,100.0
01643805,"N F Goose Creek At Rt 729 Near Lincoln, Va",39.072,-77.684,98.7,02070008,0,1,100.0
01643880,"Beaverdam Creek At Rt 734 Near Mountville, Va",39.038,-77.722,122.6,02070008,0,1,100.0
01644000,"Goose Creek Near Leesburg, Va",39.02,-77.577,859.2,02070008,0,1,100.0
01644280,"Broad Run Near Leesburg, Va",39.046,-77.432,196.9,02070008,2,1,100.0
01644371,"Little Seneca Creek Tributary Near Clarksburg, Md",39.231,-77.256,1.2,02070008,0,1,100.0
01644375,"Little Seneca Creek Tributary Near Germantown, Md",39.199,-77.275,3.3,02070008,0,1,100.0
01644380,"Cabin Branch Near Boyds, Md",39.207,-77.289,2.2,02070008,0,1,100.0
01644600,"Great Seneca Creek Near Quince Orchard, Md",39.133,-77.268,139.2,02070008,2,1,100.0
01645000,"Seneca Creek At Dawsonville, Md",39.128,-77.336,262.4,02070008,0,1,100.0
01645200,"Watts Branch At Rockville, Md",39.084,-77.177,9.6,02070008,0,1,100.0
01645704,"Difficult Run Above Fox Lake Near Fairfax, Va",38.885,-77.332,14.2,02070008,0,1,100.0
01645762,"S F Little Difficult Run Above Mouth Nr Vienna, Va",38.909,-77.338,7.0,02070008,0,1,100.0
01646000,"Difficult Run Near Great Falls, Va",38.976,-77.246,149.9,02070008,9,1,100.0
01646305,"Dead Run At Whann Avenue Near Mclean, Va",38.96,-77.176,5.4,02070008,1,1,100.0
01646550,"Little Falls Branch Near Bethesda, Md",38.958,-77.108,10.5,02070008,2,1,100.0
01647850,"Turkey Branch Near Rockville, Md",39.069,-77.081,7.0,02070010,1,1,100.0
01648000,"Rock Creek At Sherrill Drive Washington, Dc",38.972,-77.04,136.8,02070010,11,1,100.0
01649150,"Paint Branch Tributary Near Colesville, Md",39.088,-76.989,2.7,02070010,0,1,100.0
01649190,"Paint Branch Near College Park, Md",39.033,-76.964,34.0,02070010,0,1,100.0
01649500,"Northeast Branch Anacostia River At Riverdale, Md",38.96,-76.926,188.1,02070010,9,1,100.0
01650500,"Northwest Branch Anacostia River Nr Colesville, Md",39.066,-77.029,54.8,02070010,2,1,100.0
01650800,"Sligo Creek Near Takoma Park, Md",38.986,-77.005,16.7,02070010,9,1,100.0
01651000,"Northwest Br Anacostia River Nr Hyattsville, Md",38.952,-76.966,127.8,02070010,15,1,100.0
01651800,"Watts Branch At Washington, Dc",38.901,-76.942,8.6,02070010,1,1,100.0
01652500,"Fourmile Run At Alexandria, Va",38.843,-77.086,34.6,02070010,4,1,100.0
01653000,"Cameron Run At Alexandria, Va",38.807,-77.11,87.3,02070010,5,1,100.0
01653500,"Henson Creek At Oxon Hill, Md",38.788,-76.978,44.8,02070010,0,1,100.0
01653600,"Piscataway Creek At Piscataway, Md",38.706,-76.966,102.7,02070010,0,1,100.0
01654000,"Accotink Creek Near Annandale, Va",38.813,-77.228,60.7,02070010,16,1,100.0
01655500,"Cedar Run Near Warrenton, Va",38.74,-77.787,34.0,02070010,0,1,100.0
01656000,"Cedar Run Near Catlett, Va",38.637,-77.625,241.3,02070010,4,1,100.0
01656500,"Broad Run At Buckland, Va",38.781,-77.672,130.7,02070010,2,1,100.0
01656903,"Flatlick Branch Above Frog Branch At Chantilly, Va",38.882,-77.432,10.9,02070010,1,1,100.0
01657000,"Bull Run Near Manassas, Va",38.798,-77.457,382.4,02070010,5,1,100.0
01658000,"Mattawoman Creek Near Pomonkey, Md",38.596,-77.056,143.7,02070011,0,1,100.0
01658500,"S F Quantico Creek Near Independent Hill, Va",38.587,-77.429,19.3,02070011,0,1,100.0
01659000,"N Branch Chopawamsic Cr Nr Independent Hill, Va",38.565,-77.426,15.0,02070011,0,1,100.0
01659500,"M Branch Chopawamsic Creek Nr Garrisonville, Va",38.557,-77.425,11.6,02070011,0,1,100.0
01660000,"S Branch Chopawamsic Creek Nr Garrisonville, Va",38.54,-77.425,6.2,02070011,0,1,100.0
01660400,"Aquia Creek Near Garrisonville, Va",38.49,-77.434,90.7,02070011,0,1,100.0
01660920,"Zekiah Swamp Run Near Newtown, Md",38.491,-76.927,208.5,02070011,1,1,100.0
01661000,"Chaptico Creek At Chaptico, Md",38.379,-76.782,27.3,02070011,0,1,100.0
01661050,"St Clements Creek Near Clements, Md",38.333,-76.725,47.9,02070011,0,1,100.0
01661500,"St Marys River At Great Mills, Md",38.242,-76.504,65.4,02070011,1,1,100.0
01661800,"Bush Mill Stream Near Heathsville, Va",37.877,-76.495,18.7,02080102,0,1,100.0
01662000,"Rappahannock River Near Warrenton, Va",38.685,-77.904,506.1,02080103,0,1,87.64
01662500,"Rush River At Washington, Va",38.714,-78.151,37.9,02080103,0,1,37.84
01662800,"Battle Run Near Laurel Mills, Va",38.656,-78.074,66.7,02080103,0,1,66.67
01663500,"Hazel River At Rixeyville, Va",38.592,-77.965,739.3,02080103,4,1,100.0
01665000,"Mountain Run Near Culpeper, Va",38.478,-78.049,41.8,02080103,0,1,100.0
01665500,"Rapidan River Near Ruckersville, Va",38.281,-78.34,296.6,02080103,6,1,82.41
01666500,"Robinson River Near Locust Dale, Va",38.325,-78.096,463.1,02080103,4,1,100.0
01668500,"Cat Point Creek Near Montross, Va",38.04,-76.827,113.4,02080104,3,1,100.0
01668800,"Hoskins Creek Near Tappahannock, Va",37.927,-76.954,40.0,02080104,0,1,100.0
01669000,"Piscataway Creek Near Tappahannock, Va",37.877,-76.901,71.8,02080104,0,1,100.0
01669500,"Dragon Swamp Near Church View, Va",37.685,-76.727,218.7,02080102,0,1,100.0
01669520,"Dragon Swamp At Mascot, Va",37.634,-76.696,277.4,02080102,0,1,100.0
01670000,"Beaverdam Swamp Near Ark, Va",37.471,-76.563,18.7,02080102,0,1,100.0
01670400,"North Anna River Near Partlow, Va",38.013,-77.701,886.6,02080106,3,1,100.0
01671100,"Little River Near Doswell, Va",37.873,-77.513,277.7,02080106,0,1,100.0
01671500,"Bunch Creek Near Boswells Tavern, Va",38.032,-78.191,11.3,02080106,0,1,100.0
01673500,"Totopotomoy Creek Near Atlee, Va",37.669,-77.382,15.1,02080106,0,1,100.0
01673550,"Totopotomoy Creek Near Studley, Va",37.663,-77.258,65.3,02080106,0,1,100.0
01673638,"Cohoke Mill Creek Near Lester Manor, Va",37.627,-76.962,22.3,02080106,0,1,100.0
01673800,"Po River Near Spotsylvania, Va",38.172,-77.595,200.8,02080105,1,1,100.0
01674000,"Mattaponi River Near Bowling Green, Va",38.062,-77.386,665.6,02080105,3,1,100.0
02011400,"Jackson River Near Bacova, Va",38.042,-79.881,407.7,02080201,0,1,24.59
02011460,"Back Creek Near Sunrise, Va",38.245,-79.769,156.3,02080201,0,1,50.0
02011470,"Back Creek At Sunrise, Va",38.19,-79.812,200.4,02080201,0,1,27.65
02011490,"Little Back Creek Near Sunrise, Va",38.215,-79.838,12.8,02080201,0,1,100.0
02011500,"Back Creek Near Mountain Grove, Va",38.07,-79.897,348.0,02080201,0,1,0.0
02011800,"Jackson River Bl Gathright Dam Nr Hot Spgs, Va",37.948,-79.949,895.1,02080201,0,1,0.0
02013000,"Dunlap Creek Near Covington, Va",37.803,-80.047,424.8,02080201,0,1,100.0
02014000,"Potts Creek Near Covington, Va",37.729,-80.042,396.8,02080201,1,1,100.0
02015700,"Bullpasture River At Williamsville, Va",38.195,-79.57,285.4,02080201,0,1,0.0
02017500,"Johns Creek At New Castle, Va",37.506,-80.107,276.1,02080201,1,1,100.0
02018000,"Craig Creek At Parr, Va",37.666,-79.911,852.3,02080201,0,1,66.67
02018500,"Catawba Creek Near Catawba, Va",37.468,-80.005,91.6,02080201,0,1,14.03
02020500,"Calfpasture River Above Mill Creek At Goshen, Va",37.988,-79.494,365.6,02080202,0,1,0.0
02021500,"Maury River At Rockbridge Baths, Va",37.907,-79.422,851.7,02080202,0,1,0.0
02022500,"Kerrs Creek Near Lexington, Va",37.826,-79.443,91.1,02080202,0,1,16.83
02024915,"Pedlar River At Forest Road Near Buena Vista, Va",37.697,-79.278,71.0,02080203,0,1,52.56
02027000,"Tye River Near Lovingston, Va",37.715,-78.982,240.8,02080203,0,1,12.35
02027500,"Piney River At Piney River, Va",37.702,-79.028,123.3,02080203,0,1,0.0
02027800,"Buffalo River Near Tye River, Va",37.606,-78.923,377.8,02080203,0,1,5.54
02028500,"Rockfish River Near Greenfield, Va",37.87,-78.823,245.5,02080203,0,1,9.76
02030000,"Hardware River Bl Briery Run Nr Scottsville, Va",37.813,-78.455,299.5,02080203,0,1,1.31
02030500,"Slate River Near Arvonia, Va",37.703,-78.378,586.0,02080203,0,1,0.0
02031000,"Mechums River Near White Hall, Va",38.103,-78.593,245.9,02080204,6,1,100.0
02032250,"Moormans River Near Free Union, Va",38.141,-78.556,199.6,02080204,1,1,100.0
02032640,"N F Rivanna River Near Earlysville, Va",38.163,-78.425,280.3,02080204,6,1,100.0
02032680,"N F Rivanna River Near Proffit, Va",38.088,-78.412,453.1,02080204,4,1,98.89
02034500,"Willis River At Lakeside Village, Va",37.667,-78.166,681.2,02080205,0,1,55.68
02036500,"Fine Creek At Fine Creek Mills, Va",37.598,-77.82,58.2,02080205,2,1,100.0
02038000,"Falling Creek Near Chesterfield, Va",37.444,-77.522,87.7,02080206,10,1,100.0
02038850,"Holiday Creek Near Andersonville, Va",37.415,-78.636,22.0,02080207,0,1,0.0
02039000,"Buffalo Creek Near Hampden Sydney, Va",37.257,-78.486,180.1,02080207,0,1,64.79
02039500,"Appomattox River At Farmville, Va",37.307,-78.389,784.8,02080207,0,1,62.5
02041000,"Deep Creek Near Mannboro, Va",37.283,-77.87,409.3,02080207,6,1,100.0
02042500,"Chickahominy River Near Providence Forge, Va",37.436,-77.061,646.9,02080206,35,1,100.0
02043500,"Cypress Swamp At Cypress Chapel, Va",36.623,-76.602,59.8,03010205,0,1,100.0
02044000,"Nottoway River Near Burkeville, Va",37.078,-78.197,100.5,03010201,0,1,100.0
02044500,"Nottoway River Near Rawlings, Va",36.983,-77.8,819.8,03010201,4,1,100.0
02046000,"Stony Creek Near Dinwiddie, Va",37.067,-77.602,288.5,03010201,0,1,100.0
02047500,"Blackwater River Near Dendron, Va",37.025,-76.875,743.8,03010202,29,1,94.62
02051000,"North Meherrin River Near Lunenburg, Va",36.997,-78.35,144.8,03010204,1,1,100.0
02051600,"Great Creek Near Cochran, Va",36.813,-77.922,79.9,03010204,1,1,100.0
02052500,"Fountains Creek Near Brink, Va",36.615,-77.7,179.5,03010204,0,1,100.0
02053200,"Potecasi Creek Near Union, Nc",36.371,-77.026,583.7,03010204,2,1,100.0
02053500,"Ahoskie Creek At Ahoskie, Nc",36.28,-76.999,165.9,03010203,1,1,100.0
02053800,"S F Roanoke River Near Shawsville, Va",37.14,-80.266,280.7,03010101,1,1,97.86
02054500,"Roanoke River At Lafayette, Va",37.237,-80.209,661.3,03010101,6,1,100.0
02054530,"Roanoke River At Glenvar, Va",37.268,-80.139,730.6,03010101,0,1,100.0
02055000,"Roanoke River At Roanoke, Va",37.258,-79.939,996.6,03010101,6,1,91.47
02055100,"Tinker Creek Near Daleville, Va",37.418,-79.935,30.5,03010101,0,1,68.97
02056650,"Back Creek Near Dundee, Va",37.228,-79.868,144.7,03010101,0,1,100.0
02056900,"Blackwater River Near Rocky Mount, Va",37.045,-79.844,298.1,03010101,5,1,100.0
02058400,"Pigg River Near Sandy Level, Va",36.946,-79.525,887.8,03010101,0,1,100.0
02059485,"Goose Creek At Rt 747 Near Bunker Hill, Va",37.266,-79.588,323.0,03010101,3,1,100.0
02059500,"Goose Creek Near Huddleston, Va",37.173,-79.52,485.4,03010101,0,1,100.0
02061000,"Big Otter River Near Bedford, Va",37.364,-79.419,295.6,03010101,0,1,61.27
02061500,"Big Otter River Near Evington, Va",37.208,-79.304,815.3,03010101,0,1,0.0
02064000,"Falling River Near Naruna, Va",37.127,-78.96,427.8,03010102,0,1,0.0
02065500,"Cub Creek At Phenix, Va",37.079,-78.764,252.6,03010102,0,1,0.0
02066500,"Roanoke Creek At Saxe, Va",36.93,-78.665,350.4,03010102,0,1,51.72
02068500,"Dan River Near Francisco, Nc",36.515,-80.303,321.7,03010103,0,1,100.0
02069700,"South Mayo River Near Nettleridge, Va",36.571,-80.129,221.1,03010103,1,1,100.0
02070000,"North Mayo River Near Spencer, Va",36.568,-79.987,270.6,03010103,0,1,100.0
02070500,"Mayo River Near Price, Nc",36.534,-79.991,672.6,03010103,1,1,100.0
02071530,"Smith River At Smith Riv Church Nr Woolwine, Va",36.778,-80.249,68.1,03010103,1,1,100.0
02072000,"Smith River Near Philpott, Va",36.781,-80.025,557.7,03010103,6,1,100.0
02072500,"Smith River At Bassett, Va",36.77,-80.001,670.1,03010103,1,1,100.0
02073000,"Smith River At Martinsville, Va",36.661,-79.881,982.5,03010103,2,1,100.0
02074500,"Sandy River Near Danville, Va",36.62,-79.504,288.5,03010103,0,1,100.0
02076500,"Georges Creek Near Gretna, Va",36.937,-79.311,25.1,03010105,0,1,0.0
02077200,"Hyco Creek Near Leasburg, Nc",36.398,-79.197,121.7,03010104,0,1,100.0
02077303,"Hyco R Bl Abay D Nr Mcgehees Mill, Nc",36.523,-78.998,526.7,03010104,3,1,100.0
02077500,"Hyco River Near Denniston, Va",36.588,-78.899,746.8,03010104,1,1,100.0
02077670,"Mayo Cr Nr Bethel Hill, Nc",36.541,-78.872,137.3,03010104,0,1,100.0
02079640,"Allen Creek Near Boydton, Va",36.68,-78.327,138.8,03010106,0,1,100.0
02081500,"Tar River Near Tar River, Nc",36.194,-78.583,428.4,03020101,3,1,100.0
02082770,"Swift Creek At Hilliardston, Nc",36.112,-77.92,447.1,03020101,3,1,100.0
02082950,"Little Fishing Creek Near White Oak, Nc",36.183,-77.876,460.9,03020102,0,1,100.0
02083800,"Conetoe Creek Near Bethel, Nc",35.776,-77.462,187.2,03020103,0,1,100.0
02084160,"Chicod Cr At Sr1760 Near Simpson, Nc",35.562,-77.231,109.0,03020103,0,1,100.0
02084557,"Van Swamp Near Hoke, Nc",35.731,-76.746,56.1,03020104,0,0,100.0
02085000,"Eno River At Hillsborough, Nc",36.071,-79.096,170.9,03020201,4,1,100.0
02085070,"Eno River Near Durham, Nc",36.072,-78.908,367.8,03020201,3,1,100.0
02085220,"Little River Near Orange Factory, Nc",36.139,-78.906,208.1,03020201,1,1,100.0
02085500,"Flat River At Bahama, Nc",36.183,-78.879,384.7,03020201,3,1,100.0
02086000,"Dial Creek Near Bahama, Nc",36.177,-78.856,12.3,03020201,0,1,100.0
02086500,"Flat River At Dam Near Bahama, Nc",36.149,-78.829,434.7,03020201,0,1,100.0
02086624,"Knap Of Reeds Creek Near Butner, Nc",36.128,-78.798,108.6,03020201,0,1,100.0
02086849,"Ellerbe Creek Near Gorman, Nc",36.059,-78.833,56.7,03020201,4,1,100.0
02087275,"Crabtree Creek At Hwy 70 At Raleigh, Nc",35.838,-78.674,253.6,03020201,9,1,100.0
02087324,"Crabtree Creek At Us 1 At Raleigh, Nc",35.811,-78.611,315.4,03020201,16,1,100.0
02087359,"Walnut Creek At Sunnybrook Drive Nr Raleigh, Nc",35.758,-78.583,77.0,03020201,18,1,100.0
02087580,"Swift Creek Near Apex, Nc",35.719,-78.752,53.9,03020201,4,1,100.0
02088000,"Middle Creek Near Clayton, Nc",35.571,-78.591,201.5,03020201,1,1,100.0
02088383,"Little River Near Zebulon, Nc",35.822,-78.352,145.6,03020201,0,1,100.0
02088470,"Little River Near Kenly, Nc",35.589,-78.188,489.7,03020201,1,1,100.0
02088500,"Little River Near Princeton, Nc",35.511,-78.16,594.2,03020201,1,1,100.0
02090380,"Contentnea Creek Near Lucama, Nc",35.691,-78.11,408.7,03020203,2,1,100.0
02091000,"Nahunta Swamp Near Shine, Nc",35.489,-77.806,203.4,03020203,1,1,100.0
02091700,"Little Contentnea Creek Near Farmville, Nc",35.545,-77.511,247.8,03020203,0,1,100.0
02092000,"Swift Creek Near Vanceboro, Nc",35.345,-77.196,478.4,03020202,2,1,100.0
02092500,"Trent River Near Trenton, Nc",35.064,-77.461,447.6,03020204,5,1,100.0
02093000,"New River Near Gum Branch, Nc",34.849,-77.519,202.1,03020302,0,1,100.0
02093500,"Haw River Near Benaja, Nc",36.25,-79.566,435.9,03030002,1,1,100.0
02093800,"Reedy Fork Near Oak Ridge, Nc",36.172,-79.953,53.3,03030002,0,1,6.35
02093877,"Brush Creek At Muirfield Rd At Greensboro, Nc",36.128,-79.924,13.7,03030002,0,1,94.74
02094500,"Reedy Fork Near Gibsonville, Nc",36.173,-79.614,340.7,03030002,0,1,79.89
02094659,"South Buffalo Creek Nr Pomona, Nc",36.049,-79.855,19.2,03030002,2,1,100.0
02094770,"South Buffalo Creek At Us 220 At Greensboro, Nc",36.038,-79.8,40.4,03030002,2,1,100.0
02094775,"Ryan Creek Below Us 220 At Greensboro, Nc",36.031,-79.796,9.8,03030002,0,1,100.0
02095000,"South Buffalo Cr Near Greensboro, Nc",36.06,-79.726,88.7,03030002,2,1,100.0
02095181,"N Buffalo Cr At Westover Terrace At Greensboro, Nc",36.079,-79.813,24.8,03030002,4,1,100.0
02095271,"North Buffalo Creek At Church St At Greensboro, Nc",36.098,-79.782,37.7,03030002,1,1,100.0
02095500,"North Buffalo Creek Near Greensboro, Nc",36.121,-79.708,96.1,03030002,1,1,100.0
02096700,"Big Alamance Creek Near Elon College, Nc",36.039,-79.524,300.6,03030002,0,1,100.0
02096846,"Cane Creek Near Orange Grove, Nc",35.987,-79.206,19.6,03030002,1,1,100.0
02097280,"Third Fork Cr At Woodcroft Parkway Nr Blands, Nc",35.923,-78.952,38.4,03030002,4,1,100.0
02097314,"New Hope Creek Near Blands, Nc",35.885,-78.965,197.3,03030002,6,1,100.0
02097464,"Morgan Creek Near White Cross, Nc",35.924,-79.115,21.5,03030002,1,1,100.0
02097517,"Morgan Creek Near Chapel Hill, Nc",35.893,-79.02,106.9,03030002,7,1,100.0
02098000,"New Hope River Near Pittsboro, Nc",35.737,-79.026,739.1,03030002,21,1,100.0
02099000,"East Fork Deep River Near High Point, Nc",36.037,-79.946,37.6,03030003,1,1,81.25
02099500,"Deep River Near Randleman, Nc",35.904,-79.853,327.5,03030003,0,1,76.54
02100500,"Deep River At Ramseur, Nc",35.726,-79.656,920.5,03030003,3,1,100.0
02101000,"Bear Creek At Robbins, Nc",35.434,-79.594,354.8,03030003,2,1,100.0
02101726,"Rocky R At Us 64 Near Siler City, Nc",35.735,-79.423,178.6,03030003,0,1,100.0
02101800,"Tick Creek Near Mount Vernon Springs, Nc",35.66,-79.402,39.6,03030003,0,1,100.0
02102192,"Buckhorn Creek Nr Corinth, Nc",35.56,-78.974,196.8,03030004,3,1,100.0
02102908,"Flat Creek Near Inverness, Nc",35.183,-79.177,19.7,03030004,0,1,100.0
02103000,"Little River At Manchester, Nc",35.193,-78.986,895.4,03030004,6,1,100.0
02104220,"Rockfish Creek At Raeford, Nc",35.0,-79.215,241.8,03030004,1,1,100.0
02105900,"Hood Creek Near Leland, Nc",34.279,-78.125,58.9,03030005,1,1,100.0
02106000,"Little Coharie Creek Near Roseboro, Nc",34.954,-78.488,250.3,03030006,4,1,100.0
02107000,"South River Near Parkersburg, Nc",34.813,-78.457,985.1,03030006,4,1,100.0
02107500,"Colly Creek Near Kelly, Nc",34.464,-78.257,260.3,03030006,0,1,100.0
02108500,"Rockfish Creek Near Wallace, Nc",34.742,-78.039,176.4,03030007,0,1,100.0
02110701,"Crabtree Swamp At Conway, Sc",33.861,-79.041,49.6,03040206,0,1,100.0
02111000,"Yadkin River At Patterson, Nc",35.991,-81.558,74.1,03040101,0,1,100.0
02111180,"Elk Creek At Elkville, Nc",36.071,-81.403,131.5,03040101,0,1,74.77
02111500,"Reddies River At North Wilkesboro, Nc",36.175,-81.169,233.7,03040101,0,1,0.0
02112120,"Roaring River Near Roaring River, Nc",36.25,-81.044,322.3,03040101,0,1,49.19
02112360,"Mitchell River Near State Road, Nc",36.311,-80.807,205.3,03040101,0,1,0.0
02113000,"Fisher River Near Copeland, Nc",36.341,-80.686,328.5,03040101,0,1,0.0
02113850,"Ararat River At Ararat, Nc",36.404,-80.562,596.8,03040101,12,1,100.0
02114450,"Little Yadkin River At Dalton, Nc",36.299,-80.415,110.8,03040101,1,1,83.19
02115500,"Forbush Creek Near Yadkinville, Nc",36.133,-80.55,60.0,03040101,0,1,0.0
02115860,"Muddy Creek Near Muddy Creek, Nc",36.0,-80.34,472.6,03040101,0,1,0.0
02117500,"Rocky Creek At Turnersburg, Nc",35.9,-80.8,260.5,03040102,0,1,0.0
02118000,"South Yadkin River Near Mocksville, Nc",35.845,-80.659,789.9,03040102,0,1,0.0
02118500,"Hunting Creek Near Harmony, Nc",36.001,-80.746,400.5,03040102,0,1,0.0
02120500,"Third Creek At Cleveland, Nc",35.75,-80.683,228.7,03040102,0,1,0.0
02120780,"Second Creek Near Barber, Nc",35.718,-80.596,304.9,03040102,0,1,0.0
02121500,"Abbotts Creek At Lexington, Nc",35.807,-80.235,454.2,03040103,0,1,0.0
02123500,"Uwharrie River Near Eldorado, Nc",35.449,-80.017,922.6,03040103,0,1,0.0
02123567,"Dutchmans Creek Nr Uwharrie, Nc",35.379,-80.03,9.0,03040103,0,1,0.0
02124080,"Clarke Creek Near Harrisburg, Nc",35.414,-80.752,56.9,03040105,0,1,0.0
02124692,"Goose Cr At Fairview, Nc",35.154,-80.535,61.5,03040105,0,1,97.2
02125000,"Big Bear Cr Nr Richfield, Nc",35.335,-80.336,144.5,03040105,0,1,0.0
02127000,"Brown Creek Near Polkton, Nc",35.033,-80.15,278.8,03040104,0,1,0.0
02128000,"Little River Near Star, Nc",35.387,-79.831,273.5,03040104,0,1,100.0
02130840,"Black Creek Below Chesterfield, Sc",34.663,-80.212,132.5,03040201,0,1,100.0
02130900,"Black Creek Near Mcbee, Sc",34.514,-80.183,295.4,03040201,0,1,100.0
02130910,"Black Creek Near Hartsville, Sc",34.397,-80.15,430.6,03040201,0,1,100.0
02131110,"Jeffries Creek Above Florence, Sc",34.178,-79.809,120.6,03040201,1,1,100.0
02131309,"Fork Creek At Jefferson, Sc",34.639,-80.389,63.4,03040202,0,1,100.0
02131320,"Little Fork Creek At Jefferson, Sc",34.637,-80.406,39.7,03040202,0,1,100.0
02131472,"Hanging Rock Creek Nr Kershaw, Sc",34.516,-80.583,60.3,03040202,0,1,100.0
02132320,"Big Shoe Heel Creek Nr Laurinburg, Nc",34.751,-79.387,211.9,03040204,1,1,81.36
02133500,"Drowning Creek Near Hoffman, Nc",35.061,-79.494,472.1,03040203,1,1,100.0
02133624,"Lumber River Near Maxton, Nc",34.773,-79.332,946.1,03040203,3,1,100.0
02134480,"Big Swamp Nr Tar Heel, Nc",34.71,-78.836,577.2,03040203,1,1,100.0
02135300,"Scape Ore Swamp Near Bishopville, S. C.",34.151,-80.305,250.1,03040205,0,1,100.0
02137727,"Catawba R Nr Pleasant Gardens, Nc",35.686,-82.06,329.5,03050101,3,1,100.0
02138000,"Catawba River Near Marion, Nc",35.707,-82.033,453.7,03050101,0,1,70.23
02138500,"Linville River Near Nebo, Nc",35.795,-81.89,173.9,03050101,0,1,100.0
02140991,"Johns River At Arneys Store, Nc",35.834,-81.712,522.0,03050101,2,1,98.72
02142000,"Lower Little River Nr All Healing Springs, Nc",35.946,-81.237,72.5,03050101,0,1,16.04
02142654,"Mcdowell Creek Nr Huntersville, Nc",35.407,-80.891,26.2,03050101,0,1,0.0
02142900,"Long Creek Near Paw Creek, Nc",35.329,-80.91,42.6,03050101,0,1,100.0
02142914,"Gum Branch Near Thrift, Nc",35.299,-80.946,14.2,03050101,0,1,100.0
02143000,"Henry Fork Near Henry River, Nc",35.684,-81.403,216.7,03050102,1,1,94.74
02143040,"Jacob Fork At Ramsey, Nc",35.591,-81.567,66.5,03050102,0,1,96.3
02143500,"Indian Creek Near Laboratory, Nc",35.421,-81.265,181.2,03050102,0,1,100.0
02144000,"Long Creek Near Bessemer City, Nc",35.306,-81.235,81.8,03050102,0,1,100.0
02146110,"Manchester Creek At Rock Hill, Sc",34.944,-80.98,15.2,03050103,0,1,100.0
02146211,"Irwin Cr At Statesville Ave At Charlotte, Nc",35.262,-80.837,14.9,03050103,0,1,0.0
02146285,"Stewart Creek At West Morehead St At Charlotte, Nc",35.228,-80.869,28.5,03050103,0,1,100.0
02146300,"Irwin Creek Near Charlotte, Nc",35.198,-80.904,78.1,03050103,0,1,51.72
02146315,"Taggart Creek At West Boulevard Nr Charlotte, Nc",35.207,-80.922,13.6,03050103,0,1,100.0
02146348,"Coffey Creek Nr Charlotte, Nc",35.146,-80.927,23.8,03050103,0,1,100.0
02146381,"Sugar Creek At Nc 51 Near Pineville, Nc",35.091,-80.899,166.8,03050103,0,1,100.0
02146409,"Ltl Sugar Cr At Medical Center Dr At Charlotte, Nc",35.204,-80.837,31.5,03050103,0,1,27.59
02146470,"Little Hope Cr At Seneca Place At Charlotte, Nc",35.164,-80.853,7.0,03050103,0,1,51.69
02146500,"Little Sugar Creek Near Charlotte, Nc Site 55",35.154,-80.855,106.1,03050103,0,1,58.25
02146507,"Little Sugar C At Archdale Dr At Charlotte, Nc",35.148,-80.858,111.1,03050103,0,1,59.43
02146530,"Little Sugar Creek At Pineville, Nc",35.085,-80.882,127.6,03050103,0,1,100.0
02146562,"Campbell Creek Nr Charlotte, Nc",35.187,-80.737,15.3,03050103,0,1,60.0
02146600,"Mcalpine Cr At Sardis Road Near Charlotte, Nc",35.138,-80.767,100.2,03050103,0,1,89.32
02146700,"Mcmullen Cr At Sharon View Rd Near Charlotte, Nc",35.141,-80.82,18.3,03050103,1,1,100.0
02146750,"Mcalpine Cr Below Mcmullen Cr Nr Pineville, Nc",35.067,-80.87,238.4,03050103,0,1,95.44
02146800,"Sugar Creek Nr Fort Mill, Sc",35.006,-80.902,680.3,03050103,0,1,85.61
02146900,"Twelve Mile Creek Near Waxhaw, Nc",34.952,-80.756,190.2,03050103,1,1,100.0
02147126,"Waxhaw Creek At Sr1103 Near Jackson, Nc",34.837,-80.792,90.4,03050103,0,1,100.0
02147500,"Rocky Creek At Great Falls, Sc",34.565,-80.92,514.2,03050103,0,1,100.0
02149000,"Cove Creek Near Lake Lure, Nc",35.423,-82.111,203.9,03050105,0,1,76.36
02150495,"Second Broad River Nr Logan, Nc",35.404,-81.873,225.4,03050105,0,1,98.37
02151000,"Second Broad River At Cliffside, Nc",35.236,-81.766,569.9,03050105,0,1,99.12
02152100,"First Broad River Near Casar, Nc",35.493,-81.682,155.0,03050105,0,1,93.84
02152285,"First Broad River At Sr1512 Near Lawndale, Nc",35.442,-81.613,332.5,03050105,0,1,100.0
02152474,"First Broad River At Lawndale, Nc",35.415,-81.562,491.4,03050105,0,1,100.0
02152500,"First Broad River Near Lawndale, Nc",35.381,-81.544,517.7,03050105,0,1,97.88
02153590,"Kings Creek At Blacksburg, Sc",35.118,-81.436,72.1,03050105,0,1,100.0
02153700,"Thicketty Creek At Cnty Road 42 Near Gaffney, Sc",35.063,-81.715,63.1,03050105,0,1,100.0
02153780,"Clarks Fork Creek Nr Smyrna, Sc",35.079,-81.388,62.5,03050105,0,1,100.0
02154500,"North Pacolet River At Fingerville, Sc",35.121,-81.986,282.0,03050105,2,1,100.0
02154790,"South Pacolet River Nr Campobello, Sc",35.107,-82.13,143.6,03050105,1,1,100.0
02155500,"Pacolet River Near Fingerville, Sc",35.11,-81.96,540.6,03050105,0,1,100.0
02156000,"Pacolet River Near Clifton, S. C.",34.97,-81.801,837.6,03050105,0,1,100.0
02156050,"Lawsons Fork Creek At Dewey Plant Nr Inman, Sc",35.024,-82.067,15.7,03050105,0,1,100.0
02156999,"N. Tyger River Below Wellford, Sc",34.94,-82.053,88.5,03050107,0,1,100.0
02157000,"North Tyger River Near Fairmont, Sc",34.929,-82.044,114.8,03050107,0,1,100.0
02157470,"Middle Tyger River Near Gramling, Sc",35.039,-82.219,84.8,03050107,0,1,100.0
02157490,"Beaverdam Creek Above Greer, Sc",34.975,-82.196,41.1,03050107,1,1,100.0
02157510,"Middle Tyger River Near Lyman, Sc",34.94,-82.123,178.6,03050107,0,1,99.08
02158408,"South Tyger River Below Duncan, Sc",34.921,-82.13,247.0,03050107,0,1,100.0
02159000,"South Tyger River Near Woodruff, S. C.",34.756,-81.938,445.8,03050107,0,1,99.56
02160000,"Fairforest Creek Near Union, Sc",34.679,-81.69,481.4,03050107,0,1,100.0
02160326,"Enoree River At Pelham, Sc",34.857,-82.226,219.0,03050108,0,1,97.67
02160381,"Durbin Creek Above Fountain Inn, Sc",34.717,-82.174,33.6,03050108,0,1,100.0
02160390,"Enoree River Near Woodruff, Sc",34.683,-82.04,644.0,03050108,1,1,100.0
02160500,Enoree River Near Enoree S. C.,34.611,-81.91,793.4,03050108,0,1,99.31
02162010,"Cedar Creek Near Blythewood, Sc",34.196,-81.103,127.3,03050106,0,1,100.0
02162093,"Smith Branch At North Main St At Columbia, Sc",34.027,-81.042,14.4,03050106,6,1,100.0
02162350,"Middle Saluda River Near Cleveland, Sc",35.12,-82.538,54.4,03050109,0,1,100.0
02162500,"Saluda River Near Greenville, Sc",34.842,-82.481,765.6,03050109,3,1,98.28
02164000,"Reedy River Near Greenville, Sc",34.8,-82.365,125.1,03050109,3,1,100.0
02164110,"Reedy River Above Fork Shoals, Sc",34.653,-82.298,283.4,03050109,0,1,100.0
02165000,"Reedy River Near Ware Shoals, S. C.",34.417,-82.151,611.3,03050109,0,1,100.0
02165200,"South Rabon Creek Near Gray Court, Sc",34.52,-82.157,77.9,03050109,0,1,100.0
02166970,"Ninety-Six Creek Nr Ninety-Six, Sc",34.133,-81.997,46.4,03050109,0,1,100.0
02167450,"Little River Nr Silverstreet, Sc",34.21,-81.763,580.0,03050109,1,1,100.0
02167582,"Bush River Nr Prosperity, Sc",34.169,-81.61,300.3,03050109,0,1,100.0
02167705,"Little Saluda River Near Saluda, Sc",34.045,-81.697,286.9,03050109,0,1,100.0
02169550,"Congaree Creek At Cayce,S.C.",33.938,-81.078,312.2,03050110,0,1,91.46
02169570,"Gills Creek At Columbia, Sc",33.99,-80.974,154.5,03050110,1,1,100.0
02169630,"Big Beaver Creek Near St. Matthews, Sc",33.737,-80.958,26.1,03050110,0,1,100.0
02171680,"Wedboo Creek Near Jamestown,S.C.",33.331,-79.803,39.5,03050112,0,1,0.0
02172300,"Mctier Creek Rd 209 Near Monetta, Sc",33.753,-81.602,40.4,03050204,0,1,100.0
02172305,"Mctier Creek Near New Holland, Sc",33.718,-81.608,90.3,03050204,0,1,100.0
02173212,"Cedar Creek Near Thor, Sc",33.69,-81.254,112.7,03050203,0,1,100.0
02174250,"Cow Castle Creek Near Bowman, Sc",33.379,-80.7,61.6,03050205,0,1,100.0
02175500,"Salkehatchie River Near Miley, Sc",32.989,-81.053,864.1,03050207,1,1,100.0
02176500,"Coosawhatchie River Near Hampton, Sc",32.836,-81.132,518.1,03050208,0,1,100.0
02177000,"Chattooga River Near Clayton, Ga",34.814,-83.306,526.8,03060102,1,1,100.0
02178400,"Tallulah River Near Clayton, Ga",34.89,-83.53,151.3,03060102,0,1,100.0
02181580,"Tallulah River Ab Powerhouse, Nr Tallulah Falls,Ga",34.732,-83.376,482.6,03060102,2,1,94.55
02182000,"Panther Creek Near Toccoa, Ga",34.678,-83.345,84.4,03060102,0,1,100.0
02185200,"Little River Near Walhalla, Sc",34.836,-82.98,186.9,03060101,0,1,100.0
02186000,"Twelvemile Creek Near Liberty, Sc",34.802,-82.748,269.8,03060101,2,1,100.0
02187910,"Rocky River Nr Starr, Sc",34.383,-82.577,288.0,03060103,0,1,100.0
02188500,"Beaverdam Creek At Dewy Rose, Ga",34.181,-82.944,100.1,03060103,0,1,100.0
02188600,"Beaverdam Creek Above Elberton, Ga",34.169,-82.897,186.5,03060103,0,1,100.0
02191200,"Hudson River At Homer, Ga",34.338,-83.488,156.8,03060104,0,1,0.0
02192500,"Little River Near Mt. Carmel, Sc",34.072,-82.501,555.9,03060103,1,1,100.0
02193340,"Kettle Creek Near Washington, Ga",33.683,-82.858,87.9,03060105,0,1,100.0
02193500,"Little River Near Washington, Ga",33.613,-82.743,756.7,03060105,0,1,99.73
02195320,"Kiokee Creek At Ga 104, Near Evans, Ga",33.601,-82.233,273.8,03060106,0,1,94.33
02196690,"Horse Creek At Clearwater, Sc",33.485,-81.897,387.0,03060106,4,1,100.0
02196820,"Butler Creek At Us 78, At Fort Gordon, Ga",33.443,-82.129,19.2,03060106,0,1,100.0
02196835,"Butler Creek Below 7Th Avenue, At Ft. Gordon, Ga",33.439,-82.116,26.8,03060106,0,1,100.0
02197020,"Spirit Creek At Us 1, Near Augusta, Ga",33.373,-82.139,45.5,03060106,0,1,100.0
02197300,"Upper Three Runs Near New Ellenton, Sc",33.385,-81.616,229.1,03060106,1,1,100.0
02197310,"Upper Three Runs Ab Road C Savannah River Site, Sc",33.286,-81.694,495.9,03060106,0,1,100.0
02197315,"Upper Three Runs At Road A Savannah River Site, Sc",33.239,-81.745,521.9,03060106,0,1,100.0
02197334,"Site No. 3 At Savannah River Site, Sc",33.275,-81.653,15.4,03060106,0,1,100.0
02197338,"Site No. 5 At Savannah River Site, Sc",33.281,-81.671,0.8,03060106,0,1,100.0
02197339,"Site No. 5B At Savannah River Site, Sc",33.275,-81.668,1.2,03060106,0,1,100.0
02197340,"Site No. 6 At Savannah River Site, Sc",33.273,-81.668,19.3,03060106,0,1,100.0
02197342,"Site No. 7 At Savannah River Site, Sc",33.245,-81.696,32.8,03060106,0,1,100.0
02197344,"Four Mile Crk At Rd A12.2 Savannah River Site , Sc",33.189,-81.724,54.6,03060106,0,1,100.0
02197348,"Pen Branch At Road A-13 Savannah River Site, Sc",33.16,-81.685,54.9,03060106,0,1,100.0
02197380,"Lower Three Runs Bl Par Pond At Sav River Site, Sc",33.235,-81.516,90.7,03060106,0,1,100.0
02197400,"Lower Three Runs Near Snelling, Sc",33.177,-81.48,157.6,03060106,0,1,100.0
02197520,"Brier Creek Near Thomson, Ga",33.368,-82.468,145.3,03060108,0,1,100.0
02197598,"Brushy Creek At Campground Road, Near Wrens, Ga",33.181,-82.334,56.5,03060108,0,1,100.0
02197600,"Brushy Creek Near Wrens, Ga",33.177,-82.306,72.2,03060108,0,1,100.0
02198100,"Beaverdam Creek Near Sardis, Ga",32.938,-81.815,79.5,03060108,0,1,100.0
02198690,"Ebenezer Creek At Springfield, Ga",32.366,-81.297,419.8,03060109,1,1,100.0
02201000,"Williamson Swamp Creek At Davisboro, Ga",32.976,-82.61,285.8,03060201,0,1,100.0
02202600,"Black Creek Near Blitchton, Ga",32.168,-81.488,590.5,03060202,0,1,100.0
02203559,"Peacock Creek At Mcintosh, Ga",31.814,-81.52,108.5,03060204,0,1,100.0
02203603,"South River At Springdale Road, At Atlanta, Ga",33.684,-84.415,6.0,03070103,0,1,100.0
02203655,"South River At Forrest Park Road, At Atlanta, Ga",33.679,-84.358,59.6,03070103,1,1,100.0
02203700,"Intrenchment Cr At Constitution Rd, Nr Atlanta, Ga",33.689,-84.33,27.6,03070103,3,1,100.0
02204070,"South River At Klondike Road, Near Lithonia, Ga",33.63,-84.129,477.4,03070103,3,1,100.0
02204130,"Honey Creek At Ga 212, Near Conyers, Ga",33.58,-84.064,67.1,03070103,0,1,100.0
02204285,"Pates Creek Near Flippen, Ga",33.492,-84.245,30.4,03070103,0,1,100.0
02205000,"Wildcat Creek Near Lawrenceville, Ga",34.002,-84.005,3.3,03070103,0,1,100.0
02205522,"Pew Creek At Patterson Rd, Near Lawrenceville, Ga",33.926,-84.038,19.3,03070103,0,1,100.0
02206500,"Yellow River Near Snellville, Ga",33.853,-84.079,351.2,03070103,0,1,100.0
02207120,"Yellow River At Ga 124, Near Lithonia, Ga",33.773,-84.058,418.4,03070103,0,1,100.0
02207185,"No Business Creek At Lee Road, Below Snellville,Ga",33.778,-84.038,26.2,03070103,0,1,100.0
02207220,"Yellow River At Pleasant Hill Road, Nr Lithonia,Ga",33.734,-84.062,559.6,03070103,0,1,100.0
02207335,"Yellow River At Gees Mill Road, Near Milstead, Ga",33.667,-83.938,662.9,03070103,0,1,100.0
02207385,"Big Haynes Creek At Lenora Road, Nr Snellville, Ga",33.815,-83.99,44.7,03070103,0,1,100.0
02207400,"Brushy Fork Creek At Beaver Road, Nr Loganville,Ga",33.821,-83.942,21.3,03070103,0,1,100.0
02207418,"Big Haynes Creek At Jack Turner Dam,Nr Milstead Ga",33.729,-83.937,129.6,03070103,0,1,100.0
02207435,Little Haynes Creek At Dial Mill Rd Nr Milstead Ga,33.711,-83.914,66.9,03070103,0,1,100.0
02207448,"Big Haynes Creek At Bald Rock Road, Nr Milstead Ga",33.661,-83.928,211.9,03070103,0,1,100.0
02208050,"Alcovy River Near Lawrenceville, Ga",33.978,-83.94,25.8,03070103,0,1,100.0
02208130,"Shoal Creek At Paper Mill Rd, Nr Lawrenceville, Ga",33.95,-83.948,13.9,03070103,0,1,100.0
02208150,"Alcovy River At New Hope Road, Near Grayson, Ga",33.918,-83.888,79.5,03070103,0,1,100.0
02208450,"Alcovy River Above Covington, Ga",33.64,-83.779,480.7,03070103,0,1,100.0
02211375,"Cabin Creek At North Second Street, Nr Griffin, Ga",33.272,-84.236,11.3,03070103,0,1,100.0
02212600,"Falling Creek Near Juliette, Ga",33.1,-83.724,188.0,03070103,0,1,100.0
02213050,"Walnut Creek Near Gray, Ga",32.972,-83.619,81.0,03070103,2,1,100.0
02213500,"Tobesofkee Creek Near Macon, Ga",32.809,-83.758,474.5,03070103,2,1,100.0
02214500,"Big Indian Creek At Perry, Ga",32.456,-83.739,263.9,03070104,0,1,100.0
02215100,"Tucsawhatchee Creek Near Hawkinsville, Ga",32.239,-83.502,420.3,03070104,0,1,100.0
02216180,"Turnpike Creek Near Mcrae, Ga",31.991,-82.922,129.1,03070105,0,1,100.0
02217000,"Allen Creek At Talmo, Ga",34.193,-83.72,45.9,03070101,1,1,100.0
02217274,"Wheeler Creek At Bill Cheek Road, Near Auburn, Ga",34.082,-83.855,4.3,03070101,0,1,100.0
02217297,"Mulberry Creek Near Winder, Ga",34.046,-83.712,284.1,03070101,0,1,100.0
02217475,"Middle Oconee River Near Arcade, Ga",34.032,-83.563,863.2,03070101,0,1,100.0
02217770,"North Oconee River At College St, At Athens, Ga",33.97,-83.377,713.8,03070101,0,1,57.25
02218565,"Apalachee River At Fence Road, Near Dacula, Ga",34.01,-83.894,14.8,03070101,1,1,100.0
02219000,"Apalachee River Near Bostwick, Ga",33.788,-83.474,456.6,03070101,2,1,100.0
02220550,"Whitten Creek Near Sparta, Ga",33.387,-83.026,43.5,03070101,0,1,100.0
02220900,"Little River Near Eatonton, Ga",33.314,-83.437,690.0,03070101,3,1,100.0
02221000,"Murder Creek Near Monticello, Ga",33.416,-83.662,61.4,03070101,1,1,100.0
02221525,"Murder Creek Below Eatonton, Ga",33.252,-83.481,490.8,03070101,1,1,100.0
02224000,"Rocky Creek Near Dudley, Ga",32.494,-83.147,159.6,03070102,1,1,100.0
02226100,"Penholoway Creek Near Jesup, Ga",31.567,-81.838,516.7,03070106,0,1,100.0
02227000,"Hurricane Creek Near Alma, Ga",31.568,-82.464,362.6,03070201,0,1,45.09
02228500,"North Prong St. Marys River At Moniac, Ga",30.518,-82.23,496.9,03070204,0,1,100.0
02229000,"Middle Prong St Marys River At Taylor, Fl",30.436,-82.287,326.3,03070204,0,1,100.0
02230500,"South Prong St. Marys River At Glen St. Mary, Fl",30.278,-82.144,517.3,03070204,0,1,100.0
02231268,"Alligator Creek At Callahan, Fl",30.567,-81.833,38.9,03070205,0,1,100.0
02231280,"Thomas Creek Near Crawford, Fl",30.461,-81.832,86.2,03070205,0,1,100.0
02231342,"Ft Drum Creek At Sunshine St Pky Near Ft Drum, Fl",27.569,-80.796,111.6,03080101,0,1,100.0
02231396,"Blue Cypress Creek Near Fellsmere, Fl",27.728,-80.805,298.2,03080101,0,1,100.0
02231600,"Jane Green Creek Near Deer Park, Fl",28.074,-80.888,641.3,03080101,0,1,100.0
02232155,"Pennywash Creek Near Deer Park, Fl",28.182,-80.895,47.6,03080101,0,1,100.0
02232200,"Wolf Creek Near Deer Park, Fl",28.213,-80.911,57.1,03080101,0,1,100.0
02233104,Econlockhatchee River At Hwy 420 Nr Bithlo,28.583,-81.169,337.8,03080101,0,1,100.0
02233200,"Little Econlockhatchee River Near Union Park, Fl",28.525,-81.244,68.7,03080101,0,1,100.0
02233460,"Little Econ Riv Trib At Banner Dam At Union Pk, Fl",28.574,-81.27,35.6,03080101,0,1,100.0
02233475,"Lt Econlockhatchee R At State Hwy434 Nr Oviedo, Fl",28.62,-81.208,176.5,03080101,0,1,100.0
02233484,"Econlockhatchee River Near Oviedo, Fl",28.656,-81.17,636.7,03080101,0,1,100.0
02233500,"Econlockhatchee River Near Chuluota, Fl",28.678,-81.114,678.2,03080101,0,1,100.0
02234308,"Howell Creek Near Altamonte Springs, Fl",28.632,-81.323,59.1,03080101,0,1,100.0
02234324,"Howell Creek Near Slavia, Fl",28.648,-81.265,85.1,03080101,0,1,100.0
02234344,"Howell Creek At State Hwy 434 Near Oviedo, Fl",28.69,-81.248,147.4,03080101,0,1,100.0
02234384,"Soldier Creek Near Longwood, Fl",28.719,-81.309,46.3,03080101,0,1,100.0
02234400,"Gee Creek Near Longwood, Fl",28.704,-81.29,42.7,03080101,0,1,100.0
02234990,"Little Wekiva River Near Altamonte Springs, Fl",28.687,-81.397,110.3,03080101,1,1,100.0
02235000,"Wekiva River Near Sanford, Fl",28.815,-81.419,449.0,03080101,0,1,100.0
02235200,"Blackwater Creek Near Cassia, Fl",28.875,-81.489,297.7,03080101,1,1,100.0
02236500,"Big Creek Near Clermont, Fl",28.448,-81.74,146.9,03080102,0,1,100.0
02236900,"Palatlakaha R At Cherry Lk Out Near Groveland, Fl",28.593,-81.822,365.5,03080102,0,1,100.0
02237293,"Palatlakaha R At Structure M-1, Nr Okahumpka, Fl",28.744,-81.873,552.2,03080102,0,1,100.0
02237734,"Wolf Branch At Fcrr Near Mount Dora, Fl",28.797,-81.608,11.9,03080102,0,0,100.0
02240902,"Prairie Creek Near Gainesville, Fl",29.612,-82.249,281.9,03080102,0,1,100.0
02240954,"Hogtown Creek Near Arredondo, Fl",29.638,-82.392,94.7,03080102,0,0,100.0
02244420,"Little Haw Creek Near Seville, Fl",29.322,-81.385,274.3,03080103,0,1,40.24
02244473,Rice Creek Near Springside,29.688,-81.742,122.0,03080103,0,1,100.0
02245050,"Etonia Creek At Bardin, Fl",29.717,-81.725,587.2,03080103,0,1,100.0
02245140,"Simms Creek Near Bardin, Fl",29.736,-81.71,121.9,03080103,0,1,100.0
02245255,"Deep Creek Near Hastings, Fl",29.681,-81.449,56.4,03080103,0,1,100.0
02245260,"Deep Creek At Spuds, Fl",29.73,-81.487,181.8,03080103,0,1,100.0
02245500,"South Fork Black Creek Near Penney Farms, Fl",29.979,-81.852,348.4,03080103,0,1,100.0
02246000,"North Fork Black Creek Near Middleburg, Fl",30.113,-81.906,451.1,03080103,0,1,100.0
02246150,"Big Davis Creek At Bayard, Fl",30.152,-81.526,36.6,03080103,0,1,100.0
02246300,"Ortega River At Jacksonville, Fl",30.247,-81.797,73.1,03080103,1,1,100.0
02246318,"Ortega River At Kirwin Road Near Jacksonville,Fl",30.196,-81.768,110.4,03080103,0,1,100.0
02246459,"Cedar River At San Juan Avenue At Jacksonville, Fl",30.282,-81.74,55.9,03080103,0,1,100.0
02246828,"Pablo Creek At Jacksonville, Fl",30.236,-81.478,63.6,03080103,0,1,100.0
02246900,"Moultrie Creek At Shwy 207 Nr St Augustine, Fla.",29.847,-81.361,46.8,03080201,0,1,100.0
02247222,"Pellicer Creek Near Espanola, Fl",29.669,-81.26,173.4,03080201,0,1,100.0
02247510,"Tomoka River Near Holly Hill, Fl",29.217,-81.109,145.0,03080201,0,1,100.0
02248000,"Spruce Creek Near Samsula, Fl",29.051,-81.047,93.5,03080201,0,1,100.0
02251000,"South Prong St Sebastian River Near Sebastian,Fl",27.769,-80.506,116.5,03080203,0,1,100.0
02256500,"Fisheating Creek At Palmdale, Fl",26.933,-81.315,824.3,03090103,0,1,0.0
02262900,"Boggy Creek Near Taft, Fl",28.371,-81.311,216.9,03090101,1,1,100.0
02263800,"Shingle Creek At Airport Near Kissimmee, Fl",28.304,-81.451,274.8,03090101,0,1,100.0
02263869,"South Lake Outlet At S-15, Near Vineland, Fl",28.413,-81.538,8.5,03090101,0,1,100.0
02264000,"Cypress Creek At Vineland, Fl",28.391,-81.52,74.5,03090101,0,0,100.0
02264100,"Bonnet Creek Near Vineland, Fl",28.333,-81.522,113.0,03090101,0,0,100.0
02266200,"Whittenhorse Creek Near Vineland, Fl",28.385,-81.616,26.1,03090101,0,1,100.0
02266205,"Whittenhorse Creek At S-411, Near Vineland, Fl",28.393,-81.611,27.0,03090101,0,1,100.0
02266300,"Reedy Creek Near Vineland, Fl",28.333,-81.58,257.8,03090101,0,1,100.0
02266480,"Davenport Creek Near Loughman, Fl",28.271,-81.591,43.6,03090101,0,1,100.0
02266496,"Reedy Creek Below S-40, Near Loughman, Fl",28.276,-81.544,484.7,03090101,1,1,100.0
02266500,"Reedy Creek Near Loughman, Fl",28.264,-81.536,488.4,03090101,0,1,100.0
02267000,"Catfish Creek Near Lake Wales, Fl",27.961,-81.496,168.6,03090101,0,0,100.0
02268390,Tiger Creek Near Babson Park Fl,27.811,-81.444,119.2,03090101,0,1,100.0
02269500,Reedy Creek Near Frostproof Fl,27.721,-81.478,150.8,03090101,0,1,100.0
02269520,Livingston Creek Near Frostproof Fl,27.709,-81.446,307.0,03090101,0,1,100.0
02270000,Carter Creek Near Sebring Fl,27.532,-81.388,84.7,03090101,0,1,100.0
02270500,"Arbuckle Creek Near De Soto City, Fl",27.443,-81.297,982.2,03090101,0,1,100.0
02271500,Josephine Creek Near De Soto City Fl,27.374,-81.393,307.6,03090101,0,1,100.0
02274005,"Otter Creek Near Okeechobee, Fl",27.378,-80.845,23.2,03090102,0,1,100.0
02274010,"Taylor Creek Near Okeechobee, Fl",27.365,-80.873,135.1,03090102,0,1,100.0
02274325,"Taylor Creek At Grassy Island Nr Okeechobee, Fl",27.316,-80.838,166.6,03090102,0,1,100.0
02274500,"Taylor Creek Ab Okeechobee, Fla.",27.284,-80.822,251.5,03090102,0,1,100.0
02275503,"Taylor Creek At Hgs-6 Near Okeechobee, Fl",27.207,-80.798,312.2,03090201,0,1,
02275625,"Nubbin Slough Near Okeechobee, Fl",27.206,-80.743,60.7,03090102,0,1,100.0
02277600,"Loxahatchee River Near Jupiter,Fl",26.939,-80.175,6.9,03090206,0,1,0.0
02291500,"Imperial River Near Bonita Springs, Fl",26.336,-81.75,513.8,03090204,0,1,0.0
02291580,"North Branch Estero River At Estero, Fl",26.442,-81.796,75.1,03090204,0,1,0.0
02293055,"Orange River Near Buckingham, Fl",26.692,-81.759,190.6,03090205,0,1,100.0
02293090,"Popash Creek At Leetana Rd. Nr North Fort Myers,Fl",26.716,-81.809,54.7,03090205,0,1,100.0
02293190,Billys Cr At Ft Myers Fl,26.654,-81.841,12.8,03090205,0,1,75.0
02294161,Peace Creek Near Bartow Fl,27.924,-81.796,584.3,03100101,0,1,100.0
02294217,Saddle Creek At St.Hwy 542 Near Lakeland Fl,28.044,-81.876,151.1,03100101,0,1,100.0
02294290,Saddle Creek At State Hwy 570 Near Eaton Park Fl,28.004,-81.852,173.7,03100101,0,1,100.0
02294330,Lake Lena Run Near Auburndale Fl,28.0,-81.812,49.8,03100101,0,1,100.0
02294491,Saddle Creek At Structure P-11 Near Bartow Fl,27.938,-81.851,381.4,03100101,0,1,100.0
02295013,Bowlegs Creek Near Fort Meade Fl,27.7,-81.695,147.5,03100101,0,1,100.0
02295163,Whidden Creek Near Fort Meade Fl,27.707,-81.808,93.2,03100101,0,1,100.0
02295420,Payne Creek Near Bowling Green Fl,27.621,-81.826,315.6,03100101,0,1,100.0
02296223,Little Charley Bowlegs Creek Near Sebring Fl,27.478,-81.557,120.3,03100101,0,1,100.0
02296260,Charlie Creek Near Crewsville Fl,27.459,-81.678,496.7,03100101,0,1,100.0
02296500,Charlie Creek Near Gardner Fl,27.375,-81.796,886.4,03100101,0,1,100.0
02297100,Joshua Creek At Nocatee Fl,27.167,-81.88,350.4,03100101,0,1,100.0
02297155,Horse Creek Near Myakka Head Fl,27.487,-82.023,93.6,03100101,0,1,100.0
02297310,"Horse Creek At Sr 72 Near Arcadia, Fl",27.199,-81.988,528.4,03100101,0,1,100.0
02298110,Prairie Creek Upstream Of Sr 31 Near Ft Ogden Fl,27.042,-81.743,428.1,03100101,0,1,100.0
02298123,Prairie Creek Near Fort Ogden Fl,27.052,-81.785,540.7,03100101,0,1,100.0
02298202,Shell Creek Near Punta Gorda Fl,26.985,-81.936,886.2,03100101,0,1,100.0
02298488,Myakka River Upst From Youngs Ck Nr Myakka City Fl,27.429,-82.139,69.9,03100102,0,1,100.0
02298495,Maple Creek Near Myakka City Fl,27.384,-82.13,11.4,03100102,0,1,100.0
02298530,Coker Creek Near Myakka City Fl,27.41,-82.175,15.2,03100102,0,1,100.0
02298554,Myakka River Near Myakka City Fl,27.366,-82.149,211.1,03100102,0,1,100.0
02298608,Myakka River At Myakka City Fl,27.344,-82.157,312.3,03100102,0,1,100.0
02298760,Howard Creek Near Sarasota Fl,27.288,-82.34,55.0,03100102,0,0,100.0
02298830,"Myakka River Near Sr 72 Near Sarasota, Fl",27.241,-82.314,588.6,03100102,0,1,100.0
02298880,Myakka River At Control Near Laurel Fl,27.186,-82.356,682.4,03100102,0,1,100.0
02299450,Big Slough At Tropicaire Blvd Near North Port Fl,27.121,-82.193,196.2,03100102,0,1,100.0
02299472,Big Slough At West Price Blvd Near North Port Fl,27.069,-82.22,221.5,03100102,0,1,100.0
02299861,Walker Creek Near Sarasota Fl,27.368,-82.544,13.9,03100201,0,1,100.0
02299950,"Manatee River At Sr 64 Near Myakka Head, Fl",27.474,-82.211,174.3,03100202,0,1,100.0
02300018,Gamble Creek Near Parrish Fl,27.553,-82.39,123.9,03100202,0,1,100.0
02300021,Manatee River At Fort Hamer Fl,27.518,-82.428,551.1,03100202,0,1,100.0
02300033,Braden Riv At Lakewood Ranch Nr Lorraine Fl,27.421,-82.426,71.1,03100202,0,1,100.0
02300042,Ward Lake Near Bradenton Fl,27.441,-82.488,167.2,03100202,0,0,100.0
02300075,Frog Creek At Buffalo Road Near Rubonia Fl,27.58,-82.513,35.3,03100206,0,1,100.0
02300082,Frog Creek Near Rubonia Fl,27.588,-82.54,53.2,03100206,0,1,100.0
02300100,Little Manatee River Near Ft. Lonesome Fl,27.705,-82.198,95.8,03100203,0,1,100.0
02300210,South Fork Little Manatee River Near Parrish Fl,27.602,-82.211,56.2,03100203,0,1,100.0
02300300,South Fork Little Manatee River Near Wimauma Fl,27.649,-82.294,98.7,03100203,0,1,100.0
02300500,"Little Manatee River At Us 301 Near Wimauma, Fl",27.671,-82.353,405.3,03100203,0,1,100.0
02300700,Bullfrog Creek Near Wimauma Fl,27.792,-82.352,73.8,03100206,0,1,100.0
02300882,North Prong Alafia River Near Nichols Fl,27.89,-82.012,95.1,03100204,0,1,100.0
02301000,North Prong Alafia River At Keysville Fl,27.884,-82.1,346.8,03100204,1,1,100.0
02301150,South Prong Alafia River Near Ft Lonesome Fl,27.729,-82.074,184.9,03100204,0,1,100.0
02301300,South Prong Alafia River Near Lithia Fl,27.797,-82.118,281.4,03100204,0,1,100.0
02301500,"Alafia River At Lithia Pinecrest Rd At Lithia, Fl",27.872,-82.211,868.3,03100204,0,1,100.0
02301738,Archie Creek At 78Th Street Near Tampa Fl,27.88,-82.371,7.6,03100206,0,1,100.0
02301750,Delaney Creek Near Tampa Fl,27.926,-82.364,35.8,03100206,0,1,100.0
02301800,Sixmile Creek At Tampa Fl,27.967,-82.368,83.2,03100206,0,1,100.0
02301900,"Fox Branch Near Socrum, Fl",28.183,-82.012,22.4,03100205,0,1,100.0
02301990,Hillsborough R Ab Crystal Spr Near Zephyrhills Fl,28.186,-82.184,238.9,03100205,0,1,100.0
02302010,Hillsborough R Bl Crystal Spr Near Zephyrhills Fl,28.179,-82.189,184.0,03100205,0,1,100.0
02302500,Blackwater Creek Near Knights Fl,28.141,-82.15,242.9,03100205,0,1,100.0
02303000,"Hillsborough Rv At State Park Nr Zephyrhills, Fl",28.15,-82.232,618.7,03100205,0,1,100.0
02303205,Baker Creek At Mcintosh Road Near Antioch Fl,28.028,-82.245,57.1,03100205,0,1,100.0
02303300,Flint Creek Near Thonotosassa Fl,28.068,-82.268,149.6,03100205,0,1,100.0
02303330,Hillsborough R At Morris Br Near Thonotosassa Fl,28.098,-82.312,985.0,03100205,0,1,100.0
02303350,Trout Creek Near Sulphur Springs Fl,28.135,-82.362,42.0,03100205,0,0,100.0
02303400,Cypress Creek Near San Antonio Fl,28.324,-82.384,120.4,03100205,0,1,100.0
02303420,"Cypress Creek At Sr 54 At Worthington Gardens, Fl",28.186,-82.401,292.2,03100205,0,1,100.0
02303800,Cypress Creek Near Sulphur Springs Fl,28.089,-82.409,407.8,03100205,0,1,100.0
02306500,Sweetwater Creek Near Sulphur Springs Fl,28.043,-82.512,13.6,03100206,0,1,100.0
02306647,Sweetwater Creek Near Tampa Fl,28.014,-82.545,41.8,03100206,0,1,100.0
02306774,Rocky Creek At St Hwy 587 At Citrus Park Fl,28.066,-82.566,53.0,03100206,0,1,100.0
02306950,Brushy Creek Near Citrus Park Fl,28.065,-82.555,41.8,03100206,0,1,100.0
02307000,Rocky Creek Near Sulphur Springs Fl,28.037,-82.576,112.2,03100206,0,1,100.0
02307323,Brooker Creek Near Lake Fern Fl,28.141,-82.64,63.7,03100206,0,1,100.0
02307359,Brooker Creek Near Tarpon Springs Fl,28.096,-82.688,80.0,03100206,0,1,100.0
02307668,Alligator Creek Below Belcher Rd At Clearwater Fl,27.98,-82.742,7.7,03100206,0,1,100.0
02307671,Alligator Cr Below Us Hwy 19 At Clearwater Fl,27.975,-82.727,12.1,03100206,0,1,100.0
02307697,Alligator Creek At Safety Harbor Fl,27.979,-82.696,21.1,03100206,0,0,
02308935,Saint Joe Creek At Pinellas Park Fl,27.814,-82.696,6.7,03100207,0,1,100.0
02309415,Curlew Creek At Evans Road Near Dunedin Fl,28.023,-82.741,1.1,03100207,0,1,100.0
02309421,Curlew Creek At Belcher Road Near Ozona Fl,28.04,-82.748,8.0,03100207,0,1,100.0
02309848,South Branch Anclote River Near Odessa Fl,28.185,-82.553,43.6,03100207,0,0,100.0
02310000,"Anclote River At Little Rd Near Elfers, Fl",28.214,-82.666,177.6,03100207,0,1,100.0
02310147,Hollin Creek Near Tarpon Springs Fl,28.163,-82.71,9.3,03100207,0,1,100.0
02310525,Weeki Wachee River Near Brooksville Fl,28.519,-82.582,84.6,03100207,0,1,100.0
02310650,Chassahowitzka River Near Homosassa Fl,28.715,-82.577,16.9,03100207,0,1,100.0
02310700,Homosassa R At Homosassa Fl,28.785,-82.618,401.8,03100207,0,1,100.0
02310747,Crystal River At Bagley Cove Near Crystal River Fl,28.906,-82.624,136.2,03100207,0,1,22.96
02310947,"Withlacoochee River Near Cumpressco, Fl",28.312,-82.056,649.6,03100208,0,1,100.0
02311500,"Withlacoochee River Near Dade City, Fl",28.353,-82.126,923.8,03100208,0,1,100.0
02312200,"Little Withlacoochee River At Rerdell, Fl",28.573,-82.155,413.5,03100208,0,1,100.0
02312667,"Shady Brook Near Sumterville, Fl",28.77,-82.064,26.7,03100208,0,1,100.0
02312700,"Outlet River At Panacoochee Retreats, Fl",28.8,-82.153,940.1,03100208,1,1,100.0
02314200,"Tenmile Creek At Lebanon Station, Fla.",29.161,-82.639,70.2,03110101,0,1,0.0
02318700,"Okapilco Creek At Ga 333, Near Quitman, Ga",30.826,-83.562,704.7,03110203,7,1,100.0
02320700,"Santa Fe River Near Graham, Fla.",29.846,-82.22,236.4,03110206,0,1,100.0
02321000,New River Nr Lake Butler Fla,29.998,-82.274,465.3,03110206,0,1,100.0
02322698,"Ichetucknee R A Dampier'S Landing Nr Hildreth, Fl",29.96,-82.772,644.6,03110206,0,0,100.0
02322700,"Ichetucknee R @ Hwy27 Nr Hildreth, Fl",29.953,-82.786,654.5,03110206,0,1,100.0
02324000,"Steinhatchee River Near Cross City, Fla.",29.787,-83.322,791.0,03110102,1,1,100.0
02324400,"Fenholloway River Near Foley, Fla.",30.098,-83.472,176.3,03110102,0,1,100.0
02324500,"Fenholloway River At Foley, Fla.",30.065,-83.558,312.1,03110102,0,1,100.0
02325000,"Fenholloway River Near Perry, Fla",30.071,-83.662,419.6,03110102,0,1,100.0
02326000,"Econfina River Near Perry, Fla.",30.171,-83.824,556.4,03110102,1,1,100.0
02327033,Lost Creek At Arran Fla,30.188,-84.408,188.7,03120001,0,1,100.0
02327100,"Sopchoppy River Nr Sopchoppy, Fla.",30.129,-84.494,271.1,03120003,0,1,100.0
02328000,"Tired Creek Near Cairo, Ga",30.865,-84.263,150.7,03120002,1,1,100.0
02329342,"Little Attapulgus Creek At Attapulgus, Ga",30.736,-84.497,44.2,03120003,1,1,100.0
02329500,"Little River Nr Quincy, Fla.",30.587,-84.497,605.2,03120003,0,1,100.0
02329600,"Little River Nr Midway, Fla.",30.512,-84.524,790.3,03120003,1,1,100.0
02330100,"Telogia Creek Nr Bristol, Fla.",30.427,-84.928,322.5,03120003,1,1,100.0
02330400,"New River Near Sumatra, Fla",30.039,-84.844,448.8,03130013,0,1,100.0
02330450,"Chattahoochee River At Helen, Ga",34.701,-83.729,116.6,03130001,3,1,100.0
02331000,"Chattahoochee River Near Leaf, Ga",34.577,-83.636,391.9,03130001,5,1,98.73
02331600,"Chattahoochee River Near Cornelia, Ga",34.541,-83.623,819.8,03130001,1,1,98.45
02333500,"Chestatee River Near Dahlonega, Ga",34.528,-83.94,390.3,03130001,0,1,46.65
02334480,"Richland Creek At Suwanee Dam Road, Near Buford,Ga",34.133,-84.07,24.4,03130001,0,1,100.0
02334578,"Level Creek At Suwanee Dam Road, Near Suwanee, Ga",34.096,-84.08,13.1,03130001,0,1,100.0
02334620,"Dick Creek At Old Atlanta Rd, Near Suwanee, Ga",34.071,-84.13,17.8,03130001,0,1,100.0
02334885,"Suwanee Creek At Suwanee, Ga",34.032,-84.089,122.1,03130001,0,1,100.0
02335350,"Crooked Creek Near Norcross, Ga",33.965,-84.265,23.0,03130001,0,1,100.0
02335580,"Big Creek At Ga 9, Near Cumming, Ga",34.156,-84.219,96.8,03130001,0,1,100.0
02335700,"Big Creek Near Alpharetta, Ga",34.051,-84.269,190.6,03130001,1,1,100.0
02335757,"Big Creek Below Hog Wallow Creek At Roswell, Ga",34.017,-84.353,267.5,03130001,3,1,85.02
02335790,"Willeo Creek At Ga 120, Near Roswell, Ga",34.003,-84.394,41.5,03130001,0,1,100.0
02335870,"Sope Creek Near Marietta, Ga",33.954,-84.443,79.5,03130001,0,1,100.0
02335910,"Rottenwood Cr At Interstate N Pkwy, Nr Smyrna, Ga",33.894,-84.458,48.1,03130001,1,1,100.0
02336030,"N.F. Peachtree Creek At Graves Rd, Nr Doraville,Ga",33.906,-84.225,3.7,03130001,1,1,100.0
02336120,"N.F. Peachtree Creek, Buford Hwy, Near Atlanta, Ga",33.831,-84.343,91.3,03130001,2,1,100.0
02336240,"S.F. Peachtree Creek Johnson Rd, Near Atlanta, Ga",33.803,-84.341,71.6,03130001,1,1,100.0
02336300,"Peachtree Creek At Atlanta, Ga",33.819,-84.408,221.7,03130001,3,1,100.0
02336360,"Nancy Creek At Rickenbacker Drive, At Atlanta, Ga",33.869,-84.379,68.1,03130001,1,1,100.0
02336410,"Nancy Creek At West Wesley Road, At Atlanta, Ga",33.838,-84.439,96.5,03130001,0,1,100.0
02336526,"Proctor Creek At Jackson Parkway, At Atlanta, Ga",33.794,-84.474,35.1,03130002,1,1,100.0
02336635,"Nickajack Creek At Us 78/278, Near Mableton, Ga",33.803,-84.521,80.7,03130002,0,1,100.0
02336728,"Utoy Creek At Great Southwest Pkwy Nr Atlanta, Ga",33.743,-84.568,90.1,03130002,0,1,88.15
02336968,"Noses Creek At Powder Springs Rd,Powder Springs,Ga",33.859,-84.653,114.5,03130002,0,1,100.0
02337000,"Sweetwater Creek Near Austell, Ga",33.773,-84.615,617.6,03130002,7,1,100.0
02337040,"Sweetwater Creek Below Austell, Ga",33.721,-84.615,682.8,03130002,0,1,100.0
02337410,"Dog River At Ga 5, Near Fairplay, Ga",33.654,-84.821,172.2,03130002,0,1,100.0
02337498,"Snake Crk Ds Snake Crk Reservior Nr Whitesburg, Ga",33.527,-84.936,89.6,03130002,0,1,100.0
02337500,"Snake Creek Near Whitesburg, Ga",33.53,-84.928,92.3,03130002,0,1,100.0
02338523,"Hillabahatchee Creek At Thaxton Rd, Nr Franklin,Ga",33.341,-85.227,43.2,03130002,0,1,100.0
02338660,"New River At Ga 100, Near Corinth, Ga",33.235,-84.988,323.4,03130002,1,1,100.0
02339495,Oseligee Creek Near Lanett Al,32.902,-85.196,222.8,03130002,1,1,94.33
02340500,"Mountain Oak Creek Near Hamilton, Ga",32.741,-85.069,160.1,03130002,0,1,100.0
02341725,"Pine Knot Creek Near Eelbeeck, Ga",32.439,-84.733,172.5,03130003,0,1,100.0
02341800,"Upatoi Creek Near Columbus, Ga",32.413,-84.82,883.6,03130003,0,1,100.0
02341910,"Ochillee Creek At Ochillee, Ga",32.394,-84.843,166.5,03130003,0,1,68.79
02342500,"Uchee Creek Near Fort Mitchell, Al.",32.317,-85.015,830.6,03130003,0,1,51.96
02342850,"Hannahatchee Creek At Union Road, At Union, Ga",32.153,-84.906,311.3,03130003,0,1,10.49
02342933,South Fork Cowikee Creek Near Batesville Al,32.018,-85.296,290.1,03130003,0,1,0.0
02343225,"Pataula Creek Near Georgetown, Ga",31.818,-84.974,762.0,03130003,0,1,0.0
02343300,Abbie Creek Near Haleburg Al,31.474,-85.162,378.7,03130004,2,1,83.33
02343940,"Sawhatchee Creek At Cedar Springs, Ga",31.181,-85.044,168.3,03130004,0,1,100.0
02344350,"Flint River Near Lovejoy, Ga",33.416,-84.385,330.2,03130005,0,1,100.0
02344396,"Flint River At Woolsey Road, Near Woolsey, Ga",33.36,-84.394,412.0,03130005,0,1,100.0
02344478,"Shoal Creek At Shoal Creek Road, Near Griffin, Ga",33.257,-84.362,33.2,03130005,0,1,100.0
02344500,"Flint River Near Griffin, Ga",33.244,-84.429,697.4,03130005,1,1,100.0
02344605,"Line Creek Below Ga 54, Near Peachtree City, Ga",33.396,-84.607,96.2,03130005,0,1,100.0
02344620,"Shoal Creek At Ga54, Near Sharpsburg, Ga",33.389,-84.623,62.3,03130005,0,1,100.0
02344630,"Line Creek Blw Lake Mcintosh, Nr Peachtree City,Ga",33.36,-84.586,179.6,03130005,0,1,100.0
02344700,"Line Creek Near Senoia, Ga",33.319,-84.522,259.4,03130005,1,1,100.0
02346310,"Potato Creek At County Line Rd, Nr Orchard Hill,Ga",33.187,-84.229,25.0,03130005,0,1,100.0
02346500,"Potato Creek Near Thomaston, Ga.",32.904,-84.362,487.2,03130005,11,1,100.0
02349000,"Whitewater Cr Below Rambulette Cr, Nr Butler, Ga",32.467,-84.266,214.8,03130005,0,1,100.0
02349900,"Turkey Creek At Byromville, Ga",32.196,-83.902,122.9,03130006,0,1,100.0
02350080,"Lime Creek Near Cobb, Ga",32.034,-83.996,161.5,03130006,0,1,100.0
02350600,"Kinchafoonee Creek At Preston, Ga",32.053,-84.548,482.0,03130007,0,1,90.47
02351500,"Muckalee Creek Near Americus, Ga",32.083,-84.258,364.0,03130007,0,1,100.0
02351890,"Muckalee Creek At Ga 195, Near Leesburg, Ga",31.776,-84.139,972.0,03130007,0,1,0.0
02353265,"Ichawaynochaway Creek At Ga 37, Near Morgan, Ga",31.527,-84.583,773.2,03130009,0,1,3.12
02353400,"Pachitla Creek Near Edison, Ga",31.555,-84.681,470.5,03130009,0,1,0.0
02354500,"Chickasawhatchee Creek At Elmodel, Ga",31.351,-84.483,818.4,03130009,3,1,100.0
02359500,"Econfina Creek Near Bennett, Fla.",30.385,-85.557,300.2,03140101,2,1,100.0
02362240,"Little Double Bridges Creek Nr Enterprise, Al.",31.272,-85.958,55.2,03140201,1,1,100.0
02364570,Panther Creek Near Hacoda Al,31.121,-86.187,68.4,03140202,0,1,100.0
02365470,"Wrights Creek At Sh 177-A Nr Bonifay,Fl",30.857,-85.762,386.5,03140203,7,1,100.0
02365769,"Bruce Creek At Sh 81 Nr Redbay, Fl",30.625,-85.942,212.0,03140203,0,1,98.48
02366996,"Alaqua Creek Near Pleasant Ridge, Fl",30.669,-86.187,100.7,03140102,0,1,100.0
02367000,"Alaqua Creek Nr Defuniak Springs, Fla.",30.617,-86.164,170.3,03140102,0,1,100.0
02367310,"Juniper Creek At State Hwy 85 Nr Niceville, Fla.",30.557,-86.519,73.2,03140102,0,1,100.0
02368500,"Shoal River Nr Mossy Head, Fla.",30.796,-86.307,317.5,03140103,2,1,100.0
02369800,Blackwater River Near Bradley Al,31.028,-86.71,227.5,03140104,0,1,100.0
02370000,"Blackwater River Nr Baker, Fla.",30.834,-86.735,534.3,03140104,0,1,100.0
02370500,"Big Coldwater Creek Nr Milton, Fla.",30.709,-86.972,618.5,03140104,1,1,100.0
02370700,"Pond Creek Nr Milton, Fla.",30.681,-87.132,168.0,03140104,0,1,100.0
02371200,Indian Creek Near Troy Al,31.814,-86.121,23.2,03140301,0,1,100.0
02373500,Pigeon Creek Near Thad Al,31.477,-86.658,797.2,03140303,0,1,100.0
02374500,Murder Creek Near Evergreen Al,31.419,-86.987,445.7,03140304,0,1,1.2
02374745,"Burnt Corn Creek At State Hwy 41 Near Brewton, Al.",31.13,-87.087,472.1,03140304,0,1,74.23
02374950,Big Escambia Cr At Sardine Br Nr Stanley Crossroad,31.13,-87.371,503.5,03140305,0,1,100.0
02376000,"Pine Barren Creek Near Barth, Fla.",30.799,-87.368,195.8,03140305,1,1,100.0
02376115,"Elevenmile Creek Nr West Pensacola, Fl",30.498,-87.336,72.9,03140107,1,1,100.0
02376293,"Brushy Creek Near Bratt, Fl",30.979,-87.528,71.1,03140106,0,1,100.0
02376300,"Brushy Creek Near Walnut Hill, Fla.",30.889,-87.54,133.9,03140106,1,1,100.0
02376500,"Perdido River At Barrineau Park, Fl",30.69,-87.44,978.3,03140106,1,1,100.0
02377570,"Styx River Near Elsanor, Al.",30.606,-87.547,495.4,03140106,2,1,100.0
02378170,"Wolf Creek Below Foley, Ala",30.388,-87.653,13.7,03140107,3,1,100.0
02378300,"Magnolia River At Us 98 Near Foley, Alabama",30.407,-87.737,44.3,03160205,2,1,100.0
02378500,Fish River Near Silver Hill Al,30.545,-87.799,145.1,03160205,1,1,100.0
02379500,"Cartecay River Near Ellijay, Ga",34.684,-84.459,347.8,03150102,0,1,92.14
02380500,"Coosawattee River Near Ellijay, Ga",34.675,-84.509,611.6,03150102,0,1,63.44
02381090,"Mountaintown Creek At Ga 282, Near Ellijay, Ga",34.703,-84.539,160.0,03150102,0,1,16.95
02381600,"Fausett Creek Near Talking Rock, Ga",34.57,-84.469,10.3,03150102,0,1,100.0
02382200,"Talking Rock Creek Near Hinton, Ga",34.523,-84.611,309.9,03150102,0,1,97.01
02383000,"Rock Creek Near Fairmount, Ga",34.359,-84.779,15.8,03150102,0,1,100.0
02384500,"Conasauga River At Ga 286, Near Eton, Ga",34.828,-84.851,653.1,03150101,0,1,96.67
02384540,"Mill Creek Near Crandall, Ga",34.872,-84.721,21.4,03150101,0,1,50.0
02385170,"Coahulla Creek At Keiths Mill Road, Near Dalton,Ga",34.743,-84.88,457.2,03150101,0,1,76.6
02385500,"Mill Creek At Dalton, Ga",34.788,-84.975,104.4,03150101,3,1,100.0
02385800,"Holly Creek Near Chatsworth, Ga",34.717,-84.77,165.7,03150101,0,1,0.0
02387600,"Oothkalooga Creek At Ga 53 Spur, At Calhoun, Ga",34.496,-84.965,162.7,03150103,1,1,100.0
02388000,"West Armuchee Creek Near Subligna, Ga",34.568,-85.16,94.6,03150103,0,1,25.0
02388300,"Heath Creek Near Rome, Ga",34.366,-85.271,38.1,03150103,0,1,71.11
02388320,"Heath Creek Near Armuchee, Ga",34.372,-85.264,43.3,03150103,0,1,70.83
02388350,"Armuchee Creek At Old Dalton Road, Near Rome, Ga",34.361,-85.14,580.8,03150103,0,1,72.37
02388900,"Etowah River Near Dahlonega, Ga",34.516,-84.061,180.4,03150104,0,1,100.0
02388975,"Etowah River At Ga 136, Near Landdrum, Ga",34.409,-84.02,251.3,03150104,0,1,97.91
02389000,"Etowah River Near Dawsonville, Ga",34.383,-84.056,278.5,03150104,0,1,98.05
02389150,"Etowah River At Ga 9, Near Dawsonville, Ga",34.357,-84.114,340.4,03150104,0,1,100.0
02390000,"Amicalola Creek Near Dawsonville, Ga.",34.426,-84.212,230.6,03150104,0,1,100.0
02390140,"Settingdown Creek Near Ball Ground, Ga",34.293,-84.264,130.9,03150104,0,1,100.0
02390475,"Long Swamp Creek At Reavis Mtn Rd, Nr Nelson, Ga",34.375,-84.347,176.5,03150104,0,1,100.0
02391540,"Sharp Mtn Creek At Old Ga 5, Below Ball Ground, Ga",34.311,-84.403,189.5,03150104,0,1,100.0
02391840,"Hickory Log Creek Near Canton, Ga",34.265,-84.474,21.5,03150104,0,1,100.0
02392360,"Shoal Creek At Ga 108, Near Waleska, Ga",34.263,-84.595,146.5,03150104,0,1,100.0
02392500,"Little River Near Roswell, Ga",34.119,-84.388,155.5,03150104,0,1,100.0
02392780,"Little River At Ga 5, Near Woodstock, Ga",34.122,-84.504,361.9,03150104,0,1,100.0
02392950,"Noonday Creek At Hawkins Store Rd, Nr Woodstock,Ga",34.056,-84.536,65.5,03150104,0,1,100.0
02392975,"Noonday Creek At Shallowford Road, Nr Woodstock,Ga",34.068,-84.536,89.5,03150104,0,1,100.0
02393419,"Allatoona Creek At Stilesboro Rd, Near Acworth, Ga",33.995,-84.693,38.2,03150104,0,1,100.0
02395120,"Two Run Creek Near Kingston, Ga",34.243,-84.89,84.0,03150104,0,1,100.0
02397500,"Cedar Creek Near Cedartown, Ga",34.061,-85.313,296.6,03150105,4,1,100.0
02398000,"Chattooga River At Summerville, Ga",34.466,-85.336,496.9,03150105,0,1,71.87
02398300,Chattooga River Above Gaylesville Al,34.29,-85.509,946.8,03150105,18,1,83.33
02398950,West Fork Little R At Desoto Park Nr Fort Payne Al,34.492,-85.617,111.9,03150105,0,1,100.0
02399200,Little River Near Blue Pond Al,34.288,-85.682,515.3,03150105,0,1,50.0
02400100,Terrapin Creek At Ellisville Al,34.065,-85.614,654.8,03150105,1,1,100.0
02400680,"Big Wills Creek At State Hwy 35 Nr Fort Payne, Al",34.438,-85.767,144.8,03150106,4,1,100.0
02401000,Big Wills Creek Near Reece City,34.098,-86.038,473.5,03150106,1,1,93.16
02401390,Big Canoe Creek At Ashville Al,33.84,-86.263,365.3,03150106,0,1,67.76
02403310,"Choccolocco Creek Near Boiling Spring, Alabama",33.602,-85.785,496.5,03150106,0,1,100.0
02403500,W  12 Coldwater Spring Nr Anniston,33.603,-85.926,3.4,03150106,0,0,100.0
02404000,Choccolocco Creek Near Jenifer Al,33.571,-85.931,719.8,03150106,2,1,100.0
02405500,Kelly Creek Near Vincent Al,33.448,-86.387,502.3,03150106,0,1,92.42
02406500,Talladega Creek At Alpine Al,33.36,-86.234,386.1,03150106,0,1,76.25
02407514,"Yellowleaf Creek Near Westover, Al",33.321,-86.495,367.1,03150107,0,1,100.0
02408500,Hatchet Creek Near Rockford Al,32.945,-86.218,605.7,03150107,0,1,99.26
02408540,Hatchet Creek Below Rockford Al,32.917,-86.27,682.4,03150107,0,1,99.36
02410000,Paterson Creek Near Central Al,32.682,-86.128,12.6,03150107,0,1,100.0
02411800,"Little River Near Buchanan, Ga",33.798,-85.117,52.3,03150108,0,1,100.0
02411930,"Tallapoosa River At Us 78, Near Tallapoosa, Ga",33.741,-85.336,704.8,03150108,1,1,100.0
02413000,"Little Tallapoosa River At Us 27, At Carrollton,Ga",33.597,-85.08,246.6,03150108,0,1,100.0
02413210,"Little Tallapoosa R At Ga 100, Near Bowdon, Ga",33.493,-85.279,633.6,03150108,0,1,100.0
02415000,Hillabee Creek Near Hackneyville Al,33.067,-85.879,491.4,03150109,0,1,100.0
02418230,"Sougahatchee Creek At Co Rd 188 Nr Loachapoka, Al.",32.627,-85.588,184.0,03150110,3,1,100.0
02418760,Chewacla Creek At Chewacla State Park Nr Auburn,32.548,-85.481,120.2,03150110,0,1,97.74
02419000,Uphapee Creek Near Tuskegee Al,32.477,-85.695,862.2,03150110,0,1,34.93
02421000,Catoma Creek Near Montgomery Al,32.307,-86.299,759.2,03150201,0,1,33.29
02422000,Big Swamp Creek Near Lowndesboro Al,32.267,-86.694,632.0,03150201,0,1,100.0
02422500,Mulberry Creek At Jones Al,32.583,-86.904,527.5,03150201,0,1,100.0
02423130,"Cahaba River At Trussville, Al.",33.622,-86.599,51.7,03150202,0,1,100.0
02423380,Cahaba River Near Mountain Brook Al,33.482,-86.713,363.1,03150202,1,1,87.98
02423397,"Little Cahaba River Below Leeds, Al.",33.535,-86.562,43.9,03150202,0,1,100.0
02423400,"Little Cahaba River Nr Jefferson Park, Al.",33.5,-86.614,62.6,03150202,0,1,100.0
02423414,Little Cahaba River At Cah Bea Rd Nr Cahaba Hts Al,33.44,-86.699,122.5,03150202,0,1,100.0
02423425,Cahaba River Near Cahaba Heights Al,33.416,-86.74,519.9,03150202,2,1,91.68
02423496,"Cahaba River Near Hoover, Al",33.369,-86.784,585.8,03150202,3,1,92.29
02423500,Cahaba River Near Acton Al,33.363,-86.813,593.8,03150202,3,1,92.63
02423555,Cahaba River Near Helena Al,33.285,-86.882,866.3,03150202,8,1,94.52
02423630,Shades Creek Near Greenwood Al,33.326,-86.95,186.0,03150202,3,1,100.0
02425500,"Cedar Creek At Minter, Al.",32.079,-86.984,547.6,03150203,0,1,0.0
02427250,"Pine Barren Creek Near Snow Hill, Al.",31.996,-87.068,675.2,03150203,0,1,0.0
02427700,Turkey Creek At Kimbrough Al,32.021,-87.558,252.5,03150203,0,1,0.0
02428500,Big Flat Creek Near Fountain Al,31.608,-87.412,640.5,03150204,0,1,77.78
02429900,"Big Brown Creek Nr Booneville, Ms",34.625,-88.445,69.6,03160101,0,1,83.04
02429980,"Pollard Mill Branch At Paden, Ms",34.654,-88.249,5.3,03160101,0,1,57.14
02430000,"Mackeys Creek Nr Dennis, Ms",34.526,-88.323,175.8,03160101,0,1,74.12
02430085,"Red Bud Creek Nr Moores Mill, Ms",34.467,-88.284,40.6,03160101,0,1,100.0
02430615,"Mud Creek Nr Fairview, Ms",34.392,-88.355,28.7,03160101,0,1,100.0
02430680,"Twentymile Creek Nr Guntown, Ms",34.453,-88.577,342.2,03160101,2,1,100.0
02430880,"Cummings Creek Nr Fulton, Ms",34.304,-88.371,47.7,03160101,0,1,100.0
02432500,"Bull Mountain Creek At Tremont, Ms",34.239,-88.272,363.2,03160101,1,1,100.0
02433000,"Bull Mountain Creek Nr Smithville, Ms",34.088,-88.391,870.0,03160101,0,1,100.0
02435020,"Town Creek At Eason Boulevard At Tupelo, Ms",34.236,-88.696,560.0,03160102,3,1,99.24
02438000,Buttahatchee River Below Hamilton Al,34.106,-87.989,724.2,03160103,1,1,100.0
02440000,"Chuquatonchee Creek Nr Egypt, Ms",33.84,-88.762,383.5,03160104,1,1,100.0
02442000,Luxapallila Creek Near Fayette Al,33.72,-87.871,336.7,03160105,1,1,100.0
02442500,"Luxapallila Creek At Millport, Al",33.575,-88.083,633.6,03160105,0,1,100.0
02443000,"Luxapallila Creek At Steens, Ms",33.56,-88.315,801.9,03160105,1,1,100.0
02444000,"Coal Fire Creek Nr Pickensville, Al",33.298,-88.266,327.2,03160106,0,1,100.0
02448900,"Bodka Creek Near Geiger, Al.",32.807,-88.312,411.8,03160108,0,1,100.0
02449245,Brush Creek Near Eutaw Al,32.831,-87.982,112.0,03160106,0,1,0.0
02449882,"Blue Springs Creek Near Blountsville, Al.",34.08,-86.608,30.4,03160109,0,1,100.0
02450000,"Mulberry Fork Near Garden City, Al.",33.995,-86.749,930.0,03160109,0,1,100.0
02450250,Sipsey Fork Near Grayson Al,34.285,-87.399,231.8,03160110,0,1,100.0
02450825,"Clear C At New Hope Church Nr Poplar Springs, Al.",34.081,-87.423,263.4,03160110,0,1,100.0
02453000,Blackwater Creek Near Manchester Al,33.908,-87.257,471.2,03160109,1,1,100.0
02454055,"Lost Creek Above Parrish, Al.",33.742,-87.327,371.0,03160109,0,1,100.0
02455000,"Locust Fork Near Cleveland, Al.",34.025,-86.574,784.9,03160111,1,1,98.57
02455185,Blackburn Fork Little Warrior R Nr Holly Springs,33.861,-86.446,94.4,03160111,0,1,32.18
02455980,Turkey Creek At Sewage Plant Near Pinson Al,33.711,-86.696,71.4,03160111,0,1,97.67
02456000,Turkey Creek At Morris Al,33.74,-86.812,209.4,03160111,0,1,100.0
02457000,Fivemile Creek At Ketona Al,33.601,-86.756,57.2,03160111,0,1,66.67
02457595,"Fivemile Creek Near Republic, Al",33.597,-86.868,133.2,03160111,1,1,100.0
02458300,"Village Creek At 24Th St. At Birmingham, Al",33.543,-86.817,66.8,03160111,0,1,78.33
02458450,"Village Creek At Avenue W At Ensley, Al",33.518,-86.879,85.9,03160111,1,1,87.38
02458600,"Village Creek Near Docena, Alabama",33.548,-86.926,135.2,03160111,1,1,90.44
02461500,"Valley Creek Near Bessemer, Al",33.419,-86.983,138.8,03160112,3,1,100.0
02462000,Valley Creek Near Oak Grove Al,33.447,-87.122,384.1,03160112,1,1,100.0
02464000,North River Near Samantha Al,33.479,-87.597,578.9,03160112,0,1,100.0
02464146,Turkey Creek Near Tuscaloosa,33.413,-87.511,15.8,03160112,0,1,100.0
02464360,Binion Creek Below Gin Creek Near Samantha Al,33.425,-87.643,148.6,03160112,0,1,100.0
02464660,Carroll Creek At St Hwy 69 Nr Northport Al,33.295,-87.568,53.9,03160112,0,1,100.0
02465292,"Cribbs Mill Creek At Ww Plant At Tuscaloosa, Al.",33.175,-87.565,26.4,03160113,2,1,100.0
02465493,Elliotts Creek At Moundville Al,32.997,-87.622,83.4,03160113,0,1,100.0
02468500,Chickasaw Bogue Near Linden Al,32.329,-87.791,667.0,03160201,0,1,17.06
02469800,Satilpa Creek Near Coffeeville Al,31.744,-88.023,422.7,03160203,1,1,100.0
02470072,"Bassett Creek At Us Highway 43 Nr Thomasville, Al.",31.864,-87.747,27.6,03160203,0,1,0.0
02471001,Chickasaw Creek Near Kushla Al,30.803,-88.143,324.2,03160204,0,1,100.0
02471078,"Fowl River At Half-Mile Rd Near Laurendine, Al.",30.501,-88.181,44.5,03160205,1,1,100.0
02472500,"Bouie Creek Nr Hattiesburg, Ms",31.426,-89.415,789.9,03170004,2,1,100.0
02472850,"Okatoma Creek At Sanford, Ms",31.489,-89.433,664.1,03170004,6,1,100.0
02473460,"Tallahala Creek At Waldrup, Ms",31.966,-89.115,265.7,03170005,0,1,100.0
02473500,"Tallahala Creek At Laurel, Ms",31.681,-89.116,619.4,03170005,6,1,100.0
02474600,"Bogue Homo Nr Richton, Ms",31.404,-89.022,889.5,03170005,1,1,100.0
02475500,"Chunky River Nr Chunky, Ms",32.326,-88.909,957.6,03170001,10,1,100.0
02476000,"Okatibbee Creek Nr Meridian, Ms",32.353,-88.757,609.5,03170001,7,1,99.33
02476500,"Sowashee Creek At Meridian, Ms",32.368,-88.677,134.6,03170001,0,1,56.91
02476600,"Okatibbee Creek At Arundel, Ms",32.298,-88.754,909.0,03170001,3,1,93.06
02479130,"Black Creek Nr Brooklyn, Ms",31.052,-89.204,920.7,03170007,7,1,100.0
02479155,"Cypress Creek Nr Janice, Ms",31.025,-89.017,137.3,03170007,0,1,100.0
02479431,Pond Creek Near Deer Park Al,31.161,-88.362,52.9,03170008,0,1,100.0
02479945,"Big Creek At County Rd 63 Near Wilmer, Al.",30.856,-88.334,82.0,03170008,0,1,100.0
02479980,"Crooked Creek Near Fairview, Al.",30.78,-88.319,21.5,03170008,0,1,100.0
02480002,"Hamilton Creek At Snow Road Near Semmes, Al.",30.726,-88.276,21.2,03170008,0,1,100.0
02481000,"Biloxi River At Wortham, Ms",30.559,-89.122,249.2,03170009,0,1,100.0
02481510,"Wolf River Nr Landon, Ms",30.484,-89.274,800.7,03170009,0,1,100.0
02483000,"Tuscolameta Creek At Walnut Grove, Ms",32.588,-89.465,920.0,03180001,9,1,100.0
02484000,"Yockanookany River Nr Kosciusko, Ms",33.032,-89.578,783.5,03180001,3,1,100.0
02485574,"Mill Creek At State Highway 25 Nr Luckney, Ms",32.359,-90.008,22.9,03180002,1,1,100.0
02485700,"Hanging Moss Creek Nr Jackson, Ms",32.365,-90.145,44.9,03180002,3,1,100.0
02488700,"Whitesand Creek Nr Oakvale, Ms",31.471,-89.974,352.3,03180003,4,1,100.0
02490105,"Bogue Lusa Creek At State Hwy 439, At Bogalusa,",30.782,-89.873,188.9,03180004,0,1,100.0
02492343,"East Hobolochitto Creek Nr Caesar, Ms",30.574,-89.595,241.6,03180004,0,1,100.0
02492360,"West Hobolochitto Creek Nr Mcneill, Ms",30.662,-89.686,452.3,03180004,0,1,100.0
03007800,"Allegheny River At Port Allegany, Pa",41.819,-78.293,651.5,05010001,1,1,100.0
03010655,"Oswayo Creek At Shinglehouse, Pa",41.962,-78.198,254.4,05010001,2,1,100.0
03011800,"Kinzua Creek Near Guffey, Pa",41.766,-78.719,100.1,05010001,0,1,100.0
03013000,Conewango Creek At Waterboro Ny,42.171,-79.069,747.7,05010002,4,1,100.0
03014500,Chadakoin River At Falconer Ny,42.113,-79.204,499.3,05010002,3,1,100.0
03015500,"Brokenstraw Creek At Youngsville, Pa",41.853,-79.317,784.9,05010001,1,1,100.0
03017500,"Tionesta Creek At Lynch, Pa",41.602,-79.05,601.1,05010003,0,1,100.0
03020500,"Oil Creek At Rouseville, Pa",41.482,-79.695,730.6,05010003,1,1,100.0
03021350,"French Creek Near Wattsburg, Pa",42.015,-79.783,239.7,05010004,0,1,100.0
03021500,"French Creek At Carters Corners, Pa",41.956,-79.877,537.1,05010004,0,1,100.0
03021520,"French Creek Near Union City, Pa",41.908,-79.897,573.8,05010004,0,1,84.25
03022540,"Woodcock Creek At Blooming Valley, Pa",41.691,-80.048,78.7,05010004,0,1,100.0
03022554,"Woodcock Creek At Woodcock Creek Dam, Pa",41.696,-80.108,118.3,05010004,0,1,91.67
03025000,"Sugar Creek At Sugarcreek, Pa",41.429,-79.88,422.6,05010004,3,1,100.0
03026500,"Sevenmile Run Near Rasselas, Pa",41.631,-78.577,20.3,05010005,0,1,100.0
03027500,"Eb Clarion River At Eb Clarion River Dam, Pa",41.553,-78.596,187.9,05010005,0,1,100.0
03028000,"West Branch Clarion River At Wilcox, Pa",41.575,-78.692,161.1,05010005,0,1,100.0
03028500,"Clarion River At Johnsonburg, Pa",41.486,-78.678,527.4,05010005,0,1,100.0
03034000,"Mahoning Creek At Punxsutawney, Pa",40.939,-79.008,407.6,05010006,0,1,100.0
03034500,"Little Mahoning Creek At Mccormick, Pa",40.836,-79.11,226.1,05010006,1,1,100.0
03036000,"Mahoning Creek At Mahoning Creek Dam, Pa",40.928,-79.291,890.8,05010006,0,1,100.0
03038000,"Crooked Creek At Idaho, Pa",40.655,-79.349,493.7,05010006,0,1,100.0
03039000,Crooked Creek At Crooked Creek Dam Near Ford City,40.72,-79.511,720.6,05010006,1,1,100.0
03041000,"Little Conemaugh River At East Conemaugh, Pa",40.346,-78.883,480.7,05010007,2,1,100.0
03042000,"Blacklick Creek At Josephine, Pa",40.473,-79.183,499.3,05010007,1,1,100.0
03042280,"Yellow Creek Near Homer City, Pa",40.573,-79.103,154.5,05010007,0,1,100.0
03042500,"Two Lick Creek At Graceton, Pa",40.517,-79.172,440.9,05010007,4,1,100.0
03045000,"Loyalhanna Creek At Kingston, Pa",40.293,-79.341,444.0,05010008,0,1,99.8
03047000,"Loyalhanna Creek At Loyalhanna Dam, Pa",40.459,-79.449,752.0,05010008,4,1,100.0
03049000,"Buffalo Creek Near Freeport, Pa",40.716,-79.699,357.2,05010009,3,1,100.0
03049646,"Deer Creek Near Dorseyville, Pa",40.583,-79.861,69.5,05010009,1,1,100.0
03049658,"Plum Creek At Milltown, Pa",40.514,-79.805,44.8,05010009,5,1,100.0
03049676,"Sycamore Run At Old Freeport Road Nr Blawnox, Pa",40.488,-79.877,22.1,05010009,1,1,93.88
03049800,"Little Pine Creek Near Etna, Pa",40.52,-79.938,14.9,05010009,0,1,100.0
03049807,"Pine Creek At Grant Avenue At Etna, Pa",40.503,-79.948,153.7,05010009,10,1,100.0
03050000,"Tygart Valley River Near Dailey, Wv",38.809,-79.882,487.3,05020001,0,1,78.21
03050500,"Tygart Valley River Near Elkins, Wv",38.924,-79.879,708.0,05020001,0,1,0.0
03052000,"Middle Fork River At Audra, Wv",39.04,-80.068,387.0,05020001,0,1,0.0
03052500,"Sand Run Near Buckhannon, Wv",38.964,-80.153,37.3,05020001,0,1,0.0
03053500,"Buckhannon River At Hall, Wv",39.051,-80.115,697.8,05020001,0,1,56.08
03056250,"Three Fork Creek Nr Grafton, Wv",39.336,-79.993,250.5,05020001,1,1,96.23
03058000,"West Fork R Bl Stonewall Jackson Dam Nr Weston, Wv",39.005,-80.473,261.6,05020002,0,1,79.57
03058500,"West Fork River At Butcherville, Wv",39.091,-80.468,489.7,05020002,0,1,67.15
03059500,"Elk Creek At Quiet Dell, Wv",39.228,-80.297,218.1,05020002,0,1,0.0
03061500,"Buffalo Creek At Barrackville, Wv",39.504,-80.172,300.1,05020003,9,1,100.0
03062400,"Cobun Creek At Morgantown, Wv",39.608,-79.955,28.6,05020003,1,1,100.0
03062500,"Deckers Creek At Morgantown, Wv",39.629,-79.953,163.8,05020003,9,1,100.0
03065000,"Dry Fork At Hendricks, Wv",39.072,-79.623,897.9,05020004,0,1,54.76
03065400,"Blackwater River Near Davis, Wv",39.14,-79.42,142.4,05020004,0,1,100.0
03066000,"Blackwater River At Davis, Wv",39.127,-79.468,222.8,05020004,0,1,100.0
03067510,"Shavers Fork Nr Cheat Bridge, Wv",38.617,-79.87,154.6,05020004,0,1,100.0
03068800,"Shavers Fork Below Bowden, Wv",38.913,-79.77,388.3,05020004,0,1,0.0
03069000,"Shavers Fork At Parsons, Wv",39.096,-79.677,551.0,05020004,0,1,29.11
03070500,"Big Sandy Creek At Rockville, Wv",39.616,-79.705,517.4,05020004,0,1,100.0
03072000,"Dunkard Creek At Shannopin, Pa",39.759,-79.971,588.4,05020005,3,1,100.0
03073000,"South Fork Tenmile Creek At Jefferson, Pa",39.923,-80.073,467.2,05020005,5,1,100.0
03074500,"Redstone Creek At Waltersburg, Pa",39.98,-79.764,191.1,05020005,3,1,100.0
03075500,"Youghiogheny River Near Oakland, Md",39.422,-79.424,347.6,05020006,1,1,100.0
03075905,"Cherry Creek At State Park Road Near Mchenry, Md",39.538,-79.316,31.7,05020006,0,1,100.0
03076500,"Youghiogheny River At Friendsville, Md",39.654,-79.408,761.8,05020006,0,1,99.86
03076600,"Bear Creek At Friendsville, Md",39.656,-79.394,127.4,05020006,0,1,100.0
03078000,"Casselman River At Grantsville, Md",39.702,-79.136,161.5,05020006,0,1,100.0
03079000,"Casselman River At Markleton, Pa",39.86,-79.228,990.8,05020006,0,1,100.0
03080000,"Laurel Hill Creek At Ursina, Pa",39.82,-79.321,313.3,05020006,0,1,100.0
03083000,"Green Lick Run At Green Lick Reservoir, Pa",40.105,-79.5,8.3,05020006,0,1,100.0
03084000,"Abers Creek Near Murrysville, Pa",40.45,-79.714,11.3,05020005,0,1,100.0
03084698,"Turtle Creek At Wilmerding, Pa",40.394,-79.806,314.3,05020005,10,1,100.0
03084800,"Thompson Run At Turtle Creek, Pa",40.405,-79.828,40.1,05020005,3,1,100.0
03085049,"Nine Mile Run Near Swissvale, Pa",40.426,-79.906,15.8,05020005,3,1,100.0
03085213,"Sawmill Run At Duquesne Heights Nr Pittsburgh, Pa",40.433,-80.029,46.5,05030101,7,1,100.0
03085500,"Chartiers Creek At Carnegie, Pa",40.401,-80.096,666.9,05030101,41,1,100.0
03085956,"Montour Run At Scott Station Near Imperial, Pa",40.456,-80.176,67.1,05030101,1,1,100.0
03086500,Mahoning River At Alliance Oh,40.933,-81.095,231.7,05030103,0,1,100.0
03089500,Mill Creek Near Berlin Center Oh,41.0,-80.968,49.8,05030103,0,1,100.0
03090500,Mahoning River Bl Berlin Dam Nr Berlin Center Oh,41.048,-81.001,645.8,05030103,0,1,100.0
03091500,Mahoning River At Pricetown Oh,41.131,-80.971,708.8,05030103,0,1,100.0
03092000,Kale Creek Near Pricetown Oh,41.14,-80.995,58.3,05030103,0,1,100.0
03092090,West Branch Mahoning River Near Ravenna Oh,41.161,-81.197,55.5,05030103,2,1,100.0
03092460,West Branch Mahoning River At Wayland Oh,41.157,-81.072,209.0,05030103,0,1,100.0
03092500,West Branch Mahoning River Near Newton Falls Oh,41.172,-81.021,247.9,05030103,0,1,100.0
03093000,Eagle Creek At Phalanx Station Oh,41.261,-80.954,251.8,05030103,0,1,100.0
03095500,Mosquito Creek Bl Mosquito Ck Dam Nr Cortland Oh,41.3,-80.758,245.5,05030103,0,1,100.0
03098500,Mill Creek At Youngstown Oh,41.072,-80.69,174.1,05030103,2,1,100.0
03098700,Crab Creek At Youngstown Oh,41.122,-80.635,32.6,05030103,0,1,100.0
03101500,"Shenango River At Pymatuning Dam, Pa",41.498,-80.46,420.2,05030102,0,1,100.0
03102500,"Little Shenango River At Greenville, Pa",41.422,-80.376,241.7,05030102,2,1,100.0
03102850,"Shenango River Near Transfer, Pa",41.354,-80.398,870.5,05030102,1,1,100.0
03102950,Pymatuning Creek At Kinsman Oh,41.443,-80.588,250.8,05030102,0,1,100.0
03106000,"Connoquenessing Creek Near Zelienople, Pa",40.817,-80.242,921.4,05030105,12,1,100.0
03106300,"Muddy Creek Near Portersville, Pa",40.963,-80.125,132.7,05030105,1,1,100.0
03108000,"Raccoon Creek At Moffatts Mill, Pa",40.628,-80.338,463.5,05030101,1,1,100.0
03110000,Yellow Creek Near Hammondsville Oh,40.538,-80.725,381.4,05030101,1,1,100.0
03110830,"Kings Creek At Weirton, Wv",40.436,-80.593,126.8,05030101,1,1,89.78
03111150,"Brush Run Near Buffalo, Pa",40.198,-80.408,27.0,05030106,0,1,100.0
03111500,Short Creek Near Dillonvale Oh,40.193,-80.734,318.8,05030106,2,1,100.0
03111548,Wheeling Creek Below Blaine Oh,40.067,-80.808,253.1,05030106,3,1,100.0
03112000,"Wheeling Creek At Elm Grove, Wv",40.045,-80.661,731.1,05030106,5,1,100.0
03113990,Captina Creek At S.R. 148 At Armstrongs Mills Oh,39.907,-80.936,328.8,05030106,1,1,100.0
03114000,Captina Creek At Armstrongs Mills Oh,39.909,-80.924,346.4,05030106,0,1,100.0
03115400,Little Muskingum River At Bloomfield Oh,39.563,-81.204,544.3,05030201,0,1,0.0
03115973,Schocalog Run At Copley Junction Oh,41.103,-81.603,9.0,05040001,0,1,100.0
03116000,Tuscarawas River At Clinton Oh,40.928,-81.633,456.7,05040001,3,1,100.0
03116077,Chippewa Creek At Miller Rd At Sterling Oh,40.966,-81.851,129.0,05040001,1,1,100.0
03116200,Chippewa Creek At Easton Oh,40.946,-81.743,378.3,05040001,4,1,100.0
03117500,Sandy Creek At Waynesburg Oh,40.673,-81.26,656.2,05040001,1,1,100.0
03118000,Middle Branch Nimishillen Creek At Canton Oh,40.841,-81.354,116.2,05040001,0,1,100.0
03118500,Nimishillen Creek At North Industry Oh,40.734,-81.352,453.5,05040001,2,1,100.0
03120500,Mcguire Creek Near Leesville Oh,40.47,-81.196,124.7,05040001,0,1,100.0
03121850,Huff Run At Mineral City Oh,40.597,-81.359,31.5,05040001,0,1,100.0
03123000,Sugar Creek Above Beach City Dam At Beach City Oh,40.657,-81.577,413.2,05040001,1,1,100.0
03124000,Sugar Creek Bl Beach City Dam Near Beach City Oh,40.636,-81.553,775.2,05040001,0,1,100.0
03124500,Sugar Creek At Strasburg Oh,40.588,-81.523,803.1,05040001,2,1,100.0
03125000,Home Creek Near New Philadelphia Oh,40.468,-81.403,4.2,05040001,0,1,100.0
03126000,Stillwater Creek At Piedmont Oh,40.195,-81.215,316.5,05040001,1,1,100.0
03127000,Stillwater Creek At Tippecanoe Oh,40.27,-81.29,729.6,05040001,1,1,100.0
03127500,Stillwater Creek At Uhrichsville Oh,40.386,-81.347,949.9,05040001,1,1,100.0
03128500,Little Stillwater Creek Bl Tappan Dam At Tappan Oh,40.357,-81.23,184.6,05040001,1,1,100.0
03130000,Black Fork Below Charles Mill Dam Near Mifflin Oh,40.738,-82.363,566.3,05040002,2,1,100.0
03130500,Touby Run At Mansfield Oh,40.765,-82.545,12.1,05040002,0,1,100.0
03131500,Black Fork At Loudonville Oh,40.636,-82.239,903.8,05040002,1,1,100.0
03132000,Clear Fork At Butler Oh,40.594,-82.422,355.5,05040002,0,1,100.0
03133500,Clear Fork Bl Pleasant Hill Dam Nr Perrysville Oh,40.62,-82.324,514.9,05040002,0,1,100.0
03135000,Lake Fork Bl Mohicanville Dam Near Mohicanville Oh,40.723,-82.155,689.6,05040002,0,1,100.0
03136500,Kokosing River At Mount Vernon Oh,40.406,-82.5,520.7,05040003,0,1,100.0
03140000,Mill Creek Near Coshocton Oh,40.363,-81.862,70.3,05040003,0,1,100.0
03141500,Seneca Fork Bl Senecaville Dam Near Senecaville Oh,39.925,-81.438,305.9,05040005,1,1,89.79
03141870,Leatherwood Creek Near Kipling Oh,39.99,-81.496,177.5,05040005,2,1,98.16
03144000,Wakatomika Creek Near Frazeysburg Oh,40.133,-82.148,363.4,05040004,0,1,41.84
03144816,South Fork Licking River At Kirkersville Oh,39.964,-82.599,121.0,05040006,0,1,100.0
03145000,South Fork Licking River Near Hebron Oh,39.989,-82.475,345.9,05040006,0,1,80.33
03145483,Raccoon Creek Near Granville Oh,40.069,-82.552,205.8,05040006,0,1,63.64
03146277,North Fork Licking River At Newark Oh,40.087,-82.411,588.2,05040006,0,1,6.85
03146405,"North Fork Licking River At Ohio Street, Newark Oh",40.054,-82.392,623.7,05040006,0,1,0.0
03149500,Salt Creek Near Chandlersville Oh,39.909,-81.86,196.1,05040004,0,1,0.0
03151400,"Little Kanawha River Nr Wildcat, Wv",38.743,-80.525,290.7,05030203,1,1,100.0
03151500,"L Kanawha R Nr Burnsville, Wv",38.824,-80.593,400.3,05030203,1,1,100.0
03153000,"Steer Creek Near Grantsville, Wv",38.863,-81.035,429.5,05030203,2,1,89.73
03154000,"West Fork Little Kanawha River At Rocksdale, Wv",38.844,-81.223,530.5,05030203,0,1,0.0
03154500,"Reedy Creek Near Reedy, Wv",38.961,-81.39,206.3,05030203,0,1,83.0
03156000,Hunters Run At Lancaster Oh,39.709,-82.622,25.7,05030204,0,1,100.0
03157000,Clear Creek Near Rockbridge Oh,39.588,-82.578,228.9,05030204,0,1,100.0
03158200,Monday Creek At Doanville Oh,39.435,-82.192,295.0,05030204,0,1,0.33
03159000,Sunday Creek At Glouster Oh,39.501,-82.085,251.8,05030204,0,1,0.0
03159246,Sunday Creek Below Millfield Oh,39.43,-82.101,326.5,05030204,0,1,1.94
03159540,Shade River Near Chester Oh,39.064,-81.882,400.9,05030202,3,1,100.0
03161000,"South Fork New River Near Jefferson, Nc",36.393,-81.407,527.9,05050001,3,1,97.66
03165000,"Chestnut Creek At Galax, Va",36.646,-80.919,102.0,05050001,0,1,100.0
03167000,"Reed Creek At Grahams Forge, Va",36.94,-80.887,669.0,05050001,1,1,100.0
03167500,"Big Reed Island Creek Near Allisonia, Va",36.889,-80.728,691.3,05050001,2,1,100.0
03170000,"Little River At Graysontown, Va",37.038,-80.557,794.6,05050001,2,1,100.0
03173000,"Walker Creek At Bane, Va",37.268,-80.71,773.3,05050002,2,1,100.0
03175500,"Wolf Creek Near Narrows, Va",37.306,-80.85,578.3,05050002,2,1,100.0
03177710,"Bluestone River At Falls Mills, Va",37.272,-81.305,114.9,05050002,9,1,100.0
03178500,"Camp Creek Near Camp Creek, Wv",37.504,-81.128,81.4,05050002,0,1,100.0
03180500,"Greenbrier River At Durbin, Wv",38.544,-79.833,345.1,05050003,1,1,100.0
03183000,"Second Creek Near Second Creek, Wv",37.685,-80.457,219.9,05050003,0,1,100.0
03185000,"Piney Creek At Raleigh, Wv",37.761,-81.162,136.7,05050004,4,1,100.0
03186500,"Williams River At Dyer, Wv",38.379,-80.484,329.7,05050005,0,1,100.0
03187000,"Gauley River At Camden On Gauley, Wv",38.366,-80.601,611.5,05050005,2,1,100.0
03187500,"Cranberry River Near Richwood, Wv",38.295,-80.526,207.4,05050005,0,1,93.64
03189000,"Cherry River At Fenwick, Wv",38.229,-80.583,390.4,05050005,0,1,95.57
03190000,"Meadow River At Nallen, Wv",38.113,-80.876,742.1,05050005,9,1,87.41
03190400,"Meadow River Near Mt. Lookout, Wv",38.19,-80.947,944.7,05050005,0,1,76.35
03191500,"Peters Creek Near Lockwood, Wv",38.263,-81.023,104.7,05050005,0,1,75.0
03194700,"Elk River Below Webster Springs, Wv",38.597,-80.49,689.1,05050007,1,1,100.0
03198350,"Clear Fork At Whitesville, Wv",37.966,-81.524,165.0,05050009,0,1,100.0
03199000,"Little Coal River At Danville, Wv",38.08,-81.836,696.3,05050009,6,1,100.0
03201000,"Pocatalico River At Sissonville, Wv",38.526,-81.631,617.2,05050008,0,1,69.53
03201405,"Hurricane Creek At Hurricane, Wv",38.445,-82.007,72.6,05050008,6,1,100.0
03201800,Sandy Run Near Lake Hope Oh,39.334,-82.332,13.8,05090101,0,1,100.0
03201902,Raccoon Creek Near Bolins Mills Oh,39.231,-82.286,530.1,05090101,2,1,100.0
03201980,Little Raccoon Creek Near Ewington Oh,39.011,-82.452,256.7,05090101,2,1,100.0
03202400,"Guyandotte River Near Baileysville, Wv",37.604,-81.645,792.8,05070101,1,1,100.0
03202750,"Clear Fork At Clear Fork, Wv",37.623,-81.707,327.1,05070101,0,1,60.43
03204500,"Mud River Near Milton, Wv",38.388,-82.113,659.2,05070102,8,1,100.0
03205470,Symmes Creek At Aid Oh,38.596,-82.495,778.4,05090101,4,1,100.0
03206600,"East Fork Twelvepole Creek Near Dunlow, Wv",38.017,-82.296,99.6,05090102,0,1,100.0
03207020,"Twelvepole Creek Below Wayne, Wv",38.249,-82.434,777.6,05090102,7,1,100.0
03207500,"Levisa Fork Near Grundy, Va",37.298,-82.126,618.1,05070202,6,1,100.0
03207800,"Levisa Fork At Big Rock, Va",37.354,-82.196,768.6,05070202,1,1,100.0
03207965,"Grapevine Creek Near Phyllis, Ky",37.433,-82.354,16.7,05070202,0,1,100.0
03208500,"Russell Fork At Haysi, Va",37.207,-82.296,740.9,05070202,7,1,100.0
03208700,"N F Pound River At Pound, Va",37.126,-82.627,47.7,05070202,0,1,100.0
03208900,"Pound River Near Georges Fork, Va",37.164,-82.525,208.0,05070202,5,1,100.0
03208950,"Cranes Nest River Near Clintwood, Va",37.124,-82.439,171.9,05070202,0,1,100.0
03209000,"Pound River Below Flannagan Dam, Near Haysi, Va",37.237,-82.343,572.2,05070202,3,1,100.0
03210000,"Johns Creek Near Meta, Ky",37.567,-82.458,146.1,05070203,2,1,100.0
03211500,"Johns Creek Near Van Lear, Ky",37.744,-82.724,534.4,05070203,6,1,100.0
03212000,"Paint Creek At Staffordsville, Ky",37.835,-82.871,267.2,05070203,1,1,100.0
03212750,"Tug Fork Downstream Of Elkhorn Creek At Welch, Wv",37.441,-81.6,450.8,05070201,0,1,100.0
03212980,"Dry Fork At Beartown, Wv",37.395,-81.803,542.3,05070201,0,1,100.0
03213500,"Panther Creek Near Panther, Wv",37.446,-81.871,80.4,05070201,0,1,100.0
03215500,"Blaine Creek At Yatesville, Ky",38.145,-82.685,562.6,05070204,5,1,100.0
03216350,"Little Sandy River Below Grayson Dam Near Leon, Ky",38.254,-82.991,507.4,05090104,0,1,100.0
03216800,"Tygarts Creek At Olive Hill, Ky",38.299,-83.174,154.6,05090103,3,1,100.0
03217000,"Tygarts Creek Near Greenup, Ky",38.564,-82.952,625.8,05090103,2,1,100.0
03218000,Little Scioto River Above Marion Oh,40.629,-83.17,186.9,05060001,0,1,62.6
03220000,Mill Creek Near Bellepoint Oh,40.248,-83.174,463.9,05060001,0,1,100.0
03223000,Olentangy River At Claridon Oh,40.583,-82.989,410.0,05060001,0,1,100.0
03223425,Whetstone Creek At Mt Gilead Oh,40.549,-82.821,98.3,05060001,0,1,100.0
03224500,Whetstone Creek Near Ashley Oh,40.455,-82.958,255.6,05060001,0,1,0.0
03228300,Big Walnut Creek At Sunbury Oh,40.236,-82.851,262.8,05060001,0,1,100.0
03228500,Big Walnut Creek At Central College Oh,40.104,-82.884,491.0,05060001,0,1,59.5
03228750,Alum Creek Near Kilbourne Oh,40.357,-82.922,170.0,05060001,0,1,8.0
03228805,Alum Creek At Africa Oh,40.182,-82.962,325.5,05060001,0,1,100.0
03229000,Alum Creek At Columbus Oh,39.945,-82.941,502.3,05060001,0,1,68.6
03229796,Walnut Creek At Ashville Oh,39.703,-82.963,704.7,05060001,4,1,99.88
03230450,Hellbranch Run Near Harrisburg Oh,39.848,-83.157,97.0,05060001,0,1,100.0
03230800,Deer Creek At Mount Sterling Oh,39.715,-83.257,594.3,05060002,0,1,100.0
03230900,Deer Creek Near Pancoastburg Oh,39.621,-83.213,719.8,05060002,0,1,99.86
03231000,Deer Creek At Williamsport Oh,39.586,-83.123,862.3,05060002,0,1,99.89
03232000,Paint Creek Near Greenfield Oh,39.379,-83.375,646.6,05060003,1,1,100.0
03232500,Rocky Fork Near Barretts Mills Oh,39.218,-83.385,363.2,05060003,2,1,100.0
03235500,Tar Hollow Creek At Tar Hollow State Park Oh,39.39,-82.751,3.6,05060002,0,1,100.0
03237255,"Kinniconick Creek Below Trace Creek At Tannery, Ky",38.545,-83.221,553.9,05090201,1,1,100.0
03237280,Upper Twin Creek At Mcgaw Oh,38.644,-83.216,33.0,05090201,0,1,100.0
03238140,"Taylor Creek At Donnermeyer Drive At Bellevue, Ky",39.097,-84.483,10.6,05090203,1127,1,100.0
03238500,White Oak Creek Near Georgetown Oh,38.858,-83.929,568.5,05090201,0,1,100.0
03238745,"Twelvemile Creek At Highway 1997 Nr Alexandria, Ky",38.951,-84.338,101.2,05090201,0,1,100.0
03238772,"Fourmile Creek At Poplar Ridge Rd Nr Alexandria,Ky",38.987,-84.365,7.3,05090201,0,1,100.0
03240000,Little Miami River Near Oldtown Oh,39.748,-83.931,332.4,05090202,0,1,100.0
03241500,Massies Creek At Wilberforce Oh,39.723,-83.883,170.9,05090202,0,1,100.0
03244000,Todd Fork Near Roachester Oh,39.335,-84.087,563.1,05090202,1,1,100.0
03244936,O'Bannon Creek Near Loveland Oh,39.265,-84.233,138.0,05090202,1,1,100.0
03247050,East Fork Little Miami River Near Batavia Oh,39.06,-84.175,908.4,05090202,0,1,100.0
03248300,"Licking River Below Mason Fork Nr Salyersville, Ky",37.731,-83.058,277.0,05100101,1,1,100.0
03248500,"Licking River Near Salyersville, Ky",37.751,-83.084,360.4,05100101,3,1,100.0
03250000,"Triplett Creek At Morehead, Ky",38.185,-83.43,123.1,05100101,0,1,100.0
03250100,"North Fork Triplett Creek Near Morehead, Ky",38.199,-83.48,219.5,05100101,0,1,100.0
03250190,"Slate Creek At Highway 713 Nr Mt. Sterling, Ky",38.024,-83.832,218.4,05100101,3,1,99.55
03250310,"Rock Lick Cr Ab Unnamed Trib Nr Sharkey, Ky Stat A",38.251,-83.566,4.3,05100101,0,1,100.0
03250322,"Rock Lick Cr At State Hwy 158 Nr Sharkey, Ky Sta D",38.247,-83.589,10.9,05100101,0,1,100.0
03251000,"North Fork Licking River Near Lewisburg, Ky",38.549,-83.794,324.6,05100101,0,1,100.0
03251200,"North Fork Licking River Near Mt Olivet, Ky",38.595,-84.02,582.7,05100101,4,1,100.0
03252000,"Stoner Creek At Paris, Ky",38.229,-84.256,618.5,05100102,2,1,100.0
03252300,"Hinkston Creek Near Carlisle, Ky",38.243,-84.053,399.7,05100102,2,1,100.0
03254480,"Cruises Creek At Hwy 17 Nr Piner, Ky",38.844,-84.532,46.6,05100101,0,1,100.0
03254550,"Banklick Creek @ Highway 1829 Nr Erlanger, Ky",38.98,-84.542,56.9,05100101,0,1,100.0
03255500,Mill Creek At Reading Oh,39.221,-84.447,201.9,05090203,2,1,100.0
03257500,West Fork Mill Creek At Woodlawn Oh,39.254,-84.47,84.0,05090203,0,1,100.0
03259000,Mill Creek At Carthage Oh,39.202,-84.471,310.0,05090203,1,1,100.0
03260015,"Pleasant Run Creek At Oak Street Near Ludlow, Ky",39.085,-84.558,16.3,05090203,0,1,88.26
03260050,"Dry Creek At Sewage Plant Near Erlanger, Ky",39.059,-84.616,30.6,05090203,0,1,100.0
03260100,"Elijahs Creek @ Elijahs Creek Rd Nr Hebron, Ky",39.08,-84.685,9.7,05090203,0,1,100.0
03260700,Bokengehalas Creek Near De Graff Oh,40.347,-83.891,93.2,05080001,1,1,100.0
03260706,Bokengehalas Creek At De Graff Oh,40.311,-83.912,103.1,05080001,0,1,100.0
03261950,Loramie Creek Near Newport Oh,40.307,-84.384,394.6,05080001,2,1,100.0
03262000,Loramie Creek At Lockington Oh,40.21,-84.242,667.0,05080001,0,1,100.0
03262001,"Woolper Creek At Woolper Road Near Burlington, Ky",39.03,-84.804,62.7,05090203,0,1,100.0
03264000,Greenville Creek Near Bradford Oh,40.102,-84.43,499.5,05080001,0,1,100.0
03266500,Mad River At Zanesfield Oh,40.35,-83.674,19.0,05080001,0,1,100.0
03266560,Mad River At West Liberty Oh - 03266560,40.252,-83.75,93.6,05080001,0,1,100.0
03267000,Mad River Near Urbana Oh,40.108,-83.799,421.2,05080001,0,1,100.0
03267900,Mad River At St Paris Pike At Eagle City Oh,39.964,-83.832,802.4,05080001,0,1,100.0
03270800,Wolf Creek At Trotwood Oh,39.794,-84.31,59.8,05080002,0,1,100.0
03271000,Wolf Creek At Dayton Oh,39.767,-84.237,180.1,05080002,0,1,100.0
03271300,Holes Creek Near Kettering Oh,39.654,-84.196,51.9,05080002,0,1,100.0
03271800,Twin Creek Near Ingomar Oh,39.708,-84.525,522.2,05080002,0,1,100.0
03272000,Twin Creek Near Germantown Oh,39.638,-84.404,720.9,05080002,0,1,100.0
03272700,Sevenmile Creek At Camden Oh,39.629,-84.644,177.5,05080002,0,1,100.0
03274166,Indian Creek At Millville Oh,39.389,-84.655,242.0,05080002,2,1,100.0
03274650,"Whitewater River Near Economy, In",40.004,-85.116,26.8,05080003,0,1,100.0
03274750,"Whitewater River Near Hagerstown, In",39.874,-85.163,153.7,05080003,0,1,100.0
03274950,"Little Williams Creek At Connersville, Ind",39.638,-85.172,23.8,05080003,0,1,100.0
03275500,"East Fork Whitewater River At Richmond, In",39.807,-84.907,313.3,05080003,1,1,100.0
03275600,"East Fork Whitewater River At Abington, In",39.733,-84.96,520.3,05080003,0,1,100.0
03276000,"East Fork Whitewater River At Brookville, In",39.434,-85.003,987.2,05080003,1,1,100.0
03276700,"South Hogan Creek Near Dillsboro, Ind.",39.03,-85.038,98.6,05090203,0,1,100.0
03277000,"Laughery Creek Near Farmers Retreat, Ind.",38.952,-85.071,642.1,05090203,5,1,100.0
03277075,"Gunpowder Cr At Camp Ernst Rd Nr Union, Ky",38.994,-84.716,95.5,05090203,0,1,100.0
03277130,"Mud Lick Cr At Hwy 42 Nr Beaverlick, Ky",38.845,-84.721,94.2,05090203,0,1,100.0
03277300,"North Fork Kentucky River At Whitesburg, Ky",37.118,-82.825,172.5,05100201,1,1,100.0
03277450,"Carr Fork Near Sassafras, Ky",37.231,-83.036,156.8,05100201,0,1,100.0
03278500,"Troublesome Creek At Noble, Ky",37.443,-83.218,457.5,05100201,5,1,97.69
03280600,"Middle Fork Kentucky River Near Hyden, Ky",37.137,-83.371,525.0,05100202,1,1,90.89
03280700,"Cutshin Creek At Wooton, Ky",37.165,-83.308,158.2,05100202,0,1,100.0
03281040,"Red Bird River Near Big Creek, Ky",37.179,-83.593,400.9,05100203,0,1,100.0
03281100,"Goose Creek At Manchester, Ky",37.152,-83.76,422.7,05100203,2,1,100.0
03282040,"Sturgeon Creek At Cressmont, Ky",37.501,-83.81,201.4,05100204,0,1,100.0
03282500,"Red River Near Hazel Green, Ky",37.812,-83.464,170.8,05100204,2,1,100.0
03283500,"Red River At Clay City, Ky",37.865,-83.934,938.2,05100204,5,1,100.0
03284520,"East Hickman Cr At Andover Village Nr Cadentown,Ky",37.997,-84.405,4.1,05100205,0,1,100.0
03284530,"East Hickman Cr At Delong Rd Nr East Hickman, Ky",37.95,-84.455,39.0,05100205,1,1,100.0
03284555,"West Hickman Cr @ Ash Grove Pk Nr East Hickman, Ky",37.935,-84.502,52.7,05100205,1,1,100.0
03285000,"Dix River Near Danville, Ky",37.642,-84.661,822.3,05100205,6,1,100.0
03287580,"N Elkhorn Cr At Man O War Blvd Nr Cadentown, Ky",38.028,-84.402,5.6,05100205,0,1,100.0
03287600,"N Elkhorn Cr At Bryan Station Rd At Montrose, Ky",38.076,-84.413,55.6,05100205,0,1,100.0
03288000,"North Elkhorn Creek Near Georgetown, Ky",38.206,-84.514,309.0,05100205,0,1,100.0
03288100,"North Elkhorn Creek At Georgetown, Ky",38.22,-84.563,380.5,05100205,0,1,75.0
03288200,"Cane Run At Berea Road Near Donerail, Ky",38.139,-84.517,52.0,05100205,1,1,96.77
03288500,"Cave Creek Near Fort Spring, Ky",38.021,-84.594,6.0,05100205,0,1,100.0
03289000,"South Elkhorn Creek At Fort Spring, Ky",38.043,-84.626,61.8,05100205,1,1,100.0
03289193,"Wolf Run At Old Frankfort Pike At Lexington, Ky",38.067,-84.554,25.5,05100205,0,1,100.0
03289200,"Town Branch At Yarnallton Road At Yarnallton, Ky",38.104,-84.588,78.5,05100205,3,1,90.7
03289300,"South Elkhorn Creek Near Midway, Ky",38.141,-84.645,267.5,05100205,1,1,100.0
03290000,"Flat Creek Near Frankfort, Ky",38.298,-84.942,14.7,05100205,0,1,100.0
03291000,"Eagle Creek At Sadieville, Ky",38.39,-84.543,111.0,05100205,1,1,100.0
03291780,"Indian-Kentuck Creek Near Canaan, In",38.878,-85.257,71.4,05140101,0,1,100.0
03292460,"Harrods Creek Near La Grange, Ky",38.447,-85.409,62.2,05140101,0,1,100.0
03292470,"Harrods Creek At Highway 329 Nr Goshen, Ky.",38.362,-85.575,181.9,05140101,0,1,100.0
03292474,"Goose Creek At Old Westport Rd Nr St Matthews, Ky",38.276,-85.606,17.2,05140101,0,1,100.0
03292475,"Goose Creek At Us Hwy 42 Near Glenview Acres, Ky",38.303,-85.628,27.5,05140101,0,1,100.0
03292480,"Little Goose Creek Near Harrods Creek, Ky",38.313,-85.626,14.9,05140101,0,1,100.0
03292500,"South Fork Beargrass Creek At Louisville, Ky",38.211,-85.702,45.3,05140101,0,1,100.0
03292550,"S Fk Beargrass Creek At E Oak St At Louisville, Ky",38.235,-85.731,59.0,05140101,0,1,100.0
03293000,"M Fk Beargrass At Old Cannons Ln At Louisville, Ky",38.237,-85.665,48.8,05140101,1,1,100.0
03293500,"M Fk Beargrass Cr At Lexington Rd At Louisville,Ky",38.25,-85.717,65.6,05140101,0,1,100.0
03293510,"Beargrass Creek At River Road At Louisville, Ky",38.267,-85.721,156.1,05140101,0,1,100.0
03293530,"Muddy Fk At Mockingbird Valley Rd At Louisville,Ky",38.276,-85.694,15.4,05140101,0,1,100.0
03294000,"Silver Creek Near Sellersburg, In",38.371,-85.726,489.3,05140101,4,1,100.0
03294550,"Mill Creek Cutoff Near Louisville, Ky",38.178,-85.867,78.5,05140101,8,1,100.0
03294570,"Mill Creek At Orell Road Near Louisville, Ky",38.078,-85.89,36.9,05140101,0,1,100.0
03295000,"Salt River Near Harrodsburg, Ky",37.757,-84.873,107.4,05140102,1,1,100.0
03295400,"Salt River At Glensboro, Ky",38.002,-85.061,446.0,05140102,2,1,100.0
03295500,"Salt River Near Van Buren, Ky",37.968,-85.134,506.8,05140102,0,1,100.0
03295890,"Brashears Creek At Taylorsville, Ky",38.037,-85.341,670.7,05140102,5,1,99.08
03297500,"Plum Creek At Waterford, Ky",38.051,-85.432,82.7,05140102,2,1,100.0
03297800,"Cedar Creek At Hwy 1442 Near Shepherdsville, Ky",37.991,-85.641,31.4,05140102,0,1,100.0
03297900,"Floyds Fork Near Pewee Valley, Ky",38.285,-85.467,207.5,05140102,2,1,97.68
03298000,"Floyds Fork At Fisherville, Ky",38.188,-85.46,358.2,05140102,4,1,100.0
03298135,"Chenoweth Run At Ruckriegal Parkway, Ky",38.195,-85.557,14.1,05140102,0,1,100.0
03298150,"Chenoweth Run At Gelhaus Lane Near Fern Creek, Ky",38.16,-85.542,30.0,05140102,0,1,100.0
03298200,"Floyds Fork Near Mt Washington, Ky",38.085,-85.555,552.7,05140102,0,1,100.0
03298250,"Cedar Creek At Thixton Road Near Louisville, Ky",38.079,-85.616,29.2,05140102,0,1,100.0
03298300,"Penn Run At Mt Washington Rd Nr Louisville, Ky",38.088,-85.642,16.0,05140102,2,1,100.0
03298550,"Long Lick At Clermont, Ky",37.928,-85.654,19.9,05140102,1,1,100.0
03299000,"Rolling Fork Near Lebanon, Ky",37.497,-85.324,619.4,05140103,0,1,100.0
03300000,"Beech Fork Nr Springfield, Ky",37.704,-85.146,221.9,05140103,0,1,100.0
03301700,"Mill Creek Near Fort Knox, Ky",37.883,-85.914,95.8,05140102,0,1,100.0
03301900,"Fern Creek At Old Bardstown Rd At Louisville, Ky",38.176,-85.615,8.9,05140102,1,1,100.0
03302000,"Pond Creek Near Louisville, Ky",38.12,-85.796,166.7,05140102,3,1,100.0
03302030,"Pond Creek At Pendleton Road Near Louisville, Ky",38.054,-85.872,214.5,05140102,2,1,100.0
03302050,"Brier Creek At Pendelton Road Near Louisville, Ky",38.048,-85.857,10.7,05140102,0,1,100.0
03302110,Otter Creek At Otter Cr Park Near Rock Haven Ky.,37.923,-86.031,255.7,05140104,3,1,100.0
03302220,"Buck Creek Near New Middletown, In",38.12,-86.088,169.3,05140104,0,1,100.0
03302300,"Little Indian Creek Near Galena, In",38.322,-85.931,44.8,05140104,0,1,100.0
03302500,Indian Creek At Sr 335 Near Corydon In,38.276,-86.11,330.4,05140104,3,1,100.0
03302680,"West Fork Blue River At Salem, In",38.605,-86.094,49.6,05140104,0,1,100.0
03302800,"Blue River At Fredericksburg, In",38.434,-86.192,731.1,05140104,8,1,100.0
03303300,"Middle Fork Anderson River At Bristow, In",38.139,-86.721,102.8,05140201,0,1,100.0
03303400,"Crooked Creek Near Santa Claus, In",38.118,-86.89,20.5,05140201,0,1,100.0
03304500,"Mcgills Creek Near Mckinney, Ky",37.444,-84.698,5.6,05110001,0,1,100.0
03305000,"Green River Near Mckinney, Ky",37.422,-84.75,58.1,05110001,0,1,100.0
03307000,"Russell Creek Near Columbia, Ky",37.119,-85.394,460.6,05110001,4,1,100.0
03307500,"South Fork Little Barren River At Edmonton, Ky",36.974,-85.603,47.4,05110001,1,1,100.0
03310000,"North Fork Nolin River At Hodgenville, Ky",37.576,-85.741,94.6,05110001,1,1,100.0
03310300,"Nolin River At White Mills, Ky",37.551,-86.045,925.8,05110001,14,1,100.0
03310400,"Bacon Creek Near Priceville, Ky",37.359,-85.998,214.0,05110001,3,1,100.0
03311600,"Beaverdam Creek At Rhoda, Ky",37.155,-86.226,28.4,05110001,0,1,100.0
03312000,"Bear Branch Near Leitchfield, Ky",37.427,-86.279,79.9,05110001,3,1,100.0
03312259,"Salt Lick Creek Below Red Boiling Springs, Tn",36.552,-85.857,37.4,05110002,0,1,100.0
03313500,"West Bays Fork At Scottsville, Ky",36.748,-86.196,19.5,05110002,0,1,100.0
03313700,"West Fork Drakes Creek Near Franklin, Ky",36.723,-86.552,285.9,05110002,7,1,100.0
03318800,"Caney Creek Near Horse Branch, Ky",37.464,-86.656,303.6,05110004,2,1,100.0
03320500,"Pond River Near Apex, Ky",37.122,-87.319,502.7,05110006,1,1,100.0
03322100,"Pigeon Creek At Evansville, Ind.",38.004,-87.539,836.9,05140202,8,1,98.91
03322500,"Wabash River Near New Corydon, Ind",40.564,-84.803,798.6,05120101,0,1,50.06
03324000,"Little River Near Huntington, In",40.904,-85.406,682.7,05120101,1,1,100.0
03324200,"Salamonie River At Portland, In",40.428,-85.039,222.6,05120102,2,1,100.0
03325500,"Mississinewa River Near Ridgeville, In",40.28,-84.992,345.3,05120103,0,1,100.0
03326070,"Big Lick Creek Near Hartford City, In",40.422,-85.351,75.6,05120103,0,1,100.0
03327520,"Pipe Creek Near Bunker Hill, Ind.",40.668,-86.096,410.6,05120101,0,1,100.0
03328430,"Weesau Creek Near Deedsville, In",40.909,-86.127,23.5,05120104,0,1,100.0
03329400,"Rattlesnake Creek Near Patton, Ind.",40.713,-86.697,19.3,05120105,0,1,100.0
03329700,"Deer Creek Near Delphi, In",40.59,-86.621,713.9,05120105,0,1,100.0
03330241,"Tippecanoe River At North Webster, In",41.316,-85.692,127.9,05120106,0,1,100.0
03330500,"Tippecanoe River At Oswego, In",41.321,-85.789,293.2,05120106,0,1,99.41
03331110,"Walnut Creek Near Warsaw, In",41.205,-85.87,51.4,05120106,0,1,100.0
03333450,"Wildcat Creek Near Jerome, In",40.441,-85.919,384.6,05120107,0,1,100.0
03333600,"Kokomo Creek Near Kokomo, In",40.441,-86.089,56.5,05120107,0,1,100.0
03333700,"Wildcat Creek At Kokomo, In",40.473,-86.157,624.4,05120107,1,1,100.0
03334500,"South Fork Wildcat Creek Near Lafayette, In",40.418,-86.768,634.6,05120107,1,1,100.0
03335690,"Mud Pine Creek Near Oxford, Ind",40.523,-87.342,101.1,05120108,0,1,100.0
03335700,Big Pine Cr Nr Williamsport Ind,40.318,-87.291,837.4,05120108,0,1,100.0
03336500,"Bluegrass Creek At Potomac, Il",40.322,-87.801,90.9,05120109,0,1,100.0
03336900,"Salt Fork Near St. Joseph, Il",40.149,-88.033,339.2,05120109,2,1,100.0
03337000,"Boneyard Creek At Urbana, Il",40.111,-88.226,11.0,05120109,2,1,100.0
03337100,"Boneyard Creek At Lincoln Ave At Urbana, Il",40.111,-88.219,12.2,05120109,0,1,100.0
03338780,"North Fork Vermilion River Near Bismarck, Il",40.265,-87.643,691.6,05120109,0,1,73.26
03339108,"East Fork Coal Creek Near Hillsboro, Ind.",40.102,-87.129,84.5,05120108,0,1,100.0
03339280,"Prairie Creek Near Lebanon, In",40.104,-86.523,86.4,05120110,0,1,100.0
03340800,"Big Raccoon Creek Near Fincastle, In",39.813,-86.954,357.7,05120108,0,1,100.0
03340900,"Big Raccoon Creek At Ferndale, In",39.711,-87.071,574.2,05120108,0,1,100.0
03342100,"Busseron Creek Near Hymera, In",39.215,-87.311,43.5,05120111,1,1,100.0
03342150,"West Fork Busseron Creek Near Hymera, In",39.186,-87.329,36.9,05120111,0,1,100.0
03342300,Busseron Cr Nr Sullivan In,39.076,-87.386,357.3,05120111,0,1,100.0
03342500,"Busseron Creek Near Carlisle, In",38.974,-87.426,591.1,05120111,2,1,100.0
03343400,"Embarras River Near Camargo, Il",39.791,-88.186,485.8,05120112,3,1,100.0
03344500,"Range Creek Near Casey, Il",39.327,-88.029,18.3,05120112,0,1,100.0
03346000,"North Fork Embarras River Near Oblong, Il",39.01,-87.946,814.7,05120112,1,1,97.27
03347000,"White River At Muncie, In",40.204,-85.387,627.1,05120201,2,1,100.0
03347500,"Buck Creek Near Muncie, In",40.135,-85.374,88.6,05120201,1,1,100.0
03348020,"Killbuck Creek Near Gaston, Ind.",40.263,-85.515,62.8,05120201,0,1,100.0
03348100,"Killbuck Creek Nr Anderson, In",40.139,-85.661,254.8,05120201,0,1,100.0
03348350,"Pipe Creek At Frankton, In",40.227,-85.766,292.8,05120201,0,1,100.0
03349210,"Cicero Creek At Tipton, In",40.277,-86.042,210.3,05120201,0,1,100.0
03349500,"Cicero Creek Nr Arcadia, In",40.176,-85.995,338.6,05120201,0,1,100.0
03349510,"Cicero Creek At Arcadia, In",40.174,-86.001,339.4,05120201,0,1,100.0
03349700,"Little Cicero Creek Near Arcadia, Ind.",40.176,-86.046,104.6,05120201,0,1,100.0
03350100,"Hinkle Creek Near Cicero, Ind.",40.101,-86.086,47.3,05120201,0,1,100.0
03350500,"Cicero Creek At Noblesville, In",40.056,-86.042,572.5,05120201,0,1,100.0
03350700,"Stony Creek Near Noblesville, In",40.029,-85.996,132.6,05120201,0,1,100.0
03351072,"Williams Creek At 96Th Street, Indianapolis, In",39.927,-86.172,42.1,05120201,0,1,100.0
03351310,"Crooked Creek At Indianapolis, In",39.83,-86.206,46.1,05120201,0,1,100.0
03351400,"Sugar Creek Near Middletown, Ind",40.041,-85.525,14.6,05120201,0,1,100.0
03351500,"Fall Creek Near Fortville, In",39.955,-85.867,413.6,05120201,1,1,100.0
03352500,"Fall Creek At Millersville, In",39.852,-86.087,772.2,05120201,0,1,100.0
03352988,"Pogues Run At Vermont Street At Indianapolis, In",39.772,-86.139,25.0,05120201,0,0,100.0
03353120,"Pleasant Run At Arlington Av At Indianapolis, In",39.776,-86.064,21.3,05120201,0,1,100.0
03353160,"Pleasant Rn At Brookville Rd At Indpls, Ind.",39.764,-86.095,29.0,05120201,0,1,100.0
03353180,"Bean Creek At Indianapolis, Ind",39.729,-86.121,8.7,05120201,0,1,100.0
03353200,"Eagle Creek At Zionsville, In",39.946,-86.26,273.9,05120201,0,1,100.0
03353451,"Eagle Creek Below Reservoir At Indianapolis, In",39.822,-86.304,420.0,05120201,0,1,100.0
03353460,"Eagle Creek At Clermont, In",39.814,-86.305,423.7,05120201,0,1,100.0
03353500,"Eagle Creek At Indianapolis, In",39.778,-86.25,451.0,05120201,1,1,100.0
03353600,"Little Eagle Creek At Speedway, In",39.788,-86.229,63.5,05120201,0,1,100.0
03353620,"Lick Creek At Indianapolis, In",39.706,-86.104,38.9,05120201,2,1,100.0
03353637,"Little Buck Creek Near Indianapolis, In",39.667,-86.196,44.6,05120201,0,1,100.0
03353700,"West Fork White Lick Creek At Danville, In",39.76,-86.513,74.7,05120201,0,1,100.0
03353800,"White Lick Creek At Mooresville, In",39.608,-86.382,549.6,05120201,3,1,100.0
03354500,"Beanblossom Creek At Beanblossom, In",39.263,-86.249,38.2,05120202,0,1,100.0
03355000,"Bear Creek Near Trevlac, Ind.",39.278,-86.346,17.7,05120202,0,1,100.0
03356000,"Beanblossom Creek At Dolan, Ind.",39.242,-86.499,259.5,05120202,0,1,100.0
03357330,"Big Walnut Creek Near Roachdale, In",39.816,-86.753,340.1,05120203,0,1,100.0
03357350,"Plum Creek Near Bainbridge, In",39.762,-86.729,7.8,05120203,0,1,100.0
03357500,"Big Walnut Creek Near Reelsville, In",39.536,-86.976,848.3,05120203,0,1,99.88
03358000,"Mill Creek Near Cataract, In",39.433,-86.763,633.6,05120203,0,1,100.0
03359000,"Mill Creek Near Manhattan, In",39.488,-86.925,761.9,05120203,0,1,100.0
03361000,"Big Blue River At Carthage, In",39.744,-85.576,476.4,05120204,1,1,100.0
03361630,"Sugar Creek At Eden, In",39.907,-85.767,128.8,05120204,0,1,100.0
03361632,"Sugar Creek Near Eden, In",39.901,-85.799,136.5,05120204,0,1,100.0
03361650,"Sugar Creek At New Palestine, In",39.714,-85.886,243.2,05120204,1,1,100.0
03361850,"Buck Creek At Acton, In",39.657,-85.957,204.0,05120204,0,1,100.0
03362000,"Youngs Creek Near Edinburgh, In",39.419,-86.005,260.4,05120204,0,1,100.0
03363500,"Flatrock River At St. Paul, In",39.418,-85.634,772.1,05120205,2,1,100.0
03364200,"Haw Creek Near Clifford, In",39.268,-85.856,122.6,05120205,1,1,100.0
03364500,"Clifty Creek At Hartsville, In",39.275,-85.702,237.1,05120206,0,1,100.0
03365000,"Sand Creek Near Brewersville, Ind.",39.084,-85.659,400.4,05120206,1,1,100.0
03366200,"Harberts Creek Near Madison, In",38.782,-85.486,24.3,05120207,0,1,100.0
03366500,"Muscatatuck River Near Deputy, In",38.804,-85.674,755.2,05120207,1,1,99.56
03368000,"Brush Creek Near Nebraska, In",39.07,-85.486,29.7,05120207,0,1,100.0
03369000,"Vernon Fork Muscatatuck River Nr Butlerville, In",39.049,-85.544,222.5,05120207,0,1,100.0
03369500,"Vernon Fork Muscatatuck River At Vernon, In",38.976,-85.62,512.3,05120207,0,1,100.0
03371520,"Back Creek At Leesville, In",38.847,-86.302,62.4,05120208,0,1,100.0
03372000,"North Fork Salt Creek Near Belmont, Ind.",39.15,-86.337,310.3,05120208,3,1,100.0
03372300,"Stephens Creek Near Bloomington, Ind.",39.164,-86.418,27.8,05120208,0,1,100.0
03373508,"Beaver Creek Near Shoals, In",38.673,-86.745,159.4,05120208,0,1,100.0
03373700,"Lost River Nr. West Baden Springs, Ind.",38.586,-86.634,715.7,05120208,1,1,100.0
03374455,"Patoka River Near Hardinsburg, Ind",38.445,-86.387,32.5,05120209,0,1,100.0
03374500,"Patoka River Near Cuzco, In",38.442,-86.714,435.4,05120209,0,1,100.0
03375500,"Patoka River At Jasper, In",38.414,-86.877,678.1,05120209,3,1,100.0
03375800,"Hall Creek Near St. Anthony, Ind.",38.363,-86.829,56.0,05120209,0,1,100.0
03376350,"South Fork Patoka River Near Spurgeon, Ind.",38.297,-87.26,111.5,05120209,0,1,100.0
03378000,"Bonpas Creek At Browns, Il",38.386,-87.976,590.5,05120113,1,1,100.0
03378550,"Big Creek Near Wadesville, In",38.083,-87.769,269.7,05120113,0,1,100.0
03378635,"Little Wabash River Near Effingham, Il",39.104,-88.594,622.0,05120114,8,1,99.84
03380475,"Horse Creek Near Keenes, Il",38.376,-88.662,251.2,05120115,0,1,99.23
03382100,"South Fork Saline River Nr Carrier Mills, Il",37.638,-88.678,367.3,05140204,0,1,100.0
03383000,"Tradewater River At Olney, Ky",37.224,-87.781,660.5,05140205,0,1,100.0
03384450,"Lusk Creek Near Eddyville, Il",37.472,-88.547,111.1,05140203,0,1,100.0
03385000,"Hayes Creek At Glendale, Il",37.457,-88.668,49.3,05140203,0,1,100.0
03386500,"Sugar Creek Near Dixon Springs, Il",37.416,-88.674,25.5,05140203,0,1,100.0
03400500,"Poor Fork At Cumberland, Ky",36.974,-82.993,213.0,05130101,1,1,80.46
03400800,"Martins Fork Near Smith, Ky",36.752,-83.257,144.2,05130101,0,1,100.0
03401000,"Cumberland River Near Harlan, Ky",36.847,-83.356,966.8,05130101,4,1,100.0
03402000,"Yellow Creek Near Middlesboro, Ky",36.668,-83.689,156.8,05130101,5,1,100.0
03403910,"Clear Fork At Saxton, Ky",36.634,-84.112,829.4,05130101,0,1,0.0
03404820,"Laurel River At Municipal Dam Near Corbin, Ky",36.97,-84.12,361.2,05130101,9,1,90.98
03404900,"Lynn Camp Creek At Corbin, Ky",36.951,-84.094,137.4,05130101,2,1,100.0
03407908,"New River At Cordell, Tn",36.336,-84.451,513.8,05130104,0,1,0.0
03408500,"New River At New River, Tn",36.386,-84.555,990.4,05130104,0,1,15.36
03409500,"Clear Fork Near Robbins, Tn",36.388,-84.63,704.3,05130104,0,1,0.0
03413200,"Beaver Creek Near Monticello, Ky",36.798,-84.896,117.5,05130103,0,1,0.0
03414500,"East Fork Obey River Near Jamestown, Tn",36.416,-85.026,521.7,05130105,3,1,88.84
03415000,"West Fork Obey River Near Alpine, Tn",36.397,-85.174,299.0,05130105,2,1,100.0
03416000,"Wolf River Near Byrdstown, Tn",36.56,-85.073,274.1,05130105,0,1,49.1
03418000,"Roaring River Near Hilham, Tn",36.341,-85.426,201.2,05130106,0,1,100.0
03418070,"Roaring River Above Gainesboro, Tn",36.351,-85.546,552.0,05130106,0,1,78.61
03419800,"Calfkiller River At Hwy 111 Below Sparta, Tn",35.912,-85.476,446.2,05130108,3,1,96.64
03420000,"Calfkiller River Below Sparta, Tn",35.909,-85.479,447.0,05130108,2,1,100.0
03424730,"Smith Fork At Temperance Hall, Tn",36.087,-85.907,554.7,05130108,2,1,81.58
03426470,"Dry Creek Near Edenwold, Tn",36.284,-86.706,18.7,05130202,1,1,100.0
03426800,"East Fork Stones River At Woodbury, Tn",35.828,-86.077,101.2,05130203,0,1,98.55
03427500,"East Fork Stones River Near Lascassas, Tn",35.918,-86.334,677.4,05130203,6,1,100.0
03428000,"West Fork Stones River Near Murfreesboro, Tn",35.822,-86.417,331.3,05130203,0,1,100.0
03428200,"West Fork Stones River At Murfreesboro, Tn",35.903,-86.43,457.5,05130203,0,1,100.0
03428500,"West Fork Stones River Near Smyrna, Tn",35.94,-86.466,630.7,05130203,1,1,100.0
03431000,"Mill Creek Near Antioch, Tn",36.082,-86.681,166.0,05130202,1,1,100.0
03431060,"Mill Creek At Thompson Lane, Near Woodbine, Tn",36.118,-86.719,242.0,05130202,2,1,100.0
03431300,"Browns Creek At State Fairgrounds At Nashville, Tn",36.13,-86.761,31.0,05130202,2,1,100.0
03431599,"Whites Creek Near Bordeaux, Tn",36.218,-86.82,133.0,05130202,3,1,91.55
03431700,"Richland Creek At Charlotte Ave, At Nashville, Tn",36.151,-86.854,64.0,05130202,3,1,98.41
03431800,"Sycamore Creek Near Ashland City, Tn",36.32,-87.051,252.0,05130202,0,1,100.0
03432100,"Harpeth River At Mcdaniel, Tn",35.833,-86.699,172.6,05130204,1,1,99.11
03432350,"Harpeth River At Franklin, Tn",35.921,-86.865,493.7,05130204,2,1,100.0
03432400,"Harpeth River Below Franklin, Tn",35.948,-86.882,544.9,05130204,0,1,100.0
03433637,South Harpeth Creek Near Pewitt Chapel,35.912,-87.131,6.7,05130204,0,1,100.0
03433640,"Copperas Branch Near Kingfield, Tn",35.905,-87.099,5.0,05130204,0,1,100.0
03433641,"Kelley Creek Near Kingfield, Tn",35.905,-87.098,5.7,05130204,0,1,100.0
03436000,"Sulphur Fork Red River Near Adams, Tn",36.515,-87.059,488.7,05130206,0,1,0.0
03436690,"Yellow Creek At Ellis Mills, Tn",36.311,-87.554,266.5,05130205,2,1,100.0
03436700,"Yellow Creek Near Shiloh, Tn",36.349,-87.539,320.0,05130205,0,1,100.0
03438000,"Little River Near Cadiz, Ky",36.778,-87.722,634.9,05130205,5,1,100.0
03439000,"French Broad River At Rosman, Nc",35.143,-82.825,178.7,06010105,3,1,88.56
03440000,"Catheys Creek Near Brevard, Nc",35.211,-82.783,29.6,06010105,1,1,100.0
03441000,"Davidson River Near Brevard, Nc",35.273,-82.706,104.3,06010105,1,1,100.0
03441440,"Little River Ab High Falls Near Cedar Mt, Nc",35.192,-82.613,69.3,06010105,0,1,100.0
03443000,"French Broad River At Blantyre, Nc",35.299,-82.624,765.5,06010105,1,1,100.0
03446000,"Mills River Near Mills River, Nc",35.398,-82.595,172.6,06010105,0,1,81.35
03447894,"Bent Cr At Bent Cr Gap Rd Nr Glen Bald, Nc",35.494,-82.611,22.6,06010105,0,1,0.0
03448500,"Hominy Creek At Candler, Nc",35.541,-82.676,206.8,06010105,0,1,13.02
03450000,"Beetree Creek Near Swannanoa, Nc",35.653,-82.405,14.1,06010105,0,1,15.39
03451000,"Swannanoa River At Biltmore, Nc",35.568,-82.545,335.4,06010105,0,1,20.69
03453000,"Ivy River Near Marshall, Nc",35.77,-82.621,408.7,06010105,0,1,0.0
03454000,"Big Laurel Creek Near Stackhouse, Nc",35.92,-82.762,151.3,06010105,0,1,77.78
03455500,"W F Pigeon R Above Lake Logan Nr Hazelwood, Nc",35.396,-82.938,73.0,06010106,0,1,40.0
03456000,"W Fk Pigeon R Bl Lake Logan Nr Waynesville, Nc",35.444,-82.913,142.7,06010106,0,1,67.42
03456100,"West Fork Pigeon River At Bethel, Nc",35.464,-82.9,150.8,06010106,0,1,61.9
03456500,"East Fork Pigeon River Near Canton, Nc",35.462,-82.87,133.4,06010106,0,1,55.56
03456991,"Pigeon River Near Canton, Nc",35.523,-82.847,335.6,06010106,0,1,55.31
03457000,"Pigeon River At Canton, Nc",35.525,-82.841,344.4,06010106,0,1,55.31
03457500,"Allen Creek Near Hazelwood, Nc",35.43,-83.008,37.3,06010106,0,1,0.0
03459000,"Jonathan Creek Near Cove Creek, Nc",35.623,-83.007,170.1,06010106,0,1,40.0
03459500,"Pigeon River Near Hepco, Nc",35.635,-82.99,905.7,06010106,0,1,0.0
03460000,"Cataloochee Creek Near Cataloochee, Nc",35.667,-83.074,127.0,06010106,0,1,98.68
03461200,"Cosby Creek Above Cosby, Tn",35.783,-83.217,26.6,06010106,0,1,100.0
03463300,"South Toe River Near Celo, Nc",35.832,-82.184,112.2,06010108,0,1,60.75
03464000,"Cane River Near Sioux, Nc",36.015,-82.328,407.5,06010108,0,1,0.0
03466208,"Big Limestone Creek Near Limestone, Tn",36.206,-82.65,203.1,06010108,0,1,47.6
03466228,"Sinking Creek At Afton, Tn",36.199,-82.742,35.4,06010108,0,1,100.0
03467000,"Lick Creek At Mohawk, Tn",36.201,-83.048,567.1,06010108,2,1,100.0
03469175,"Little Pigeon River Above Sevierville, Tn",35.865,-83.533,474.7,06010107,7,1,97.04
03470000,"Little Pigeon River At Sevierville, Tn",35.878,-83.578,911.8,06010107,9,1,100.0
03471500,"S F Holston River At Riverside, Near Chilhowie, Va",36.76,-81.631,198.2,06010102,0,1,0.0
03473000,"S F Holston River Near Damascus, Va",36.652,-81.844,784.8,06010102,0,1,71.44
03474000,"M F Holston River At Seven Mile Ford, Va",36.807,-81.622,341.9,06010102,0,1,62.5
03475000,"M F Holston River Near Meadowview, Va",36.713,-81.819,534.0,06010102,0,1,30.3
03478400,"Beaver Creek At Bristol, Va",36.632,-82.134,68.1,06010102,0,1,100.0
03479000,"Watauga River Near Sugar Grove, Nc",36.239,-81.822,235.6,06010103,0,1,98.02
03485500,"Doe River At Elizabethton, Tn",36.345,-82.21,355.4,06010103,2,1,90.08
03487550,"Reedy Creek At Orebank, Tn",36.562,-82.459,94.7,06010102,0,1,100.0
03488000,"N F Holston River Near Saltville, Va",36.897,-81.746,578.2,06010101,1,1,85.26
03491000,"Big Creek Near Rogersville, Tn",36.426,-82.952,124.1,06010104,0,1,100.0
03491300,"Beech Creek At Kepler, Tn",36.402,-82.885,119.2,06010104,0,1,84.07
03491544,"Crockett Creek Below Rogersville, Tn",36.38,-83.047,12.4,06010104,0,1,100.0
03497300,"Little River Above Townsend, Tn",35.665,-83.711,270.9,06010201,0,1,88.26
03498500,"Little River Near Maryville, Tn",35.786,-83.885,696.8,06010201,0,1,74.16
03498850,"Little River Near Alcoa, Tn",35.809,-83.927,775.6,06010201,0,1,25.0
03500000,"Little Tennessee River Near Prentiss, Nc",35.15,-83.38,361.1,06010202,0,1,0.0
03500240,"Cartoogechaye Creek Near Franklin, Nc",35.159,-83.394,145.9,06010202,0,1,6.75
03500500,"Cullasaja River At Highlands, Nc",35.071,-83.232,37.7,06010202,0,1,0.0
03501000,"Cullasaja River At Cullasaja, Nc",35.166,-83.323,222.8,06010202,0,1,0.47
03504000,"Nantahala River Near Rainbow Springs, Nc",35.127,-83.619,134.5,06010202,0,1,32.77
03505500,"Nantahala River At Nantahala, Nc",35.299,-83.656,373.0,06010202,0,1,14.2
03505550,"Nantahala River Near Hewitt, Nc",35.305,-83.652,376.2,06010202,0,1,0.0
03508000,"Tuckasegee River At Tuckasegee, Nc",35.282,-83.127,370.5,06010203,0,1,32.62
03508050,"Tuckasegee River At Sr 1172 Nr Cullowhee, Nc",35.288,-83.144,374.5,06010203,0,1,0.0
03509000,"Scott Creek Above Sylva, Nc",35.384,-83.214,132.1,06010203,0,1,24.82
03510500,"Tuckasegee River At Dillsboro, Nc",35.367,-83.26,897.8,06010203,0,1,21.04
03510577,"Tuckasegee River At Barker'S Creek, Nc",35.384,-83.292,933.2,06010203,0,1,0.0
03512000,"Oconaluftee River At Birdtown, Nc",35.461,-83.354,476.0,06010203,0,1,0.0
03513500,"Noland Creek Near Bryson City, Nc",35.485,-83.504,35.8,06010203,0,1,84.21
03518500,"Tellico River At Tellico Plains, Tn",35.362,-84.279,305.8,06010204,0,1,0.0
03521500,"Clinch River At Richlands, Va",37.086,-81.781,355.6,06010205,3,1,100.0
03526000,"Copper Creek Near Gate City, Va",36.674,-82.566,276.5,06010205,0,1,100.0
03528400,"White Creek Near Sharps Chapel, Tn (Tva)",36.345,-83.894,6.7,06010205,0,1,100.0
03529500,"Powell River At Big Stone Gap, Va",36.869,-82.775,290.8,06010206,0,1,73.04
03531500,"Powell River Near Jonesville, Va",36.662,-83.095,827.7,06010206,0,1,100.0
03535000,"Bullrun Creek Near Halls Crossroads, Tn",36.114,-83.988,177.3,06010207,0,1,0.0
03535400,"Beaver Creek At Solway, Tn",35.965,-84.179,224.6,06010207,0,1,24.88
03538225,"Poplar Creek Near Oak Ridge, Tn",35.999,-84.34,214.5,06010207,0,1,0.0
03538250,"East Fork Poplar Creek Near Oak Ridge, Tn",35.966,-84.358,50.3,06010207,0,1,0.0
03539600,"Daddys Creek Near Hebbertsburg, Tn",35.998,-84.822,360.9,06010208,1,1,100.0
03539778,"Clear Creek At Lilly Bridge Near Lancing, Tn",36.103,-84.718,441.2,06010208,1,1,100.0
03543500,"Sewee Creek Near Decatur, Tn",35.581,-84.748,304.6,06020001,0,1,0.0
03544947,"Brier Creek Near Hiawassee, Ga",34.835,-83.709,4.4,06020002,0,1,100.0
03544970,"Hiwassee River At Riverside Dr, Nr Hiawassee, Ga",34.884,-83.722,104.2,06020002,0,1,100.0
03545000,"Hiwassee River At Presley, Ga",34.905,-83.717,117.7,06020002,0,1,100.0
03547000,"Hiwassee R Bl Chatuge Dam Near Hayesville, Nc",35.029,-83.796,493.4,06020002,0,1,97.63
03550000,"Valley River At Tomotla, Nc",35.139,-83.981,268.1,06020002,0,1,50.0
03550500,"Nottely River Near Blairsville, Ga",34.841,-83.936,193.9,06020002,0,1,50.0
03553500,"Nottely River At Nottely Dam Near Ivylog, Ga",34.965,-84.09,556.3,06020002,0,1,38.26
03556000,"Turtletown Creek At Turtletown, Tn",35.133,-84.343,71.0,06020002,0,1,0.0
03558000,"Toccoa River Near Dial, Ga",34.79,-84.24,456.7,06020003,0,1,40.0
03559000,"Toccoa River Near Blue Ridge, Ga",34.887,-84.285,601.5,06020003,0,1,57.14
03559500,"Ocoee River At Copperhill, Tn",34.991,-84.377,913.2,06020003,0,1,38.73
03560000,"Fightingtown Creek At Mccaysville, Ga",34.981,-84.387,182.9,06020003,0,1,0.0
03560500,"Davis Mill Creek At Copperhill, Tn",34.995,-84.382,13.4,06020003,0,1,0.0
03561000,"North Potato Creek Near Ducktown, Tenn.",35.015,-84.383,34.1,06020003,0,1,11.77
03565300,"South Chestuee Creek Near Benton, Tn",35.167,-84.716,82.1,06020002,0,1,0.0
03565500,"Oostanaula Creek Near Sanford, Tn",35.328,-84.705,149.9,06020002,0,1,18.25
03566420,"Wolftever Creek Near Ooltewah, Tn",35.062,-85.066,49.5,06020001,0,1,0.0
03566525,"North Chickamauga Creek Near Montlake, Tn",35.238,-85.236,156.4,06020001,0,1,38.52
03568933,"Lookout Creek Near New England, Ga",34.898,-85.463,379.0,06020001,2,1,100.0
03570835,Sequatchie River Near Dunlap,35.36,-85.372,716.4,06020004,0,1,71.91
03572110,"Crow Creek At Bass, Al",34.934,-85.917,338.4,06030001,0,1,76.11
03572900,Town Creek Near Geraldine Al,34.378,-85.99,366.6,06030001,0,1,100.0
03574500,Paint Rock River Near Woodville Al,34.624,-86.306,813.8,06030002,3,1,100.0
03575000,Flint River Near Chase Al,34.823,-86.483,887.7,06030002,14,1,100.0
03575100,"Flint River At Brownsboro, Al.",34.749,-86.447,968.6,06030002,0,1,100.0
03575830,Indian Creek Near Madison Al,34.697,-86.7,126.7,06030002,11,1,100.0
03576250,Limestone Creek Near Athens Al,34.752,-86.823,313.5,06030002,6,1,100.0
03576500,Flint Creek Near Falkville Al,34.373,-86.934,224.3,06030002,5,1,100.0
03578000,"Elk River Near Pelham, Tn",35.297,-85.87,168.8,06030003,0,1,100.0
03578500,"Bradley Creek Nr Prairie Plains, Tn",35.356,-85.979,98.9,06030003,0,1,100.0
03579100,"Elk River Near Estill Springs, Tn",35.286,-86.105,706.3,06030003,0,1,100.0
03584000,"Richland Creek Near Pulaski, Tn",35.214,-87.101,948.6,06030004,4,1,100.0
03584020,"Richland Creek At Hwy 64 Near Pulaski, Tn",35.211,-87.1,950.1,06030004,0,1,100.0
03586500,Big Nance Creek At Courtland Al,34.67,-87.317,423.4,06030005,6,1,100.0
03588000,"Shoal Creek At Lawrenceburg, Tn",35.245,-87.351,141.1,06030005,3,1,100.0
03588400,"Chisholm Creek At Westpoint, Tn",35.135,-87.529,108.8,06030005,0,1,0.9
03588500,"Shoal Creek At Iron City, Tn",35.024,-87.579,900.6,06030005,0,1,0.0
03589250,Pond Creek (No. 1) Near Wilson Dam Al,34.758,-87.602,39.3,06030005,0,1,71.05
03591800,Bear Creek Near Hackleburg Al,34.284,-87.774,369.7,06030006,1,1,100.0
03592000,"Bear Creek At Redbay, Al",34.444,-88.116,678.2,06030006,3,1,100.0
03592200,Cedar Creek Near Pleasant Site Al,34.549,-88.019,492.3,06030006,1,1,100.0
03592300,Little Bear Creek Near Halltown Al,34.489,-88.035,202.7,06030006,0,1,100.0
03592718,"Little Yellow Creek East Nr Burnsville, Ms",34.836,-88.288,67.0,06030005,0,1,100.0
03593800,"Horse Creek Near Savannah, Tn (Tva)",35.177,-88.21,275.3,06040001,0,1,0.0
03596000,"Duck River Below Manchester, Tn",35.471,-86.122,289.6,06040002,0,1,100.0
03597210,"Garrison Fork Above L&N Railroad At Wartrace, Tn",35.512,-86.324,215.5,06040002,0,1,100.0
03597590,"Wartrace Creek Below County Road At Wartrace, Tn",35.527,-86.34,92.9,06040002,0,1,100.0
03599100,"Big Rock Cr At Double Bridges, Tn",35.531,-86.769,133.2,06040002,0,1,100.0
03599450,"Fountain Creek Near Fountain Heights, Tn",35.518,-86.942,191.6,06040002,0,1,100.0
03600088,"Carters Creek At Butler Road At Carters Creek, Tn",35.717,-86.996,52.6,06040003,3,1,100.0
03600500,"Big Bigby Creek At Sandy Hook, Tn",35.489,-87.233,45.5,06040003,0,1,100.0
03601630,"Locke Branch Near Bending Chestnut, Tn",35.872,-87.104,2.0,06040003,0,1,100.0
03602500,"Piney River At Vernon, Tn",35.871,-87.501,501.0,06040003,10,1,100.0
03605078,"Cypress Creek At Camden, Tn",36.047,-88.076,71.5,06040005,0,1,63.51
03605555,"Trace Creek Above Denver, Tn",36.052,-87.908,83.9,06040005,4,1,97.14
03606500,"Big Sandy River At Bruceton, Tn",36.037,-88.229,532.5,06040005,0,1,51.33
03610200,"Clarks River At Almo, Ky",36.692,-88.274,349.5,06040006,5,1,100.0
03611260,"Massac Creek Near Paducah, Ky",37.041,-88.711,34.4,05140206,0,1,100.0
03611800,"Bayou Creek Near Heath, Ky",37.099,-88.824,17.0,05140206,0,1,93.75
03611850,"Bayou Creek Near Grahamville, Ky",37.145,-88.827,37.3,05140206,0,1,97.22
03611900,"Little Bayou Creek Near Grahamville, Ky",37.139,-88.791,15.7,05140206,0,1,100.0
03612000,"Cache River At Forman, Il",37.336,-88.924,632.0,05140206,0,1,71.97
04014500,"Baptism River Near Beaver Bay, Mn",47.337,-91.201,344.8,04010101,2,1,100.0
04015330,"Knife River Near Two Harbors, Mn",46.947,-91.792,224.4,04010102,0,1,100.0
04015500,"Second Creek Near Aurora, Mn",47.524,-92.193,57.8,04010201,0,1,100.0
04016000,"Partridge River Near Aurora, Mn",47.517,-92.19,27.0,04010201,0,1,100.0
04016500,"St. Louis River Near Aurora, Mn",47.492,-92.239,774.5,04010201,0,1,100.0
04019000,"West Two River Near Iron Junction, Mn",47.401,-92.703,171.6,04010201,0,1,100.0
04021520,"Stoney Brook At Pine Drive Near Brookston, Mn",46.782,-92.637,192.2,04010201,0,1,100.0
04024098,"Deer Creek Near Holyoke, Mn",46.525,-92.389,20.1,04010301,0,1,100.0
04025500,"Bois Brule River At Brule, Wi",46.538,-91.595,302.8,04010301,0,1,100.0
04027500,"White River Near Ashland, Wi",46.498,-90.903,705.0,04010302,0,1,100.0
04029990,"Montreal River At Saxon Falls Near Saxon, Wi",46.537,-90.38,683.9,04010302,0,1,0.0
04030000,"Montreal River Near Saxon, Wi",46.545,-90.402,688.6,04010302,0,1,0.0
04031000,"Black River Near Bessemer, Mi",46.511,-90.075,516.2,04020101,0,1,0.0
04031500,"Presque Isle River At Marenisco, Mi",46.372,-89.692,445.6,04020101,0,1,0.0
04032000,"Presque Isle River Near Tula, Mi",46.547,-89.777,683.5,04020101,0,1,0.0
04033000,"Middle Branch Ontonagon River Near Paulding, Mi",46.357,-89.077,411.0,04020102,0,1,94.96
04034500,"Middle Branch Ontonagon River Nr Trout Creek, Mi",46.478,-89.09,502.9,04020102,0,1,96.1
04035000,"East Branch Ontonagon River Near Mass, Mi",46.69,-89.073,712.7,04020102,0,1,99.6
04036000,"West Branch Ontonagon River Near Bergland, Mi",46.587,-89.542,419.1,04020102,0,1,0.0
04037500,"Cisco Branch Ontonagon R At Cisco Lake Outlet, Mi",46.253,-89.452,132.3,04020102,0,1,0.0
04039500,"South Branch Ontonagon River At Ewen, Mi",46.533,-89.277,905.8,04020102,0,1,19.27
04040500,"Sturgeon River Near Sidnaw, Mi",46.584,-88.576,419.8,04020104,0,1,100.0
04041500,"Sturgeon River Near Alston, Mi",46.726,-88.662,869.9,04020104,0,1,100.0
04042500,"Otter River Nr Elo, Mi",46.836,-88.637,420.6,04020104,0,1,98.54
04043050,"Trap Rock River Near Lake Linden, Mi",47.229,-88.385,76.6,04020103,0,1,0.0
04043140,"Gomanche Creek At Indian Road Near L'Anse, Mi",46.751,-88.362,12.1,04020105,0,1,100.0
04043150,"Silver River Near L'Anse, Mi",46.804,-88.317,169.3,04020105,0,1,100.0
04043238,"Salmon Trout River Near Big Bay, Mi",46.782,-87.878,14.1,04020105,0,1,100.0
04043244,"East Branch Salmon Trout River Near Dodge City, Mi",46.786,-87.852,26.6,04020105,0,1,100.0
04043275,"Yellow Dog River Near Big Bay, Mi",46.714,-87.841,84.4,04020105,0,1,100.0
04044400,"Carp River At Us-Hwy 41 Near Negaunee, Mi",46.525,-87.574,120.4,04020105,1,1,97.5
04044724,"Au Train River At Forest Lake, Mi",46.341,-86.85,206.1,04020201,0,1,100.0
04046000,"Black River Near Garnet, Mi",46.118,-85.365,75.8,04060107,0,1,0.0
04049500,"Manistique River At Germfask, Mi",46.233,-85.928,966.1,04060106,0,1,0.0
04057000,"Indian River Near Manistique, Mi",45.992,-86.288,752.8,04060106,0,1,100.0
04057510,"Sturgeon River Near Nahma Junction, Mi",45.943,-86.706,473.6,04030112,0,1,100.0
04057800,"Middle Branch Escanaba River At Humboldt, Mi",46.499,-87.887,115.9,04030110,0,1,100.0
04058000,"Middle Branch Escanaba River Near Ishpeming, Mi",46.394,-87.758,334.0,04030110,0,1,100.0
04058100,"Middle Branch Escanaba River Nr Princeton, Mi",46.317,-87.502,544.7,04030110,0,1,100.0
04058200,"Schweitzer Creek Near Palmer, Mi",46.411,-87.624,63.1,04030110,0,1,100.0
04058500,"East Branch Escanaba River At Gwinn, Mi",46.282,-87.435,329.9,04030110,0,1,100.0
04060500,"Iron River At Caspian, Mi",46.059,-88.627,236.6,04030106,0,1,100.0
04060993,"Brule River At Us Highway 2 Near Florence, Wi",45.961,-88.316,975.6,04030106,0,1,96.33
04061000,"Brule River Nr Florence, Wi",45.959,-88.266,993.2,04030106,0,0,96.38
04062200,"Peshekee River Near Champion, Mi",46.557,-88.003,345.1,04030107,0,1,100.0
04063700,"Popple River Near Fence, Wi",45.764,-88.463,362.6,04030108,0,1,100.0
04065300,"West Branch Sturgeon River Near Randville, Mi",46.012,-87.978,138.2,04030108,0,1,68.82
04065500,"Sturgeon River Near Foster City, Mi",45.908,-87.754,607.2,04030108,0,1,91.94
04066500,"Pike River At Amberg, Wi",45.5,-88.0,660.1,04030108,0,1,100.0
04071858,"Pensaukee River Near Pensaukee, Wi",44.819,-87.954,341.6,04030103,0,1,100.0
04072150,"Duck Creek Near Howard, Wi",44.536,-88.13,280.7,04030204,0,1,100.0
04072845,"Montello River Near Montello, Wi",43.821,-89.365,337.3,04030201,0,1,100.0
04073462,"White Creek At Spring Grove Road Nr Green Lake, Wi",43.816,-88.928,6.2,04030201,0,1,100.0
04073468,"Green Lake Inlet At Ct Highway A Nr Green Lake, Wi",43.824,-88.927,149.5,04030201,0,1,100.0
04073473,"Puchyan River Ds N. Lawson Drive Nr Green Lake, Wi",43.857,-88.947,277.8,04030201,0,1,100.0
04073970,"Waukau Creek Near Omro, Wi",44.019,-88.786,216.8,04030201,0,1,100.0
04074538,"Swamp Creek Above Rice Lake At Mole Lake, Wi",45.488,-88.964,112.7,04030202,0,1,100.0
04074548,"Swamp Creek Below Rice Lake At Mole Lake, Wi",45.479,-88.998,137.0,04030202,0,1,100.0
04077630,"Red River At Morgan Road Near Morgan, Wi",44.898,-88.844,307.0,04030202,0,1,100.0
04078500,"Embarrass River Near Embarrass, Wi",44.725,-88.736,986.1,04030202,0,1,100.0
04081000,"Waupaca River Near Waupaca, Wi",44.329,-88.996,710.2,04030202,1,1,100.0
04083545,"Fond Du Lac River @ W. Arndt St. At Fond Du Lac,Wi",43.786,-88.459,440.5,04030203,0,1,100.0
04085119,"Bower Creek @ County Trnk Highway Mm Nr De Pere,Wi",44.422,-87.94,36.1,04030204,0,1,100.0
04085200,"Kewaunee River Near Kewaunee, Wi",44.458,-87.556,319.6,04030102,0,1,100.0
04085281,"East Twin River At Mishicot, Wi",44.238,-87.636,280.6,04030101,0,1,100.0
04086500,"Cedar Creek Near Cedarburg, Wi",43.323,-87.979,309.9,04040003,1,1,100.0
04087030,"Menomonee River At Menomonee Falls, Wi",43.173,-88.104,87.9,04040003,1,1,100.0
04087050,"Little Menomonee River Near Freistadt, Wi",43.207,-88.038,21.6,04040003,0,1,100.0
04087070,"Little Menomonee River At Milwaukee, Wi",43.124,-88.044,51.7,04040003,0,1,100.0
04087088,"Underwood Creek At Wauwatosa, Wi",43.055,-88.046,46.7,04040003,0,1,100.0
04087119,"Honey Creek At Wauwatosa, Wi",43.044,-88.003,27.6,04040003,0,1,100.0
04087120,"Menomonee River At Wauwatosa, Wi",43.046,-88.0,320.6,04040003,0,1,100.0
04087142,"Menomonee River At 16Th Street At Milwaukee, Wi",43.034,-87.934,359.6,04040003,0,1,100.0
04087159,"Kinnickinnic River @ S. 11Th Street @ Milwaukee,Wi",42.998,-87.926,47.9,04040003,0,1,100.0
04087204,"Oak Creek At South Milwaukee, Wi",42.925,-87.87,66.8,04040002,0,1,100.0
04087214,"Root River At Grange Avenue At Greendale, Wi",42.945,-88.014,39.4,04040002,0,1,100.0
04087220,"Root River Near Franklin, Wi",42.874,-87.996,128.1,04040002,0,1,100.0
04087240,"Root River At Racine, Wi",42.751,-87.824,491.4,04040002,0,1,100.0
04087257,"Pike River Near Racine, Wi",42.647,-87.861,98.1,04040002,2,1,100.0
04093000,"Deep River At Lake George Outlet At Hobart, In",41.536,-87.257,320.8,04040001,1,1,100.0
04094000,"Little Calumet River At Porter, In",41.622,-87.087,172.6,04040001,0,1,100.0
04094500,"Salt Creek Near Mccool, Ind.",41.597,-87.144,191.9,04040001,0,1,100.0
04095300,"Trail Creek At Michigan City, In",41.717,-86.86,139.0,04040001,0,1,100.0
04095380,"Trail Creek At Michigan City Harbor, In",41.723,-86.904,171.8,04040001,0,1,100.0
04096015,"Galien River Near Sawyer, Mi",41.874,-86.575,192.6,04040001,0,1,100.0
04096100,"Galena River Near Laporte, In",41.748,-86.675,45.9,04040001,0,1,100.0
04096400,"St. Joseph River Near Burlington, Mi",42.103,-85.04,525.2,04050001,0,0,100.0
04096405,"St. Joseph River At Burlington, Mi",42.103,-85.08,535.3,04050001,0,1,100.0
04096515,"South Branch Hog Creek Near Allen, Mi",41.949,-84.828,126.6,04050001,0,1,100.0
04096600,"Coldwater River Near Hodunk, Mi",42.029,-85.107,714.2,04050001,0,1,100.0
04096900,"Nottawa Creek Near Athens, Mi",42.056,-85.308,411.1,04050001,0,1,100.0
04097540,"Prairie River Near Nottawa, Mi",41.888,-85.409,309.4,04050001,0,1,100.0
04099510,"Pigeon Creek Nr Angola, In",41.634,-85.11,273.0,04050001,0,1,100.0
04099750,"Pigeon River Near Scott, In",41.749,-85.576,932.1,04050001,0,1,100.0
04099808,"Little Elkhart River At Middlebury, In",41.675,-85.7,253.3,04050001,0,1,100.0
04099850,"Pine Creek Near Elkhart, Ind.",41.681,-85.882,73.4,04050001,0,1,100.0
04100222,"Nb Elkhart River At Cosperville, In",41.482,-85.476,370.2,04050001,0,1,100.0
04100252,"Forker Creek Near Burr Oak, In",41.333,-85.424,50.6,04050001,0,1,100.0
04100295,"Rimmell Branch Near Albion, In",41.385,-85.371,27.9,04050001,0,1,100.0
04101370,"Judy Creek Near South Bend, In",41.729,-86.263,91.7,04050001,1,1,99.89
04101800,"Dowagiac River At Sumnerville, Mi",41.913,-86.213,656.5,04050001,0,1,100.0
04102500,"Paw Paw River At Riverside, Mi",42.186,-86.368,990.9,04050001,0,1,100.0
04102700,"South Branch Black River Near Bangor, Mi",42.354,-86.188,223.7,04050002,0,1,100.0
04102776,"Middle Branch Black River Near South Haven, Mi",42.433,-86.207,214.9,04050002,0,1,100.0
04103010,"Kalamazoo River Near Marengo, Mi",42.262,-84.856,696.2,04050003,0,1,100.0
04104945,"Wanadoga Creek Near Battle Creek, Mi",42.396,-85.132,123.7,04050003,0,1,100.0
04105000,"Battle Creek At Battle Creek, Mi",42.332,-85.154,715.6,04050003,0,1,100.0
04105700,"Augusta Creek Near Augusta, Mi",42.353,-85.354,98.0,04050003,0,1,100.0
04106180,"Portage Creek At Portage, Mi",42.206,-85.59,36.3,04050003,0,1,100.0
04106300,"Portage Creek Near Kalamazoo, Mi",42.246,-85.576,50.4,04050003,0,1,100.0
04106320,"West Fork Portage Creek Near Oshtemo, Mi",42.235,-85.648,47.2,04050003,0,1,100.0
04106400,"West Fork Portage Creek At Kalamazoo, Mi",42.244,-85.614,65.7,04050003,0,1,100.0
04106500,"Portage Creek At Kalamazoo, Mi",42.274,-85.576,131.1,04050003,0,1,100.0
04108600,"Rabbit River Near Hopkins, Mi",42.642,-85.722,173.3,04050003,0,1,100.0
04108800,"Macatawa River At State Road Near Zeeland, Mi",42.779,-86.018,171.2,04050002,0,1,100.0
04108801,"Macatawa River Near Zeeland, Mi",42.784,-86.036,175.0,04050002,0,0,100.0
04109000,"Grand River At Jackson, Mi",42.284,-84.409,426.5,04050004,0,1,100.0
04111379,"Red Cedar River Near Williamston, Mi",42.683,-84.219,426.7,04050004,1,1,100.0
04111500,"Deer Creek Near Dansville, Mi",42.608,-84.321,43.4,04050004,0,1,100.0
04112000,"Sloan Creek Near Williamston, Mi",42.676,-84.364,25.6,04050004,0,1,100.0
04112500,"Red Cedar River At East Lansing, Mi",42.728,-84.478,891.4,04050004,0,1,100.0
04114498,"Looking Glass River Near Eagle, Mi",42.828,-84.759,728.7,04050004,0,1,100.0
04114500,"Looking Glass River At Hinman Rd Near Eagle, Mi",42.829,-84.779,732.3,04050004,0,0,100.0
04115265,"Fish Creek Near Crystal, Mi",43.25,-84.981,95.8,04050005,0,1,100.0
04117000,"Quaker Brook Near Nashville, Mi",42.566,-85.094,19.7,04050007,0,1,100.0
04118500,"Rogue River Near Rockford, Mi",43.082,-85.591,651.3,04050006,0,1,100.0
04121000,"Muskegon River At State Hwy M-55 Near Merritt, Mi",44.336,-84.89,908.1,04060102,0,1,100.0
04121300,"Clam River At Vogel Center, Mi",44.201,-85.053,560.2,04060102,0,1,100.0
04121900,"Little Muskegon River Near Morley, Mi",43.503,-85.343,352.3,04060102,0,1,100.0
04121944,"Little Muskegon River Near Oak Grove, Mi",43.431,-85.596,953.6,04060102,0,1,100.0
04122100,"Bear Creek Near Muskegon, Mi",43.289,-86.223,40.9,04060102,0,1,100.0
04123000,"Big Sable River Near Freesoil, Mi",44.12,-86.28,317.1,04060101,0,1,0.0
04123500,"Manistee River Near Grayling, Mi",44.693,-84.847,337.4,04060103,0,1,100.0
04124500,"East Branch Pine River Near Tustin, Mi",44.103,-85.517,148.4,04060103,0,1,100.0
04125460,"Pine River At High School Bridge Nr Hoxeyville, Mi",44.193,-85.77,637.0,04060103,0,1,99.87
04125500,"Pine River Near Hoxeyville, Mi",44.203,-85.8,650.4,04060103,0,0,99.87
04126740,"Platte River At Honor, Mi",44.668,-86.035,324.9,04060104,0,1,100.0
04126970,"Boardman R Above Brown Bridge Road Nr Mayfield, Mi",44.657,-85.437,327.1,04060105,0,1,100.0
04127000,"Boardman River Near Mayfield, Mi",44.638,-85.52,481.9,04060105,0,1,100.0
04127800,"Jordan River Near East Jordan, Mi",45.103,-85.098,173.5,04060105,0,1,100.0
04127918,"Pine River At Mackinac Trail Near Rudyard, Mi",46.186,-84.598,548.3,04070002,0,0,0.0
04127997,"Sturgeon River At Wolverine, Mi",45.274,-84.6,487.2,04070004,0,1,100.0
04128000,"Sturgeon River Near Wolverine, Mi",45.299,-84.611,500.1,04070004,0,0,100.0
04128990,"Pigeon River Near Vanderbilt, Mi",45.157,-84.467,151.0,04070004,0,1,100.0
04129000,"Pigeon River At Pigeon River Hq Nr Vanderbilt, Mi",45.171,-84.438,162.3,04070004,0,0,100.0
04129500,"Pigeon River At Afton, Mi",45.374,-84.515,370.6,04070004,0,1,100.0
04130500,"Black River Near Tower, Mi",45.393,-84.333,782.0,04070005,0,1,100.0
04131500,"Rainy River Near Ocqueoc, Mi",45.408,-84.179,242.4,04070005,0,1,100.0
04132500,"Thunder Bay River Near Hillman, Mi",45.008,-83.972,580.5,04070006,0,1,100.0
04134000,"North Branch Thunder Bay River Nr Bolton, Mi",45.142,-83.606,447.5,04070006,0,1,100.0
04135500,"Au Sable River At Grayling, Mi",44.66,-84.713,255.6,04070007,0,1,100.0
04135600,"East Branch Au Sable River At Grayling, Mi",44.669,-84.706,182.3,04070007,0,1,100.0
04138000,"East Branch Au Gres River Near Mcivor, Mi",44.233,-83.701,238.1,04080101,0,1,100.0
04138500,"Au Gres River At Cox Road Near National City, Mi",44.176,-83.742,396.7,04080101,0,1,100.0
04139000,"Houghton Creek Near Lupton, Mi",44.396,-84.047,78.6,04080101,0,1,100.0
04139500,"Rifle River At Ranch Rd Near Lupton, Mi",44.393,-84.038,150.3,04080101,0,1,100.0
04140000,"Prior Creek At Peters Road Near Selkirk, Mi",44.335,-84.068,54.9,04080101,0,1,100.0
04140500,"Rifle River At State Road At Selkirk, Mi",44.313,-84.069,299.2,04080101,0,1,100.0
04141000,"South Branch Shepards Creek Near Selkirk, Mi",44.308,-84.087,4.8,04080101,0,1,100.0
04142000,"Rifle River Near Sterling, Mi",44.073,-84.02,865.0,04080101,0,1,100.0
04143500,"North Branch Kawkawlin River Near Kawkawlin, Mi",43.668,-83.97,241.9,04080102,0,1,100.0
04143900,"Shiawassee River At Linden, Mi",42.816,-83.802,202.4,04080203,0,1,100.0
04144000,"Shiawassee River At Bath Road At Byron, Mi",42.824,-83.946,941.8,04080203,0,1,100.0
04146000,"Farmers Creek Near Lapeer, Mi",43.045,-83.337,130.8,04080204,0,1,100.0
04146063,"South Branch Flint River Near Columbiaville,Mi",43.159,-83.351,560.9,04080204,0,1,100.0
04148140,"Kearsley Creek Near Davison, Mi",43.034,-83.581,276.3,04080204,0,1,100.0
04150000,"South Branch Cass River Near Cass City, Mi",43.567,-83.112,587.7,04080205,0,1,100.0
04150500,"Cass River At Cass City, Mi",43.584,-83.176,915.6,04080205,0,1,100.0
04152238,"South Branch Tobacco River Near Beaverton, Mi",43.867,-84.545,395.1,04080201,0,1,100.0
04153500,"Salt River Near North Bradley, Mi",43.703,-84.471,354.1,04080201,0,1,100.0
04155000,"Pine River At Alma, Mi",43.379,-84.656,810.3,04080202,0,1,100.0
04158500,"Pigeon River Near Owendale, Mi",43.764,-83.246,130.7,04080103,0,1,100.0
04159900,"Mill Creek Near Avoca, Mi",43.054,-82.735,438.7,04090001,0,1,100.0
04160600,"Belle River At Memphis, Mi",42.901,-82.769,390.9,04090001,0,1,100.0
04160800,"Sashabaw Creek Near Drayton Plains, Mi",42.72,-83.354,54.6,04090003,0,1,100.0
04160900,"Clinton River Near Drayton Plains, Mi",42.66,-83.39,203.4,04090003,0,1,100.0
04161000,"Clinton River At Auburn Hills, Mi",42.633,-83.224,320.8,04090003,0,1,100.0
04161100,"Galloway Creek Near Auburn Heights, Mi",42.667,-83.2,45.5,04090003,0,1,100.0
04161500,"Paint Creek Near Lake Orion, Mi",42.768,-83.22,100.8,04090003,0,1,100.0
04161540,"Paint Creek At Rochester, Mi",42.688,-83.143,186.0,04090003,2,1,100.0
04161580,"Stony Creek Near Romeo, Mi",42.801,-83.09,64.3,04090003,1,1,100.0
04161800,"Stony Creek Near Washington, Mi",42.715,-83.092,168.2,04090003,0,1,100.0
04161820,"Clinton River At Sterling Heights, Mi",42.614,-83.027,802.8,04090003,0,1,100.0
04162900,"Big Beaver Creek Near Warren, Mi",42.542,-83.048,64.2,04090003,0,1,100.0
04163400,"Plum Brook At Utica, Mi",42.601,-83.071,47.0,04090003,0,1,100.0
04164100,"East Pond Creek At Romeo, Mi",42.823,-83.02,55.0,04090003,0,1,100.0
04164300,"East Branch Coon Creek At Armada, Mi",42.846,-82.885,32.8,04090003,0,1,100.0
04164500,"North Branch Clinton River Near Mt. Clemens, Mi",42.629,-82.889,511.9,04090003,0,1,100.0
04166000,"River Rouge At Birmingham, Mi",42.546,-83.224,85.8,04090004,1,1,100.0
04166100,"River Rouge At Southfield, Mi",42.448,-83.298,224.3,04090004,0,1,100.0
04166300,"Upper River Rouge At Farmington, Mi",42.464,-83.37,45.6,04090004,0,1,100.0
04166500,"River Rouge At Detroit, Mi",42.372,-83.255,476.0,04090004,2,1,100.0
04167000,"Middle River Rouge Near Garden City, Mi",42.348,-83.312,229.5,04090004,1,1,100.0
04168000,"Lower River Rouge At Inkster, Mi",42.301,-83.3,219.2,04090004,1,1,100.0
04168580,"Ecorse River At Dearborn Heights, Mi",42.269,-83.29,27.6,04090004,0,1,100.0
04169500,"Huron River At West Commerce Road At Commerce, Mi",42.591,-83.483,112.9,04090005,0,1,94.27
04170000,"Huron River At Milford, Mi",42.579,-83.627,385.2,04090005,0,1,97.73
04170500,"Huron River Near New Hudson, Mi",42.513,-83.676,407.6,04090005,0,1,98.01
04172000,"Huron River Near Hamburg, Mi",42.465,-83.8,829.2,04090005,0,1,98.84
04172500,"Portage River At Tiplady Road Near Pinckney, Mi",42.427,-83.959,208.9,04090005,0,1,100.0
04173500,"Mill Creek Near Dexter, Mi",42.3,-83.899,326.3,04090005,1,1,100.0
04174518,"Malletts Creek At Ann Arbor, Mi",42.265,-83.688,26.2,04090005,0,1,100.0
04175600,"River Raisin Near Manchester, Mi",42.168,-84.076,330.8,04100002,0,1,100.0
04176605,"Otter Creek At La Salle, Mi",41.867,-83.454,139.3,04100001,0,1,100.0
04177000,"Ottawa River At University Of Toledo, Toledo Oh",41.66,-83.613,343.8,04100001,2,1,98.9
04177720,"Fish Creek At Hamilton, In",41.532,-84.904,84.1,04100003,0,1,100.0
04179500,"Cedar Creek At Auburn, Ind.",41.366,-85.052,241.6,04100003,0,1,100.0
04179520,"Cedar Creek At 18Th Street At Auburn, In",41.36,-85.049,248.2,04100003,0,1,100.0
04180000,"Cedar Creek Near Cedarville, In",41.219,-85.076,697.7,04100003,0,1,100.0
04180988,St. Marys River At Rockford Oh,40.695,-84.647,762.0,04100004,0,1,55.46
04184500,Bean Creek At Powers Oh,41.678,-84.232,534.7,04100006,0,1,99.73
04185440,Unnamed Tributary To Lost Creek Near Farmer Oh,41.362,-84.691,11.0,04100006,0,1,100.0
04186500,Auglaize River Near Fort Jennings Oh,40.949,-84.266,858.4,04100007,0,1,28.29
04187500,Ottawa River At Allentown Oh,40.755,-84.195,412.7,04100007,0,1,0.0
04188337,Blanchard River Below Mt. Blanchard Oh,40.924,-83.557,369.3,04100008,0,1,0.0
04188400,Blanchard River Above Findlay Oh,41.034,-83.579,606.8,04100008,0,1,0.16
04188433,Lye Creek Above Findlay Oh,40.983,-83.586,48.4,04100008,0,1,0.0
04188496,Eagle Creek Above Findlay Oh,40.979,-83.653,134.7,04100008,0,1,0.0
04189000,Blanchard River Near Findlay Oh,41.056,-83.688,909.3,04100008,0,1,0.1
04196000,Sandusky River Near Bucyrus Oh,40.804,-83.006,230.9,04100011,1,1,100.0
04196500,Sandusky River Near Upper Sandusky Oh,40.851,-83.256,764.8,04100011,0,1,79.11
04196800,Tymochtee Creek At Crawford Oh,40.923,-83.349,608.1,04100011,0,1,0.0
04197100,Honey Creek At Melmore Oh,41.022,-83.11,388.2,04100011,1,1,100.0
04197170,Rock Creek At Tiffin Oh,41.114,-83.168,95.2,04100011,0,1,67.11
04199000,Huron River At Milan Oh,41.302,-82.607,947.4,04100012,2,1,100.0
04199155,Old Woman Creek At Berlin Rd Near Huron Oh,41.348,-82.514,60.4,04100012,0,1,100.0
04199500,Vermilion River Near Vermilion Oh,41.382,-82.317,672.4,04100012,2,1,100.0
04201500,Rocky River Near Berea Oh,41.407,-81.887,690.7,04110001,2,1,99.86
04202000,Cuyahoga River At Hiram Rapids Oh,41.341,-81.167,390.1,04110002,0,1,92.75
04204000,Little Cuyahoga River At Mogadore Oh,41.063,-81.394,33.9,04110002,0,1,100.0
04204500,Little Cuyahoga River At Massillon Rd Akron Oh,41.06,-81.463,78.7,04110002,0,1,100.0
04206043,Mud Brook At Cuyahoga Falls Oh,41.153,-81.509,66.8,04110002,1,1,100.0
04206212,North Fork At Bath Center Oh,41.169,-81.634,15.6,04110002,0,1,100.0
04206220,Yellow Creek At Botzum Oh,41.163,-81.584,79.4,04110002,0,1,100.0
04207200,Tinkers Creek At Bedford Oh,41.384,-81.527,222.1,04110002,10,1,100.0
04208460,Mill Creek At Garfield Hts Oh,41.424,-81.638,46.8,04110002,0,1,100.0
04209000,Chagrin River At Willoughby Oh,41.631,-81.403,637.4,04110003,4,1,100.0
04211500,Mill Creek Near Jefferson Oh,41.753,-80.801,208.2,04110004,0,1,100.0
04212500,Ashtabula River Near Ashtabula Oh,41.856,-80.762,309.4,04110003,0,1,100.0
04213000,Conneaut Creek At Conneaut Oh,41.927,-80.604,455.3,04120101,0,1,81.8
04213040,"Raccoon Creek Near West Springfield, Pa",41.945,-80.447,6.7,04120101,0,1,100.0
04213075,"Brandy Run Near Girard, Pa",41.992,-80.291,11.7,04120101,0,1,0.0
04214500,Buffalo Creek At Gardenville Ny,42.855,-78.755,368.4,04120103,0,1,100.0
04215000,Cayuga Creek Near Lancaster Ny,42.89,-78.645,248.0,04120103,0,1,100.0
04215500,Cazenovia Creek At Ebenezer Ny,42.83,-78.775,350.7,04120103,0,1,100.0
04216200,Scajaquada Creek At Buffalo Ny,42.911,-78.796,39.5,04120104,0,0,88.89
04216418,Tonawanda Creek At Attica Ny,42.864,-78.284,196.5,04120104,1,1,100.0
04216500,Little Tonawanda Creek At Linden Ny,42.877,-78.163,62.6,04120104,0,1,100.0
04217000,Tonawanda Creek At Batavia Ny,42.998,-78.189,443.3,04120104,1,1,100.0
04217500,Tonawanda Creek Near Alabama Ny,43.091,-78.454,588.3,04120104,0,1,100.0
04218000,Tonawanda Creek At Rapids Ny,43.093,-78.636,897.0,04120104,1,1,100.0
04218518,Ellicott Creek Below Williamsville Ny,42.978,-78.764,220.3,04120104,0,1,100.0
04220250,West Creek Near Hilton Ny,43.303,-77.814,76.3,04130001,0,1,100.0
04221000,Genesee River At Wellsville Ny,42.122,-77.957,750.9,04130002,13,1,100.0
04221500,Genesee River At Scio Ny,42.164,-77.98,799.5,04130002,0,1,100.0
04224775,Canaseraga Creek Above Dansville Ny,42.536,-77.704,231.8,04130002,2,1,99.38
04225000,Canaseraga Creek Near Dansville Ny,42.56,-77.716,402.6,04130002,2,1,100.0
04227000,Canaseraga Creek At Shakers Crossing Ny,42.737,-77.841,876.2,04130002,3,1,97.54
04227995,Conesus Creek Near Lakeville Ny,42.854,-77.715,186.6,04130003,1,1,100.0
04229500,Honeoye Creek At Honeoye Falls Ny,42.957,-77.589,502.5,04130003,0,1,100.0
04230380,Oatka Creek At Warsaw Ny,42.744,-78.138,107.1,04130003,0,1,92.25
04230500,Oatka Creek At Garbutt Ny,43.01,-77.791,524.7,04130003,1,1,95.19
04231000,Black Creek At Churchville Ny,43.101,-77.882,340.9,04130003,0,1,100.0
04232034,Irondequoit Cr At Railroad Mills Near Fishers Ny,43.028,-77.478,100.1,04140101,0,1,100.0
04232050,Allen Creek Near Rochester Ny,43.13,-77.519,77.4,04140101,0,1,100.0
04232100,Sterling Creek At Sterling Ny,43.325,-76.647,111.4,04140101,0,1,0.0
04232482,Keuka Lake Outlet At Dresden Ny,42.68,-76.954,532.5,04140201,7,1,100.0
04233000,Cayuga Inlet Near Ithaca Ny,42.393,-76.545,91.9,04140201,0,1,100.0
04233286,Sixmile Creek At Brooktondale Ny,42.381,-76.394,68.4,04140201,0,1,100.0
04233300,Sixmile Creek At Bethel Grove Ny,42.403,-76.435,98.5,04140201,0,1,100.0
04234000,Fall Creek Near Ithaca Ny,42.453,-76.473,320.6,04140201,3,1,100.0
04235250,Flint Creek At Phelps Ny,42.958,-77.068,260.6,04140201,0,1,0.0
04235500,Owasco Outlet Near Auburn Ny,42.947,-76.599,532.5,04140201,11,1,100.0
04237962,Onondaga Creek Near Cardiff Ny,42.9,-76.169,100.6,04140201,2,1,100.0
04239000,"Onondaga Creek At Dorwin Avenue, Syracuse Ny",42.983,-76.151,245.6,04140201,0,1,100.0
04240010,"Onondaga Creek At Spencer Street, Syracuse Ny",43.058,-76.162,331.7,04140201,3,1,99.42
04240100,Harbor Brook At Syracuse Ny,43.036,-76.182,25.9,04140201,0,1,100.0
04240120,"Ley Creek At Park Street, Syracuse Ny",43.077,-76.17,75.8,04140201,0,1,100.0
04240180,Ninemile Creek Near Marietta Ny,42.921,-76.329,116.9,04140201,0,1,100.0
04240200,Ninemile Creek At Camillus Ny,43.039,-76.308,211.6,04140201,3,1,100.0
04240300,Ninemile Creek At Lakeland Ny,43.081,-76.226,289.5,04140201,0,1,93.18
04240503,Onondaga Lake Outlet Near Liverpool Ny,43.12,-76.246,749.7,04140201,2,1,100.0
04242500,East Branch Fish Creek At Taberg Ny,43.302,-75.619,482.1,04140202,0,1,100.0
04243500,Oneida Creek At Oneida Ny,43.098,-75.639,300.5,04140202,2,1,100.0
04245000,Limestone Creek At Fayetteville Ny,43.03,-76.013,222.0,04140202,0,1,100.0
04245200,Butternut Creek Near Jamesville Ny,42.934,-76.062,85.0,04140202,0,1,100.0
04250200,Salmon River At Pineville Ny,43.533,-76.039,615.1,04140102,0,1,100.0
04250750,Sandy Creek Near Adams Ny,43.813,-76.075,325.4,04140102,1,1,100.0
04252500,Black River Near Boonville Ny,43.512,-75.307,784.5,04150101,0,1,100.0
04253500,Middle Branch Moose River At Old Forge Ny,43.713,-74.97,137.6,04150101,0,1,100.0
04254500,Moose River At Mckeever Ny,43.61,-75.11,949.7,04150101,0,1,100.0
04256000,Independence River At Donnattsburg Ny,43.747,-75.334,232.4,04150101,0,1,100.0
04257000,Beaver R Blw Stillwater Dam Nr Beaver River Ny,43.899,-75.052,442.0,04150101,0,1,100.0
04258000,Beaver River At Croghan Ny,43.897,-75.404,754.8,04150101,0,1,100.0
04261000,Oswegatchie River At Cranberry Lake Ny,44.221,-74.85,377.2,04150302,0,1,100.0
04262000,Oswegatchie River Near Oswegatchie Ny,44.223,-75.074,688.0,04150302,0,1,100.0
04262500,West Branch Oswegatchie River Near Harrisville Ny,44.186,-75.331,667.8,04150302,0,1,100.0
04265000,Grass River At Pyrites Ny,44.525,-75.196,863.6,04150304,0,1,97.53
04268800,West Branch St. Regis River Near Parishville Ny,44.599,-74.737,443.9,04150306,0,1,96.54
04270000,Salmon River At Chasm Falls Ny,44.756,-74.219,343.2,04150307,0,1,21.39
04270200,Little Salmon River At Bombay Ny,44.94,-74.556,235.9,04150307,0,1,34.06
04270510,Chateaugay River Below Chateaugay Ny,44.964,-74.131,390.8,04150308,0,1,48.03
04271500,Great Chazy River At Perry Mills Ny,45.0,-73.501,630.4,04150408,3,1,82.98
04271815,Little Chazy River Near Chazy Ny,44.902,-73.415,130.5,04150408,0,1,100.0
04273700,Salmon River At South Plattsburgh Ny,44.64,-73.495,169.9,04150408,0,1,100.0
04273800,Little Ausable River Near Valcour Ny,44.594,-73.496,176.9,04150408,0,1,100.0
04275000,East Branch Ausable River At Au Sable Forks Ny,44.439,-73.682,512.8,04150404,2,1,81.98
04276500,Boquet River At Willsboro Ny,44.358,-73.397,694.3,04150408,2,1,98.17
04276842,Putnam Creek East Of Crown Point Center Ny,43.943,-73.464,134.7,04150408,0,1,61.74
04278300,Northwest Bay Brook Near Bolton Landing Ny,43.663,-73.603,57.7,04150408,0,1,96.97
04279000,La Chute At Ticonderoga Ny,43.844,-73.432,670.7,04150408,0,1,88.89
04280000,"Poultney River Below Fair Haven, Vt",43.624,-73.312,487.6,04150401,2,1,99.81
04280350,"Mettawee River Near Pawlet, Vt",43.371,-73.216,180.8,04150401,0,1,100.0
04280450,Mettawee River Near Middle Granville Ny,43.464,-73.284,435.6,04150401,0,1,100.0
04281500,"East Creek At Rutland, Vt",43.629,-72.989,139.2,04150402,0,1,32.75
04282000,"Otter Creek At Center Rutland, Vt",43.604,-73.013,798.1,04150402,0,1,63.56
04282525,"New Haven River @ Brooksville, Nr Middlebury, Vt",44.062,-73.171,301.0,04150402,0,1,79.33
04282650,"Little Otter Creek At Ferrisburg, Vt",44.198,-73.249,150.9,04150408,0,1,100.0
04282780,"Lewis Creek At North Ferrisburg, Vt",44.249,-73.228,198.9,04150408,0,1,100.0
04282795,"Laplatte River At Shelburne Falls, Vt",44.37,-73.216,116.1,04150408,1,1,100.0
04282813,"Potash Br @ Queen City Park Rd, Nr Burlington, Vt",44.446,-73.213,17.7,04150408,0,1,100.0
04284000,"Jail Branch At East Barre, Vt",44.158,-72.445,100.8,04150403,0,1,0.0
04285500,"North Branch Winooski River At Wrightsville, Vt",44.3,-72.579,181.9,04150403,0,1,25.37
04287000,"Dog River At Northfield Falls, Vt",44.183,-72.64,198.5,04150403,0,1,100.0
04288000,"Mad River Near Moretown, Vt",44.277,-72.743,364.0,04150403,3,1,100.0
04288225,"W Branch Little R Abv Bingham Falls Near Stowe, Vt",44.523,-72.772,11.9,04150403,0,1,100.0
04288230,"Ranch Brook At Ranch Camp, Near Stowe, Vt",44.504,-72.782,9.9,04150403,0,1,100.0
04289000,"Little River Near Waterbury, Vt",44.37,-72.769,286.9,04150403,0,1,100.0
04290335,"Allen Brook At Vt 2A, Near Essex Junction, Vt",44.462,-73.113,25.5,04150403,0,1,100.0
04292000,"Lamoille River At Johnson, Vt",44.623,-72.676,815.3,04150405,0,1,20.96
04292700,"Stone Bridge Brook Near Georgia Plains, Vt",44.704,-73.182,21.9,04150408,0,1,100.0
04292770,"Stevens Brook At Lemnah Drive, At St Albans, Vt",44.806,-73.088,3.3,04150408,0,1,100.0
04292810,"Jewett Brook At Vt 38, Near St. Albans, Vt",44.856,-73.151,12.3,04150408,0,1,100.0
04296000,"Black River At Coventry, Vt",44.869,-72.27,302.2,04150500,0,1,11.45
04296500,"Clyde River At Newport, Vt",44.94,-72.189,375.0,04150500,0,1,4.33
05014000,Grinnell Creek Nr. Many Glacier Mt,48.771,-113.699,8.1,09040001,0,1,0.0
05014300,Swiftcurrent Cr Ab Swiftcurrent Lk At Many Glacier,48.795,-113.68,40.3,09040001,0,1,0.0
05014500,Swiftcurrent Creek At Many Glacier Mt,48.799,-113.657,79.7,09040001,0,1,0.0
05017500,St. Mary River Near Babb Mt,48.833,-113.42,711.2,09040001,0,1,0.0
05030000,"Otter Tail River Near Detroit Lakes, Mn",46.837,-95.699,496.8,09020103,0,1,63.25
05052500,"Antelope Creek At Dwight, Nd",46.311,-96.735,727.5,09020105,0,1,0.0
05059600,"Maple River Near Hope, Nd",47.325,-97.791,53.3,09020205,0,1,100.0
05060500,"Rush River At Amenia, Nd",47.017,-97.214,251.2,09020204,0,1,100.0
05061000,"Buffalo River Near Hawley, Mn",46.85,-96.33,924.6,09020106,0,1,100.0
05063398,"S. Br. Wild Rice River At Co. Rd. 27 Nr Felton, Mn",47.113,-96.386,469.8,09020108,0,1,100.0
05064900,"Beaver Creek Nr Finley, Nd",47.595,-97.709,389.7,09020109,0,1,100.0
05078230,"Lost River At Oklee, Mn",47.843,-95.859,611.1,09020305,0,1,77.98
05082625,"Turtle River At Turtle R State Park Nr Arvilla, Nd",47.932,-97.515,658.3,09020307,1,1,100.0
05083600,"Middle Branch Forest River Nr Whitman, Nd",48.247,-98.117,137.0,09020308,0,1,100.0
05085450,"Snake River Above Warren, Mn",48.21,-96.718,396.4,09020309,0,1,100.0
05087500,"Middle River At Argyle, Mn",48.341,-96.818,600.8,09020309,1,1,86.92
05089000,"South Branch Park River Below Homme Dam, Nd",48.402,-97.782,587.0,09020310,0,1,94.6
05089500,"Cart Creek At Mountain, Nd",48.677,-97.862,34.2,09020310,0,1,0.0
05098700,"Hidden Island Coulee Nr Hansboro, Nd",48.953,-99.427,92.8,09020315,0,1,0.0
05098800,"Cypress Creek Nr Sarles, Nd",48.943,-98.952,154.3,09020316,0,1,0.0
05099400,"Little South Pembina River Near Walhalla, Nd",48.865,-98.006,468.6,09020316,0,1,0.31
05100500,"Herzog Creek Nr Concrete, Nd",48.754,-97.906,45.3,09020316,0,1,0.0
05101000,"Tongue River At Akra, Nd",48.778,-97.747,383.0,09020316,0,1,20.89
05120200,"Wintering River Nr Bergen, Nd",47.931,-100.671,482.8,09010003,0,1,100.0
05123600,"Egg Creek Nr Granville, Nd",48.355,-100.822,821.5,09010005,0,1,0.0
05124480,"Kawishiwi River Near Ely, Mn",47.923,-91.535,707.2,09030001,0,1,22.85
05130500,"Sturgeon River Near Chisholm, Mn",47.674,-92.9,464.0,09030005,1,1,100.0
05131000,"Dark River Near Chisholm, Mn",47.691,-92.821,144.9,09030005,0,1,100.0
05139500,"Warroad River Near Warroad, Mn",48.867,-95.356,317.9,09030009,0,1,0.0
05212700,"Prairie River Near Taconite, Mn",47.389,-93.381,962.8,07010103,0,1,100.0
05216860,"Swan River Near Calumet, Mn",47.289,-93.232,294.8,07010103,1,1,100.0
05243725,"Straight River Near Park Rapids, Mn",46.875,-95.066,153.7,07010106,0,1,0.0
05247000,"Gull River At Gull Lake Dam Near Brainerd, Mn",46.411,-94.354,774.0,07010106,0,1,0.0
05278000,"Middle Fork Crow River Near Spicer, Mn",45.264,-94.806,438.9,07010204,0,1,99.79
05287890,"Elm Creek Nr Champlin, Mn",45.163,-93.437,222.1,07010206,0,1,100.0
05288580,"Rice Creek Blw Old Hwy. 8 In Mounds View, Mn",45.093,-93.195,365.2,07010206,0,0,100.0
05288705,"Shingle Creek At Queen Ave In Minneapolis, Mn",45.05,-93.31,73.0,07010206,0,1,100.0
05289800,"Minnehaha Creek At Hiawatha Ave. In Minneapolis,Mn",44.916,-93.213,413.2,07010206,0,1,96.58
05311400,"South Branch Yellow Medicine R At Minneota, Mn",44.564,-95.998,297.1,07020004,0,1,0.0
05314510,"Chetomba Creek Near Renville, Mn",44.84,-95.239,307.5,07020004,0,1,0.0
05315000,"Redwood River Near Marshall, Mn",44.43,-95.846,672.1,07020006,0,1,100.0
05317200,"Little Cottonwood River Near Courtland, Mn",44.246,-94.339,454.9,07020007,0,1,95.77
05320270,"Little Cobb River Near Beauford, Mn",43.997,-93.909,336.0,07020011,0,1,100.0
05327000,"High Island Creek Near Henderson, Mn",44.572,-93.922,619.0,07020012,1,1,100.0
05331833,"Namekagon River At Leonards, Wi",46.171,-91.329,332.6,07030002,1,1,100.0
05337400,"Knife River Near Mora, Mn",45.92,-93.307,263.6,07030004,0,1,100.0
05340050,"Sunrise River Near Lindstrom, Mn",45.45,-92.886,564.4,07030005,0,1,100.0
05342000,"Kinnickinnic River Near River Falls, Wi",44.831,-92.733,449.0,07030005,0,1,100.0
05345000,"Vermillion River Near Empire, Mn",44.667,-93.055,334.3,07040001,0,1,100.0
05357335,"Bear River Near Manitowish Waters, Wi",46.049,-89.985,258.1,07050002,0,1,0.0
05370000,"Eau Galle River At Spring Valley, Wi",44.853,-92.238,165.9,07050005,0,1,100.0
05372995,"South Fork Zumbro River At Rochester, Mn",44.062,-92.466,779.5,07040004,0,1,100.0
05373000,"South Fork Zumbro River Near Rochester, Mn",44.067,-92.465,784.1,07040004,0,1,100.0
05376000,"North Fork Whitewater River Near Elba, Mn",44.092,-92.066,261.0,07040003,1,1,100.0
05376500,"South Fork Whitewater River Near Altura, Mn",44.069,-91.98,203.0,07040003,0,1,100.0
05382255,"Stillwell Creek At Sixteenth Court Near Tomah, Wi",43.994,-90.657,9.6,07040006,0,1,100.0
05382257,"Stillwell Creek At Yard Road Near Tomah, Wi",44.001,-90.681,12.5,07040006,0,1,100.0
05382267,"La Crosse River @ Cnty Trunk Highwy Bb Nr Tomah,Wi",44.0,-90.725,167.9,07040006,0,1,100.0
05382325,"La Crosse River At Sparta, Wi",43.937,-90.811,434.5,07040006,0,1,100.0
05384500,"Rush Creek Near Rushford, Mn",43.833,-91.778,342.1,07040008,0,1,100.0
05385500,"South Fork Root River Near Houston, Mn",43.739,-91.564,711.8,07040008,0,1,100.0
05387440,"Upper Iowa River At Bluffton, Ia",43.407,-91.899,950.0,07060002,0,1,100.0
05388500,"Paint Creek At Waterville, Ia",43.21,-91.306,107.9,07060001,0,1,100.0
05389000,"Yellow River Near Ion, Ia",43.112,-91.265,566.6,07060001,1,1,100.0
05389400,"Bloody Run Creek Near Marquette, Ia",43.041,-91.207,88.9,07060001,0,1,100.0
05393500,"Spirit River At Spirit Falls, Wi",45.449,-89.979,220.4,07070001,0,1,0.0
05394500,"Prairie River Near Merrill, Wi",45.236,-89.65,483.2,07070002,0,1,17.14
05397500,"Eau Claire River At Kelly, Wi",44.919,-89.552,965.0,07070002,0,1,100.0
05399500,"Big Eau Pleine River At Stratford, Wi",44.822,-90.08,576.3,07070002,0,1,26.55
05400650,"Little Plover River At Plover, Wi",44.474,-89.529,20.4,07070003,0,1,100.0
05402000,"Yellow River At Babcock, Wi",44.302,-90.122,580.1,07070003,2,1,100.0
05404116,"West Branch Baraboo River At Hillsboro, Wi",43.653,-90.336,101.0,07070004,0,1,100.0
05406500,"Black Earth Creek At Black Earth, Wi",43.134,-89.732,115.9,07070005,0,1,100.0
05407470,"Kickapoo River At State Highway 33 At Ontario, Wi",43.722,-90.588,303.8,07070006,0,1,100.0
05408000,"Kickapoo River At La Farge, Wi",43.574,-90.643,689.3,07070006,0,1,100.0
05411600,"Turkey River At Spillville, Ia",43.207,-91.95,458.1,07060004,0,1,100.0
05412400,"Volga River At Littleport, Ia",42.754,-91.369,942.6,07060004,0,1,64.97
05413500,"Grant River At Burton, Wi",42.72,-90.819,695.3,07060003,5,1,100.0
05414000,"Platte River Near Rockville, Wi",42.731,-90.64,370.8,07060003,0,1,100.0
05414500,"Little Maquoketa River Near Durango, Ia",42.555,-90.746,336.9,07060003,0,1,100.0
05414820,"Sinsinawa River Near Menominee, Il",42.479,-90.486,104.4,07060005,0,1,100.0
05415000,"Galena River At Buncombe, Wi",42.514,-90.378,322.7,07060005,1,1,100.0
05416900,"Maquoketa River At Manchester, Ia",42.47,-91.449,722.7,07060006,0,1,100.0
05417000,"Maquoketa River Near Manchester, Ia",42.456,-91.432,796.3,07060006,0,1,51.84
05419000,"Apple River Near Hanover, Il",42.253,-90.286,638.7,07060005,2,1,100.0
05420000,"Plum River Below Carroll Creek Near Savanna, Il",42.114,-90.093,595.9,07060005,2,1,100.0
05420560,"Wapsipinicon River Near Elma, Ia",43.242,-92.533,249.8,07080102,0,1,82.58
05420680,"Wapsipinicon River Near Tripoli, Ia",42.836,-92.257,897.0,07080102,0,1,0.0
05422470,"Crow Creek At Bettendorf, Ia",41.551,-90.455,46.6,07080101,0,1,100.0
05422560,"Duck Creek At 110Th Avenue At Davenport, Ia",41.557,-90.688,40.0,07080101,0,1,100.0
05422600,"Duck Creek At Dc Golf Course At Davenport, Ia",41.546,-90.524,148.1,07080101,6,1,87.81
05423000,"West Branch Rock River Near Waupun, Wi",43.668,-88.653,112.6,07090001,0,1,100.0
05424000,"East Branch Rock River Near Mayville, Wi",43.529,-88.566,475.1,07090001,0,1,100.0
05425912,"Beaverdam River At Beaver Dam, Wi",43.444,-88.845,444.8,07090001,0,1,100.0
05426067,"Bark River At Nagawicka Road At Delafield, Wi",43.088,-88.376,92.2,07090002,0,1,100.0
05426250,"Bark River Near Rome, Wi",42.96,-88.671,306.8,07090002,0,1,96.92
05427718,"Yahara River At Windsor, Wi",43.209,-89.353,191.5,07090002,0,1,100.0
05427850,"Yahara River At State Highway 113 At Madison, Wi",43.151,-89.402,294.8,07090002,0,1,100.0
05427948,"Pheasant Branch At Middleton, Wi",43.103,-89.512,46.9,07090002,1,1,100.0
05429500,"Yahara River At Mc Farland, Wi",43.009,-89.305,844.1,07090002,2,1,100.0
05430150,"Badfish Creek Near Cooksville, Wi",42.833,-89.197,224.6,07090002,0,1,100.0
05431016,"Jackson Creek At Mound Road Near Elkhorn, Wi",42.641,-88.561,43.2,07090002,0,1,100.0
05431017,"Delavan Lake Inlet At State Hwy 50 At Lake Lawn,Wi",42.621,-88.583,54.8,07090002,0,1,100.0
05431022,"Delavan Lake Outlet At Borg Road Near Delavan, Wi",42.615,-88.625,106.8,07090002,0,1,100.0
05431032,"Turtle Creek At Delavan, Wi",42.637,-88.658,216.1,07090002,0,1,100.0
05431486,"Turtle Creek At Carvers Rock Road Near Clinton, Wi",42.597,-88.829,491.1,07090002,1,1,100.0
05432500,"Pecatonica River At Darlington, Wi",42.678,-90.119,705.6,07090003,0,1,100.0
05432695,"Ridgeway Branch Near Hollandale, Wi",42.941,-89.921,49.2,07090003,0,1,100.0
05432927,"Pleasant Valley Creek @ Cth H Nr Blanchardville,Wi",42.875,-89.799,49.7,07090003,0,1,100.0
05433000,"East Branch Pecatonica River Nr Blanchardville, Wi",42.786,-89.861,571.8,07090003,0,1,100.0
05435000,"Cedar Creek Near Winslow, Il",42.467,-89.834,3.5,07090003,0,1,100.0
05435935,"Badger Mill Creek @ Highways 18 & 151 @ Madison,Wi",42.999,-89.499,27.6,07090004,0,1,100.0
05435943,"Badger Mill Creek At Verona, Wi",42.977,-89.54,52.1,07090004,0,1,100.0
05438250,"Coon Creek At Riley, Il",42.182,-88.641,220.6,07090006,0,1,100.0
05438283,"Piscasaw Creek Near Walworth, Wi",42.522,-88.661,25.7,07090006,0,1,100.0
05439000,"South Branch Kishwaukee River At Dekalb, Il",41.931,-88.76,201.3,07090006,2,1,100.0
05440500,"Killbuck Creek Near Monroe Center, Il",42.099,-89.052,301.3,07090006,1,1,100.0
05444000,"Elkhorn Creek Near Penrose, Il",41.903,-89.696,376.4,07090005,2,1,100.0
05448000,"Mill Creek At Milan, Il",41.442,-90.556,162.7,,0,1,100.0
05449000,"East Branch Iowa River Near Klemme, Ia",43.009,-93.628,348.1,07080207,0,1,0.0
05451080,"South Fork Iowa River Near Blairsburg, Ia",42.544,-93.589,26.8,07080207,0,1,100.0
05451210,"South Fork Iowa River Ne Of New Providence, Ia",42.315,-93.152,580.5,07080207,0,1,100.0
05451700,"Timber Creek Near Marshalltown, Ia",42.009,-92.852,308.5,07080208,0,1,100.0
05451900,"Richland Creek Near Haven, Ia",41.899,-92.474,146.2,07080208,0,1,100.0
05452000,"Salt Creek Near Elberon, Ia",41.964,-92.313,516.7,07080208,0,1,95.36
05452200,"Walnut Creek Near Hartwick, Ia",41.835,-92.386,182.7,07080208,0,1,100.0
05453000,"Big Bear Creek At Ladora, Ia",41.749,-92.182,483.6,07080208,0,1,100.0
05454000,"Rapid Creek Near Iowa City, Ia",41.7,-91.488,65.4,07080209,1,1,100.0
05454090,"Muddy Creek At Coralville, Ia",41.7,-91.563,22.4,07080209,0,1,100.0
05454220,"Clear Creek Near Oxford, Ia",41.718,-91.74,157.1,07080209,0,1,100.0
05454300,"Clear Creek Near Coralville, Ia",41.677,-91.599,254.3,07080209,1,1,100.0
05455000,"Ralston Creek At Iowa City, Ia",41.664,-91.514,8.1,07080209,0,1,100.0
05455010,"South Branch Ralston Creek At Iowa City, Ia",41.651,-91.508,7.6,07080209,0,1,100.0
05455100,"Old Mans Creek Near Iowa City, Ia",41.606,-91.616,521.8,07080209,1,1,100.0
05458000,"Little Cedar River Near Ionia, Ia",43.033,-92.504,776.8,07080201,0,1,28.96
05459000,"Shell Rock River Near Northwood, Ia",43.414,-93.221,781.4,07080202,0,1,45.44
05463000,"Beaver Creek At New Hartford, Ia",42.573,-92.618,903.0,07080205,1,1,99.58
05463500,"Black Hawk Creek At Hudson, Ia",42.408,-92.463,777.0,07080205,0,1,100.0
05464220,"Wolf Creek Near Dysart, Ia",42.252,-92.299,775.2,07080205,0,1,0.0
05464942,"Hoover Cr At Hoover Nat Hist Site, West Branch, Ia",41.67,-91.351,6.7,07080206,0,1,100.0
05466000,"Edwards River Near Orion, Il",41.272,-90.378,401.4,07080104,0,1,100.0
05467000,"Pope Creek Near Keithsburg, Il",41.129,-90.919,448.6,07080104,1,1,100.0
05468500,"Cedar Creek At Little York, Il",41.014,-90.746,342.4,07080104,1,1,100.0
05469500,"South Henderson Creek At Biggsville, Il",40.857,-90.864,211.1,07080104,0,1,100.0
05470000,"South Skunk River Near Ames, Ia",42.068,-93.619,812.2,07080105,0,1,100.0
05470500,"Ioway Creek At Ames, Ia",42.023,-93.63,550.8,07080105,0,1,100.0
05471200,"Indian Creek Near Mingo, Ia",41.805,-93.309,725.8,07080105,2,1,100.0
05473450,"Big Creek North Of Mount Pleasant, Ia",41.007,-91.552,161.6,07080107,0,1,100.0
05473500,"Big Creek Near Mount Pleasant, Ia",41.016,-91.58,272.0,07080107,0,1,100.0
05480000,"Lizard Creek Near Clare, Ia",42.545,-94.347,648.2,07100004,0,1,100.0
05481950,"Beaver Creek Near Grimes, Ia",41.688,-93.736,975.2,07100004,1,1,100.0
05482170,"Big Cedar Creek Near Varina, Ia",42.689,-94.798,199.7,07100006,1,1,100.0
05483000,"East Fork Hardin Creek Near Churdan, Ia",42.107,-94.37,60.5,07100006,0,1,100.0
05483450,"Middle Raccoon River Near Bayard, Ia",41.779,-94.493,989.8,07100007,0,1,100.0
05484800,"Walnut Creek At Des Moines, Ia",41.587,-93.703,201.6,07100006,0,1,100.0
05485605,"Fourmile Creek Near Ankeny, Ia Ds1",41.717,-93.57,156.5,07100008,2,1,100.0
05485640,"Fourmile Creek At Des Moines, Ia",41.614,-93.545,237.5,07100008,0,1,100.0
05486000,"North River Near Norwalk, Ia",41.458,-93.655,904.6,07100008,0,1,100.0
05487980,"White Breast Creek Near Dallas, Ia",41.247,-93.266,882.7,07100008,2,1,100.0
05488200,"English Creek Near Knoxville, Ia",41.301,-93.045,234.2,07100009,1,1,100.0
05489000,"Cedar Creek Near Bussey, Ia",41.219,-92.909,964.8,07100009,1,1,100.0
05494300,"Fox River At Bloomfield, Ia",40.769,-92.419,226.4,07110001,0,1,0.0
05495500,"Bear Creek Near Marcelline, Il",40.143,-91.337,905.6,07110001,0,1,0.0
05498700,"South Fabius River Above Newark, Mo",40.006,-92.027,546.9,07110003,0,1,0.0
05501000,"North River At Palmyra, Mo",39.818,-91.518,922.8,07110004,0,1,1.05
05502000,"Bear Creek At Hannibal, Mo",39.679,-91.411,78.7,07110004,0,1,100.0
05502040,"Hadley Creek At Kinderhook, Il",39.693,-91.149,188.1,07110004,0,1,100.0
05502300,"North Fork Salt River At Hagers Grove, Mo",39.83,-92.23,935.1,07110005,0,1,0.0
05503000,"Oak Dale Branch Near Emden, Mo",39.758,-91.919,6.9,07110005,0,1,0.0
05503800,"Crooked Creek Near Paris, Mo",39.585,-91.993,212.6,07110005,0,1,0.0
05504800,"South Fork Salt River Above Santa Fe, Mo",39.326,-91.834,590.2,07110006,1,1,100.0
05505000,"South Fork Salt River At Santa Fe, Mo",39.366,-91.819,771.0,07110006,0,1,100.0
05506000,"Youngs Creek Near Mexico, Mo",39.314,-91.947,187.9,07110006,1,1,100.0
05506100,"Long Branch Near Santa Fe, Mo",39.356,-91.834,472.2,07110006,0,1,76.45
05506350,"Middle Fork Salt River Near Holliday, Mo",39.524,-92.128,810.3,07110006,0,1,0.0
05506500,"Middle Fork Salt River At Paris, Mo",39.484,-92.014,860.0,07110006,0,1,0.0
05506800,"Elk Fork Salt River Near Madison, Mo",39.435,-92.168,514.7,07110006,0,1,0.0
05507600,"Lick Creek At Perry, Mo",39.431,-91.676,275.4,07110007,0,1,100.0
05508805,"Spencer Creek Below Plum Creek Near Frankford, Mo",39.52,-91.343,536.4,07110007,0,1,100.0
05512500,"Bay Creek At Pittsfield, Il",39.625,-90.794,102.3,07110004,0,1,100.0
05513000,"Bay Creek At Nebo, Il",39.443,-90.796,383.7,07110004,0,1,100.0
05514712,"Peruque Creek At Lake St. Louis, Mo",38.787,-90.828,109.5,07110009,1,1,100.0
05514840,"Dardenne Creek At O'Fallon, Mo",38.74,-90.695,158.5,07110009,0,1,95.76
05514860,"Dardenne Creek At Old Town St. Peters, Mo",38.803,-90.635,265.0,07110009,0,1,94.42
05515000,"Kankakee River Near North Liberty, In",41.564,-86.494,401.1,07120001,0,1,100.0
05516500,"Yellow River At Plymouth, In",41.34,-86.304,764.8,07120001,1,1,100.0
05519500,"West Creek Near Schneider, Ind.",41.214,-87.496,141.8,07120001,0,1,100.0
05521000,"Iroquois River At Rosebud, In",41.033,-87.18,89.7,07120002,0,1,100.0
05522000,"Iroquois River Near North Marion, Ind.",40.97,-87.114,425.7,07120002,0,1,100.0
05522500,"Iroquois River At Rensselaer, In",40.933,-87.129,526.7,07120002,0,1,100.0
05523500,"Slough Creek Near Collegeville, Ind.",40.892,-87.155,211.4,07120002,0,1,100.0
05524000,"Carpenter Creek At Egypt, Ind.",40.866,-87.206,117.7,07120002,0,1,100.0
05526500,"Terry Creek Near Custer Park, Il",41.233,-88.098,31.5,07120001,0,1,100.0
05527800,"Des Plaines River At Russell, Il",42.489,-87.926,317.7,07120004,0,1,100.0
05527900,"North Mill Creek At Hickory Corners, Il",42.466,-88.009,53.5,07120004,0,1,100.0
05527905,"Hastings Creek Near Lindenhurst, Il",42.448,-88.025,13.9,07120004,0,1,100.0
05527910,"North Mill Creek Near Milburn, Il",42.444,-88.001,74.6,07120004,0,1,100.0
05527950,"Mill Creek At Old Mill Creek, Il",42.415,-87.969,156.0,07120004,0,1,100.0
05528000,"Des Plaines River Near Gurnee, Il",42.344,-87.938,603.8,07120004,1,1,100.0
05528500,"Buffalo Creek Near Wheeling, Il",42.152,-87.957,58.1,07120004,0,1,100.0
05529000,"Des Plaines River Near Des Plaines, Il",42.082,-87.89,943.1,07120004,1,1,100.0
05529500,"Mc Donald Creek Near Mount Prospect, Il",42.095,-87.913,21.9,07120004,0,1,100.0
05530000,"Weller Creek At Des Plaines, Il",42.049,-87.918,32.9,07120004,0,0,100.0
05530990,"Salt Creek At Rolling Meadows, Il",42.06,-88.017,71.0,07120004,0,1,100.0
05531000,"Salt Creek Near Arlington Heights, Il",42.051,-88.01,76.1,07120004,0,1,100.0
05531300,"Salt Creek At Elmhurst, Il",41.886,-87.959,230.3,07120004,0,1,100.0
05531500,"Salt Creek At Western Springs, Il",41.826,-87.901,290.6,07120004,0,1,100.0
05532000,"Addison Creek At Bellwood, Il",41.882,-87.869,47.1,07120004,3,1,100.0
05533000,"Flag Creek Near Willow Springs, Il",41.739,-87.896,42.7,07120004,2,1,100.0
05533400,"Sawmill Creek Near Lemont, Il",41.708,-87.963,33.5,07120004,1,1,100.0
05534500,"North Branch Chicago River At Deerfield, Il",42.153,-87.819,51.7,07120003,0,1,100.0
05535000,"Skokie River At Lake Forest, Il",42.233,-87.845,30.1,07120003,1,1,100.0
05535070,"Skokie River Near Highland Park, Il",42.159,-87.798,51.7,07120003,0,1,100.0
05535500,Wf Of Nb Chicago River At Northbrook Il,42.138,-87.835,30.0,07120003,0,1,100.0
05536000,"North Branch Chicago River At Niles, Il",42.012,-87.796,254.7,07120003,0,1,100.0
05536105,"Nb Chicago River At Albany Avenue At Chicago, Il",41.974,-87.706,289.9,07120003,0,1,100.0
05536118,"Nb Chicago River At Grand Avenue At Chicago, Il",41.892,-87.642,457.5,07120003,5,1,100.0
05536195,"Little Calumet River At Munster, In",41.577,-87.521,254.4,07120003,1,1,100.0
05536215,"Thorn Creek At Glenwood, Il",41.53,-87.622,65.0,07120003,0,1,100.0
05536235,"Deer Creek Near Chicago Heights, Il",41.521,-87.59,59.4,07120003,0,1,100.0
05536255,"Butterfield Creek At Flossmoor, Il",41.54,-87.649,60.3,07120003,0,1,100.0
05536270,"North Creek Near Lansing, Il",41.546,-87.558,45.7,07120003,0,1,100.0
05536275,"Thorn Creek At Thornton, Il",41.568,-87.608,268.3,07120003,1,1,100.0
05536290,"Little Calumet River At South Holland, Il",41.607,-87.598,558.3,07120003,0,1,100.0
05536340,"Midlothian Creek At Oak Forest, Il",41.614,-87.729,33.0,07120003,1,1,100.0
05536500,"Tinley Creek Near Palos Park, Il",41.647,-87.766,29.1,07120003,0,1,100.0
05537500,"Long Run Near Lemont, Il",41.643,-87.999,54.6,07120004,0,1,100.0
05539000,"Hickory Creek At Joliet, Il",41.515,-88.073,278.9,07120004,4,1,100.0
05539900,"West Branch Du Page River Near West Chicago, Il",41.911,-88.179,71.9,07120004,0,1,100.0
05540060,"Kress Creek At West Chicago, Il",41.856,-88.204,48.6,07120004,0,1,100.0
05540091,"Spring Bk At Forest Preserve Nr Warrenville, Il",41.835,-88.183,20.5,07120004,1,1,100.0
05540095,"West Branch Du Page River Near Warrenville, Il",41.823,-88.173,237.1,07120004,0,1,100.0
05540130,"West Branch Du Page River Near Naperville, Il",41.721,-88.132,319.5,07120004,2,1,100.0
05540160,"East Branch Du Page River Near Downers Grove, Il",41.832,-88.048,70.6,07120004,0,1,100.0
05540195,"St. Joseph Creek At Route 34 At Lisle, Il",41.802,-88.069,29.1,07120004,0,1,100.0
05540250,"East Branch Du Page River At Bolingbrook, Il",41.718,-88.071,194.9,07120004,3,1,100.0
05540275,"Spring Brook At 87Th Street Near Naperville, Il",41.726,-88.164,24.7,07120004,1,1,100.0
05540500,"Du Page River At Shorewood, Il",41.522,-88.193,838.9,07120004,3,1,100.0
05541710,"Aux Sable Creek Near Morris, Il",41.417,-88.348,445.1,07120005,0,1,100.0
05543830,"Fox River At Waukesha, Wi",43.005,-88.244,328.5,07120006,1,1,100.0
05544200,"Mukwonago River At Mukwonago, Wi",42.857,-88.328,191.2,07120006,0,1,100.0
05548280,"Nippersink Creek Near Spring Grove, Il",42.443,-88.248,498.2,07120006,0,1,100.0
05549000,"Boone Creek Near Mc Henry, Il",42.321,-88.313,40.1,07120006,0,1,100.0
05550300,"Tyler Creek At Elgin, Il",42.058,-88.304,101.1,07120006,0,1,100.0
05550500,"Poplar Creek At Elgin, Il",42.026,-88.256,94.1,07120006,0,1,100.0
05551200,"Ferson Creek Near St. Charles, Il",41.933,-88.341,134.0,07120007,0,1,100.0
05551330,"Mill Creek Near Batavia, Il",41.846,-88.349,72.5,07120007,0,1,100.0
05551675,"Blackberry Creek Near Montgomery, Il",41.741,-88.383,147.5,07120007,1,1,100.0
05551700,"Blackberry Creek Near Yorkville, Il",41.672,-88.441,182.2,07120007,0,1,100.0
05556500,"Big Bureau Creek At Princeton, Il",41.366,-89.498,505.1,07130001,2,1,100.0
05558500,"Crow Creek (West) Near Henry, Il",41.15,-89.417,143.9,07130001,0,1,100.0
05559000,"Gimlet Creek At Sparland, Il",41.026,-89.439,14.3,07130001,0,1,100.0
05559500,"Crow Creek Near Washburn, Il",40.954,-89.308,294.7,07130001,0,1,100.0
05560500,"Farm Creek At Farmdale, Il",40.668,-89.504,71.2,07130001,2,1,100.0
05561000,"Ackerman Creek At Farmdale, Il",40.662,-89.504,28.9,07130001,0,1,100.0
05561500,"Fondulac Creek Near East Peoria, Il",40.677,-89.531,14.4,07130001,0,1,100.0
05562000,"Farm Creek At East Peoria, Il",40.668,-89.578,158.4,07130001,0,1,100.0
05563500,"Kickapoo Creek At Peoria, Il",40.681,-89.655,768.7,07130003,1,1,100.0
05564400,"Money Creek Near Towanda, Il",40.605,-88.899,123.4,07130004,0,1,100.0
05566500,"East Branch Panther Creek At El Paso, Il",40.756,-89.006,77.3,07130004,0,1,100.0
05568800,"Indian Creek Near Wyoming, Il",41.018,-89.835,163.7,07130005,0,1,100.0
05570360,"Evelyn Branch Near Bryant, Il",40.488,-90.102,13.7,07130005,0,1,100.0
05570370,"Big Creek Near Bryant, Il",40.459,-90.133,106.4,07130005,2,1,100.0
05570910,"Sangamon River At Fisher, Il",40.311,-88.322,561.0,07130006,1,1,100.0
05571000,"Sangamon River At Mahomet, Il",40.192,-88.4,944.0,07130006,2,1,100.0
05574000,"South Fork Sangamon River Near Nokomis, Il",39.353,-89.251,27.9,07130007,0,1,100.0
05574500,"Flat Branch Near Taylorville, Il",39.553,-89.254,718.2,07130007,4,1,96.39
05577500,"Spring Creek At Springfield, Il",39.815,-89.699,270.2,07130008,1,1,100.0
05578500,"Salt Creek Near Rowell, Il",40.115,-89.049,862.6,07130009,1,1,100.0
05579500,"Lake Fork Near Cornland, Il",39.951,-89.384,552.1,07130009,0,1,50.0
05579725,"Little Kickapoo Creek Near Heyworth, Il",40.365,-88.964,64.5,07130009,0,1,100.0
05580000,"Kickapoo Creek At Waynesville, Il",40.255,-89.129,591.5,07130009,0,1,100.0
05580500,"Kickapoo Creek Near Lincoln, Il",40.192,-89.361,798.5,07130009,0,1,100.0
05580950,"Sugar Creek Near Bloomington, Il",40.471,-89.03,88.1,07130009,4,1,100.0
05581500,"Sugar Creek Near Hartsburg, Il",40.222,-89.403,861.5,07130009,2,1,100.0
05582500,"Crane Creek Near Easton, Il",40.246,-89.861,71.5,07130008,1,1,100.0
05584400,"Drowning Fork At Bushnell, Il",40.563,-90.523,69.4,07130010,1,1,100.0
05586000,"N Fk Mauvaise Terre Cr Nr Jacksonville, Il",39.761,-90.129,79.0,07130011,0,1,100.0
05586500,"Hurricane Creek Near Roodhouse, Il",39.489,-90.417,5.7,07130011,0,1,100.0
05586800,"Otter Creek Near Palmyra, Il",39.379,-89.948,158.3,07130012,0,1,100.0
05587480,"Piasa Creek Near Melville, Il",38.958,-90.272,265.8,07110009,0,1,77.78
05587900,"Cahokia Creek At Edwardsville, Il",38.824,-89.975,546.3,07140101,1,1,96.55
05588000,"Indian Creek At Wanda, Il",38.842,-90.033,97.5,07140101,0,1,42.86
05588720,"Judys Branch At Rte 157 At Glen Carbon, Il",38.741,-90.002,21.9,07140101,0,1,100.0
05589500,"Canteen Creek At Caseyville, Il",38.643,-90.017,58.7,07140101,0,1,100.0
05590800,"Lake Fork At Atwood, Il",39.806,-88.476,389.8,07140201,0,1,100.0
05590950,"Kaskaskia River At Chesterville, Il",39.703,-88.386,932.3,07140201,5,1,100.0
05591500,"Asa Creek At Sullivan, Il",39.62,-88.605,20.5,07140201,0,1,100.0
05591550,"Whitley Creek Near Allenville, Il",39.507,-88.528,96.2,07140201,0,1,100.0
05591700,"West Okaw River Near Lovington, Il",39.731,-88.662,297.2,07140201,0,1,100.0
05592050,"Robinson Creek Near Shelbyville, Il",39.406,-88.896,254.1,07140201,2,1,100.0
05592300,"Wolf Creek Near Beecher City, Il",39.158,-88.806,125.1,07140202,2,1,100.0
05592575,"Hickory Creek Near Brownstown, Il",38.937,-88.953,115.3,07140202,0,1,100.0
05592800,"Hurricane Creek Near Mulberry Grove, Il",38.923,-89.237,394.2,07140202,0,1,99.25
05592900,"East Fork Kaskaskia River Near Sandoval, Il",38.689,-89.1,292.2,07140202,0,1,100.0
05593520,"Crooked Creek Near Hoffman, Il",38.507,-89.273,662.3,07140202,1,1,99.74
05593575,"Little Crooked Creek Near New Minden, Il",38.442,-89.417,217.7,07140202,0,1,100.0
05593600,"Blue Grass Creek Near Raymond, Il",39.269,-89.534,48.9,07140203,0,1,100.0
05593900,"East Fork Shoal Creek Near Coffeen, Il",39.149,-89.352,145.4,07140203,0,1,100.0
05594450,"Silver Creek Near Troy, Il",38.717,-89.829,399.9,07140204,0,1,96.93
05595200,"Richland Creek Near Hecker, Il",38.324,-89.971,332.9,07140204,1,1,100.0
05595500,"Marys River Near Sparta, Il",38.108,-89.649,46.1,07140105,0,1,100.0
05595730,"Rayse Creek Near Waltonville, Il",38.254,-89.04,236.8,07140106,1,1,88.46
05595800,"Sevenmile Creek Near Mt. Vernon, Il",38.319,-88.847,56.0,07140106,0,1,100.0
05595820,"Casey Fork At Mount Vernon, Il",38.287,-88.872,198.1,07140106,0,1,100.0
05597500,"Crab Orchard Creek Near Marion, Il",37.731,-88.889,82.3,07140106,0,1,97.89
05599000,"Beaucoup Creek Near Matthews, Il",37.968,-89.352,746.3,07140106,3,1,100.0
05600000,"Big Creek Near Wetaug, Il",37.316,-89.131,84.2,07140108,0,1,61.11
06006000,"Red Rock Cr Ab Lakes, Nr Lakeview, Mt",44.615,-111.629,98.6,10020001,0,1,57.85
06013500,Big Sheep Cr Bl Muddy Cr Nr Dell Mt,44.655,-112.779,721.9,10020001,0,1,59.74
06026000,Birch Creek Near Glen Mt,45.379,-112.798,92.9,10020004,0,1,0.0
06033000,"Boulder River Near Boulder, Mt",46.211,-112.092,990.9,10020006,0,1,1.84
06035000,Willow Creek Near Harrison Mt,45.723,-111.741,223.9,10020005,0,1,0.0
06036805,"Firehole River At Old Faithful, Ynp",44.46,-110.822,103.1,10020007,0,1,0.0
06036905,Firehole River Near West Yellowstone Mt,44.62,-110.863,676.9,10020007,0,1,0.0
06037100,"Gibbon River At Madison Jct, Ynp",44.64,-110.861,322.8,10020007,0,1,0.0
06048500,Bridger Creek Near Bozeman Mt,45.705,-110.962,161.6,10020008,0,1,4.95
06048700,East Gallatin R Bl Bridger C Nr Bozeman Mt,45.725,-111.07,585.1,10020008,0,1,0.0
06050000,Hyalite C At Hyalite R S Nr Bozeman Mt,45.562,-111.071,125.6,10020008,0,1,0.0
06061500,Prickly Pear Creek Near Clancy Mt,46.519,-111.947,497.2,10030101,0,1,11.71
06062500,Tenmile Creek Near Rimini Mt,46.524,-112.257,85.4,10030101,0,1,12.04
06073500,Dearborn River Near Craig Mt,47.199,-112.096,834.6,10030102,0,1,98.57
06078500,North Fork Sun River Near Augusta Mt,47.641,-112.86,670.0,10030104,0,1,94.2
06079000,South Fork Sun River Near Augusta Mt,47.629,-112.861,651.1,10030104,0,1,94.89
06088300,Muddy Creek Near Vaughn Mt,47.625,-111.636,573.9,10030104,0,1,100.0
06088500,Muddy Creek At Vaughn Mt,47.561,-111.538,976.8,10030104,0,1,100.0
06090500,Belt Creek Near Monarch Mt,47.207,-110.927,918.8,10030105,0,1,100.0
06091700,Two Medicine River Bl South Fork Nr Browning Mt,48.427,-112.99,643.4,10030201,0,1,28.07
06092000,Two Medicine River Near Browning Mt,48.472,-112.805,831.0,10030201,0,1,0.0
06092500,Badger Creek Near Browning Mt,48.346,-112.842,342.0,10030201,0,1,64.0
06093200,Badger Cr Bl Four Horns Canal Nr Browning Mt,48.37,-112.803,396.8,10030201,0,1,0.0
06098500,Cut Bank Creek Near Browning Mt,48.617,-113.036,320.6,10030202,0,1,5.96
06102500,Teton River Bl South Fork Nr Choteau Mt,47.883,-112.612,286.7,10030205,0,1,100.0
06109800,South Fork Judith River Near Utica Mt,46.754,-110.323,129.7,10040103,0,1,100.0
06110000,Judith River Near Utica Mt,46.892,-110.232,807.8,10040103,0,1,92.63
06115500,North Fork Musselshell River Nr Delpine Mt,46.61,-110.576,97.5,10040201,0,1,53.72
06118500,South Fork Musselshell R Ab Martinsdale Mt,46.453,-110.382,704.5,10040201,0,1,4.41
06131200,Nelson Creek Near Van Norman Mt,47.536,-106.154,283.1,10040104,0,1,100.0
06132200,South Fork Milk River Near Babb Mt,48.754,-113.168,180.7,10050001,0,1,0.98
06133500,N F Milk River Ab St. Mary Canal Nr Browning Mt,48.971,-113.057,157.3,10050001,0,1,0.0
06137400,Big Sandy Cr At Res Bndry Nr Rocky Boy Mt,48.172,-109.826,63.5,10050005,0,1,65.79
06137570,"Boxelder Creek Near Rocky Boy, Mt",48.302,-109.844,125.3,10050005,0,1,0.0
06142400,Clear Creek Near Chinook Mt,48.579,-109.391,348.6,10050004,0,1,1.57
06154400,Peoples Creek Near Hays Mt,48.224,-108.714,580.8,10050009,0,1,0.0
06154410,"Little Peoples Creek Near Hays, Mt",47.966,-108.661,33.4,10050009,0,1,100.0
06183750,Lake Creek Near Dagmar Mt,48.564,-104.178,250.5,10060006,0,1,0.0
06183800,Cottonwood Creek Near Dagmar Mt,48.51,-104.174,326.5,10060006,0,1,0.0
06183850,Sand Creek Near Dagmar Mt,48.494,-104.274,310.0,10060006,0,1,0.0
06187915,Soda Butte Cr At Park Bndry At Silver Gate,45.003,-110.002,73.1,10070001,0,1,0.0
06187950,Soda Butte Cr Nr Lamar Ranger Station Ynp,44.868,-110.165,261.2,10070001,0,1,0.0
06190540,"Boiling River At Mammoth,Ynp",44.985,-110.689,511.6,10070001,0,1,0.47
06191000,"Gardner River Near Mammoth, Ynp",44.992,-110.691,513.9,10070001,0,1,0.0
06197500,Boulder River Near Contact Mt,45.555,-110.201,583.0,10070002,0,1,11.81
06200500,Sweet Grass Creek Above Melville Mt,46.154,-110.088,170.7,10070002,0,1,0.0
06204050,West Rosebud Creek Near Roscoe Mt,45.243,-109.731,137.4,10070005,0,1,47.25
06204070,W Rosebud Cr At Emerald Lk Campground Nr Roscoe,45.254,-109.7,172.0,10070005,0,1,47.06
06206500,"Sunlight Creek Near Painter, Wy",44.75,-109.506,354.4,10070006,0,1,1.42
06209500,Rock Creek Near Red Lodge Mt,45.086,-109.33,272.7,10070006,0,1,70.06
06211000,Red Lodge Cr Ab Cooney Re Nr Boyd Mt,45.438,-109.254,367.5,10070006,0,1,24.42
06211500,Willow Creek Near Boyd Mt,45.422,-109.23,127.6,10070006,0,1,100.0
06212500,Red Lodge Cr Bl Cooney Reservoir Nr Boyd Mt,45.45,-109.186,530.4,10070006,0,1,21.92
06216000,Pryor Creek At Pryor Mt,45.435,-108.534,305.0,10070008,0,1,98.9
06218500,"Wind River Near Dubois, Wy",43.579,-109.76,596.9,10080001,0,1,57.26
06221400,"Dinwoody Creek Above Lakes, Near Burris, Wy",43.346,-109.41,227.9,10080001,0,1,83.04
06222700,"Crow Creek Near Tipperary, Wy",43.577,-109.262,78.5,10080001,0,1,0.0
06224000,"Bull Lake Creek Above Bull Lake, Wy",43.177,-109.203,484.9,10080001,0,1,74.27
06225000,"Bull Lake Creek Near Lenore, Wy",43.242,-109.023,548.2,10080001,0,1,47.02
06228350,"Sf L Wind Riv Ab Washakie Res, Nr Ft Washakie, Wy",42.968,-109.038,230.9,10080002,0,1,73.56
06233000,"Little Popo Agie River Near Lander, Wy",42.717,-108.643,323.2,10080003,0,1,100.0
06244500,"Fivemile Creek Ab Wyoming Canal, Nr Pavillion, Wy",43.301,-108.703,360.1,10080005,0,1,100.0
06257500,"Muddy Creek Near Pavillion, Wy",43.363,-108.603,691.5,10080005,0,1,89.77
06258000,"Muddy Creek Near Shoshoni, Wy",43.286,-108.276,778.5,10080005,0,1,92.86
06260000,"South Fork Owl Creek Near Anchor, Wy",43.667,-108.855,224.1,10080007,0,1,82.18
06260400,"South Fork Owl Creek Below Anchor Reservoir, Wy",43.666,-108.793,340.2,10080007,0,1,25.0
06265337,Cottonwood C At High Island Rnch Nr Hamilton Dome,43.763,-108.677,211.1,10080007,0,1,0.0
06265800,"Gooseberry Creek At Dickie, Wy",44.0,-108.758,248.6,10080007,0,1,0.0
06267400,"East Fork Nowater Creek Near Colter, Wy",43.915,-107.93,395.3,10080007,0,1,57.96
06271000,"Tensleep Creek Near Ten Sleep, Wy",44.058,-107.388,642.6,10080008,0,1,51.45
06273000,"Medicine Lodge Creek Near Hyattville, Wy",44.294,-107.54,221.4,10080008,0,1,68.52
06274500,"Greybull River Near Pitchfork, Wy",44.109,-109.161,725.3,10080009,0,1,83.19
06275000,"Wood River At Sunshine, Wy",44.039,-108.975,505.4,10080009,0,1,41.08
06278300,"Shell Creek Above Shell Reservoir, Wy",44.508,-107.404,58.9,10080010,0,1,100.0
06278500,"Shell Creek Near Shell, Wy",44.565,-107.713,372.1,10080010,0,1,0.0
06280300,"South Fork Shoshone River Near Valley, Wy",44.208,-109.555,794.0,10080013,0,1,50.86
06284500,"Bitter Creek Near Garland, Wy",44.754,-108.592,184.6,10080014,0,1,0.0
06284800,"Whistle Creek Near Garland, Wy",44.722,-108.58,247.5,10080014,0,1,10.79
06285400,"Sage Creek At Sidon Canal, Near Deaver, Wy",44.886,-108.551,868.8,10080014,0,1,36.01
06289000,Little Bighorn River At State Line Nr Wyola Mt,45.007,-107.615,471.3,10080016,0,1,23.77
06289600,"West Pass Creek Near Parkman, Wy",44.988,-107.483,41.8,10080016,0,1,61.54
06289820,"East Pass Creek Near Dayton, Wy",44.991,-107.423,58.8,10080016,0,1,72.97
06290000,Pass Creek Near Wyola Mt,45.056,-107.356,291.4,10080016,0,1,100.0
06291500,"Lodge Grass Cr Ab Willow Cr Diversion, Nr Wyola Mt",45.126,-107.601,218.0,10080016,0,1,100.0
06295113,Rosebud C At Reservation Bndry Nr Kirby Mt,45.361,-106.99,319.8,10100003,0,1,100.0
06297000,"South Tongue River Near Dayton, Wy",44.784,-107.47,214.3,10090101,0,1,16.67
06298000,"Tongue River Near Dayton, Wy",44.849,-107.305,533.6,10090101,0,1,38.95
06298500,"Little Tongue River Near Dayton, Wy",44.811,-107.285,63.5,10090101,0,1,89.19
06299500,"Wolf Creek At Wolf, Wy",44.772,-107.234,97.5,10090101,0,1,75.7
06300500,"East Fork Big Goose Creek Near Big Horn, Wy",44.538,-107.226,50.9,10090101,0,1,100.0
06301480,"Coney Creek Above Twin Lakes, Near Big Horn, Wy",44.601,-107.318,9.1,10090101,0,1,100.0
06302000,"Big Goose Creek Near Sheridan, Wy",44.702,-107.181,320.0,10090101,0,1,20.0
06303500,"Little Goose Creek In Canyon, Near Big Horn, Wy",44.596,-107.04,134.3,10090101,0,1,0.0
06306200,"Prairie Dog Cr At Wakeley Siding, Nr Sheridan, Wy",44.842,-106.881,226.7,10090101,0,1,0.0
06306250,"Prairie Dog Creek Near Acme, Wy",44.984,-106.84,933.7,10090101,0,1,0.0
06309200,"Middle Fork Powder River Near Barnum, Wy",43.578,-107.138,117.5,10090201,0,1,86.96
06311000,"North Fork Powder River Near Hazelton, Wy",44.028,-107.081,61.2,10090201,0,1,0.0
06311400,"Nf Powder River Below Pass Creek, Nr Mayoworth, Wy",43.911,-106.889,251.3,10090201,0,1,58.33
06311500,"North Fork Powder River Near Mayoworth, Wy",43.897,-106.878,267.1,10090201,0,1,0.0
06314500,"N F Crazy Woman Cr Bl Spring Draw, Nr Buffalo, Wy",44.194,-106.78,121.1,10090205,0,1,23.21
06315500,"Middle Fork Crazy Woman Creek Near Greub, Wy",44.058,-106.803,211.9,10090205,0,1,55.97
06317020,"Wild Horse Creek Near Arvada, Wy",44.632,-106.032,647.6,10090202,0,1,0.0
06318500,"Clear Creek Near Buffalo, Wy",44.333,-106.777,312.8,10090206,0,1,40.73
06320000,"Rock Creek Near Buffalo, Wy",44.456,-106.879,163.1,10090206,0,1,40.83
06320500,"South Piney Creek At Willow Park, Wy",44.466,-107.035,87.9,10090206,0,1,100.0
06321000,"South Piney Creek Near Story, Wy",44.557,-106.937,181.2,10090206,0,1,84.32
06321500,"North Piney Creek Near Story, Wy",44.581,-106.933,91.1,10090206,0,1,55.81
06323000,"Piney Creek At Kearny, Wy",44.536,-106.822,302.6,10090206,0,1,58.22
06323500,"Piney Creek At Ucross, Wy",44.562,-106.541,720.6,10090206,0,1,29.21
06329200,Burns Creek Near Savage Mt,47.372,-104.43,604.8,10100004,0,1,0.0
06329597,"Charbonneau Creek Nr Charbonneau, Nd",47.851,-103.794,393.2,10100004,0,1,0.0
06332515,"Bear Den Creek Near Mandaree, Nd",47.787,-102.769,191.5,10110101,0,1,0.0
06332770,"Deepwater Creek At Mouth Near Raub, Nd",47.738,-102.108,591.4,10110101,0,1,24.67
06336500,Beaver Creek At Wibaux Mt,46.99,-104.184,979.8,10110204,0,1,0.0
06339100,"Knife River At Manning, Nd",47.236,-102.77,529.1,10130201,0,1,0.0
06341400,"Turtle Creek Nr Turtle Lake, Nd",47.458,-100.921,794.2,10130101,0,1,100.0
06342260,"Square Butte Creek Below Center, Nd",47.057,-101.193,383.0,10130101,0,1,95.6
06342450,"Burnt Creek Near Bismarck, Nd",46.915,-100.814,285.7,10130101,0,1,78.88
06343000,"Heart River Near South Heart, Nd",46.866,-102.949,805.7,10130202,0,1,0.0
06344600,"Green River Near New Hradec, Nd",47.028,-103.053,402.5,10130202,0,1,0.0
06345000,"Green River Nr Gladstone, Nd",46.894,-102.624,938.6,10130202,0,1,6.8
06347000,"Antelope Creek Near Carson, Nd",46.545,-101.645,617.2,10130203,0,1,100.0
06348500,"Sweetbriar Creek Near Judson, Nd",46.851,-101.253,405.5,10130203,0,1,100.0
06349580,"Hay Creek At 43Rd Avenue Nr Bismarck, Nd",46.853,-100.759,59.0,10130103,0,1,0.0
06349590,"Hay Creek At Divide Avenue In Bismarck, Nd",46.823,-100.737,82.1,10130103,0,1,36.9
06349600,"Hay Creek At Main Avenue At Bismarck, Nd",46.807,-100.733,84.9,10130103,0,1,30.63
06354882,"Oak Cr Near Wakpala,Sd",45.712,-100.559,917.9,10130102,0,1,0.0
06356000,South Fork Grand R At Buffalo Sd,45.576,-103.544,367.5,10130302,0,1,0.0
06392900,"Beaver Creek At Mallo Camp, Near Four Corners, Wy",44.085,-104.06,26.4,10120107,0,1,0.0
06392950,"Stockade Beaver Creek Near Newcastle, Wy",43.859,-104.107,293.7,10120107,0,1,0.0
06400875,"Horsehead Creek At Oelrichs, Sd",43.188,-103.227,486.0,10120106,0,1,100.0
06402000,"Fall River At Hot Springs, Sd",43.431,-103.476,353.3,10120109,0,1,100.0
06402430,"Beaver Creek Near Pringle, Sd",43.581,-103.477,118.3,10120109,0,1,10.15
06402500,"Beaver Creek Near Buffalo Gap, Sd",43.467,-103.306,328.4,10120109,0,1,100.0
06403300,"French Creek Above Fairburn, Sd",43.717,-103.368,271.5,10120109,0,1,93.86
06404000,"Battle Creek Near Keystone, Sd",43.872,-103.337,151.8,10120109,0,1,100.0
06404998,"Grace Coolidge Creek Nr Game Lodge Nr Custer, Sd",43.761,-103.364,69.8,10120109,0,1,100.0
06406000,"Battle Creek At Hermosa, Sd",43.828,-103.196,436.3,10120109,1,1,100.0
06406500,"Battle Creek Below Hermosa, Sd",43.725,-102.906,733.5,10120109,0,1,99.5
06407500,"Spring Creek Near Keystone, Sd",43.979,-103.347,420.1,10120109,0,1,100.0
06408500,"Spring Cr Near Hermosa,Sd",43.942,-103.159,531.1,10120109,0,1,100.0
06408700,"Rhoads Fork Near Rochford, Sd",44.137,-103.859,20.8,10120110,0,1,100.0
06409000,"Castle Cr Above Deerfield Res Near Hill City, Sd",44.014,-103.83,205.3,10120110,0,1,88.0
06410000,"Castle Creek Below Deerfield Dam, Sd",44.029,-103.782,239.1,10120110,0,1,95.29
06410500,"Rapid Creek Above Pactola Res At Silver City, Sd",44.085,-103.58,762.5,10120110,0,1,98.58
06411500,"Rapid Creek Below Pactola Dam, Sd",44.077,-103.482,836.3,10120110,0,1,98.77
06412500,"Rapid Creek Above Canyon Lake Near Rapid City, Sd",44.053,-103.312,973.4,10120110,0,1,100.0
06422500,"Boxelder Creek Near Nemo, Sd",44.144,-103.455,243.9,10120111,0,1,100.0
06423010,"Boxelder Creek Near Rapid City, Sd",44.132,-103.299,328.9,10120111,0,1,100.0
06424000,"Elk Cr Near Roubaix,Sd",44.295,-103.597,56.5,10120111,0,1,100.0
06425100,"Elk Creek Near Rapid City, Sd",44.24,-103.151,545.7,10120111,0,1,97.64
06426130,"Donkey Creek Near Gillette, Wy",44.267,-105.439,165.0,10120201,0,1,0.0
06426160,"Stonepile Creek At Mouth, Near Gillette, Wy",44.268,-105.439,38.0,10120201,0,1,0.0
06429500,"Cold Springs Creek At Buckhorn, Wy",44.154,-104.078,57.8,10120203,0,1,0.0
06429905,"Sand Creek Near Ranch A, Near Beulah, Wy",44.52,-104.084,698.2,10120203,0,1,31.43
06430532,"Crow Creek Near Beulah, Wy",44.571,-104.006,105.6,10120203,0,1,100.0
06430770,"Spearfish Creek Near Lead, Sd",44.299,-103.869,173.3,10120203,0,1,0.0
06430800,"Annie Creek Near Lead, Sd",44.327,-103.894,9.3,10120203,0,1,72.53
06430850,"Little Spearfish Creek Near Lead, Sd",44.349,-103.936,71.8,10120203,0,1,0.0
06430900,"Spearfish Creek Above Spearfish, Sd",44.402,-103.895,370.7,10120203,0,1,45.24
06431500,"Spearfish Creek At Spearfish, Sd",44.482,-103.862,427.1,10120203,0,1,70.0
06433500,Hay Cr At Belle Fourche Sd,44.667,-103.847,318.1,10120203,0,1,100.0
06436165,"Deadwood Creek At Central City, Sd",44.369,-103.766,12.5,10120202,0,1,64.29
06436180,"Whitewood Creek Above Whitewood, Sd",44.442,-103.629,146.6,10120202,0,1,66.67
06436190,"Whitewood Creek Near Whitewood, Sd",44.542,-103.572,200.1,10120202,0,1,61.31
06436198,"Whitewood Creek Above Vale, Sd",44.618,-103.482,263.7,10120202,0,1,69.28
06436700,Indian Cr Near Arpan Sd,44.814,-103.69,810.4,10120202,0,1,66.21
06437020,"Bear Butte Creek Near Deadwood, Sd",44.336,-103.635,40.8,10120202,0,1,100.0
06437500,Bear Butte Cr Near Sturgis Sd,44.481,-103.276,468.1,10120202,0,1,88.61
06440200,"South Fork Bad River Near Cottonwood, Sd",43.969,-101.767,649.2,10140102,0,1,100.0
06444000,"White River At Crawford, Nebr.",42.687,-103.418,667.8,10140201,0,1,0.0
06445980,White Clay Cr Near Oglala Sd,43.146,-102.683,973.8,10140201,1,1,87.25
06447230,"Black Pipe Creek Near Belvidere, Sd",43.755,-101.228,709.6,10140202,0,1,0.0
06447500,"Little White River Near Martin, Sd",43.167,-101.63,826.6,10140203,0,1,58.91
06448000,"Lake Cr Above Refuge Near Tuthill,Sd",43.087,-101.603,141.0,10140203,0,1,0.0
06449000,"Lake Creek Below Refuge Near Tuthill, Sd",43.147,-101.515,373.8,10140203,0,1,1.17
06449400,Rosebud Cr At Rosebud Sd,43.237,-100.858,127.2,10140203,0,1,0.0
06461000,"Minnechaduza Creek At Valentine, Nebr.",42.885,-100.552,993.6,10150004,0,1,96.24
06466400,"Bazile Creek At Center, Nebr.",42.616,-97.878,816.5,10170101,0,1,0.0
06467600,"James River Near Manfred, Nd",47.644,-99.828,599.4,10160001,0,1,100.0
06471800,"Foot Creek Near Aberdeen, Sd",45.519,-98.577,443.9,10160003,0,1,100.0
06473750,Wolf Cr Near Ree Heights Sd,44.607,-99.232,864.8,10160009,0,1,100.0
06474300,Medicine Cr Near Zell Sd,44.764,-98.704,516.5,10160009,1,1,100.0
06476500,Sand Cr Near Alpena Sd,44.154,-98.435,670.4,10160006,0,1,82.08
06478540,"Little Vermillion R Near Salem,Sd",43.794,-97.368,200.1,10170102,0,1,100.0
06478690,"West Fork Vermillion River Near Parker, Sd",43.415,-97.205,949.6,10170102,3,1,100.0
06479215,"Big Sioux River Near Florence, Sd",45.181,-97.186,175.3,10170201,0,1,100.0
06479438,"Big Sioux River Near Watertown, Sd",45.006,-97.165,951.9,10170201,1,1,100.0
06481480,"Skunk Creek Near Chester, Sd",43.848,-96.836,679.2,10170203,0,1,100.0
06484000,"Dry Creek At Hawarden, Ia",42.996,-96.471,126.9,10170203,1,1,100.0
06600000,"Perry Creek At 38Th Street At Sioux City, Ia",42.535,-96.411,168.1,10230001,0,1,100.0
06600100,"Floyd River At Alton, Ia",42.982,-96.001,702.4,10230002,4,1,100.0
06600300,"West Branch Floyd River Near Struble, Ia",42.924,-96.177,466.7,10230002,2,1,100.0
06600900,"South Omaha Creek At Walthill, Nebr.",42.148,-96.483,132.6,10230001,0,1,100.0
06601000,"Omaha Creek At Homer, Nebr.",42.322,-96.488,450.2,10230001,0,1,100.0
06608000,"Tekamah Creek At Tekamah, Nebr.",41.776,-96.22,59.7,10230001,0,1,100.0
06610500,"Indian Creek At Council Bluffs, Ia",41.292,-95.833,17.9,10230006,1,1,100.0
06610732,"Big Papillion Creek At Fort Street At Omaha, Nebr.",41.307,-96.104,334.5,10230006,2,1,100.0
06610750,"Little Papillion Creek At Irvington, Nebr.",41.336,-96.053,46.2,10230006,0,1,100.0
06610792,"Papillion Creek Near Papillion, Nebr.",41.176,-96.084,280.3,10230006,5,1,100.0
06610795,"Papillion Creek At Fort Crook, Nebr.",41.118,-95.938,994.6,10230006,13,1,100.0
06614800,"Michigan River Near Cameron Pass, Co",40.496,-105.865,4.0,10180001,0,1,0.0
06616000,"North Fork Michigan River Near Gould, Co.",40.549,-106.021,53.2,10180001,0,1,0.0
06621000,"Douglas Creek Near Foxpark, Wy",41.081,-106.308,306.0,10180002,0,1,8.9
06622700,"North Brush Creek Near Saratoga, Wy",41.37,-106.521,98.7,10180002,0,1,0.0
06622900,"South Brush Creek Near Saratoga, Wy",41.344,-106.526,61.4,10180002,0,1,0.0
06623800,"Encampment River Ab Hog Park Cr, Nr Encampment, Wy",41.024,-106.825,187.7,10180002,0,1,0.0
06625000,"Encampment River At Mouth, Near Encampment, Wy",41.303,-106.715,678.3,10180002,0,1,1.34
06627800,"Jack Creek Above Coyote Draw, Near Saratoga, Wy",41.439,-106.972,281.9,10180002,0,1,0.0
06628900,"Pass Creek Near Elk Mountain, Wy",41.586,-106.611,230.9,10180002,0,1,0.0
06632400,"Rock Creek Ab King Canyon Canal, Nr Arlington, Wy",41.585,-106.223,163.0,10180004,0,1,0.0
06637750,"Rock Creek Above Upper Rock Creek Reservoir, Wy",42.55,-108.775,23.5,10180006,0,1,100.0
06646600,"Deer Creek Below Millar Wasteway, At Glenrock, Wy",42.864,-105.866,551.5,10180007,0,1,0.0
06647500,"Box Elder Creek At Boxelder, Wy",42.612,-105.86,167.5,10180007,0,1,0.0
06648000,"Box Elder Creek Near Careyhurst, Wy",42.836,-105.674,517.8,10180007,0,1,0.0
06649000,"La Prele Creek Near Douglas, Wy",42.681,-105.631,328.9,10180007,0,1,19.07
06649500,"La Prele Creek Near Orpha, Wy",42.837,-105.491,454.9,10180007,0,1,14.56
06650500,"Wagonhound Creek Near La Bonte, Wy",42.66,-105.37,290.3,10180008,0,1,0.0
06651500,"La Bonte Creek Near La Bonte, Wy",42.65,-105.357,754.3,10180008,0,1,1.47
06653500,"Horseshoe Creek Near Glendo, Wyo.",42.452,-104.97,546.1,10180008,0,1,30.38
06657500,"Laramie River Near Glendevey, Co",40.801,-105.878,256.8,10180010,0,1,37.67
06659580,Sand Creek At Colorado-Wyoming State Line,40.994,-105.76,79.1,10180010,0,1,100.0
06661000,"Little Laramie River Near Filmore, Wy",41.295,-106.035,410.7,10180010,0,1,1.78
06661500,"Little Laramie River At Two Rivers, Wy",41.469,-105.733,857.7,10180010,0,1,0.0
06664400,"Sybille Creek Ab Mule Creek, Near Wheatland, Wy",41.844,-105.221,504.7,10180011,0,1,100.0
06667500,"North Laramie River Near Wheatland, Wy",42.166,-105.207,967.2,10180011,0,1,98.0
06678000,"Sheep Creek Near Morrill, Nebr.",41.97,-103.954,984.9,10180009,0,1,0.0
06681000,"Winters Creek Near Scottsbluff, Nebr.",41.852,-103.626,231.5,10180009,0,1,0.0
06681500,"Gering Drain Near Gering, Nebr.",41.822,-103.618,210.0,10180009,0,1,5.61
06684000,"Red Willow Creek Near Bayard, Nebr.",41.714,-103.253,365.1,10180009,0,1,0.0
06696980,"Tarryall Creek At Upper Station Near Como, Co",39.339,-105.912,61.9,10190001,0,1,0.0
06700500,"Goose Creek Above Cheesman Lake, Co.",39.209,-105.304,239.2,10190002,0,1,55.76
06701620,"Trout Creek Blw Fern Cr Nr Westcreek, Co.",39.167,-105.122,275.1,10190002,0,1,36.14
06706000,"Nf South Platte R Below Geneva C, At Grant, Co.",39.457,-105.659,328.1,10190002,0,1,40.0
06708800,"East Plum Cr Abv Haskins Gulch Nr Castle Rock, Co",39.423,-104.905,303.7,10190002,0,1,80.76
06709000,"Plum Creek Near Sedalia, Co.",39.438,-104.983,711.3,10190002,0,1,100.0
06709500,"Plum Creek Near Louviers, Co.",39.484,-105.002,783.1,10190002,0,1,91.08
06709530,"Plum Creek At Titan Road Near Louviers, Co",39.507,-105.024,819.0,10190002,0,1,91.27
06710150,"Big Dry Creek Below C-470 At Highlands Ranch, Co",39.563,-104.928,29.0,10190002,0,1,100.0
06710385,"Bear Creek Above Evergreen, Co",39.633,-105.337,267.4,10190002,0,1,97.12
06710500,"Bear Creek At Morrison, Co",39.653,-105.196,426.0,10190002,0,1,89.81
06710605,"Bear Creek Above Bear Creek Lake Near Morrison, Co",39.652,-105.174,456.0,10190002,0,1,90.32
06711500,"Bear Creek At Mouth At Sheridan, Co",39.652,-105.033,676.0,10190002,0,1,91.95
06712000,"Cherry Creek Near Franktown, Co.",39.356,-104.763,436.3,10190003,0,1,55.81
06712500,"Cherry Creek Near Melvin, Co",39.605,-104.822,936.7,10190003,0,1,77.73
06714800,"Leavenworth Creek At Mouth Near Georgetown, Co",39.687,-105.7,72.5,10190004,0,1,100.0
06715000,Clear Creek Abv West Fork Clear Creek Nr Empire Co,39.752,-105.662,220.2,10190004,0,1,94.19
06716100,"West Fork Clear Creek Abv Mouth Nr Empire, Co",39.759,-105.66,149.1,10190004,0,1,94.19
06716500,"Clear Creek Near Lawson, Co",39.766,-105.626,379.8,10190004,0,1,94.84
06717400,"Chicago Creek Blw Devils Canyon Nr Idaho Sprgs, Co",39.716,-105.571,113.6,10190004,0,1,80.67
06718550,"North Clear Creek Above Mouth Nr Black Hawk, Co",39.749,-105.4,155.9,10190004,0,1,92.04
06720820,"Big Dry Creek At Westminster, Co",39.906,-105.035,105.4,10190003,1,1,100.0
06720990,"Big Dry Creek At Mouth Near Fort Lupton, Co",40.069,-104.832,272.4,10190003,1,1,100.0
06724000,"St. Vrain Creek At Lyons, Co.",40.218,-105.26,560.3,10190005,0,1,98.56
06725500,"Middle Boulder Creek At Nederland, Co.",39.962,-105.504,94.7,10190005,0,1,100.0
06727000,"Boulder Creek Near Orodell, Co.",40.006,-105.331,265.7,10190005,0,1,100.0
06729500,"South Boulder Creek Near Eldorado Springs, Co.",39.931,-105.296,287.7,10190005,0,1,0.0
06730200,"Boulder Creek At North 75Th St. Near Boulder, Co",40.052,-105.179,799.6,10190005,0,1,100.0
06730300,"Coal Creek Near Plainview, Co.",39.878,-105.277,39.2,10190005,0,1,90.0
06733000,"Big Thompson River At Estes Park, Co.",40.378,-105.514,355.4,10190006,0,1,28.35
06735500,"Big Thompson River Near Estes Park, Co.",40.376,-105.486,419.0,10190006,0,1,30.3
06738000,"Big Thompson River At Mouth Of Canyon Nr Drake, Co",40.422,-105.227,791.4,10190006,12,1,38.42
06746095,"Joe Wright Creek Above Joe Wright Reservoir, Co",40.54,-105.883,8.9,10190007,0,1,0.0
06746110,"Joe Wright Creek Below Joe Wright Reservoir, Co",40.562,-105.864,18.2,10190007,0,1,0.0
06748600,"South Fork Cache La Poudre River Nr Rustic, Co.",40.647,-105.494,239.6,10190007,1,1,100.0
06751150,N Fk Cache La Poudre R Blw Halligan Res Nr Va Dale,40.878,-105.338,917.2,10190007,0,1,100.0
06754500,"Middle Crow Creek Near Hecla, Wy",41.175,-105.252,67.2,10190009,0,1,100.0
06755960,"Crow Creek At 19Th Street, At Cheyenne, Wy",41.131,-104.829,661.0,10190009,4,1,100.0
06768500,"Buffalo Creek Near Darr, Nebr.",40.901,-99.835,167.4,10200101,0,1,98.06
06769000,"Buffalo Creek Near Overton, Nebr.",40.734,-99.506,517.5,10200101,0,1,100.0
06769525,"Elm Creek Near Elm Creek, Nebr.",40.729,-99.398,182.3,10200101,0,1,100.0
06771000,"Wood River Near Riverdale, Nebr.",40.799,-99.197,949.2,10200102,0,1,100.0
06772775,"Warm Slough Near Central City, Nebr.",41.091,-98.078,102.8,10200103,0,1,100.0
06772898,"Silver Creek, At Mile 4 Near Silver Creek, Nebr.",41.297,-97.714,379.6,10200103,0,1,100.0
06784800,"Turkey Creek Near Dannebrog, Ne",41.156,-98.557,162.5,10210003,0,1,100.0
06794650,"Clear Creek 1.75 Mile W Of Polk County Line, Nebr.",41.352,-97.403,278.8,10200103,0,1,100.0
06795500,"Shell Creek Near Columbus, Nebr.",41.526,-97.282,761.7,10200201,2,1,88.2
06798000,"South Fork Elkhorn River Near Ewing, Ne",42.241,-98.398,729.6,10220001,0,1,0.0
06800000,"Maple Creek Near Nickerson, Nebr.",41.56,-96.541,953.9,10220003,1,1,100.0
06803000,"Salt Creek At Roca, Nebr.",40.658,-96.666,433.5,10200203,0,1,100.0
06803080,"Salt Creek At Pioneers Boulevard At Lincoln, Nebr.",40.77,-96.719,571.9,10200203,0,1,100.0
06803093,"Haines Branch At Sw 56Th St At Lincoln, Nebr.",40.766,-96.797,147.2,10200203,0,1,100.0
06803170,"Middle Creek At Sw 63Rd St At Lincoln, Nebr.",40.806,-96.778,246.4,10200203,1,1,100.0
06803486,"Oak Creek At Air Park Road At Lincoln, Nebr.",40.855,-96.779,627.2,10200203,3,1,100.0
06803510,"Little Salt Creek Near Lincoln, Nebr.",40.893,-96.682,113.3,10200203,0,1,100.0
06803520,"Stevens Creek Near Lincoln, Nebr.",40.857,-96.595,123.1,10200203,0,1,100.0
06803530,"Rock Creek Near Ceresco, Nebr.",41.016,-96.544,309.7,10200203,1,1,100.0
06804000,"Wahoo Creek At Ithaca, Nebr.",41.148,-96.538,698.9,10200203,1,1,100.0
06804900,"Johnson Creek Near Memphis, Nebr.",41.146,-96.387,55.2,10200203,0,1,100.0
06806000,"Waubonsie Creek Near Bartlett, Ia",40.885,-95.746,78.5,10240001,0,1,100.0
06806500,"Weeping Water Creek At Union, Nebr.",40.794,-95.911,624.6,10240001,1,1,100.0
06809000,"Davids Creek Near Hamlin, Ia",41.674,-94.806,68.0,10240003,0,1,100.0
06811840,"Tarkio River At Stanton, Ia",40.98,-95.115,128.9,10240005,0,1,100.0
06814000,"Turkey C Nr Seneca, Ks",39.948,-96.109,713.8,10240007,1,1,100.0
06815500,"Muddy Creek At Verdon, Nebr.",40.145,-95.72,482.9,10240008,0,1,0.0
06816000,"Mill Creek At Oregon, Mo",39.982,-95.127,12.8,10240005,0,1,0.0
06818750,"Platte River Near Diagonal, Ia",40.769,-94.405,560.2,10240012,0,1,100.0
06819185,"East Fork 102 River At Bedford, Ia",40.661,-94.717,221.8,10240013,0,1,58.44
06819190,"East Fork 102 River Near Bedford, Ia",40.634,-94.749,239.3,10240013,0,1,0.0
06820000,"White Cloud Creek Near Maryville, Mo",40.389,-94.91,15.6,10240013,0,1,0.0
06821000,"Jenkins Branch At Gower, Mo",39.625,-94.601,7.0,10240012,0,1,100.0
06821080,"Little Platte River Near Plattsburg, Mo",39.568,-94.407,172.5,10240012,0,1,100.0
06821150,"Little Platte River At Smithville, Mo",39.388,-94.579,601.3,10240012,0,1,100.0
06823500,"Buffalo Creek Near Haigler, Nebr.",40.039,-101.867,488.2,10250002,0,1,100.0
06825500,"Landsman Creek Near Hale, Co.",39.576,-102.252,694.7,10250003,0,1,100.0
06836500,"Driftwood Creek Near Mccook, Nebr.",40.146,-100.673,935.0,10250004,0,1,75.89
06840000,"Fox Creek At Curtis, Nebr.",40.635,-100.49,192.5,10250008,0,1,53.1
06841500,"Mitchell Creek Above Harry Strunk Lake, Nebr.",40.472,-100.258,135.2,10250008,0,1,0.0
06844000,"Muddy Creek At Arapahoe, Nebr.",40.306,-99.912,627.9,10250009,0,1,100.0
06851000,"Center Creek At Franklin, Nebr.",40.103,-98.98,457.2,10250016,0,1,100.0
06851500,"Thompson Creek At Riverton, Nebr.",40.089,-98.761,684.9,10250016,0,1,72.53
06852000,"Elm Creek At Amboy, Nebr.",40.089,-98.435,134.5,10250016,0,1,100.0
06853800,"White Rock C Nr Burr Oak, Ks",39.899,-98.25,589.4,10250016,1,1,100.0
06854000,"White Rock C At Lovewell, Ks",39.884,-98.022,895.6,10250016,0,1,100.0
06855800,"Buffalo C Nr Jamestown, Ks",39.615,-97.857,862.2,10250017,0,1,100.0
06863900,"Nf Big C Nr Victoria, Ks",38.887,-99.206,136.0,10260007,0,1,0.0
06869950,"Mulberry C Nr Salina, Ks",38.844,-97.668,671.7,10260010,0,1,63.64
06870300,"Gypsum C Nr Gypsum, Ks",38.653,-97.42,303.6,10260008,0,1,100.0
06871500,"Bow C Nr Stockton, Ks",39.559,-99.286,903.7,10260011,0,1,100.0
06878000,"Chapman C Nr Chapman, Ks",39.031,-97.04,776.4,10260008,0,1,100.0
06878500,"Lyon C Nr Woodbine, Ks",38.885,-96.91,619.2,10260008,0,1,100.0
06879650,"Kings C Nr Manhattan, Ks",39.102,-96.595,11.5,10270101,0,1,100.0
06879900,"Big Blue River At Surprise, Nebr.",41.102,-97.311,903.6,10270201,0,1,100.0
06884200,"Mill C At Washington, Ks",39.814,-97.037,908.4,10270207,0,1,100.0
06888000,"Vermillion C Nr Wamego, Ks",39.348,-96.217,609.7,10270102,0,1,100.0
06888500,"Mill C Nr Paxico, Ks",39.063,-96.15,842.3,10270102,0,1,97.02
06889100,"Soldier C Nr Goff, Ks",39.624,-95.966,5.3,10270102,0,1,100.0
06889120,"Soldier C Nr Bancroft, Ks",39.595,-95.974,27.4,10270102,0,1,100.0
06889140,"Soldier C Nr Soldier, Ks",39.566,-95.963,44.1,10270102,0,1,100.0
06889160,"Soldier C Nr Circleville, Ks",39.463,-95.951,129.0,10270102,0,1,100.0
06889200,"Soldier C Nr Delia, Ks",39.238,-95.889,385.7,10270102,0,1,100.0
06889500,"Soldier C Nr Topeka, Ks",39.099,-95.725,748.6,10270102,0,1,100.0
06891260,"Wakarusa R Nr Richland, Ks",38.892,-95.594,426.1,10270104,0,1,100.0
06891810,"Stranger C Nr Potter, Ks",39.448,-95.162,473.0,10270104,0,1,100.0
06892360,"Kill C At 95Th St Nr Desoto, Ks",38.957,-94.974,124.1,10270104,0,1,100.0
06892495,"Cedar C Nr Desoto, Ks",38.978,-94.923,151.1,10270104,1,1,100.0
06892513,"Mill C At Johnson Drive, Shawnee, Ks",39.029,-94.817,150.5,10270104,2,1,100.0
06893080,"Blue R Nr Stanley, Ks",38.813,-94.676,117.8,10300101,0,1,100.0
06893100,"Blue R At Kenneth Rd, Overland Park, Ks",38.842,-94.612,170.8,10300101,0,1,100.0
06893150,"Blue River At Blue Ridge Blvd Ext In Kc, Mo",38.889,-94.581,241.2,10300101,0,1,100.0
06893300,"Indian C At Overland Park, Ks",38.941,-94.671,68.7,10300101,1,1,100.0
06893390,"Indian C At State Line Rd, Leawood, Ks",38.938,-94.608,167.5,10300101,1,1,100.0
06893400,"Indian Creek At 103Rd St In Kansas City, Mo",38.942,-94.605,168.3,10300101,0,1,100.0
06893500,"Blue River At Kansas City, Mo",38.957,-94.559,477.0,10300101,0,1,100.0
06893557,"Brush Creek At Ward Parkway In Kansas City, Mo",39.033,-94.605,33.9,10300101,1,1,100.0
06893560,"Brush Creek At Kansas City, Mo",39.04,-94.585,40.6,10300101,0,1,100.0
06893562,"Brush Creek At Rockhill Road In Kansas City, Mo",39.039,-94.579,46.8,10300101,0,1,100.0
06893578,"Blue River At Stadium Drive In Kansas City, Mo",39.058,-94.512,659.9,10300101,0,1,100.0
06893620,"Rock Creek At Kentucky Road In Independence, Mo",39.112,-94.472,24.4,10300101,0,1,100.0
06893793,"Little Blue River Below Longview Dam At Kc, Mo",38.926,-94.469,127.9,10300101,0,1,100.0
06893890,"East Fork Little Blue River Near Blue Springs, Mo",39.026,-94.344,89.0,10300101,0,1,100.0
06893910,"Little Blue River At 39Th St. In Independence, Mo",39.047,-94.338,400.6,10300101,0,1,100.0
06893970,"Spring Branch Ck At Holke Rd In Independence, Mo",39.088,-94.344,21.8,10300101,0,1,100.0
06894000,"Little Blue River Near Lake City, Mo",39.101,-94.301,480.4,10300101,0,1,100.0
06894200,"Fishing River Above Mosby, Mo",39.332,-94.337,115.4,10300101,0,1,100.0
06894500,"East Fork Fishing River At Excelsior Springs, Mo",39.339,-94.213,52.3,10300101,0,1,100.0
06895000,"Crooked River Near Richmond, Mo",39.333,-93.98,412.7,10300101,0,1,100.0
06896000,"Wakenda Creek At Carrollton, Mo",39.347,-93.496,643.7,10300101,1,1,100.0
06897000,"East Fork Big Creek Near Bethany, Mo",40.297,-94.026,235.6,10280101,0,1,9.83
06897950,"Elk Creek Near Decatur City, Ia",40.724,-93.938,135.9,10280102,0,1,100.0
06898400,"Weldon River Near Leon, Ia",40.696,-93.635,274.2,10280102,0,1,100.0
06900000,"Medicine Creek Near Galt, Mo",40.13,-93.363,601.1,10280103,0,1,23.44
06900050,"Medicine Creek Near Laredo, Mo",40.027,-93.436,954.2,10280103,0,1,14.48
06903400,"Chariton River Near Chariton, Ia",40.952,-93.26,481.4,10280201,0,1,100.0
06903700,"South Fork Chariton River Near Promise City, Ia",40.801,-93.192,439.4,10280201,0,1,100.0
06906000,"Mussel Fork Near Musselfork, Mo",39.524,-92.95,704.6,10280202,0,1,0.0
06906150,"Long Branch Creek Near Atlanta, Mo",39.897,-92.493,59.4,10280203,0,1,0.0
06906200,"East Fork Little Chariton River Near Macon, Mo",39.751,-92.519,268.9,10280203,0,1,0.0
06906300,"East Fork Little Chariton R. Near Huntsville, Mo",39.455,-92.568,565.0,10280203,0,1,0.0
06907500,"South Fork Blackwater River Near Elm, Mo",38.819,-94.036,43.0,10300104,0,1,100.0
06909500,"Moniteau Creek Near Fayette, Mo",39.121,-92.567,193.9,10300102,0,1,0.0
06910230,"Hinkson Creek At Columbia, Mo",38.928,-92.34,181.9,10300102,0,1,19.84
06910800,"Marais Des Cygnes R Nr Reading, Ks",38.567,-95.962,444.6,10290101,0,1,100.0
06911000,"Marais Des Cygnes R At Melvern, Ks",38.516,-95.692,875.5,10290101,1,1,100.0
06911490,"Salt C At Lyndon, Ks",38.601,-95.685,248.1,10290101,0,1,100.0
06911500,"Salt C Nr Lyndon, Ks",38.609,-95.638,282.2,10290101,0,1,100.0
06911900,"Dragoon C Nr Burlingame, Ks",38.711,-95.836,293.1,10290101,0,1,100.0
06912500,"Hundred And Ten Mile C Nr Quenemo, Ks",38.645,-95.56,836.9,10290101,1,1,100.0
06914000,"Pottawatomie C Nr Garnett, Ks",38.334,-95.249,862.2,10290101,3,1,100.0
06914100,"Pottawatomie C Nr Scipio, Ks",38.349,-95.203,892.0,10290101,0,1,100.0
06914950,"Big Bull C Nr Edgerton, Ks",38.753,-94.977,74.9,10290102,0,1,100.0
06914990,"L Bull C Nr Spring Hill, Ks",38.768,-94.879,20.4,10290102,0,1,100.0
06915000,"Big Bull C Nr Hillsdale, Ks",38.637,-94.892,378.9,10290102,1,1,100.0
06916500,"Big Sugar C At Farlinville, Ks",38.235,-94.854,518.6,10290102,1,1,100.0
06917000,"L Osage R At Fulton, Ks",38.019,-94.714,765.8,10290103,0,1,100.0
06917240,"Marmaton R Nr Uniontown, Ks",37.836,-94.981,213.4,10290104,0,1,51.1
06917380,"Marmaton R Nr Marmaton, Ks",37.818,-94.792,761.0,10290104,0,1,49.43
06917630,East Drywood Creek At Prairie State Park,37.535,-94.558,8.7,10290104,0,1,100.0
06918440,"Sac River Near Dadeville, Mo",37.443,-93.685,671.9,10290106,2,1,98.84
06918460,"Turnback Creek Above Greenfield, Mo",37.402,-93.802,650.7,10290106,3,1,100.0
06918493,"South Fork Dry Sac River Near Springfield, Mo",37.266,-93.249,39.8,10290106,0,1,100.0
06918740,"Little Sac River Near Morrisville, Mo",37.483,-93.486,609.8,10290106,10,1,100.0
06920580,"Weaubleau Creek Near Collins, Mo",38.012,-93.627,333.3,10290105,4,1,100.0
06921070,"Pomme De Terre River Near Polk, Mo",37.683,-93.37,712.6,10290107,20,1,100.0
06921200,"Lindley Creek Near Polk, Mo",37.75,-93.266,323.6,10290107,5,1,100.0
06921590,"South Grand River At Archie, Mo",38.479,-94.335,916.5,10290108,6,1,100.0
06923250,"Niangua River At Windyville, Mo",37.684,-92.924,873.2,10290110,16,1,100.0
06925200,"Starks Creek At Preston, Mo",37.941,-93.197,11.0,10290110,0,1,100.0
06927000,"Maries River At Westphalia, Mo",38.432,-91.989,667.1,10290111,2,1,85.13
06927240,"Auxvasse Creek Near Reform, Mo",38.76,-91.84,755.9,10300102,0,1,100.0
06928300,"Roubidoux Creek Above Fort Leonard Wood, Mo",37.601,-92.234,428.1,10290201,1,1,100.0
06928420,Roubidoux Creek At Polla Rd Bl Ft. Leonard Wood,37.792,-92.183,707.7,10290201,0,1,100.0
06931500,"Little Beaver Creek Near Rolla, Mo",37.935,-91.837,16.6,10290203,0,1,100.0
06932000,"Little Piney Creek At Newburg, Mo",37.91,-91.903,514.2,10290203,0,1,25.78
06935755,"Bonhomme Creek Near Ellisville, Mo",38.61,-90.672,11.9,10300200,0,1,100.0
06935770,"Bonhomme Creek Near Clarkson Valley, Mo",38.658,-90.619,30.8,10300200,0,1,100.0
06935830,"Caulks Creek At Chesterfield, Mo",38.655,-90.595,44.4,10300200,1,1,100.0
06935850,"Creve Coeur Creek At Chesterfield, Mo",38.646,-90.527,14.4,10300200,0,1,100.0
06935890,"Creve Coeur Creek Near Creve Coeur, Mo",38.683,-90.489,57.2,10300200,0,1,100.0
06935955,"Fee Fee Creek Near Bridgeton, Mo",38.728,-90.447,30.2,10300200,0,1,100.0
06935980,"Cowmire Creek At Bridgeton, Mo",38.764,-90.433,9.7,10300200,0,1,100.0
06935997,"Mill Creek Near Florissant, Mo",38.848,-90.286,5.5,10300200,0,1,100.0
06936475,"Coldwater Creek Near Black Jack, Mo",38.818,-90.251,105.9,10300200,0,1,100.0
07001910,"Watkins Creek Near Bellefontaine Neighbors, Mo",38.779,-90.233,3.0,07140101,0,1,100.0
07001985,"Watkins Creek At Bellefontaine Neighbors, Mo",38.762,-90.197,13.6,07140101,0,1,25.0
07005000,"Maline Creek At Bellefontaine Neighbors, Mo",38.737,-90.226,61.3,07140101,0,1,71.43
07010022,"River Des Peres Near University City, Mo",38.668,-90.324,21.3,07140101,0,1,100.0
07010030,"River Des Peres Tributary At Pagedale, Mo",38.677,-90.315,5.1,07140101,0,0,100.0
07010035,"Engelholm Creek Near Wellston, Mo",38.683,-90.303,3.7,07140101,2,0,100.0
07010055,"Deer Creek At Litzinger Road At Ladue, Mo",38.622,-90.375,31.6,07140101,0,1,100.0
07010061,"Two Mile Creek At Ladue, Mo",38.621,-90.385,16.6,07140101,2,1,100.0
07010070,"Sebago Creek Near Rock Hill, Mo",38.615,-90.376,4.9,07140101,1,1,100.0
07010075,"Deer Creek At Ladue, Mo",38.616,-90.364,55.8,07140101,0,1,100.0
07010082,"Black Creek Near Brentwood, Mo",38.617,-90.337,14.9,07140101,0,1,100.0
07010086,"Deer Creek At Maplewood, Mo",38.601,-90.326,94.0,07140101,0,1,100.0
07010090,"Mackenzie Creek Near Shrewsbury, Mo",38.577,-90.324,9.4,07140101,0,1,100.0
07010094,"Grammond Creek Near Wilbur Park, Mo",38.565,-90.309,1.6,07140101,0,0,100.0
07010097,"River Des Peres At St. Louis, Mo",38.559,-90.283,212.6,07140101,1,1,100.0
07010180,"Gravois Creek Near Mehlville, Mo",38.527,-90.3,47.2,07140101,2,1,100.0
07010208,"Martigney Creek Near Arnold, Mo",38.491,-90.293,6.8,07140101,0,1,100.0
07010350,"Meramec River At Cook Station, Mo",37.829,-91.437,515.4,07140102,1,1,84.5
07011500,"Green Acre Branch Near Rolla, Mo",37.914,-91.726,1.7,07140102,1,1,100.0
07014000,"Huzzah Creek Near Steelville, Mo",37.975,-91.205,663.8,07140102,0,1,100.0
07015000,"Bourbeuse River Near St. James, Mo",38.033,-91.648,54.6,07140103,0,1,100.0
07015720,"Bourbeuse River Near High Gate, Mo",38.147,-91.581,349.8,07140103,1,1,100.0
07017115,"Fox Creek At Allenton, Mo",38.5,-90.689,40.6,07140102,0,1,100.0
07017200,"Big River At Irondale, Mo",37.83,-90.691,461.3,07140104,1,1,100.0
07017500,"Dry Branch Near Bonne Terre, Mo",37.93,-90.461,8.8,07140104,0,1,100.0
07019072,"Keifer Creek Near Ballwin, Mo",38.556,-90.551,10.0,07140102,0,1,100.0
07019090,"Williams Creek Near Peerless Park, Mo",38.534,-90.514,19.8,07140102,0,1,100.0
07019120,"Fishpot Creek At Valley Park, Mo",38.552,-90.511,24.9,07140102,0,1,95.5
07019150,"Grand Glaize Creek Near Manchester, Mo",38.593,-90.493,13.2,07140102,0,1,100.0
07019175,"Sugar Creek At Kirkwood, Mo",38.577,-90.464,13.3,07140102,0,1,100.0
07019185,"Grand Glaize Creek Near Valley Park, Mo",38.569,-90.471,56.5,07140102,0,1,100.0
07019195,"Yarnell Creek At Fenton, Mo",38.527,-90.447,6.5,07140102,0,1,100.0
07019220,"Fenton Creek Near Fenton, Mo",38.511,-90.444,11.1,07140102,0,1,100.0
07019317,"Mattese Creek Near Mattese, Mo",38.483,-90.341,20.6,07140102,0,1,100.0
07020550,"South Fork Saline Creek Near Perryville, Mo",37.737,-89.928,143.0,07140105,0,1,100.0
07024000,"Bayou De Chien Near Clinton, Ky",36.629,-88.964,177.9,08010201,2,1,100.0
07024200,"Crooked Creek Near Huntingdon, Tn",36.065,-88.405,67.8,08010203,0,1,100.0
07024300,"Beaver Creek At Huntingdon, Tn",35.999,-88.434,145.3,08010203,0,1,73.78
07024500,"South Fork Obion River Near Greenfield, Tn",36.118,-88.811,990.9,08010203,3,1,86.3
07025400,"North Fork Obion River Near Martin, Tn (Ce)",36.405,-88.855,955.6,08010202,4,1,100.0
07026500,"Reelfoot Creek Near Samburg, Tn",36.442,-89.296,285.6,08010202,1,1,100.0
07028500,"North Fork Forked Deer River At Trenton, Tn",35.98,-88.926,187.5,08010204,0,1,50.0
07028960,Middle Fork Forked Deer River Near Fairview,35.744,-88.846,546.0,08010204,0,1,71.89
07029000,"Middle Fork Forked Deer River Near Alamo, Tn",35.851,-89.067,954.9,08010204,3,1,100.0
07029270,"Hatchie River Nr Walnut, Ms",34.942,-88.788,731.8,08010207,0,1,100.0
07030240,"Loosahatchie River Near Arlington, Tn",35.311,-89.64,677.7,08010209,0,1,98.79
07030392,"Wolf River At Lagrange, Tn",35.033,-89.247,542.9,08010210,0,1,100.0
07031692,Fletcher Creek At Sycamore View Road At Memphis,35.169,-89.866,79.0,08010210,1,1,100.0
07032200,"Nonconnah Creek Near Germantown, Tn",35.05,-89.819,175.9,08010211,0,1,100.0
07035000,"Little St. Francis River At Fredericktown, Mo",37.559,-90.313,235.7,08020202,0,1,97.88
07035500,"Barnes Creek Near Fredericktown, Mo",37.572,-90.384,10.4,08020202,0,1,100.0
07037300,"Big Creek At Sam A Baker State Park, Mo",37.261,-90.507,491.9,08020202,0,1,13.81
07037700,"Clark Creek Near Piedmont, Mo",37.186,-90.63,11.5,08020202,0,1,0.0
07048000,"West Fork White River At Greenland, Ark",35.983,-94.173,214.5,11010001,1,1,100.0
07048480,"College Branch At Mlk Blvd At Fayetteville, Ar",36.057,-94.175,2.2,11010001,0,1,100.0
07048490,"Town Branch Trib At Hwy 16 At Fayetteville, Ar",36.048,-94.162,3.4,11010001,1,1,100.0
07048550,"West Fork White River East Of Fayetteville, Ar",36.054,-94.083,317.6,11010001,2,1,100.0
07048800,"Richland Creek At Goshen, Ar",36.104,-94.007,361.5,11010001,0,1,81.9
07049000,"War Eagle Creek Near Hindsville, Ar",36.2,-93.855,690.2,11010001,4,1,96.17
07050152,Roaring River At Roaring River State Park,36.581,-93.834,93.1,11010001,3,1,100.0
07050690,"Pearson Creek Near Springfield, Mo",37.178,-93.198,54.2,11010002,2,1,100.0
07050700,"James River Near Springfield, Mo",37.15,-93.203,635.8,11010002,14,1,100.0
07052000,"Wilson Creek At Springfield, Mo",37.187,-93.331,50.1,11010002,19,1,100.0
07052100,"Wilson Creek Near Springfield, Mo",37.169,-93.37,91.1,11010002,6,1,100.0
07052120,"South Creek Near Springfield, Mo",37.154,-93.363,27.4,11010002,3,1,100.0
07052152,"Wilson Creek Near Brookline, Mo",37.147,-93.375,130.5,11010002,2,1,100.0
07052345,"Finley Creek Below Riverdale, Mo",36.975,-93.328,669.8,11010002,20,1,100.0
07052820,"Flat Creek Below Jenkins, Mo",36.751,-93.619,711.4,11010002,26,1,100.0
07053250,"Yocum Creek Near Oak Grove, Ar",36.454,-93.356,136.1,11010001,1,1,100.0
07053810,"Bull Creek Near Walnut Shade, Mo",36.718,-93.207,507.3,11010003,3,1,100.0
07054080,"Beaver Creek At Bradleyville, Mo",36.78,-92.907,772.7,11010003,24,1,100.0
07055646,"Buffalo River Near Boxley, Ar",35.939,-93.405,153.0,11010005,0,1,100.0
07055875,"Richland Creek Near Witts Spring, Ar",35.797,-92.929,174.6,11010005,0,1,100.0
07056515,"Bear Creek Near Silver Hill, Ar",35.94,-92.713,209.9,11010005,0,1,100.0
07060710,"North Sylamore Creek Near Fifty Six, Ar",35.995,-92.213,150.0,11010004,0,1,34.11
07061270,"East Fork Black River Near Lesterville, Mo",37.553,-90.842,135.4,11010007,0,1,100.0
07061290,E. Fk. Black R. Bl Lower Taum Sauk Reservoir,37.494,-90.838,226.4,11010007,0,1,100.0
07061300,"East Fork Black River At Lesterville, Mo",37.45,-90.827,242.9,11010007,0,1,0.0
07061900,"Logan Creek At Ellington, Mo",37.247,-90.965,360.2,11010007,0,1,0.49
07064300,"Fudge Hollow Near Licking, Mo",37.53,-91.737,4.9,11010008,0,1,0.0
07064440,"Current River At Montauk State Park, Mo",37.448,-91.671,156.4,11010008,0,1,0.0
07064500,"Big Creek Near Yukon, Mo",37.233,-91.85,22.1,11010008,0,1,93.75
07064533,"Current River Above Akers, Mo",37.376,-91.553,763.3,11010008,0,1,8.33
07065200,"Jacks Fork Near Mountain View, Mo",37.056,-91.668,486.4,11010008,0,1,31.96
07065495,"Jacks Fork At Alley Spring, Mo",37.148,-91.443,789.2,11010008,0,1,19.11
07068510,"Little Black River Below Fairdealing, Mo",36.632,-90.575,502.8,11010008,0,1,0.0
07070500,"Eleven Point River Near Thomasville, Mo",36.785,-91.492,918.9,11010011,0,1,7.86
07073000,Strawberry River Near Evening Shade,36.099,-91.608,558.0,11010012,0,1,0.0
07073500,Piney Fork At Evening Shade,36.081,-91.611,258.7,11010012,0,1,0.0
07075000,"Middle Fork Of Little Red River At Shirley, Ar",35.657,-92.293,781.5,11010014,1,1,92.59
07075300,"South Fork Of Little Red River At Clinton, Ar",35.591,-92.456,324.5,11010014,1,1,99.86
07079300,"Ef Arkansas R At Us Highway 24, Nr Leadville, Co.",39.272,-106.306,129.3,11020001,0,1,0.0
07081200,"Arkansas River Near Leadville, Co",39.257,-106.344,254.2,11020001,0,1,0.0
07083000,"Halfmoon Creek Near Malta, Co",39.172,-106.389,60.8,11020001,0,1,0.0
07083200,"Halfmoon Cr Bl Halfmoon Diversion Nr Leadville, Co",39.186,-106.383,63.5,11020001,0,1,0.0
07084500,"Lake Creek Above Twin Lakes Reservoir, Co.",39.063,-106.408,189.7,11020001,0,1,15.71
07086500,"Clear Creek Above Clear Creek Reservoir, Co.",39.018,-106.278,174.1,11020001,0,1,0.0
07089000,"Cottonwood C Bl Hot Springs, Nr Buena Vista, Co.",38.813,-106.222,177.7,11020001,0,1,56.25
07095000,"Grape Creek Near Westcliffe, Co.",38.186,-105.484,875.0,11020001,2,1,87.5
07096250,"Fourmile Creek Below Cripple Creek Near Victor, Co",38.664,-105.228,702.6,11020002,0,1,100.0
07099060,"Beaver Creek Above Highway 115 Near Penrose, Co",38.489,-104.997,355.6,11020002,0,1,100.0
07099215,"Turkey Creek Near Fountain, Co",38.612,-104.895,33.6,11020002,0,1,100.0
07099230,"Turkey Creek Ab Teller Res Near Stone City, Co.",38.465,-104.827,162.1,11020002,0,1,0.0
07099235,"Turkey Creek Nr Stone City, Co",38.432,-104.833,188.0,11020002,0,1,98.44
07103700,"Fountain Creek Near Colorado Springs, Co.",38.855,-104.878,264.2,11020003,0,1,73.29
07103703,"Camp Creek At Garden Of The Gods, Co",38.877,-104.873,25.2,11020003,1,1,95.46
07103747,"Monument Creek At Palmer Lake, Co",39.102,-104.891,68.6,11020003,0,1,21.54
07103755,"Monument Creek Below Monument Lake Nr Monument, Co",39.087,-104.879,78.7,11020003,0,1,0.0
07103780,"Monument C Ab N.Gate Blvd At Usaf Academy, Co.",39.031,-104.848,213.0,11020003,1,1,100.0
07103797,"West Monument Creek Below Rampart Reservoir, Co",38.975,-104.956,18.8,11020003,0,1,70.0
07103800,"West Monument Creek At U.S. Air Force Academy, Co",38.971,-104.903,38.5,11020003,0,1,56.1
07103970,"Monument Cr Abv Woodmen Rd At Colorado Springs, Co",38.934,-104.817,466.0,11020003,0,1,90.91
07103980,"Cottonwood Creek At Woodmen Rd Nr Colo Springs, Co",38.939,-104.741,26.7,11020003,2,1,83.33
07103990,"Cottonwood Creek At Mouth At Pikeview, Co",38.928,-104.81,51.4,11020003,0,1,50.28
07104000,"Monument Creek At Pikeview, Co.",38.918,-104.819,529.2,11020003,2,1,100.0
07104500,"Templeton Gap Floodway At Colorado Springs, Co.",38.888,-104.817,23.0,11020003,0,1,53.47
07104905,"Monument Creek At Bijou St. At Colo. Springs, Co",38.837,-104.829,613.5,11020003,0,1,100.0
07105000,"Bear Creek Near Colorado Springs, Co",38.822,-104.889,18.1,11020003,0,1,100.0
07105490,"Cheyenne Creek At Evans Ave At Colorado Springs,Co",38.791,-104.864,56.4,11020003,0,1,100.0
07105600,"Sand Creek Above Mouth At Colorado Springs, Co",38.788,-104.774,134.5,11020003,5,1,100.0
07105900,"Jimmy Camp Creek At Fountain, Co.",38.684,-104.689,170.4,11020003,1,1,100.0
07105945,"Rock Creek Above Fort Carson Reservation, Co",38.707,-104.847,17.5,11020003,0,1,100.0
07105950,"Rock Creek Near Fort Carson, Co.",38.697,-104.828,20.1,11020003,0,1,100.0
07111000,"Huerfano R At Manzanares Xing, Nr Redwing, Co.",37.728,-105.351,195.5,11020006,0,1,0.0
07114000,"Cucharas River At Boyd Ranch, Near La Veta, Co.",37.42,-105.053,137.3,11020006,0,1,21.83
07122400,"Crooked Arroyo Near Swink, Co.",37.982,-103.598,267.9,11020005,0,1,100.0
07126200,"Van Bremer Arroyo Near Model, Co",37.346,-103.958,455.1,11020010,0,1,0.0
07126325,"Taylor Arroyo Bl Rock Crossing, Nr Thatcher, Co.",37.424,-103.92,126.0,11020010,0,1,100.0
07126390,"Lockwood Canyon Creek Near Thatcher, Co",37.493,-103.828,127.0,11020010,0,1,100.0
07126415,"Red Rock Canyon Creek At Mouth Nr Thatcher, Co.",37.515,-103.726,126.1,11020010,0,1,100.0
07126480,"Bent Canyon Creek At Mouth Near Timpas, Co",37.589,-103.648,145.5,11020010,0,1,0.0
07134990,"Wild Horse Creek Above Holly, Co",38.057,-102.138,450.3,11020009,0,0,0.0
07139800,"Mulberry C Nr Dodge City, Ks",37.598,-100.015,202.9,11030004,1,1,100.0
07144480,"Cowskin C At 119Th St At Wichita, Ks",37.702,-97.481,221.8,11030013,0,1,100.0
07144485,"Cowskin C At Maple St, Wichita, Ks",37.679,-97.457,251.6,11030013,0,1,100.0
07144910,"Sf Ninnescah R Nr Pratt, Ks",37.638,-98.721,321.5,11030015,1,1,100.0
07145700,"Slate C At Wellington, Ks",37.25,-97.404,399.8,11030013,0,1,100.0
07159000,"Turkey Creek Near Drummond, Ok",36.318,-98.001,659.4,11050002,0,1,100.0
07159750,"Cottonwood Creek Near Seward, Ok",35.814,-97.478,827.6,11050002,5,1,100.0
07160350,"Skeleton Creek At Enid, Ok",36.376,-97.8,178.4,11050002,2,1,100.0
07163000,"Council Creek Near Stillwater, Ok",36.116,-96.868,78.0,11050003,0,1,100.0
07164600,"Joe Creek At 61St St At Tulsa, Ok",36.076,-95.961,30.1,11110101,1,1,100.0
07165500,"Polecat Creek Blw Heyburn Res Near Heyburn, Ok",35.945,-96.294,312.1,11110101,0,1,100.0
07165562,"Haikey Creek At 101St St South At Tulsa, Ok",36.017,-95.849,46.4,11110101,0,1,100.0
07165565,"Little Haikey Creek At 101St St South At Tulsa, Ok",36.018,-95.861,14.2,11110101,0,1,100.0
07165700,"Verdigris R Nr Madison, Ks",38.135,-96.103,463.2,11070101,2,1,100.0
07167000,"Fall R Nr Eureka, Ks",37.785,-96.235,796.1,11070102,0,1,100.0
07167500,"Otter C At Climax, Ks",37.708,-96.224,319.6,11070102,0,1,100.0
07169800,"Elk R At Elk Falls, Ks",37.376,-96.186,565.0,11070104,0,1,100.0
07170700,"Big Hill C Nr Cherryvale, Ks",37.267,-95.469,94.8,11070103,0,1,100.0
07174600,"Sand Creek At Okesa, Ok",36.72,-96.132,356.8,11070106,0,1,100.0
07176500,"Bird Creek At Avant, Ok",36.487,-96.064,953.1,11070107,2,1,100.0
07176950,"Hominy Creek Near Hominy, Ok",36.474,-96.379,298.8,11070107,0,1,100.0
07177000,"Hominy Creek Near Skiatook, Ok",36.349,-96.11,877.3,11070107,1,1,100.0
07177650,"Flat Rock Creek At Cincinnati Ave At Tulsa, Ok",36.215,-95.995,20.9,11070107,0,1,100.0
07177800,"Coal Creek At Tulsa, Ok",36.195,-95.914,21.6,11070107,0,1,100.0
07179500,"Neosho R At Council Grove, Ks",38.666,-96.494,686.0,11070201,0,1,100.0
07179795,"N Cottonwood R Bl Marion Lk, Ks",38.367,-97.084,534.6,11070202,0,1,100.0
07180500,"Cedar C Nr Cedar Point, Ks",38.196,-96.825,275.5,11070202,0,1,100.0
07184000,"Lightning C Nr Mccune, Ks",37.281,-95.033,510.8,11070205,0,1,100.0
07185090,"Tar Creek Near Commerce, Ok",36.944,-94.853,90.0,11070206,0,1,100.0
07185095,"Tar Creek At 22Nd Street Bridge At Miami, Ok",36.9,-94.868,118.2,11070206,0,1,100.0
07185500,"Stahl Creek Near Miller, Mo",37.193,-93.845,10.4,11070207,0,1,100.0
07185700,"Spring River At La Russell, Mo",37.15,-94.061,791.4,11070207,20,1,100.0
07186400,"Center Creek Near Carterville, Mo",37.141,-94.383,593.7,11070207,3,1,100.0
07188653,"Big Sugar Creek Near Powell, Mo",36.616,-94.182,367.0,11070208,6,1,100.0
07188838,"Little Sugar Creek Near Pineville, Mo",36.584,-94.373,505.7,11070208,3,1,100.0
07188885,"Indian Creek Near Lanagan, Mo",36.599,-94.45,616.9,11070208,14,1,100.0
07189100,"Buffalo Creek At Tiff City, Mo",36.671,-94.604,237.6,11070208,9,1,100.0
07189540,"Cave Springs Branch Near South West City, Mo",36.547,-94.618,20.9,11070206,0,1,100.0
07189542,"Honey Creek Near South West City, Mo",36.549,-94.684,126.0,11070206,0,1,100.0
07191160,"Spavinaw Creek Near Maysville, Ar",36.365,-94.551,230.4,11070209,1,1,100.0
07191179,"Spavinaw Creek Near Cherokee City, Ar",36.342,-94.588,267.6,11070209,0,1,100.0
07191220,"Spavinaw Creek Near Sycamore, Ok",36.335,-94.641,339.1,11070209,0,1,100.0
07191222,"Beaty Creek Near Jay, Ok",36.355,-94.776,153.8,11070209,0,1,100.0
07191288,"Spavinaw Creek Near Eucha, Ok",36.379,-94.937,930.2,11070209,0,1,100.0
07194800,"Illinois River At Savoy, Ar",36.103,-94.345,433.9,11110103,3,1,100.0
07195000,"Osage Creek Near Elm Springs, Ar",36.222,-94.287,335.6,11110103,11,1,100.0
07195800,"Flint Creek At Springtown, Ar",36.255,-94.434,38.2,11110103,0,1,100.0
07195855,"Flint Creek Near West Siloam Springs, Ok",36.216,-94.604,147.2,11110103,4,1,100.0
07195865,"Sager Creek Near West Siloam Springs, Ok",36.202,-94.605,49.6,11110103,2,1,100.0
07196000,"Flint Creek Near Kansas, Ok",36.186,-94.707,298.9,11110103,0,1,100.0
07196900,"Baron Fork At Dutch Mills, Ar",35.88,-94.487,106.4,11110103,0,1,100.0
07197000,"Baron Fork At Eldon, Ok",35.921,-94.839,808.4,11110103,1,1,100.0
07197360,"Caney Creek Near Barber, Ok",35.785,-94.856,233.3,11110103,0,1,100.0
07199000,"Canadian River Near Hebron, Nm",36.787,-104.462,514.9,11080001,0,1,0.0
07203000,"Vermejo River Near Dawson, Nm",36.681,-104.786,893.1,11080001,0,1,0.0
07204000,"Moreno Creek At Eagle Nest, N. Mex.",36.554,-105.268,206.0,11080002,0,1,0.0
07204500,"Cieneguilla Cr Nr Eagle Nest, Nm",36.485,-105.265,193.8,11080002,0,1,14.44
07205000,"Sixmile Creek Near Eagle Nest, Nm",36.519,-105.275,28.8,11080002,0,1,0.0
07206000,"Cimarron River Below Eagle Nest Dam, Nm",36.532,-105.229,478.5,11080002,0,1,0.0
07207000,"Cimarron River Near Cimarron, Nm",36.52,-104.979,708.8,11080002,0,1,8.62
07207500,"Ponil Creek Near Cimarron, Nm",36.574,-104.947,480.9,11080002,0,1,5.68
07208500,"Rayado Creek Near Cimarron, Nm",36.372,-104.97,159.2,11080002,0,1,0.0
07214500,"Mora River Near Holman, Nm",36.11,-105.376,163.6,11080004,5,1,100.0
07215500,"Mora River At La Cueva, Nm",35.941,-105.25,465.7,11080004,0,1,0.0
07216500,"Mora River Near Golondrinas, Nm",35.891,-105.164,690.5,11080004,0,1,71.54
07218000,"Coyote Creek Near Golondrinas, Nm",35.917,-105.164,626.5,11080004,0,1,27.92
07227420,"Cramer Ck At Us Hwy 54 Nr Dalhart, Tx",35.751,-102.893,245.4,11090102,0,1,100.0
07229300,"Walnut Creek At Purcell, Ok",34.999,-97.367,523.5,11090202,0,1,100.0
07230000,"Little River Blw Lk Thunderbird Nr Norman, Ok",35.222,-97.214,666.9,11090203,19,1,98.43
07234100,"Clear Creek Near Elmwood, Ok",36.645,-100.502,445.2,11100201,0,1,0.0
07242350,"Deep Fork Near Arcadia, Ok",35.647,-97.36,260.7,11100303,0,1,100.0
07243000,"Dry Creek Near Kendrick, Ok",35.782,-96.854,177.1,11100303,1,1,100.0
07245500,"Sallisaw Creek Near Sallisaw, Ok",35.465,-94.862,470.1,11110104,2,1,100.0
07247000,"Poteau River At Cauthron, Ar",34.919,-94.299,525.4,11110105,0,1,58.61
07247015,"Poteau River At Loving, Ok",34.88,-94.484,694.4,11110105,0,1,68.7
07247250,"Black Fork Below Big Creek Nr Page, Ok",34.774,-94.512,244.3,11110105,0,1,0.0
07247500,"Fourche Maline Near Red Oak, Ok",34.913,-95.156,313.1,11110105,1,1,100.0
07249400,"James Fork Near Hackett, Ar",35.163,-94.407,379.5,11110105,1,1,100.0
07249500,"Cove Creek Near Lee Creek, Ar",35.722,-94.408,90.4,11110104,0,1,100.0
07249800,"Lee Creek At Short, Ok",35.566,-94.532,626.5,11110104,1,1,100.0
07249920,"Little Lee Creek Near Nicut, Ok",35.573,-94.556,264.3,11110104,0,1,100.0
07250935,"Jones Creek At Winfrey, Ar",35.737,-94.103,53.2,11110201,0,1,98.36
07250965,"Frog Bayou At Winfrey, Ar",35.727,-94.107,143.0,11110201,0,1,100.0
07250974,"Jack Creek Near Winfrey, Ar",35.705,-94.089,18.0,11110201,0,1,98.33
07251500,"Frog Bayou At Rudy, Ar",35.526,-94.272,561.4,11110201,2,1,100.0
07252000,"Mulberry River Near Mulberry, Ar",35.577,-94.016,969.0,11110201,5,1,85.43
07256500,"Spadra Creek At Clarksville, Ar",35.468,-93.463,159.0,11110202,3,1,100.0
07257000,"Big Piney Creek Near Dover, Ark",35.55,-93.159,708.2,11110202,0,1,100.0
07257006,"Big Piney Creek At Highway 164 Near Dover, Ar",35.506,-93.181,793.8,11110202,0,1,100.0
07257500,"Illinois Bayou Near Scottsville, Ar",35.466,-93.041,625.7,11110202,0,1,100.0
07258500,"Petit Jean River Near Booneville, Ar",35.107,-93.924,624.0,11110204,0,1,100.0
07260000,"Dutch Creek At Waltreak, Ar",34.988,-93.613,212.0,11110204,0,1,94.84
07261000,"Cadron Creek Near Guy, Ar",35.299,-92.404,445.8,11110205,1,1,100.0
07263000,"South Fourche Lafave River Near Hollis, Ar",34.911,-93.056,543.7,11110206,0,1,99.82
07263295,"Maumelle River At Williams Junction, Ar",34.876,-92.775,119.0,11110207,0,1,89.15
07263296,"Maumelle River Near Wye, Ar",34.884,-92.702,185.5,11110207,0,1,100.0
07263300,"Maumelle River At Maumelle Dam At Natural Steps,Ar",34.863,-92.485,355.2,11110207,0,1,100.0
07263580,"Rock Creek At 36Th Street At Little Rock, Ar",34.724,-92.359,49.9,11110207,2,1,100.0
07264000,"Bayou Meto Near Lonoke, Ar",34.737,-91.916,505.1,08020402,15,1,97.58
07266000,"Cane Creek Nr New Albany, Ms",34.406,-88.956,42.0,08030201,0,1,100.0
07271000,"Clear Creek Nr Oxford, Ms",34.356,-89.658,27.8,08030201,0,1,100.0
07274000,"Yocona River Nr Oxford, Ms",34.273,-89.521,625.2,08030203,2,1,100.0
07277700,"Hickahala Creek Nr Senatobia, Ms",34.632,-89.924,315.4,08030204,1,1,100.0
07280400,"Tillatoba Creek At Charleston, Ms",34.0,-90.065,310.8,08030202,0,1,0.0
07281960,"Yalobusha River At Vardaman, Ms",33.866,-89.173,221.9,08030205,0,1,100.0
07281977,"Yalobusha River At Derma, Ms",33.838,-89.276,399.7,08030205,0,1,100.0
07282000,"Yalobusha R And Topashaw C Ca At Calhoun City, Ms",33.839,-89.316,495.4,08030205,0,1,100.0
07283000,"Skuna River At Bruce, Ms",33.974,-89.348,668.8,08030205,0,1,100.0
07287150,"Abiaca Creek Nr Seven Pines, Ms",33.34,-90.151,247.1,08030206,0,1,70.59
07287160,"Abiaca Creek At Cruger, Ms",33.342,-90.237,252.0,08030206,0,1,100.0
07287400,"Black Creek At Lexington, Ms",33.105,-90.053,227.2,08030206,0,1,100.0
07291000,"Homochitto River At Eddiceton, Ms",31.503,-90.778,479.3,08060205,1,1,100.0
07295000,"Buffalo River Nr Woodville, Ms",31.227,-91.296,466.6,08060206,0,1,0.0
07298000,"N Tule Draw At Res Nr Tulia, Tx",34.56,-101.71,555.9,11120104,0,1,100.0
07299670,"Groesbeck Ck At Sh 6 Nr Quanah, Tx",34.355,-99.74,828.4,11130101,0,1,100.0
07299890,"Lelia Lk Ck Bl Bell Ck Nr Hedley, Tx",34.936,-100.697,249.3,11120201,0,1,100.0
07301410,"Sweetwater Ck Nr Kelton, Tx",35.473,-100.121,769.7,11120302,0,1,8.06
07305500,"West Otter Creek At Snyder Lk Nr Mt Park, Ok",34.734,-98.986,325.4,11120303,0,1,98.76
07307010,"Otter Creek Near Snyder, Ok",34.638,-98.999,558.8,11120303,0,1,100.0
07309435,"Jimmy Creek Nr Meers, Ok",34.797,-98.584,8.3,11130202,0,1,100.0
07311200,"Blue Beaver Creek Near Cache, Ok",34.623,-98.564,63.7,11130203,0,1,100.0
07311630,"Middle Wichita Rv Nr Guthrie, Tx",33.796,-100.075,158.2,11130204,0,1,98.33
07311782,"S Wichita Rv At Low Flow Dam Nr Guthrie, Tx",33.622,-100.209,568.8,11130205,0,1,23.2
07311783,"S Wichita Rv Bl Low Flow Dam Nr Guthrie, Tx",33.622,-100.209,568.8,11130205,0,1,23.2
07315200,"E Fk Little Wichita Rv Nr Henrietta, Tx",33.813,-98.085,501.6,11130209,1,1,100.0
07319500,"Sandstone Creek Near Berlin, Ok",35.507,-99.558,117.4,11130301,0,1,100.0
07322500,"East Branch Sandstone Creek Nr Elk City, Ok",35.522,-99.53,56.6,11130301,0,1,100.0
07323000,"Sandstone Creek Near Cheyenne, Ok",35.553,-99.531,223.0,11130301,0,1,0.0
07325800,"Cobb Creek Near Eakly, Ok",35.291,-98.594,342.2,11130302,0,1,100.0
07325840,"Lake Creek Near Sickles, Ok",35.392,-98.518,49.6,11130302,0,1,100.0
07325850,"Lake Creek Near Eakly, Ok",35.291,-98.529,136.1,11130302,0,1,100.0
07325860,"Willow Creek Near Albert, Ok",35.233,-98.466,74.3,11130302,0,1,100.0
07326000,"Cobb Creek Near Fort Cobb, Ok",35.144,-98.443,805.0,11130302,0,1,100.0
07327442,"Little Washita River Near Cyril, Ok",34.893,-98.233,34.5,11130302,0,1,100.0
07327447,"Little Washita River Near Cement, Ok",34.838,-98.124,161.5,11130302,0,1,100.0
07327490,"Little Washita River Near Ninnekah, Ok",34.945,-97.953,538.7,11130302,0,1,100.0
07327550,"Little Washita River East Of Ninnekah, Ok",34.963,-97.899,600.5,11130302,0,1,100.0
07328070,"Winter Creek Near Alex, Ok",34.993,-97.761,88.3,11130303,0,1,100.0
07328180,"North Criner Creek Near Criner, Ok",34.971,-97.585,18.7,11130303,0,1,100.0
07329500,"Rush Creek Near Maysville, Ok",34.743,-97.405,522.5,11130303,1,1,100.0
07329780,"Honey Creek Below Turner Falls Near Davis, Ok",34.432,-97.147,42.5,11130303,1,1,100.0
07329852,"Rock Creek At Sulphur, Ok",34.495,-96.989,114.5,11130303,2,1,100.0
07331200,"Mill Creek Near Mill Creek, Ok",34.405,-96.863,120.9,11130304,0,1,100.0
07331295,"Pennington Creek East Of Mill Creek, Ok",34.42,-96.759,84.7,11130304,0,1,100.0
07331300,"Pennington Creek Near Reagan, Ok",34.348,-96.708,171.7,11130304,1,1,100.0
07332390,"Blue River Near Connerville, Ok",34.383,-96.601,420.6,11140102,2,1,100.0
07332400,"Blue River At Milburn, Ok",34.251,-96.549,526.4,11140102,0,1,0.0
07332600,"Bois D'Arc Ck Nr Randolph, Tx",33.476,-96.215,186.0,11140101,0,1,44.34
07332620,"Bois D'Arc Ck At Fm 1396 Nr Honey Grove, Tx",33.682,-95.984,760.5,11140101,0,1,0.0
07335700,"Kiamichi River Near Big Cedar, Ok",34.638,-94.613,102.6,11140105,0,1,14.85
07337900,"Glover River Near Glover, Ok",34.098,-94.902,831.1,11140107,0,1,83.63
07338750,"Mountain Fork At Smithville, Ok",34.462,-94.635,835.0,11140108,0,1,0.0
07339500,"Rolling Fork Near Dequeen, Ar",34.048,-94.413,486.3,11140109,0,1,0.0
07340300,"Cossatot River Near Vandervoort, Ar",34.38,-94.236,230.4,11140109,0,1,18.57
07340500,"Cossatot River Near Dequeen, Ar",34.045,-94.212,935.4,11140109,0,1,0.0
07341000,"Saline River Near Dierks, Ar",34.096,-94.085,312.1,11140109,0,1,3.51
07341200,"Saline River Near Lockesburg, Ar",33.962,-94.061,655.0,11140109,0,1,1.61
07342465,"S Sulphur Rv At Commerce, Tx",33.212,-95.914,388.8,11140301,0,1,0.0
07342480,"Middle Sulphur Rv At Commerce, Tx",33.267,-95.916,111.9,11140301,0,1,0.0
07343000,"N Sulphur Rv Nr Cooper, Tx",33.475,-95.588,789.2,11140301,0,1,0.0
07344450,"Paw Paw Bayou Near Greenwood, La",32.517,-93.972,208.8,11140304,0,1,100.0
07344486,"Brushy Ck At Scroggins, Tx",32.976,-95.184,61.0,11140305,0,1,43.75
07344493,"Big Cypress Ck At Us Hwy 271 Nr Pittsburg, Tx",33.073,-94.965,721.1,11140305,0,1,13.32
07344500,"Big Cypress Ck Nr Pittsburg, Tx",33.021,-94.882,946.8,11140305,3,1,100.0
07345000,"Boggy Ck Nr Daingerfield, Tx",33.036,-94.788,195.3,11140305,1,1,100.0
07346045,"Black Cypress Bayou At Jefferson, Tx",32.778,-94.357,959.9,11140306,0,1,100.0
07346140,"Frazier Ck Nr Linden, Tx",33.054,-94.29,126.0,11140306,0,1,100.0
07348800,"Flat Lick Byu Nr Leton, La",32.77,-93.267,174.5,11140203,0,1,100.0
07351000,"Boggy Byu Nr Keithville, La",32.377,-93.822,216.9,11140206,8,1,99.6
07351500,"Cypress Bayou Near Keithville, La",32.3,-93.828,169.9,11140206,1,1,100.0
07351748,"West Branch Dolet Bayou At Rambin, La",31.96,-93.452,80.8,11140206,0,1,100.0
07352000,"Saline Bayou Near Lucky, La",32.25,-92.977,384.3,11140208,2,1,100.0
07352800,"Grand Byu Nr Coushatta, La",32.049,-93.303,245.5,11140209,2,1,100.0
07354000,"Little Sandy Creek At Kisatchie, La",31.409,-93.171,56.0,11140207,0,1,0.0
07356500,"South Fork Ouachita River At Mount Ida, Ark.",34.56,-93.636,158.0,08040101,0,1,100.0
07359610,"Caddo River Near Caddo Gap, Ar",34.383,-93.606,342.2,08040102,2,1,100.0
07359800,"Caddo River Near Alpine, Ark.",34.267,-93.363,781.2,08040102,1,1,100.0
07360200,"Little Missouri River Near Langley, Ar",34.312,-93.9,176.0,08040103,0,1,100.0
07360501,"Little Mo Riv At Narrows Dam Nr Mufreesboro, Ar",34.148,-93.715,617.3,08040103,0,1,77.49
07361000,"Little Missouri River Near Murfreesboro, Ar",34.049,-93.72,989.4,08040103,0,1,0.0
07361500,"Antoine River At Antoine, Ar",34.039,-93.418,464.2,08040103,0,1,0.0
07362100,"Smackover Creek Near Smackover, Ar",33.376,-92.777,996.1,08040201,0,1,35.84
07362500,"Moro Creek Near Fordyce, Ar",33.792,-92.333,622.2,08040201,1,1,100.0
07362587,"Alum Fork Saline River Near Reform, Ar",34.798,-92.934,69.8,08040203,0,1,87.3
07362641,"Middle Fork Saline River Below Jessieville, Ar",34.699,-93.062,78.8,08040203,0,1,100.0
07362656,"Brushy Creek Near Jessieville, Ar",34.719,-92.993,47.1,08040203,0,1,100.0
07362693,"Middle Fork Saline River Near Owensville, Ar",34.631,-92.827,240.3,08040203,1,1,100.0
07363300,"Hurricane Cr Nr Sheridan, Ark",34.32,-92.345,529.6,08040203,1,1,99.21
07363400,"Hurricane Creek Below Sheridan, Ar",34.229,-92.373,676.4,08040203,5,1,100.0
07364300,"Chemin-A-Haut Bayou Near Beekman, La",32.982,-91.806,699.2,08040205,0,1,0.0
07364700,"Byu De Loutre Nr Laran, La",32.955,-92.5,404.6,08040202,0,1,0.0
07365800,Cornie Bayou Near Three Creeks,33.039,-92.938,465.9,08040206,0,1,100.0
07366200,"Little Corney Bayou Near Lillie, La",32.929,-92.633,437.8,08040206,0,1,0.0
07368500,"Big Colewa Byu Nr Oak Grove, La",32.799,-91.502,104.9,08050001,0,1,0.0
07369500,"Tensas River At Tendal, La",32.432,-91.367,721.0,08050003,0,1,12.07
07370500,"Castor Ck Nr Grayson, La",32.082,-92.207,663.4,08040302,0,1,0.0
07371500,"Dugdemona River Near Jonesboro, La",32.207,-92.802,920.0,08040303,2,1,100.0
07372500,"Byu Funny Louis Nr Trout, La",31.716,-92.222,231.2,08040304,0,1,0.0
07373000,"Big Creek At Pollock, La",31.536,-92.408,131.2,08040304,0,1,0.0
07373500,"West Fork Thompson Cr Nr Wakefield, La.",30.922,-91.293,92.5,08070201,0,1,0.0
07375000,"Tchefuncte River Near Folsom, La",30.616,-90.249,249.3,08090201,0,1,100.0
07375280,"Tangipahoa River At Osyka, Ms",31.012,-90.461,408.0,08070205,0,1,100.0
07375800,"Tickfaw River At Liverpool, La",30.931,-90.673,227.5,08070203,0,1,100.0
07375960,"Tickfaw River At Montpelier, La",30.686,-90.643,570.2,08070203,0,1,100.0
07376000,"Tickfaw River At Holden, La",30.504,-90.677,651.6,08070203,0,1,100.0
07376500,"Natalbany River At Baptist, La",30.504,-90.546,205.2,08070203,0,1,100.0
07377500,"Comite River Near Olive Branch, La",30.756,-91.044,389.6,08070202,0,1,17.4
07377782,"White Bayou Se Of Zachary, La",30.637,-91.128,117.6,08070202,0,1,100.0
07378000,"Comite River Near Comite, La",30.513,-91.074,739.2,08070202,1,1,23.08
07381800,"Spring Ck Nr Glenmora, La",31.0,-92.567,179.0,08080102,0,1,100.0
07382000,"Bayou Cocodrie Near Clearwater, La",31.0,-92.38,626.8,08080102,1,1,100.0
07385700,"Bayou Teche At Keystone L&D Nr St. Martinville, La",30.071,-91.829,181.1,08080102,11,1,94.74
07386500,"Byu Bourbeau @ Shuteston, La",30.428,-92.092,51.5,08080103,0,1,100.0
08010000,"Bayou Des Cannes Near Eunice, La",30.483,-92.491,368.8,08080201,2,1,100.0
08014800,"Bundick Creek Near Deridder, La",30.819,-93.231,310.6,08080204,1,1,100.0
08015000,"Bundick Ck Nr Dry Ck, La",30.682,-93.038,616.4,08080204,2,1,100.0
08016400,"Beckwith Ck Nr De Quincy, La",30.471,-93.36,388.7,08080205,0,1,100.0
08016800,"Bear Head Ck Nr Starks, La",30.333,-93.629,457.1,08080205,0,1,100.0
08017200,"Cowleech Fk Sabine Rv At Greenville, Tx",33.133,-96.077,210.4,12010001,0,1,97.64
08017300,"S Fk Sabine Rv Nr Quinlan, Tx",32.898,-96.253,201.5,12010001,2,1,100.0
08019500,"Big Sandy Ck Nr Big Sandy, Tx",32.604,-95.092,596.5,12010002,0,1,42.31
08022070,"Martin Ck Nr Tatum, Tx",32.296,-94.492,383.0,12010002,2,1,100.0
08022300,"Murvaul Bayou Nr Gary, Tx",32.048,-94.375,353.5,12010002,0,1,100.0
08023080,"Bayou Grand Cane Near Stanley, La",31.979,-93.934,187.6,12010004,0,1,100.0
08023200,"Tenaha Ck Nr Shelbyville, Tx",31.766,-94.084,253.2,12010004,0,1,70.15
08023400,"Bayou San Patricio Near Benson, La",31.875,-93.659,211.0,12010004,0,1,100.0
08025500,"Bayou Toro Near Toro, La",31.307,-93.516,383.0,12010005,0,1,78.02
08028000,"Bayou Anacoco Near Rosepine, La",30.953,-93.353,945.1,12010005,6,1,91.24
08028700,"Hoosier Ck Nr Merryville, La",30.726,-93.56,35.3,12010005,0,1,100.0
08029500,"Big Cow Ck Nr Newton, Tx",30.819,-93.786,333.4,12010005,0,1,100.0
08030000,"Cypress Ck Nr Buna, Tx",30.431,-93.908,166.3,12010005,3,1,100.0
08031000,"Cow Bayou Nr Mauriceville, Tx",30.186,-93.909,231.2,12010005,1,1,100.0
08031200,"Kickapoo Ck Nr Brownsboro, Tx",32.31,-95.606,601.6,12020001,0,1,12.91
08033300,"Piney Ck Nr Groveton, Tx",31.14,-95.087,207.4,12020002,0,1,0.0
08033900,"E Fk Angelina Rv Nr Cushing, Tx",31.86,-94.823,408.0,12020004,0,1,65.97
08034500,"Mud Ck Nr Jacksonville, Tx",31.977,-95.161,978.2,12020004,0,1,57.19
08037050,"Bayou Lanana At Nacogdoches, Tx",31.616,-94.641,80.9,12020005,4,1,100.0
08039100,"Ayish Bayou Nr San Augustine, Tx",31.396,-94.151,229.5,12020005,2,1,100.0
08041700,"Pine Island Bayou Nr Sour Lake, Tx",30.106,-94.335,964.5,12020007,1,1,100.0
08042700,"North Ck Nr Jacksboro, Tx",33.283,-98.298,62.4,12030101,0,1,100.0
08043950,"Big Sandy Ck Nr Chico, Tx",33.274,-97.679,794.4,12030101,4,1,100.0
08044000,"Big Sandy Ck Nr Bridgeport, Tx",33.232,-97.695,864.2,12030101,0,1,100.0
08044800,"Walnut Ck At Reno, Tx",32.946,-97.583,162.6,12030101,2,1,97.14
08046000,"Clear Fk Trinity Rv Nr Aledo, Tx",32.641,-97.564,650.1,12030102,4,1,96.17
08047050,"Marys Ck At Benbrook, Tx",32.695,-97.447,139.8,12030102,0,1,100.0
08048970,"Village Ck At Everman, Tx",32.603,-97.265,233.9,12030102,3,1,100.0
08049580,"Mountain Ck Nr Venus, Tx",32.491,-97.123,51.9,12030102,0,1,40.91
08049600,"Mountain Ck Nr Cedar Hill, Tx",32.584,-97.023,307.4,12030102,1,1,85.57
08049700,"Walnut Ck Nr Mansfield, Tx",32.581,-97.102,162.9,12030102,1,1,87.73
08050100,"Mountain Ck At Grand Prairie, Tx",32.748,-96.926,769.6,12030102,2,1,90.72
08050400,"Elm Fk Trinity Rv At Gainesville, Tx",33.624,-97.156,460.1,12030103,0,1,100.0
08050500,"Elm Fk Trinity Rv Nr Sanger, Tx",33.387,-97.085,988.1,12030103,4,1,100.0
08050800,"Timber Ck Nr Collinsville, Tx",33.555,-96.947,100.9,12030103,1,1,100.0
08050840,"Range Ck Nr Collinsville, Tx",33.526,-96.807,75.7,12030103,0,1,100.0
08051000,"Isle Du Bois Ck Nr Pilot Point, Tx",33.407,-97.013,690.1,12030103,5,1,100.0
08051500,"Clear Ck Nr Sanger, Tx",33.336,-97.179,763.4,12030103,0,1,100.0
08052700,"Little Elm Ck Nr Aubrey, Tx",33.283,-96.893,189.4,12030103,3,1,100.0
08052745,"Doe Br At Us Hwy 380 Nr Prosper, Tx",33.219,-96.892,100.0,12030103,0,1,100.0
08052780,"Hickory Ck At Denton, Tx",33.152,-97.142,334.1,12030103,4,1,100.0
08053009,"Indian Ck At Fm 2281, Carrollton, Tx",33.027,-96.917,35.5,12030103,1,1,100.0
08056500,"Turtle Ck At Dallas, Tx",32.807,-96.803,16.2,12030105,11,1,100.0
08057200,"White Rk Ck At Greenville Ave, Dallas, Tx",32.889,-96.757,173.0,12030105,8,1,100.0
08057445,"Prairie Ck At Us Hwy 175, Dallas, Tx",32.705,-96.67,23.2,12030105,0,1,100.0
08058500,"Honey Ck Nr Mckinney, Tx",33.278,-96.658,98.5,12030106,0,1,100.0
08058900,"E Fk Trinity Rv At Mckinney, Tx",33.244,-96.609,435.3,12030106,4,1,100.0
08059000,"E Fk Trinity Rv Nr Mckinney, Tx",33.204,-96.596,492.2,12030106,1,1,100.0
08059350,"Indian Ck At Sh 78 Nr Farmersville, Tx",33.225,-96.373,269.1,12030106,0,1,100.0
08059400,"Sister Grove Ck Nr Blue Ridge, Tx",33.295,-96.483,215.8,12030106,0,1,100.0
08059500,"Sister Grove Ck Nr Princeton, Tx",33.193,-96.476,292.3,12030106,0,1,100.0
08061540,"Rowlett Ck Nr Sachse, Tx",32.96,-96.614,310.6,12030106,12,1,100.0
08061700,"Duck Ck Nr Garland, Tx",32.833,-96.596,82.1,12030106,4,1,100.0
08062800,"Cedar Ck Nr Kemp, Tx",32.505,-96.116,489.9,12030107,0,1,99.17
08062895,"Kings Ck At Sh 34 Nr Kaufman, Tx",32.556,-96.339,580.3,12030107,8,1,100.0
08062900,"Kings Ck Nr Kaufman, Tx",32.513,-96.329,604.2,12030107,0,1,100.0
08063048,"White Rk Ck At Fm 308 Nr Irene, Tx",31.978,-96.873,170.5,12030108,0,1,100.0
08063100,"Richland Ck Nr Dawson, Tx",31.938,-96.681,863.0,12030108,2,1,100.0
08063800,"Waxahachie Ck Nr Bardwell, Tx",32.243,-96.64,452.5,12030109,4,1,100.0
08064700,"Tehuacana Ck Nr Streetman, Tx",31.848,-96.29,369.2,12030201,0,1,65.46
08064800,"Catfish Ck Nr Tennessee Colony, Tx",31.881,-95.869,533.2,12030201,0,1,0.0
08065200,"Upper Keechi Ck Nr Oakwood, Tx",31.57,-95.888,391.2,12030201,0,1,0.0
08065800,"Bedias Ck Nr Madisonville, Tx",30.885,-95.778,856.1,12030202,0,1,2.07
08066170,"Kickapoo Ck Nr Onalaska, Tx",30.907,-95.089,149.2,12030202,0,1,0.0
08066200,"Long King Ck At Livingston, Tx",30.716,-94.959,364.1,12030202,0,1,0.0
08066300,"Menard Ck Nr Rye, Tx",30.481,-94.78,383.6,12030202,1,1,100.0
08067500,"Cedar Bayou Nr Crosby, Tx",29.973,-94.986,176.1,12040203,0,1,100.0
08067525,"Goose Ck At Baytown, Tx",29.771,-95.0,35.1,12040104,0,1,100.0
08068275,"Spring Ck Nr Tomball, Tx",30.12,-95.646,483.0,12040102,0,1,63.82
08068325,"Willow Ck Nr Tomball, Tx",30.105,-95.547,105.2,12040102,1,1,100.0
08068390,"Bear Br At Research Blvd, The Woodlands, Tx",30.191,-95.491,40.2,12040102,0,1,100.0
08068400,"Panther Br At Gosling Rd, The Woodlands, Tx",30.192,-95.484,67.0,12040102,0,1,100.0
08068450,"Panther Br Nr Spring, Tx",30.131,-95.481,88.3,12040102,0,1,100.0
08068720,"Cypress Ck At Katy-Hockley Rd Nr Hockley, Tx",29.95,-95.808,280.2,12040102,0,1,92.66
08068740,"Cypress Ck At House-Hahl Rd Nr Cypress, Tx",29.959,-95.718,331.9,12040102,0,1,100.0
08068780,"Little Cypress Ck Nr Cypress, Tx",30.016,-95.697,114.1,12040102,0,1,100.0
08068800,"Cypress Ck At Grant Rd Nr Cypress, Tx",29.974,-95.599,539.9,12040102,0,1,100.0
08069000,"Cypress Ck Nr Westfield, Tx",30.036,-95.429,726.4,12040102,1,1,97.25
08070000,"E Fk San Jacinto Rv Nr Cleveland, Tx",30.337,-95.104,841.1,12040103,0,1,30.66
08070200,"E Fk San Jacinto Rv Nr New Caney, Tx",30.145,-95.124,989.4,12040103,0,1,41.06
08070500,"Caney Ck Nr Splendora, Tx",30.26,-95.302,272.9,12040103,0,1,62.87
08071000,"Peach Ck At Splendora, Tx",30.233,-95.168,305.8,12040103,0,1,88.64
08071280,"Luce Bayou Abv Lk Houston Nr Huffman, Tx",30.11,-95.06,543.9,12040103,0,1,98.26
08072300,"Buffalo Bayou Nr Katy, Tx",29.743,-95.807,172.3,12040104,0,1,100.0
08072730,"Bear Ck Nr Barker, Tx",29.831,-95.687,59.6,12040104,0,1,100.0
08072760,"Langham Ck At W Little York Rd Nr Addicks, Tx",29.867,-95.647,49.0,12040104,0,1,100.0
08073500,"Buffalo Bayou Nr Addicks, Tx",29.762,-95.606,717.7,12040104,1,1,100.0
08073600,"Buffalo Bayou At W Belt Dr, Houston, Tx",29.762,-95.558,751.4,12040104,0,1,100.0
08073700,"Buffalo Bayou At Piney Point, Tx",29.747,-95.524,774.3,12040104,0,1,100.0
08074000,"Buffalo Bayou At Houston, Tx",29.76,-95.409,858.8,12040104,3,1,100.0
08074020,"Whiteoak Bayou At Alabonson Rd, Houston, Tx",29.871,-95.48,104.2,12040104,1,1,100.0
08074150,"Cole Ck At Deihl Rd, Houston, Tx",29.851,-95.488,22.6,12040104,0,1,100.0
08074500,"Whiteoak Bayou At Houston, Tx",29.775,-95.397,246.3,12040104,3,1,100.0
08074760,"Brays Bayou At Alief, Tx",29.709,-95.583,42.2,12040104,0,1,100.0
08074810,"Brays Bayou At Gessner Dr, Houston, Tx",29.673,-95.528,133.1,12040104,1,1,100.0
08075000,"Brays Bayou At Houston, Tx",29.697,-95.412,261.6,12040104,1,1,100.0
08075400,"Sims Bayou At Hiram Clarke St, Houston, Tx",29.619,-95.446,50.4,12040104,0,1,100.0
08075500,"Sims Bayou At Houston, Tx",29.674,-95.289,162.1,12040104,1,1,100.0
08075605,"Berry Bayou At Nevada St, Houston, Tx",29.657,-95.229,12.9,12040104,0,0,100.0
08075730,"Vince Bayou At Pasadena, Tx",29.695,-95.216,23.9,12040104,0,1,100.0
08075763,"Hunting Bayou At Hoffman St, Houston, Tx",29.809,-95.313,23.3,12040104,1,1,100.0
08075770,"Hunting Bayou At Ih 610, Houston, Tx",29.793,-95.268,47.6,12040104,0,1,100.0
08075900,"Greens Bayou Nr Us Hwy 75 Nr Houston, Tx",29.957,-95.418,83.3,12040104,0,1,100.0
08076000,"Greens Bayou Nr Houston, Tx",29.918,-95.307,154.4,12040104,1,1,100.0
08076180,"Garners Bayou Nr Humble, Tx",29.934,-95.234,73.0,12040104,1,1,100.0
08076500,"Halls Bayou At Houston, Tx",29.862,-95.335,74.6,12040104,5,1,100.0
08076997,"Clear Ck At Mykawa St Nr Pearland, Tx",29.597,-95.297,84.7,12040204,0,1,100.0
08077000,"Clear Ck Nr Pearland, Tx",29.597,-95.287,88.3,12040204,0,1,100.0
08078000,"Chocolate Bayou Nr Alvin, Tx",29.369,-95.321,221.6,12040204,0,1,99.06
08079000,"Oyster Ck Nr Angleton, Tx",29.159,-95.476,295.0,12040205,0,1,100.0
08081200,"Croton Ck Nr Jayton, Tx",33.288,-100.432,758.8,12050007,0,1,53.84
08081500,"Salt Croton Ck Nr Aspermont, Tx",33.401,-100.408,166.8,12050007,0,1,0.0
08082180,"N Croton Ck Nr Knox City, Tx",33.383,-100.081,649.1,12060101,0,1,100.0
08082700,"Millers Ck Nr Munday, Tx",33.329,-99.465,276.0,12060101,0,1,100.0
08083100,"Clear Fk Brazos Rv Nr Roby, Tx",32.788,-100.389,686.5,12060102,1,1,100.0
08083245,"Mulberry Ck Nr Hawley, Tx",32.568,-99.793,530.3,12060102,2,1,100.0
08083420,"Cat Claw Ck At Abilene, Tx",32.475,-99.749,32.1,12060102,4,1,100.0
08086050,"Deep Ck At Moran, Tx",32.559,-99.17,586.5,12060105,0,1,100.0
08086150,"N Fk Hubbard Ck Nr Albany, Tx",32.708,-99.275,105.6,12060105,0,1,100.0
08086290,"Big Sandy Ck Abv Breckenridge, Tx",32.648,-99.005,733.0,12060105,0,1,100.0
08088300,"Briar Ck Nr Graham, Tx",33.212,-98.619,65.5,12060201,0,1,100.0
08088450,"Big Cedar Ck Nr Ivan, Tx",32.828,-98.724,252.7,12060201,0,1,100.0
08091750,"Comanche Ck Nr Glen Rose, Tx",32.27,-97.733,181.9,12060202,2,1,100.0
08092000,"Nolan Rv At Blum, Tx",32.151,-97.403,731.8,12060202,4,1,100.0
08093360,"Aquilla Ck Abv Aquilla, Tx",31.895,-97.203,658.7,12060202,4,1,100.0
08093500,"Aquilla Ck Nr Aquilla, Tx",31.845,-97.201,796.1,12060202,0,1,100.0
08093700,"N Bosque Rv At Stephenville, Tx",32.216,-98.199,249.0,12060204,1,1,100.0
08094800,"N Bosque Rv At Hico, Tx",31.978,-98.035,931.3,12060204,1,1,100.0
08095300,"Middle Bosque Rv Nr Mcgregor, Tx",31.509,-97.366,469.7,12060203,1,1,100.0
08095400,"Hog Ck Nr Crawford, Tx",31.556,-97.356,203.9,12060203,1,1,100.0
08098300,"Little Pond Ck Nr Burlington, Tx",31.027,-96.988,60.0,12070101,0,1,100.0
08099300,"Sabana Rv Nr De Leon, Tx",32.114,-98.606,697.8,12070201,0,1,100.0
08103900,"S Fk Rocky Ck Nr Briggs, Tx",30.912,-98.037,86.0,12070203,0,1,100.0
08104700,"N Fk San Gabriel Rv Nr Georgetown, Tx",30.662,-97.711,643.9,12070205,0,1,100.0
08104900,"S Fk San Gabriel Rv At Georgetown, Tx",30.626,-97.691,342.6,12070205,5,1,100.0
08105095,"Berry Ck At Airport Rd Nr Georgetown, Tx",30.703,-97.666,207.4,12070205,0,1,100.0
08105100,"Berry Ck Nr Georgetown, Tx",30.691,-97.656,214.1,12070205,0,1,100.0
08109700,"Middle Yegua Ck Nr Dime Box, Tx",30.339,-96.905,610.1,12070102,0,1,100.0
08109800,"E Yegua Ck Nr Dime Box, Tx",30.407,-96.817,620.0,12070102,0,1,100.0
08110100,"Davidson Ck Nr Lyons, Tx",30.42,-96.54,504.2,12070102,1,1,100.0
08110325,"Navasota Rv Abv Groesbeck, Tx",31.574,-96.521,621.5,12070103,3,1,100.0
08110430,"Big Ck Nr Freestone, Tx",31.507,-96.325,252.1,12070103,0,1,54.62
08111700,"Mill Ck Nr Bellville, Tx",29.881,-96.205,976.1,12070104,5,1,100.0
08115000,"Big Ck Nr Needville, Tx",29.477,-95.813,116.7,12070104,0,1,47.22
08116400,"Dry Ck Nr Rosenberg, Tx",29.512,-95.747,24.6,12070104,0,1,100.0
08120500,"Deep Ck Nr Dunn, Tx",32.574,-100.908,529.7,12080002,6,1,100.0
08130500,"Dove Ck At Knickerbocker, Tx",31.274,-100.631,595.1,12090102,0,1,100.0
08131400,"Pecan Ck Nr San Angelo, Tx",31.309,-100.446,209.6,12090102,0,1,100.0
08133250,"N Concho Rv Abv Sterling City, Tx",31.897,-101.105,520.4,12090104,0,1,100.0
08133900,"Chalk Ck Nr Water Valley, Tx",31.647,-100.691,67.5,12090104,0,1,100.0
08134230,"Grape Ck Nr Grape Creek, Tx",31.575,-100.586,281.3,12090104,0,1,100.0
08139500,"Deep Ck Nr Mercury, Tx",31.402,-99.122,114.3,12090106,0,1,100.0
08140500,"Dry Prong Deep Ck Nr Mercury, Tx",31.403,-99.137,19.7,12090106,0,1,100.0
08141500,"Hords Ck Nr Valera, Tx",31.834,-99.535,139.8,12090108,1,1,100.0
08142000,"Hords Ck Nr Coleman, Tx",31.847,-99.424,277.3,12090108,0,1,100.0
08144800,"Brady Ck Nr Eden, Tx",31.184,-99.841,263.8,12090110,0,1,100.0
08150800,"Beaver Ck Nr Mason, Tx",30.644,-99.096,557.5,12090204,2,1,100.0
08152000,"Sandy Ck Nr Kingsland, Tx",30.558,-98.472,896.1,12090201,1,1,100.0
08152900,"Pedernales Rv Nr Fredericksburg, Tx",30.22,-98.87,957.0,12090206,3,1,100.0
08154700,"Bull Ck At Loop 360 Nr Austin, Tx",30.372,-97.785,58.7,12090205,2,1,100.0
08155200,"Barton Ck At Sh 71 Nr Oak Hill, Tx",30.296,-97.926,232.7,12090205,0,1,100.0
08155240,"Barton Ck At Lost Ck Blvd Nr Austin, Tx",30.274,-97.845,278.9,12090205,0,1,100.0
08155300,"Barton Ck At Loop 360, Austin, Tx",30.245,-97.802,303.0,12090205,0,1,100.0
08155400,"Barton Ck Abv Barton Spgs At Austin, Tx",30.264,-97.772,309.9,12090205,0,1,100.0
08155541,"W Bouldin Ck At Oltorf Rd, Austin, Tx",30.247,-97.769,4.6,12090205,1,1,100.0
08156675,"Shoal Ck At Silverway Dr, Austin, Tx",30.354,-97.739,14.5,12090205,1,1,100.0
08156800,"Shoal Ck At W 12Th St, Austin, Tx",30.277,-97.75,33.0,12090205,5,1,100.0
08156910,"Waller Ck At Koenig Lane, Austin, Tx",30.323,-97.723,2.8,12090205,0,1,100.0
08157000,"Waller Ck At 38Th St, Austin, Tx",30.297,-97.727,5.9,12090205,1,1,100.0
08157500,"Waller Ck At 23Rd St, Austin, Tx",30.286,-97.734,10.6,12090205,0,1,100.0
08158030,"Boggy Ck At Manor Rd, Austin, Tx",30.286,-97.709,4.3,12090205,0,1,100.0
08158035,"Boggy Ck At Webberville Rd, Austin, Tx",30.263,-97.713,8.9,12090205,0,1,100.0
08158045,"Ft Br Boggy Ck At Manor Rd, Austin, Tx",30.301,-97.686,3.8,12090205,0,1,100.0
08158200,"Walnut Ck At Dessau Rd, Austin, Tx",30.375,-97.661,68.6,12090205,2,1,100.0
08158380,"Little Walnut Ck At Georgian Dr, Austin, Tx",30.354,-97.698,13.5,12090205,0,1,100.0
08158600,"Walnut Ck At Webberville Rd, Austin, Tx",30.283,-97.655,134.6,12090205,0,1,100.0
08158700,"Onion Ck Nr Driftwood, Tx",30.083,-98.008,320.3,12090205,0,1,100.0
08158810,"Bear Ck Bl Fm 1826 Nr Driftwood, Tx",30.155,-97.94,31.8,12090205,1,1,100.0
08158819,"Bear Ck Nr Brodie Lane Nr Manchaca, Tx",30.144,-97.861,61.6,12090205,0,1,100.0
08158827,"Onion Ck At Twin Creeks Rd Nr Manchaca, Tx",30.126,-97.821,468.1,12090205,2,1,100.0
08158840,"Slaughter Ck At Fm 1826 Nr Austin, Tx",30.209,-97.903,22.7,12090205,0,1,100.0
08158860,"Slaughter Ck At Fm 2304 Nr Austin, Tx",30.162,-97.832,60.3,12090205,0,1,100.0
08158920,"Williamson Ck At Oak Hill, Tx",30.235,-97.86,16.2,12090205,0,1,100.0
08158927,"Kincheon Br At William Cannon Blvd, Austin, Tx",30.212,-97.829,18.2,12090205,2,1,100.0
08158930,"Williamson Ck At Manchaca Rd, Austin, Tx",30.221,-97.794,48.7,12090205,2,1,100.0
08158970,"Williamson Ck At Jimmy Clay Rd, Austin, Tx",30.189,-97.733,71.2,12090205,0,1,100.0
08159000,"Onion Ck At Us Hwy 183, Austin, Tx",30.178,-97.689,838.5,12090205,4,1,100.0
08160800,"Redgate Ck Nr Columbus, Tx",29.799,-96.532,44.6,12090301,0,1,3.45
08162600,"Tres Palacios Rv Nr Midfield, Tx",28.928,-96.171,408.3,12100401,0,1,97.01
08163500,"Lavaca Rv At Hallettsville, Tx",29.443,-96.945,264.3,12100101,2,1,100.0
08164300,"Navidad Rv Nr Hallettsville, Tx",29.467,-96.813,861.5,12100102,1,1,85.8
08164450,"Sandy Ck Nr Ganado, Tx",29.16,-96.546,764.4,12100102,0,1,0.0
08164503,"W Mustang Ck Nr Ganado, Tx",29.072,-96.467,444.9,12100102,0,1,0.0
08164504,"E Mustang Ck Nr Louise, Tx",29.071,-96.417,148.7,12100102,0,1,58.43
08164600,"Garcitas Ck Nr Inez, Tx",28.891,-96.819,253.9,12100402,0,1,0.0
08164800,"Placedo Ck Nr Placedo, Tx",28.725,-96.769,172.2,12100402,2,1,97.84
08165300,"N Fk Guadalupe Rv Nr Hunt, Tx",30.064,-99.387,436.0,12100201,2,1,99.77
08165500,"Guadalupe Rv At Hunt, Tx",30.07,-99.322,744.5,12100201,4,1,99.86
08166000,"Johnson Ck Nr Ingram, Tx",30.1,-99.283,294.5,12100201,0,1,100.0
08168797,"Dry Comal Ck At Loop 337 Nr New Braunfels, Tx",29.688,-98.155,278.1,12100202,2,1,100.0
08169000,"Comal Rv At New Braunfels, Tx",29.706,-98.123,342.0,12100202,1,1,100.0
08170500,"San Marcos Rv At San Marcos, Tx",29.889,-97.934,127.7,12100203,0,1,100.0
08171000,"Blanco Rv At Wimberley, Tx",29.994,-98.089,924.5,12100203,5,1,100.0
08172400,"Plum Ck At Lockhart, Tx",29.923,-97.679,289.1,12100203,0,1,100.0
08173000,"Plum Ck Nr Luling, Tx",29.7,-97.604,802.7,12100203,2,1,100.0
08176900,"Coleto Ck At Arnold Rd Crsg Nr Schroeder, Tx",28.862,-97.226,925.4,12100204,3,1,100.0
08177000,"Coleto Ck Nr Schroeder, Tx",28.832,-97.186,956.7,12100204,0,1,100.0
08177300,"Perdido Ck At Fm 622 Nr Fannin, Tx",28.752,-97.317,72.2,12100204,0,1,100.0
08177700,"Olmos Ck At Dresden Dr, San Antonio, Tx",29.499,-98.51,56.7,12100301,10,1,100.0
08178000,"San Antonio Rv At San Antonio, Tx",29.41,-98.495,109.9,12100301,1,1,100.0
08178565,"San Antonio Rv At Loop 410, San Antonio, Tx",29.322,-98.45,296.8,12100301,15,1,100.0
08178700,"Salado Ck At Loop 410, San Antonio, Tx",29.516,-98.431,349.8,12100301,10,1,100.0
08178800,"Salado Ck At Loop 13, San Antonio, Tx",29.357,-98.413,505.8,12100301,9,1,100.0
08178880,"Medina Rv At Bandera, Tx",29.724,-99.07,850.6,12100302,4,1,100.0
08179100,"Red Bluff Ck Nr Pipe Ck, Tx",29.681,-98.956,145.9,12100302,0,1,82.39
08181400,"Helotes Ck At Helotes, Tx",29.579,-98.692,38.8,12100302,0,1,100.0
08181480,"Leon Ck At Ih 35, San Antonio, Tx",29.33,-98.584,542.4,12100302,19,1,100.0
08183890,"Cibolo Ck At Cibolo Nature Cntr Nr Boerne, Tx",29.782,-98.713,145.4,12100304,0,1,42.86
08183900,"Cibolo Ck Nr Boerne, Tx",29.774,-98.698,176.6,12100304,0,1,40.82
08185000,"Cibolo Ck At Selma, Tx",29.594,-98.311,699.0,12100304,8,1,81.39
08185065,"Cibolo Ck Nr Saint Hedwig, Tx",29.501,-98.186,794.3,12100304,3,1,100.0
08185100,"Martinez Ck Nr Saint Hedwig, Tx",29.444,-98.169,210.5,12100304,4,1,100.0
08186500,"Ecleto Ck Nr Runge, Tx",28.92,-97.772,619.0,12100303,3,1,100.0
08189200,"Copano Ck Nr Refugio, Tx",28.304,-97.112,159.0,12100405,0,1,100.0
08189300,"Medio Ck Nr Beeville, Tx",28.483,-97.657,527.3,12100406,0,1,100.0
08189700,"Aransas Rv Nr Skidmore, Tx",28.283,-97.621,631.3,12100407,4,1,100.0
08189800,"Chiltipin Ck At Sinton, Tx",28.047,-97.504,359.2,12100407,5,1,100.0
08196000,"Dry Frio Rv Nr Reagan Wells, Tx",29.505,-99.781,327.0,12110106,0,1,70.76
08198000,"Sabinal Rv Nr Sabinal, Tx",29.491,-99.493,550.6,12110106,3,1,100.0
08198500,"Sabinal Rv At Sabinal, Tx",29.314,-99.48,624.3,12110106,0,1,98.6
08200000,"Hondo Ck Nr Tarpley, Tx",29.57,-99.247,249.1,12110107,0,1,100.0
08200700,"Hondo Ck At King Waterhole Nr Hondo, Tx",29.391,-99.151,388.0,12110107,0,1,100.0
08200720,"Hondo Ck At Sh 173 Nr Hondo, Tx",29.376,-99.117,406.1,12110107,0,1,100.0
08200977,"Middle Verde Ck At Sh 173 Nr Bandera, Tx",29.568,-99.097,100.7,12110107,0,1,100.0
08201500,"Seco Ck At Miller Rh Nr Utopia, Tx",29.573,-99.403,116.8,12110107,1,1,100.0
08202700,"Seco Ck At Rowe Rh Nr D'Hanis, Tx",29.371,-99.288,434.7,12110107,0,1,100.0
08204005,"Leona Rv Nr Uvalde, Tx",29.154,-99.743,339.4,12110106,3,1,100.0
08210400,"Lagarto Ck Nr George West, Tx",28.06,-98.097,401.7,12110111,0,1,100.0
08211520,"Oso Ck At Corpus Christi, Tx",27.711,-97.502,227.5,12110202,2,1,100.0
08211800,"San Diego Ck At Alice, Tx",27.767,-98.076,820.0,12110204,3,1,100.0
08213500,"Rio Grande At Thirtymile Bridge, Nr Creede, Co.",37.725,-107.256,417.3,13010001,0,1,44.88
08214500,"North Clear Creek Bl Continental Reservoir, Co.",37.888,-107.203,131.6,13010001,0,1,67.83
08216500,"Willow Creek At Creede, Co",37.856,-106.928,93.4,13010001,0,1,0.0
08218500,"Goose Creek At Wagonwheel Gap, Co.",37.752,-106.83,235.9,13010001,0,1,0.0
08219500,"South Fork Rio Grande At South Fork, Co",37.657,-106.649,545.9,13010001,0,1,0.0
08220500,"Pinos Creek Near Del Norte, Co.",37.592,-106.45,178.9,13010002,0,1,0.0
08224500,"Kerber Cr Abv Little Kerber Cr Nr Villa Grove, Co",38.22,-106.09,118.0,13010003,0,1,100.0
08227500,"North Crestone Creek Near Crestone, Co.",38.014,-105.693,33.3,13010003,0,1,60.0
08230500,"Carnero Creek Near La Garita, Co.",37.86,-106.319,272.9,13010004,0,1,0.0
08231000,"La Garita Creek Near La Garita, Co",37.813,-106.319,161.3,13010004,0,1,0.0
08236000,"Alamosa River Above Terrace Reservoir, Co.",37.375,-106.335,275.2,13010002,0,1,0.0
08238000,"La Jara Creek At Gallegos Ranch, Nr Capulin, Co.",37.209,-106.188,266.5,13010002,0,1,0.0
08240500,"Trinchera C Ab Turners Ranch, Nr Ft Garland, Co.",37.375,-105.295,136.9,13010002,0,1,27.14
08241500,"Sangre De Cristo Creek Near Fort Garland, Co.",37.425,-105.415,472.6,13010002,0,1,45.46
08242500,"Ute Creek Near Fort Garland, Co",37.447,-105.426,104.9,13010002,0,1,100.0
08245000,"Conejos River Below Platoro Reservoir, Co",37.355,-106.544,105.8,13010005,0,1,0.0
08246500,"Conejos River Near Mogote, Co.",37.054,-106.188,729.7,13010005,0,1,1.25
08247500,"San Antonio River At Ortiz, Co",36.993,-106.039,300.7,13010005,0,1,7.64
08248000,"Los Pinos River Near Ortiz, Co",36.982,-106.074,396.1,13010005,0,1,6.84
08248500,"San Antonio River At Mouth, Near Manassa, Co.",37.177,-105.878,983.4,13010005,0,1,0.0
08250000,"Culebra Creek At San Luis, Co",37.184,-105.426,649.8,13010002,0,1,100.0
08252500,"Costilla Creek Above Costilla Dam, Nm",36.898,-105.255,65.6,13020101,0,1,93.0
08253000,"Casias Creek Near Costilla, Nm",36.897,-105.26,48.9,13020101,0,1,88.89
08253500,"Santistevan Creek Near Costilla, Nm",36.884,-105.281,6.6,13020101,0,1,100.0
08254000,"Costilla Creek Below Costilla Dam, Nm",36.873,-105.284,142.6,13020101,0,1,100.0
08255500,"Costilla Creek Near Costilla, Nm",36.967,-105.507,565.8,13020101,0,1,46.69
08261000,"Costilla Creek Near Garcia, Co",36.989,-105.532,570.1,13020101,0,1,45.6
08263000,"Latir Creek Near Cerro, Nm",36.829,-105.548,28.6,13020101,0,1,54.54
08265000,"Red River Near Questa, Nm",36.703,-105.568,290.2,13020101,0,1,28.18
08266000,"Cabresto Creek Near Questa, Nm",36.731,-105.554,93.2,13020101,0,1,28.92
08266820,"Red River Below Fish Hatchery, Near Questa, Nm",36.682,-105.656,465.3,13020101,0,1,23.39
08267000,"Red River At Mouth, Near Questa, Nm",36.648,-105.693,487.6,13020101,0,1,13.73
08267500,"Rio Hondo Near Valdez, Nm",36.542,-105.556,96.3,13020101,0,1,54.39
08268500,"Arroyo Hondo At Arroyo Hondo, Nm",36.532,-105.686,173.3,13020101,0,1,0.0
08269000,"Rio Pueblo De Taos Near Taos, Nm",36.439,-105.504,163.3,13020101,0,1,52.94
08271000,"Rio Lucero Near Arroyo Seco, Nm",36.508,-105.531,43.8,13020101,0,1,40.0
08275300,"Rio Pueblo De Taos Near Ranchito, Nm",36.394,-105.624,487.2,13020101,0,1,39.62
08275500,"Rio Grande Del Rancho Near Talpa, Nm",36.298,-105.583,207.9,13020101,1,1,97.14
08275600,"Rio Chiquito Near Talpa, Nm",36.332,-105.579,98.5,13020101,0,1,50.0
08276300,"Rio Pueblo De Taos Below Los Cordovas, Nm",36.378,-105.669,995.2,13020101,0,1,55.18
08277470,"Rio Pueblo Nr Penasco, Nm",36.168,-105.603,258.0,13020101,1,1,83.41
08279000,"Embudo Creek At Dixon, Nm",36.211,-105.914,825.2,13020101,0,1,77.17
08284200,"Willow C Ab Heron Re Nr Los Ojos, Nm",36.743,-106.627,286.4,13020102,0,1,0.0
08291000,"Santa Cruz River Near Cundiyo, Nm",35.965,-105.904,238.8,13020101,0,1,46.69
08294195,"Rio Nambe Above Nambe Falls Dam Near Nambe, Nm",35.85,-105.894,78.6,13020101,0,1,14.03
08294210,"Rio Nambe Below Nambe Falls Dam Near Nambe, Nm",35.846,-105.905,87.4,13020101,0,1,100.0
08302500,"Tesuque Creek Above Diversions Near Santa Fe, Nm",35.74,-105.898,29.7,13020101,0,1,14.29
08305030,"Little Tesuque Cr At Bishops Lodge Nr Santa Fe, Nm",35.731,-105.911,20.0,13020101,0,1,100.0
08315480,"Santa Fe River Above Mcclure Res, Nr Santa Fe, Nm",35.689,-105.824,35.1,13020201,0,1,1.96
08316000,"Santa Fe River Near Santa Fe, Nm",35.687,-105.844,47.4,13020201,0,1,1.69
08317200,"Santa Fe River Above Cochiti Lake, Nm",35.547,-106.229,591.5,13020201,2,1,100.0
08321500,"Jemez R Bl East Fork Nr Jemez Springs, Nm",35.828,-106.648,449.2,13020202,0,1,39.68
08323000,"Rio Guadalupe At Box Canyon Near Jemez, Nm",35.731,-106.763,607.6,13020202,0,1,0.0
08329700,"Campus Wash At Albuquerque, Nm",35.094,-106.624,14.8,13020203,7,0,100.0
08329720,"Embudo Arroyo At Albuquerque, Nm",35.102,-106.493,11.4,13020203,0,0,100.0
08329840,"Hahn Arroyo In Albuquerque, Nm",35.126,-106.59,11.0,13020203,2,0,100.0
08329870,"Bear Arroyo At Jefferson St At Albq, Nm",35.151,-106.598,40.8,13020203,0,1,100.0
08329882,"Pino Arroyo At Jefferson St. At Albuquerque, Nm",35.159,-106.597,18.1,13020203,0,1,100.0
08330600,"Tijeras Arroyo Nr Albuquerque, Nm",35.002,-106.657,335.6,13020203,8,1,90.57
08341500,"Bluewater C B Bluewater Dam, Nm",35.304,-108.1,543.7,13020207,0,1,0.0
08343100,"Grants Canyon At Grants, Nm",35.161,-107.838,33.4,13020207,0,1,16.43
08365600,"Mckelligon Canyon At El Paso, Tx",31.822,-106.47,5.9,13040100,0,0,100.0
08376300,"Sanderson Ck At Sanderson, Tx",30.129,-102.385,567.6,13040208,0,1,0.0
08377900,"Rio Mora Near Terrero, Nm",35.777,-105.658,139.0,13060001,0,1,50.0
08378500,"Pecos River Near Pecos, Nm",35.708,-105.683,445.0,13060001,0,1,27.68
08380500,"Gallinas Creek Near Montezuma, Nm",35.652,-105.319,198.1,13060001,3,1,100.0
08382730,"Los Esteros Creek Above Santa Rosa Lake, Nm",35.095,-104.664,175.4,13060001,0,1,100.0
08386505,"Rio Ruidoso At Ruidoso, Nm",33.337,-105.726,49.0,13060008,3,1,100.0
08387000,"Rio Ruidoso At Hollywood, Nm",33.327,-105.628,311.4,13060008,0,1,0.0
08387600,"Eagle Creek Below South Fork Near Alto, Nm",33.393,-105.723,21.2,13060008,0,1,100.0
08400000,"Fourmile Draw Nr Lakewood, Nm",32.672,-104.369,893.1,13060011,0,1,0.0
08401200,"South Seven Rivers Nr Lakewood, Nm",32.589,-104.421,534.0,13060011,0,1,0.0
08401900,"Rocky Arroyo At Hwy Brd Nr Carlsbad, Nm",32.507,-104.375,754.7,13060011,0,1,0.0
08405105,"Dark Canyon Draw Near Whites City, Nm",32.29,-104.349,843.2,13060011,0,1,0.0
08405500,"Black River Above Malaga, Nm",32.229,-104.151,961.8,13060011,0,1,0.0
08431700,"Limpia Ck Abv Ft Davis, Tx",30.613,-104.002,137.6,13070005,0,1,0.0
08477000,"Mimbres River Near Mimbres, Nm",32.875,-107.985,401.6,13030202,3,1,89.43
08477110,"Mimbres River At Mimbres, Nm",32.855,-107.974,485.5,13030202,1,1,90.89
08481500,"Tularosa Creek Near Bent, Nm",33.145,-105.898,336.1,13050003,7,1,100.0
09010500,"Colorado River Below Baker Gulch Nr Grand Lake, Co",40.326,-105.857,163.0,14010001,0,1,0.0
09011000,"Colorado River Near Grand Lake, Co.",40.219,-105.858,263.8,14010001,0,1,0.0
09016500,"Arapaho Creek At Monarch Lake Outlet, Co",40.112,-105.75,124.3,14010001,0,1,55.32
09019000,"Colorado River Below Lake Granby, Co.",40.144,-105.867,802.1,14010001,0,1,0.0
09019500,"Colorado River Near Granby, Co",40.121,-105.901,835.7,14010001,0,1,0.0
09021000,"Willow Creek Below Willow Creek Reservoir, Co.",40.146,-105.94,347.2,14010001,0,1,0.0
09022000,"Fraser River At Upper Sta, Near Winter Park, Co.",39.846,-105.752,27.3,14010001,0,1,100.0
09024000,"Fraser River At Winter Park, Co.",39.9,-105.777,71.6,14010001,0,1,100.0
09025000,"Vasquez Creek At Winter Park, Co",39.92,-105.785,73.8,14010001,0,1,100.0
09025300,"Elk Creek At Upper Station, Near Fraser, Co",39.889,-105.833,5.9,14010001,0,1,100.0
09025400,"Elk Creek Near Fraser, Co.",39.919,-105.826,18.1,14010001,0,1,100.0
09026500,"St. Louis Creek Near Fraser, Co.",39.91,-105.878,85.3,14010001,0,1,12.5
09032000,"Ranch Creek Near Fraser, Co.",39.95,-105.766,51.8,14010001,0,1,100.0
09032100,"Cabin Creek Near Fraser, Co.",39.986,-105.745,12.4,14010001,0,1,100.0
09033300,Fraser River Blw Crooked Cr At Tabernash Co,40.006,-105.848,580.6,14010001,0,1,0.0
09034900,"Bobtail Creek Near Jones Pass, Co",39.76,-105.906,15.6,14010001,0,1,100.0
09035500,"Williams Fork Below Steelman Creek, Co.",39.779,-105.928,42.8,14010001,0,1,100.0
09035700,"Williams Fork Above Darling Creek, Near Leal, Co",39.797,-106.026,91.5,14010001,0,1,0.0
09035800,"Darling Creek Near Leal, Co.",39.801,-106.026,22.9,14010001,0,1,0.0
09035900,"South Fork Of Williams Fork Near Leal, Co",39.796,-106.031,72.8,14010001,0,1,0.0
09036000,"Williams Fork Near Leal, Co.",39.834,-106.056,231.9,14010001,0,1,0.0
09037500,"Williams Fork Near Parshall, Co",40.0,-106.18,479.5,14010001,0,1,34.31
09038500,"Williams Fork Below Williams Fork Reservoir, Co",40.035,-106.205,595.2,14010001,0,1,30.32
09039000,"Troublesome Creek Near Pearmont, Co.",40.217,-106.313,115.6,14010001,0,1,11.57
09040000,"East Fork Troublesome C Near Troublesome, Co.",40.157,-106.283,196.7,14010001,0,1,3.39
09041000,"Muddy Creek Near Kremmling, Co.",40.294,-106.484,227.5,14010001,0,1,0.0
09041090,"Muddy Creek Above Antelope Creek Nr. Kremmling, Co",40.202,-106.423,375.5,14010001,0,1,6.59
09041400,"Muddy Crk Blw Wolford Mtn Reser. Nr Kremmling, Co",40.109,-106.414,700.9,14010001,0,1,7.81
09046490,"Blue River At Blue River, Co.",39.456,-106.032,110.1,14010002,0,1,26.09
09046600,"Blue River Near Dillon, Co",39.567,-106.049,319.6,14010002,0,1,0.0
09047500,"Snake River Near Montezuma, Co",39.606,-105.943,150.2,14010002,0,1,82.58
09047700,"Keystone Gulch Near Dillon, Co.",39.594,-105.973,23.6,14010002,0,1,68.0
09050100,"Tenmile Creek Bl North Tenmile C, At Frisco, Co.",39.575,-106.111,224.3,14010002,0,1,0.0
09050700,"Blue River Below Dillon, Co.",39.626,-106.066,851.6,14010002,0,1,0.0
09051050,"Straight Cr Blw Laskey Gulch Nr Dillon, Co",39.64,-106.04,48.3,14010002,0,1,64.91
09052000,"Rock Creek Near Dillon, Co.",39.723,-106.129,41.0,14010002,0,1,9.76
09052400,"Boulder Creek At Upper Station, Near Dillon, Co.",39.728,-106.173,22.5,14010002,0,1,0.0
09052800,"Slate Creek At Upper Station, Near Dillon, Co.",39.763,-106.193,36.5,14010002,0,1,0.0
09054000,"Black Creek Below Black Lake, Near Dillon, Co.",39.799,-106.268,39.4,14010002,0,1,0.0
09055300,"Cataract Creek Near Kremmling, Co.",39.835,-106.316,31.2,14010002,0,1,0.0
09058500,"Piney River Below Piney Lake, Near Minturn, Co.",39.708,-106.427,33.2,14010001,0,1,1.72
09058610,"Dickson Creek Near Vail, Co",39.704,-106.458,8.6,14010001,0,1,0.0
09058700,"Freeman Creek Near Minturn, Co.",39.698,-106.446,7.6,14010001,0,1,0.0
09058800,East Meadow Creek Near Minturn Co.,39.732,-106.427,9.2,14010001,0,1,0.0
09059500,"Piney River Near State Bridge, Co",39.8,-106.584,241.8,14010001,0,1,0.35
09060500,"Rock Creek Near Toponas, Co.",40.041,-106.656,124.1,14010001,0,1,0.0
09063000,"Eagle River At Red Cliff, Co.",39.508,-106.367,195.3,14010003,0,1,20.18
09063200,"Wearyman Creek Near Red Cliff, Co.",39.522,-106.324,24.9,14010003,0,1,0.0
09063400,"Turkey Creek Near Red Cliff, Co",39.523,-106.336,61.8,14010003,0,1,0.0
09063900,"Missouri Creek Near Gold Park, Co.",39.39,-106.47,16.8,14010003,0,1,90.48
09064000,"Homestake Creek At Gold Park, Co.",39.406,-106.433,95.4,14010003,0,1,75.96
09064500,"Homestake Creek Near Red Cliff, Co.",39.473,-106.368,151.3,14010003,0,1,0.0
09064600,"Eagle River Near Minturn, Co",39.554,-106.403,478.8,14010003,0,1,29.26
09065100,"Cross Creek Near Minturn, Co",39.568,-106.413,88.7,14010003,0,1,0.0
09065500,"Gore Creek At Upper Station, Near Minturn, Co.",39.626,-106.278,37.8,14010003,0,1,26.47
09066000,"Black Gore Creek Near Minturn, Co.",39.596,-106.265,32.4,14010003,0,1,24.32
09066100,"Bighorn Creek Near Minturn, Co",39.64,-106.293,11.8,14010003,0,1,26.36
09066150,"Pitkin Creek Near Minturn, Co.",39.644,-106.303,14.0,14010003,0,1,21.83
09066200,"Booth Creek Near Minturn, Co.",39.648,-106.323,16.1,14010003,0,1,19.02
09066300,"Middle Creek Near Minturn, Co.",39.646,-106.382,15.5,14010003,0,1,14.22
09066325,"Gore Creek Abv Red Sandstone Creek At Vail, Co",39.641,-106.395,199.2,14010003,0,1,0.0
09066400,"Red Sandstone Creek Near Minturn, Co.",39.683,-106.401,19.0,14010003,0,1,0.0
09066510,"Gore Creek At Mouth Near Minturn, Co",39.609,-106.448,263.4,14010003,0,1,0.0
09067000,"Beaver Creek At Avon, Co",39.63,-106.523,38.4,14010003,0,1,0.0
09067200,"Lake Creek Near Edwards, Co",39.647,-106.609,120.8,14010003,0,1,23.36
09068000,"Brush Creek Near Eagle, Co.",39.557,-106.763,185.2,14010003,0,1,23.94
09071300,"Grizzly Creek Near Glenwood Springs, Co.",39.717,-107.31,17.4,14010001,0,1,100.0
09072550,"Roaring Fork River Abv Lost Man Cr Near Aspen, Co",39.12,-106.625,24.0,14010004,0,1,87.5
09073005,"Lincoln Creek Below Grizzly Reservoir Nr Aspen, Co",39.08,-106.616,39.3,14010004,0,1,0.0
09073300,"Roaring Fork River Ab Difficult C Nr Aspen, Co.",39.141,-106.774,196.7,14010004,0,1,83.33
09073400,"Roaring Fork River Near Aspen, Co.",39.18,-106.802,276.9,14010004,0,1,44.88
09074000,"Hunter Creek Near Aspen, Co",39.206,-106.798,109.6,14010004,0,1,0.0
09074800,"Castle Creek Above Aspen, Co.",39.087,-106.812,82.8,14010004,0,1,0.0
09075700,"Maroon Creek Above Aspen, Co.",39.124,-106.905,92.1,14010004,0,1,12.12
09078000,"Fryingpan River At Norrie, Co.",39.331,-106.658,230.8,14010004,0,1,0.0
09078500,"North Fork Fryingpan River Near Norrie, Co.",39.343,-106.666,107.9,14010004,0,1,56.52
09078600,"Fryingpan River Near Thomasville, Co.",39.345,-106.674,344.7,14010004,0,1,56.52
09080400,"Fryingpan River Near Ruedi, Co.",39.366,-106.826,612.9,14010004,0,1,50.22
09081600,"Crystal River Abv Avalanche Crk, Near Redstone, Co",39.232,-107.227,432.9,14010004,0,1,0.0
09083800,"Crystal River Below Carbondale, Co",39.408,-107.23,904.3,14010004,0,1,71.88
09089500,"West Divide Creek Near Raven, Co",39.331,-107.58,166.4,14010005,0,1,50.0
09092500,"Beaver Creek Near Rifle, Co.",39.472,-107.833,31.1,14010005,0,1,0.0
09093000,Parachute Creek Near Parachute Co.,39.567,-108.111,364.1,14010005,0,1,91.22
09096500,"Plateau Creek Near Collbran, Co.",39.251,-107.841,208.4,14010005,0,1,100.0
09097500,"Buzzard Creek Near Collbran, Co",39.272,-107.851,369.3,14010005,0,1,94.92
09097900,"Plateau Creek Below Collbran, Co",39.24,-107.971,848.3,14010005,0,1,84.22
09107000,"Taylor River At Taylor Park, Co.",38.86,-106.567,331.6,14020001,0,1,23.53
09109000,"Taylor River Below Taylor Park Reservoir, Co.",38.818,-106.609,659.8,14020001,0,1,20.14
09112200,"East River Below Cement Creek Nr Crested Butte, Co",38.784,-106.871,638.3,14020001,0,1,0.0
09112500,"East River At Almont, Co",38.664,-106.848,749.0,14020001,0,1,0.0
09113980,"Ohio Creek Above Mouth Nr Gunnison, Co",38.588,-106.931,415.9,14020002,0,1,0.0
09115500,"Tomichi Creek At Sargents, Co",38.412,-106.423,384.9,14020003,0,1,66.67
09118450,"Cochetopa Creek Below Rock Creek Near Parlin, Co",38.336,-106.772,864.5,14020003,0,1,10.96
09124500,"Lake Fork At Gateview, Co.",38.299,-107.23,879.2,14020002,0,1,65.02
09125000,"Curecanti Creek Near Sapinero, Co.",38.488,-107.415,90.7,14020002,0,1,70.67
09126000,"Cimarron River Near Cimarron, Co",38.257,-107.547,173.2,14020002,0,1,100.0
09128500,"Smith Fork Near Crawford, Co.",38.728,-107.507,111.9,14020002,0,1,15.33
09132940,"Hubbard Creek Above Iron Point Gulch Nr Bowie, Co",38.982,-107.532,126.0,14020004,0,1,23.84
09132960,"Hubbard Creek At Highway 133 At Mouth Nr Bowie, Co",38.926,-107.518,150.2,14020004,0,1,22.61
09132985,"E Fork Terror Cr Blw Cottonwood Stomp Nr Bowie, Co",38.965,-107.567,12.5,14020004,0,1,0.0
09132995,"Terror Creek At Mouth Near Bowie, Co",38.904,-107.562,76.6,14020004,0,1,0.0
09134000,"Minnesota Creek Near Paonia, Co.",38.87,-107.504,105.6,14020004,0,1,0.0
09135900,"Leroux Creek At Hotchkiss, Co.",38.798,-107.732,172.6,14020004,0,1,34.93
09143000,"Surface Creek Near Cedaredge, Co",38.985,-107.855,70.7,14020005,0,1,78.75
09143500,"Surface Creek At Cedaredge, Co.",38.902,-107.921,109.0,14020005,0,1,0.0
09144200,"Tongue Creek At Cory, Co",38.788,-107.995,519.1,14020005,0,1,0.0
09146020,"Uncompahgre River Near Ouray, Co",38.043,-107.683,199.1,14020006,0,1,81.43
09146200,"Uncompahgre River Near Ridgway, Co.",38.184,-107.746,384.2,14020006,0,1,0.0
09147000,"Dallas Creek Near Ridgway, Co",38.178,-107.758,252.1,14020006,0,1,36.53
09147025,"Uncompahgre River Below Ridgway Reservoir, Co",38.241,-107.76,685.2,14020006,0,1,0.0
09152000,"Kannah Creek Near Whitewater, Co.",38.962,-108.23,151.4,14020005,0,1,90.65
09153290,"Reed Wash Near Mack, Co.",39.211,-108.804,47.1,14010005,0,1,0.0
09165000,"Dolores River Below Rico, Co.",37.639,-108.06,273.5,14030002,0,1,46.13
09166950,"Lost Canyon Creek Near Dolores, Co.",37.446,-108.469,179.4,14030002,0,1,0.0
09168100,"Disappointment Creek Near Dove Creek, Co.",37.877,-108.583,381.4,14030002,0,1,1.1
09172500,"San Miguel River Near Placerville, Co",38.042,-108.132,802.0,14030003,0,1,50.0
09173000,"Beaver Creek Near Norwood, Co.",37.97,-108.196,105.6,14030003,0,1,0.0
09182000,"Castle Creek Above Diversions, Near Moab, Utah",38.593,-109.266,22.6,14030005,0,1,41.18
09182400,"Castle Creek Below Castle Valley Near Moab, Ut",38.674,-109.45,137.6,14030005,0,1,0.0
09183000,"Courthouse Wash Near Moab, Utah",38.613,-109.58,420.1,14030005,0,1,0.0
09183500,"Mill Creek At Sheley Tunnel, Near Moab, Ut",38.483,-109.404,74.3,14030005,0,1,0.0
09183600,"Mill Creek Below Sheley Tunnel, Near Moab, Ut",38.486,-109.411,75.3,14030005,0,1,0.0
09184000,"Mill Creek Near Moab, Ut",38.562,-109.514,182.1,14030005,0,1,0.0
09185500,"Hatch Wash Near La Sal, Utah",38.243,-109.44,961.9,14030005,0,1,0.0
09186500,"Indian C Ab Cottonwood Creek, Nr Monticello, Ut",37.972,-109.519,79.3,14030005,0,1,0.0
09189500,"Horse Creek At Sherman Ranger Station, Wy",42.944,-110.385,112.4,14040101,0,1,0.0
09193000,"New Fork River Bl New Fork Lake, Near Cora, Wy",43.079,-109.995,92.0,14040102,0,1,14.52
09196500,"Pine Creek Above Fremont Lake, Wy",43.031,-109.77,194.9,14040102,0,1,59.63
09197000,"Pine Creek Below Fremont Lake, Wy",42.895,-109.844,261.2,14040102,0,1,42.07
09198500,"Pole Cr Bl Little Half Moon Lake, Nr Pinedale, Wy",42.881,-109.712,213.7,14040102,0,1,0.0
09199500,"Falls Creek Near Pinedale, Wy",42.856,-109.721,101.1,14040102,0,1,0.0
09202000,"Boulder Creek Bl Boulder Lake, Nr Boulder, Wy",42.819,-109.717,353.6,14040102,0,1,54.47
09203000,"East Fork River Near Big Sandy, Wy",42.672,-109.422,216.3,14040102,0,1,17.37
09204000,"Silver Creek Near Big Sandy, Wy",42.744,-109.511,116.0,14040102,0,1,36.36
09205500,"North Piney Creek Near Mason, Wy",42.658,-110.342,164.0,14040101,0,1,0.0
09208000,"La Barge Creek Nr La Barge Meadows Ranger Sta, Wy",42.507,-110.675,17.1,14040101,0,1,0.0
09210500,"Fontenelle C Nr Herschler Ranch, Nr Fontenelle, Wy",42.096,-110.417,398.3,14040101,0,1,1.57
09212500,"Big Sandy R At Leckie Ranch, Nr Big Sandy, Wy",42.571,-109.283,243.3,14040104,0,1,0.0
09213500,"Big Sandy River Near Farson, Wy",42.317,-109.486,836.4,14040104,0,1,0.0
09214000,"Little Sandy Creek Near Elkhorn, Wy",42.534,-109.205,52.6,14040104,0,1,0.0
09214500,"Little Sandy Creek Above Eden, Wy",42.237,-109.313,363.9,14040104,0,1,0.0
09217900,"Blacks Fork Near Robertson, Wy",40.959,-110.58,326.8,14040107,0,1,60.44
09218500,"Blacks Fork Near Millburne, Wy",41.032,-110.579,356.7,14040107,0,1,0.0
09220000,"East Fork Smiths Fork Near Robertson, Wy",41.054,-110.398,143.4,14040107,0,1,40.29
09220500,"West Fork Smiths Fork Near Robertson, Wy",41.022,-110.479,98.7,14040107,0,1,18.75
09223000,"Hams Fork Below Pole Creek, Near Frontier, Wy",42.11,-110.71,333.2,14040107,0,1,10.47
09223385,"Hams Fork Below Viva Naughton Reservoir, Wy",41.963,-110.66,605.9,14040107,0,1,11.18
09223500,"Hams Fork Near Frontier, Wy",41.857,-110.563,783.2,14040107,0,1,0.0
09226000,"Henrys Fork Near Lonetree, Wy",41.006,-110.271,147.1,14040106,0,1,37.17
09226500,"Middle Fork Beaver Creek Near Lonetree, Wyo.",40.944,-110.179,73.9,14040106,0,1,0.0
09228500,"Burnt Fork Near Burntfork, Wy",40.946,-110.066,139.2,14040106,0,1,26.77
09230300,"Birch Spring Draw At Fgnra Boundary Nr Manila, Ut",40.99,-109.655,58.9,14040106,0,1,0.0
09235600,"Pot Creek Above Diversions, Near Vernal, Utah",40.768,-109.319,64.0,14040106,0,1,0.0
09235800,"Pot Creek Near Vernal, Utah",40.674,-109.052,277.6,14040106,0,1,0.0
09236000,"Bear River Near Toponas, Co",40.044,-107.072,57.7,14050001,0,1,75.34
09237450,"Yampa River Above Stagecoach Reservoir, Co",40.269,-106.881,529.2,14050001,0,1,13.26
09237500,"Yampa River Below Stagecoach Reservoir, Co",40.285,-106.831,583.0,14050001,0,1,11.91
09238900,"Fish Cr At Upper Sta Nr Steamboat Springs, Co",40.475,-106.787,67.8,14050001,0,1,0.0
09241000,"Elk River At Clark, Co.",40.717,-106.916,560.7,14050001,0,1,0.0
09243700,"Middle Creek Near Oak Creek, Co",40.386,-106.993,61.1,14050001,0,1,0.0
09243800,"Foidel Creek Near Oak Creek, Co",40.346,-107.085,22.4,14050001,0,1,0.0
09243900,"Foidel Creek At Mouth Near Oak Creek, Co",40.39,-106.995,45.1,14050001,0,1,0.0
09245000,"Elkhead Creek Near Elkhead, Co.",40.67,-107.285,173.8,14050001,0,1,0.0
09246200,"Elkhead Creek Above Long Gulch, Near Hayden, Co",40.592,-107.321,444.1,14050001,0,1,0.0
09246500,"Elkhead Creek Near Craig, Co",40.531,-107.436,587.2,14050001,0,1,0.0
09250000,"Milk Creek Near Thornburgh, Co.",40.194,-107.732,164.4,14050002,0,1,0.0
09253000,"Little Snake River Near Slater, Co",40.999,-107.143,649.6,14050003,0,1,0.0
09255000,"Slater Fork Near Slater, Co",40.982,-107.383,387.9,14050003,0,1,0.0
09256000,"Savery Creek Near Savery, Wy",41.098,-107.382,855.4,14050003,0,1,0.0
09258000,"Willow Creek Near Dixon, Wy",40.916,-107.522,63.8,14050003,0,1,0.0
09261700,"Big Brush Crk Abv Red Fleet Res, Nr Vernal, Ut",40.589,-109.465,200.2,14060010,0,1,0.0
09262000,"Big Brush Creek Near Vernal,Utah",40.582,-109.435,216.9,14060010,0,1,0.0
09266500,"Ashley Creek Near Vernal, Ut",40.577,-109.622,262.7,14060010,0,1,0.0
09268000,"Dry Fork Above Sinks, Near Dry Fork, Utah",40.626,-109.82,115.4,14060010,0,1,0.0
09268500,"North Fork Of Dry Fork Near Dry Fork, Utah",40.643,-109.811,22.8,14060010,0,1,0.0
09268900,"Brownie Canyon Above Sinks, Nr Dry Fork, Utah",40.659,-109.751,19.4,14060010,0,1,0.0
09270500,"Dry Fork At Mouth Near Dry Fork, Utah",40.526,-109.606,300.0,14060010,0,1,0.0
09271500,"Ashley Creek Near Jensen, Utah",40.375,-109.408,983.2,14060010,0,1,0.0
09275000,"W F Duchesne River Bl Dry Hollow Nr Hanna, Ut",40.449,-110.976,113.5,14060003,0,1,100.0
09275500,"West Fork Duchesne River Near Hanna, Ut",40.45,-110.884,159.9,14060003,0,1,100.0
09276000,"Wolf Creek Above Rhoades Canyon Near Hanna, Ut",40.471,-110.919,27.7,14060003,0,1,100.0
09277500,"Duchesne River Near Tabiona, Ut",40.3,-110.602,923.8,14060003,0,1,0.0
09277800,"Rock Creek Above South Fork, Near Hanna, Ut",40.557,-110.698,256.6,14060003,0,1,13.59
09278000,"South Fork Rock Creek Near Hanna,Utah",40.548,-110.694,38.3,14060003,0,1,14.51
09278500,"Rock Creek Near Hanna, Utah",40.546,-110.656,313.7,14060003,0,1,15.66
09279000,"Rock Creek Near Mountain Home, Ut",40.493,-110.578,379.2,14060003,0,1,14.56
09279100,"Rock Creek Near Talmage, Ut",40.311,-110.494,611.0,14060003,0,1,0.0
09280400,Hobble Creek At Daniels Summit Near Wallsburg Ut,40.298,-111.265,7.7,16020203,0,1,100.0
09285000,"Strawberry River Near Soldier Springs, Ut",40.133,-111.025,552.3,14060004,0,1,57.37
09285900,"Strawberry River At Pinnacles Near Fruitland, Ut",40.127,-110.742,964.1,14060004,0,1,32.02
09287000,"Currant C Bl Red Ledge Hollow Nr Fruitland, Ut",40.324,-111.046,128.1,14060004,0,1,100.0
09287500,"Water Hollow Nr Fruitland, Utah",40.242,-110.981,35.8,14060004,0,1,0.0
09288000,"Currant Creek Near Fruitland, Ut",40.2,-110.908,363.6,14060004,0,1,58.06
09288150,"W F Avintaquin Creek Nr Fruitland, Utah",39.993,-110.815,145.5,14060004,0,1,0.0
09288900,"Sowers Creek Near Duchesne, Utah",39.989,-110.46,105.1,14060003,0,1,0.0
09289500,"Lake Fork River Ab Moon Lake, Nr Mountain Home, Ut",40.607,-110.527,201.5,14060003,0,1,0.0
09291000,"Lake Fork River Bl Moon Lake Nr Mountain Home, Ut",40.556,-110.485,297.0,14060003,0,1,0.0
09292000,"Yellowstone R @ Bridge Cmpgrnd Nr Altonah, Ut",40.546,-110.334,275.1,14060003,0,1,0.0
09292500,"Yellowstone River Near Altonah, Ut",40.512,-110.342,325.7,14060003,0,1,7.42
09296800,"Uinta R Blw Powerplant Diversion, Nr Neola, Ut",40.591,-110.114,404.2,14060003,0,1,0.0
09297000,"Uinta River Near Neola, Utah",40.536,-110.063,423.5,14060003,0,1,0.0
09298000,"Farm Creek Near Whiterocks, Utah",40.567,-109.962,38.3,14060003,0,1,0.0
09299500,"Whiterocks River Near Whiterocks, Ut",40.594,-109.932,298.3,14060003,0,1,22.73
09302450,"Lost Creek Near Buford, Co.",40.05,-107.469,56.1,14050005,0,1,0.0
09303000,"North Fork White River At Buford, Co",39.987,-107.615,671.2,14050005,0,1,37.84
09303300,"South Fork White River At Budges Resort, Co.",39.843,-107.335,136.8,14050005,0,1,100.0
09303500,"South Fork White River Near Buford, Co.",39.922,-107.552,398.6,14050005,0,1,85.24
09304000,"South Fork White River At Buford, Co.",39.974,-107.625,462.3,14050005,0,1,54.36
09306007,"Piceance Creek Below Rio Blanco, Co.",39.826,-108.183,459.7,14050006,0,1,59.65
09306242,"Corral Gulch Near Rangely, Co",39.92,-108.473,82.0,14050006,0,1,0.0
09306255,"Yellow Creek Near White River, Co.",40.169,-108.401,678.7,14050006,0,1,2.69
09307500,"Willow Creek Above Diversions Near Ouray, Utah",39.566,-109.587,775.0,14060006,0,1,0.0
09308500,"Minnie Maud Creek Nr Myton, Utah",39.799,-110.566,82.4,14060005,0,1,0.0
09310000,"Gooseberry Creek Near Scofield, Ut",39.716,-111.3,43.7,14060007,0,1,0.0
09310500,"Fish Creek Above Reservoir, Near Scofield, Ut",39.774,-111.191,148.2,14060007,0,1,0.43
09310700,"Mud Crk Bl Winter Quarters Cyn @ Scofield, Ut",39.722,-111.161,70.6,14060007,0,1,0.0
09311500,"Price River Near Scofield, Utah",39.787,-111.12,392.6,14060007,0,1,0.21
09312600,"White R Bl Tabbyune Crk Nr Soldier Summit, Ut",39.876,-111.037,195.3,14060007,0,1,5.8
09312700,"Beaver Creek Near Soldier Summit, Utah",39.831,-110.969,68.0,14060007,0,1,0.0
09312800,"Willow Creek Near Castle Gate, Utah",39.777,-110.792,162.5,14060007,0,1,0.0
09315500,"Saleratus Wash At Green River, Utah",38.981,-110.247,485.9,14060008,0,1,0.0
09318000,"Huntington Creek Nr Huntington, Utah",39.371,-111.064,487.3,14060009,0,1,0.0
09324500,"Cottonwood Creek Near Orangeville, Utah",39.267,-111.13,537.1,14060009,0,1,0.0
09326500,"Ferron Creek (Upper Station) Near Ferron, Ut",39.104,-111.217,358.7,14060009,0,1,0.0
09329050,"Seven Mile Creek Near Fish Lake, Ut",38.628,-111.648,63.4,14070003,0,1,0.0
09330500,"Muddy Creek Near Emery, Ut",38.982,-111.249,271.2,14070002,0,1,0.0
09334000,"North Wash Near Hanksville (Hite), Utah",37.899,-110.449,353.0,14070001,0,1,0.0
09334500,White Canyon Near Hanksville Utah,37.799,-110.377,717.6,14070001,0,1,0.0
09337000,"Pine Creek Near Escalante, Ut",37.862,-111.636,175.0,14070005,0,1,21.57
09337500,"Escalante River Near Escalante, Ut",37.778,-111.575,826.4,14070005,0,1,17.88
09338000,"East Fork Boulder Creek Near Boulder, Utah",38.042,-111.45,52.9,14070005,0,1,65.39
09339900,"Ef San Juan R Ab Sand Creek, Nr Pagosa Spgs, Co.",37.39,-106.841,169.9,14080101,0,1,0.0
09340000,"East Fork San Juan River Nr Pagosa Springs, Co",37.369,-106.892,236.3,14080101,0,1,0.0
09342500,"San Juan River At Pagosa Springs, Co",37.266,-107.011,726.9,14080101,0,1,0.0
09343000,"Rio Blanco Near Pagosa Springs, Co.",37.213,-106.794,149.9,14080101,0,1,0.0
09343300,"Rio Blanco Bel Blanco Divn Dam, Nr Pagosa Spgs, Co",37.204,-106.811,177.8,14080101,0,1,0.0
09344000,"Navajo R At Banded Peak Ranch, Near Chromo, Co.",37.085,-106.689,178.4,14080101,0,1,0.0
09344400,"Navajo River Bl Oso Diversion Dam Nr Chromo, Co.",37.03,-106.738,252.2,14080101,0,1,3.76
09345200,"Little Navajo Riv Bel L Oso Div Dam, Nr Chromo, Co",37.076,-106.811,34.9,14080101,0,1,4.08
09346000,"Navajo River At Edith, Co.",37.003,-106.908,456.4,14080101,0,1,2.21
09346050,"Navajo River Near Dulce, Nm",36.962,-106.978,598.2,14080101,0,1,0.0
09349500,"Piedra River Near Piedra, Co.",37.222,-107.343,957.8,14080102,0,1,0.29
09352900,"Vallecito Creek Near Bayfield, Co.",37.478,-107.544,188.2,14080101,0,1,18.39
09353500,"Los Pinos River Near Bayfield, Co.",37.383,-107.578,656.3,14080101,0,1,0.0
09353800,"Los Pinos River Near Ignacio, Co",37.166,-107.582,880.8,14080101,0,1,0.0
09355000,"Spring Creek At La Boca, Co",37.011,-107.597,151.2,14080101,0,1,3.93
09357500,"Animas River At Howardsville, Co.",37.833,-107.6,148.7,14080104,0,1,66.67
09358000,"Animas River At Silverton, Co.",37.811,-107.659,182.5,14080104,0,1,0.0
09358550,"Cement Creek At Silverton, Co",37.82,-107.664,52.1,14080104,0,1,0.0
09359010,"Mineral Creek At Silverton, Co",37.803,-107.673,136.1,14080104,0,1,78.36
09359020,"Animas River Below Silverton, Co",37.79,-107.668,378.2,14080104,0,1,50.0
09359500,"Animas River At Tall Timber Resort Above Tacoma,Co",37.57,-107.781,930.1,14080104,0,1,58.3
09361000,"Hermosa Creek Near Hermosa, Co.",37.422,-107.845,436.5,14080104,0,1,0.0
09363100,"Salt Creek Near Oxford, Co.",37.14,-107.753,46.6,14080104,0,1,0.0
09363200,"Florida River At Bondad, Co.",37.057,-107.87,571.8,14080104,0,1,19.23
09365500,"La Plata River At Hesperus, Co",37.29,-108.041,84.1,14080105,0,1,0.0
09366500,La Plata River At Colorado-New Mexico State Line,37.0,-108.189,800.8,14080105,0,1,0.0
09367000,"La Plata River At La Plata, Nm",36.931,-108.185,854.8,14080105,0,1,0.0
09370600,"Mancos River At Anitas Flat Below Mancos, Co",37.252,-108.358,414.8,14080107,0,1,0.0
09371492,"Mud Creek At State Highway 32, Near Cortez, Co.",37.313,-108.661,87.3,14080202,0,1,0.0
09371520,"Mcelmo Creek Above Trail Canyon Near Cortez, Co",37.327,-108.701,607.0,14080202,0,1,0.0
09372000,Mcelmo Creek Near Colorado-Utah State Line,37.324,-109.016,897.1,14080202,0,1,0.0
09372400,"North Creek Near Monticello, Ut",37.877,-109.446,7.2,14080203,0,1,0.0
09378170,"South Creek Above Reservoir Near Monticello, Ut",37.847,-109.37,21.9,14080203,0,1,0.0
09378630,"Recapture Creek Near Blanding, Ut",37.756,-109.477,10.4,14080201,0,1,0.0
09378700,Cottonwood Wash Nr Blanding Utah,37.561,-109.579,527.7,14080201,0,1,0.0
09383400,"Little Colorado River At Greer, Az",34.017,-109.457,76.9,15020001,0,1,0.0
09383430,"Little Colorado River At Springerville, Az",34.133,-109.296,390.3,15020001,0,1,0.0
09383500,"Nutrioso Creek Abv Nelson Res Nr Springerville, Az",34.03,-109.186,222.8,15020001,0,1,0.0
09383570,"Nutrioso Creek At Springerville, Az",34.139,-109.271,433.4,15020001,0,1,0.0
09386900,"Rio Nutria Near Ramah, Nm",35.283,-108.553,184.9,15020004,0,1,0.0
09390500,"Show Low Creek Near Lakeside, Az",34.179,-109.988,177.7,15020005,0,1,32.04
09392000,"Show Low Cr Bl Jaques Dam, Nr Show Low, Az",34.196,-110.004,181.5,15020005,0,1,0.0
09397500,"Chevelon Fork Below Wildcat Canyon, Nr Winslow, Az",34.636,-110.714,703.3,15020010,0,1,100.0
09398500,"Clear Creek Below Willow Creek, N Winslow, Az.",34.668,-111.008,823.4,15020008,0,1,100.0
09399400,"Jacks Canyon Creek Near Winslow, Az",34.921,-110.798,703.3,15020008,3,1,100.0
09403000,"Bright Angel Creek Near Grand Canyon, Ariz.",36.103,-112.096,260.8,15010001,0,1,0.0
09403600,"Kanab Creek Near Kanab, Ut",37.101,-112.548,502.8,15010003,0,1,13.93
09404208,"Diamond Creek Near Peach Springs, Az",35.765,-113.368,779.0,15010002,0,1,0.0
09404222,"Spencer Creek Near Peach Springs, Az",35.801,-113.659,665.3,15010005,0,1,90.87
09404343,"Truxton Wash Near Valentine, Az",35.384,-113.658,908.9,15010007,0,1,64.92
09404450,"East Fork Virgin River Near Glendale, Ut",37.339,-112.604,193.0,15010008,0,1,0.0
09404900,"East Fork Virgin River Near Springdale, Ut",37.164,-112.959,887.6,15010008,0,1,14.06
09405500,"North Fork Virgin River Near Springdale, Ut",37.21,-112.979,896.9,15010008,0,1,46.15
09406300,"Kanarra Creek At Kanarraville, Utah",37.538,-113.169,25.8,15010008,0,0,70.0
09408000,"Leeds Creek Near Leeds, Ut",37.267,-113.371,39.9,15010008,0,1,15.39
09408400,"Santa Clara River Near Pine Valley, Ut",37.383,-113.483,48.7,15010008,0,1,0.0
09409100,"Santa Clara River Abv Baker Res, Nr Central, Ut",37.385,-113.632,284.1,15010008,0,1,0.0
09409880,"Santa Clara River At Gunlock, Ut",37.282,-113.767,694.7,15010008,0,1,14.69
09410000,"Santa Clara River Ab Winsor Dam Nr Santa Clara, Ut",37.218,-113.777,858.4,15010008,0,1,12.35
09410100,"Santa Clara Riv Blw Winsor Dam, Nr Santa Clara, Ut",37.189,-113.768,970.7,15010008,0,1,0.0
09413900,"Beaver Dam Wash Near Enterprise, Ut",37.47,-114.047,150.3,15010010,0,1,0.0
09415460,"White Rv Nr Red Mtn Nr Preston, Nv",38.935,-115.298,73.2,15010011,0,1,0.0
09415515,"Water Cyn Ck Nr Preston, Nv",38.988,-114.958,27.4,15010011,0,1,0.0
09417500,"Meadow Valley Wash At Eagle Cyn Nr Ursine, Nv",38.004,-114.207,748.5,15010013,0,1,0.0
09418200,"Mathews Cyn Wash Nr Caliente, Nv",37.499,-114.223,82.9,15010013,0,1,0.0
09418300,"Pine Cyn Wash Nr Caliente, Nv",37.478,-114.307,88.8,15010013,0,1,0.0
09419610,"Lee Cyn Nr Charleston Park, Nv",36.34,-115.652,24.0,15010015,0,1,50.0
09419696,"Duck Ck At Broadbent Blvd At E Las Vegas, Nv",36.091,-115.024,870.7,15010015,0,1,49.44
09423350,Caruthers C Nr Ivanpah Ca,35.245,-115.299,2.2,15030102,0,1,100.0
09430600,"Mogollon Creek Near Cliff, Nm",33.167,-108.65,190.5,15040001,0,1,0.0
09442680,"San Francisco River Near Reserve, Nm",33.737,-108.771,859.2,15040004,0,1,0.0
09442692,"Tularosa River Above Aragon, Nm",33.891,-108.516,247.8,15040004,0,1,0.0
09447800,"Bonita Creek Near Morenci, Az.",32.956,-109.531,782.0,15040005,0,1,0.0
09460150,"Frye Creek Near Thatcher, Az",32.744,-109.838,10.5,15040005,0,1,100.0
09470700,"Banning Creek Near Bisbee, Az",31.503,-110.005,23.0,15050202,0,1,4.0
09470750,"Ramsey Canyon Near Sierra Vista, Az",31.447,-110.306,10.8,15050202,0,1,100.0
09470800,"Garden Canyon Near Fort Huachuca, Az",31.473,-110.348,22.2,15050202,0,1,100.0
09471310,"Huachuca Canyon Near Fort Huachuca, Az",31.518,-110.387,10.7,15050202,0,1,100.0
09471380,"Upper Babocomari River Near Huachuca City, Az",31.635,-110.425,403.4,15050202,1,1,100.0
09471400,"Babocomari River Near Tombstone, Az",31.7,-110.226,794.3,15050202,1,1,94.04
09478500,"Queen Creek Below Whitlow Dam Nr Superior, Az.",33.299,-111.278,370.6,15050100,2,1,100.0
09480000,"Santa Cruz River Near Lochiel, Az",31.355,-110.59,213.4,15050301,0,1,100.0
09481500,"Sonoita Creek Near Patagonia, Ariz.",31.5,-110.818,540.4,15050301,2,1,80.51
09483000,"Tucson Arroyo At Vine Ave, At Tucson, Az.",32.217,-110.949,19.9,15050301,3,1,100.0
09484000,"Sabino Creek Near Tucson, Az",32.317,-110.81,103.7,15050302,1,1,100.0
09484500,"Tanque Verde Creek At Tucson, Az.",32.265,-110.841,568.3,15050302,11,1,81.71
09484550,"Cienega Creek Near Sonoita, Az.",31.866,-110.57,514.2,15050302,1,1,95.4
09484580,"Barrel Canyon Near Sonoita, Az",31.862,-110.691,37.3,15050302,0,1,100.0
09485000,"Rincon Creek Near Tucson, Az.",32.13,-110.626,115.5,15050302,0,1,95.97
09486350,"Canada Del Oro Blw Ina Road, Near Tucson, Az.",32.336,-111.042,675.3,15050301,0,1,0.0
09486590,"Arivaca Creek Near Arivaca, Az",31.572,-111.332,99.6,15050304,0,1,0.0
09489100,"Black River Near Maverick, Ariz.",33.708,-109.447,813.5,15060101,0,1,5.61
09489200,"Pacheta Creek At Maverick, Az",33.74,-109.541,42.5,15060101,0,1,0.0
09489700,"Big Bonito C Nr Fort Apache, Ariz.",33.667,-109.847,296.1,15060101,0,1,13.49
09491000,"North Fork White R Near Mcnary, Ariz.",34.046,-109.738,202.1,15060102,0,1,56.42
09492400,"East Fork White River Near Fort Apache, Az.",33.822,-109.815,129.0,15060102,0,1,0.0
09496000,"Corduroy Creek Near Mouth Near Show Low, Az",34.018,-110.242,533.7,15060104,0,1,0.0
09497700,"Cibecue Creek Near Overgaard, Az",34.157,-110.511,79.4,15060103,0,1,100.0
09497800,"Cibecue Creek Near Chrysotile, Az",33.843,-110.558,750.9,15060103,0,1,57.08
09497980,"Cherry Creek Near Globe, Az",33.828,-110.856,516.8,15060103,0,1,70.83
09498400,"Pinal Creek At Inspiration Dam, Nr Globe, Az.",33.573,-110.901,505.7,15060103,0,1,68.39
09498501,"Pinto Creek Blw Haunted Canyon Nr Miami, Az",33.419,-111.01,94.4,15060103,0,1,100.0
09498502,"Pinto Creek Near Miami, Az",33.488,-110.995,266.5,15060103,0,1,90.57
09498503,"South Fork Parker Creek Near Roosevelt, Az",33.797,-110.96,2.9,15060103,0,1,100.0
09502800,"Williamson Valley Wash Near Paulden, Az",34.867,-112.613,660.3,15060201,0,1,0.0
09502960,"Granite Creek At Prescott, Az",34.552,-112.462,75.0,15060202,6,1,100.0
09503000,"Granite Creek Near Prescott, Az",34.563,-112.445,94.1,15060202,0,1,0.0
09503300,"Granite Creek Below Watson Lake Near Prescott, Az",34.614,-112.417,126.5,15060202,0,1,60.71
09504420,"Oak Creek Near Sedona, Az",34.862,-111.762,602.6,15060202,0,1,0.0
09504500,"Oak Creek Near Cornville, Az",34.764,-111.891,918.9,15060202,0,1,0.0
09505200,"Wet Beaver Creek Near Rimrock, Az",34.675,-111.672,285.7,15060202,1,1,100.0
09505250,"Red Tank Draw Near Rimrock, Az",34.695,-111.714,132.3,15060202,0,1,0.0
09505300,"Rattlesnake Canyon Near Rimrock, Az",34.767,-111.674,65.1,15060202,1,1,100.0
09505350,"Dry Beaver Creek Near Rimrock, Az",34.729,-111.776,365.7,15060202,0,1,85.47
09505800,"West Clear Creek Near Camp Verde, Az",34.539,-111.694,614.9,15060203,0,1,98.46
09507980,"East Verde River Near Childs, Az",34.276,-111.639,843.9,15060203,0,1,16.67
09508300,"Wet Bottom Creek Near Childs, Az",34.161,-111.693,93.0,15060203,0,1,100.0
09510100,"East Fork Sycamore Creek Near Sunflower, Ariz.",33.949,-111.462,11.7,15060203,0,1,100.0
09510200,"Sycamore Creek Near Fort Mcdowell, Az",33.694,-111.542,425.3,15060203,3,1,100.0
09512100,Indian Bend Wash At Scottsdale Ariz,33.539,-111.917,327.9,15060106,1,0,98.1
09512200,"Salt River Trib. In South Mntn Park Nr Phoenix, Az",33.347,-112.085,4.6,15060106,127,0,100.0
09512280,"Cave Creek Blw Cottonwood Cr Near Cave Creek, Az.",33.887,-111.954,188.7,15070102,3,1,100.0
09512400,"Cave Creek At Phoenix, Ariz.",33.582,-112.113,640.6,15070102,32,1,100.0
09512450,"Agua Fria River Near Humboldt, Az",34.485,-112.237,428.0,15070102,0,1,40.16
09513780,"New River Near Rock Springs, Az.",33.974,-112.099,177.5,15070102,1,1,100.0
09513800,"New River At New River, Ariz.",33.911,-112.141,222.0,15070102,1,1,100.0
09513835,"New River At Bell Road, Near Peoria, Ariz.",33.638,-112.24,474.6,15070102,6,1,100.0
09513860,"Skunk Creek Near Phoenix, Az",33.729,-112.12,170.1,15070102,16,1,100.0
09537200,"Leslie Creek Near Mcneal, Az.",31.59,-109.509,204.1,15080301,0,1,0.0
10011200,"West Fork Bear River At Whitney Dam, Nr Oakley, Ut",40.842,-110.927,17.2,16010101,0,1,0.0
10011500,Bear River Near Utah-Wyoming State Line,40.965,-110.854,445.6,16010101,0,1,100.0
10015700,"Sulphur Cr Ab Res,Bl La Chapelle Cr,Nr Evanston,Wy",41.129,-110.807,159.8,16010101,0,1,0.0
10015900,"Sulphur Creek Bl Reservoir, Nr Evanston, Wy",41.156,-110.835,175.0,16010101,0,1,7.69
10017000,"Yellow Creek Near Evanston, Wy",41.144,-111.054,205.0,16010101,0,1,20.51
10021000,"Woodruff Creek Near Woodruff, Utah",41.482,-111.267,159.2,16010101,0,1,0.0
10023000,"Big Creek Near Randolph, Ut",41.61,-111.254,131.5,16010101,0,1,0.0
10032000,"Smiths Fork Near Border, Wy",42.293,-110.872,424.3,16010102,0,1,0.0
10041000,Thomas Fork Near Wyoming-Idaho State Line,42.403,-111.026,293.1,16010102,0,1,0.0
10047500,"Montpelier Cr At Irrig. Weir, Nr Montpelier, Id",42.33,-111.237,131.2,16010201,0,1,0.0
10058600,Bloomington Creek At Bloomington Id,42.185,-111.426,63.0,16010201,0,1,91.72
10093000,Cub River Nr Preston Id,42.141,-111.689,77.5,16010202,0,1,100.0
10104700,Little Bear R Bl Davenport C Nr Avon Ut,41.512,-111.812,162.6,16010203,0,1,100.0
10104900,East Fk Lt Bear Riv Ab Resv Nr Avon Utah,41.518,-111.714,147.3,16010203,0,1,19.53
10105900,"Little Bear River At Paradise, Ut",41.575,-111.855,530.1,16010203,0,1,44.51
10106000,"Little Bear River Near Paradise, Utah",41.59,-111.854,533.6,16010203,0,1,100.0
10107500,"Little Bear River Near Hyrum, Utah",41.633,-111.884,565.6,16010203,0,1,100.0
10109000,"Logan River Above State Dam, Near Logan, Ut",41.743,-111.783,555.6,16010203,0,1,69.87
10109001,Com F Logan R Ab St D And Cache Hl Can Nr Logan Ut,41.744,-111.784,555.6,16010203,0,1,69.87
10113500,"Blacksmith Fork Ab Up And L Co.'S Dam Nr Hyrum, Ut",41.624,-111.739,681.6,16010203,0,1,58.29
10119000,Little Malad River Ab Elkhorn Res Nr Malad City Id,42.336,-112.44,278.7,16010204,0,1,58.46
10128500,"Weber River Near Oakley, Ut",40.737,-111.248,420.4,16020101,0,1,13.88
10129300,"Weber River Near Peoa, Utah",40.751,-111.37,764.7,16020101,0,1,46.32
10129500,"Weber River Near Wanship, Ut",40.793,-111.405,847.1,16020101,0,1,51.91
10129900,"Silver Creek Near Silver Creek Junction, Ut",40.735,-111.476,41.1,16020101,0,1,100.0
10131000,"Chalk Creek At Coalville, Ut",40.921,-111.402,661.0,16020101,0,1,0.0
10132500,"Lost Creek Near Croydon, Utah",41.176,-111.406,319.2,16020101,0,1,66.57
10133600,"Mcleod Creek Near Park City, Ut",40.687,-111.534,22.4,16020102,0,1,100.0
10133650,"E Canyon Cr Bl I-80 Rest Stop Nr Park City, Ut",40.724,-111.52,89.6,16020102,0,1,100.0
10133800,"East Canyon Creek Near Jeremy Ranch, Ut",40.76,-111.564,147.8,16020102,0,1,100.0
10133980,"East Canyon Creek Ab East Cyn Res Nr Morgan, Utah",40.871,-111.585,285.2,16020102,0,1,81.41
10134500,"East Canyon Creek Near Morgan, Ut",40.922,-111.607,374.5,16020102,0,1,76.81
10135000,"Hardscrabble Creek Near Porterville, Utah",40.954,-111.717,73.6,16020102,0,1,68.61
10137500,"South Fork Ogden River Near Huntsville, Ut",41.269,-111.674,356.3,16020102,0,1,100.0
10139300,"Wheeler Creek Near Huntsville, Utah",41.254,-111.843,28.8,16020102,0,1,74.4
10140100,"Ogden River Bl Pineview Res Nr Huntsville, Ut",41.254,-111.856,822.8,16020102,0,1,74.6
10142000,"Farmington Cr Abv Div Nr Farmington, Utah",41.001,-111.873,25.9,16020102,0,0,78.95
10143500,"Centerville Creek Abv Div Nr Centerville, Ut",40.916,-111.863,8.1,16020102,1,0,90.0
10146000,"Salt Creek At Nephi, Ut",39.713,-111.804,248.1,16020201,0,1,5.75
10146400,"Currant Creek Near Mona, Ut",39.802,-111.863,586.7,16020201,0,1,0.0
10148200,"Tie Fork Near Soldier Summit, Ut",39.95,-111.217,50.7,16020202,0,1,0.92
10149000,"Sixth Water Crk Ab Syar Tun Nr Springville, Ut",40.118,-111.315,39.7,16020202,0,1,66.67
10149400,"Diamond Fork Abv Red Hollow Nr Thistle, Ut",40.076,-111.383,251.6,16020202,0,1,36.54
10149500,"Diamond Fork Below Red Hollow, Near Thistle, Ut",40.079,-111.41,277.0,16020202,0,1,32.66
10152500,Hobble Cr Nr Springville Utah,40.158,-111.527,275.4,16020202,0,1,33.55
10153100,"Hobble Creek At 1650 West At Springville, Utah",40.179,-111.639,340.5,16020202,0,1,0.0
10153800,"North Fork Provo River Near Kamas, Ut",40.597,-111.097,63.6,16020203,0,1,78.6
10154200,"Provo River Near Woodland, Ut",40.558,-111.169,419.9,16020203,0,1,86.29
10155000,"Provo River Near Hailstone, Ut",40.601,-111.332,568.4,16020203,0,1,100.0
10155200,"Provo Riv At Riv Road Bridge Nr Heber City, Ut",40.554,-111.433,670.0,16020203,0,1,91.5
10156000,"Snake Creek Near Charleston, Ut",40.485,-111.467,83.3,16020203,0,1,71.43
10157500,"Daniels Creek At Charleston, Ut",40.461,-111.473,128.3,16020203,0,1,100.0
10164500,"American Fk Ab Upper Powerplant Nr American Fk, Ut",40.448,-111.682,132.3,16020201,0,1,53.47
10166430,"West Canyon Creek Near Cedar Fort, Ut",40.405,-112.1,70.2,16020201,0,1,100.0
10168000,Little Cottonwood Creek @ Jordan River Nr Slc,40.664,-111.902,116.9,16020204,0,1,0.0
10168500,Big Cottonwood Cr Nr Salt Lake City Utah,40.619,-111.782,129.4,16020204,0,1,29.25
10172200,"Red Butte Creek At Fort Douglas, Near Slc, Ut",40.78,-111.806,18.7,16020204,0,0,70.83
10172700,"Vernon Creek Near Vernon, Ut",39.979,-112.38,69.9,16020304,0,1,17.91
10172800,"South Willow Creek Near Grantsville, Ut",40.496,-112.574,11.1,16020304,0,1,85.71
10172860,"Warm Creek Near Gandy, Ut",39.46,-114.024,74.6,16020301,0,0,0.0
10172870,"Trout Creek Near Callao, Ut",39.744,-113.89,21.3,16020306,0,1,0.0
10172875,"Granite Creek Near Callao, Ut",39.778,-113.862,22.5,16020306,0,1,9.68
10172952,"Dunn Creek Near Park Valley, Ut",41.859,-113.327,22.5,16020308,0,1,90.48
10173450,"Mammoth Creek Abv West Hatch Ditch, Near Hatch, Ut",37.623,-112.517,268.5,16030001,0,1,100.0
10174500,"Sevier River At Hatch, Ut",37.651,-112.43,872.7,16030001,0,1,87.11
10183900,"East Fork Sevier River Near Rubys Inn, Ut",37.576,-112.266,185.2,16030002,0,1,100.0
10194200,"Clear Creek Above Diversions, Near Sevier, Ut",38.579,-112.29,425.8,16030003,0,1,0.0
10205030,"Salina Creek Near Emery, Ut",38.912,-111.53,134.6,16030003,0,1,0.0
10206000,"Salina Creek At Salina, Ut",38.957,-111.867,779.0,16030003,0,1,0.0
10208500,"Oak Creek Nr. Fairview, Utah",39.674,-111.409,30.9,16030004,0,1,0.0
10210000,"Pleasant Creek Near Mount Pleasant, Utah",39.543,-111.384,42.9,16030004,0,1,0.0
10215700,"Oak Creek Near Spring City, Ut",39.448,-111.425,21.7,16030004,0,1,0.0
10215900,"Manti Creek Blw Dugway Creek, Nr Manti, Ut",39.259,-111.58,68.6,16030004,0,1,0.0
10216400,"Twelvemile Creek Near Mayfield, Utah",39.101,-111.646,156.8,16030004,0,1,0.0
10219200,"Chicken Creek Near Levan, Ut",39.552,-111.83,72.4,16030005,0,1,0.0
10224100,"Oak Creek Above Little Creek, Near Oak City, Ut",39.356,-112.233,14.6,16030005,0,1,0.0
10232500,Chalk Creek Near Fillmore Utah,38.964,-112.308,149.4,16030005,0,1,0.0
10234500,"Beaver River Near Beaver, Ut",38.281,-112.568,236.4,16030007,0,1,51.06
10237000,"Beaver River At Adamsville, Ut",38.254,-112.766,780.3,16030007,0,1,18.88
10241400,"Little Creek Near Paragonah, Utah",37.906,-112.709,41.4,16030006,0,1,83.33
10241470,"Center Creek Abv Parowan Creek, Near Parowan, Utah",37.793,-112.816,34.2,16030006,0,1,78.79
10241600,"Summit Creek Near Summit, Utah",37.787,-112.916,62.7,16030006,0,1,83.33
10242000,"Coal Creek Near Cedar City, Ut",37.672,-113.035,208.7,16030006,2,1,0.0
10243260,"Lehman Ck Nr Baker, Nv",39.012,-114.214,28.4,16020301,0,1,0.0
10243700,"Cleve Ck Nr Ely, Nv",39.217,-114.53,83.5,16060008,0,1,0.0
10244950,"Steptoe Ck Nr Ely, Nv",39.202,-114.689,28.2,16060008,0,1,0.0
10245445,"Illipah Ck Nr Hamilton, Nv",39.318,-115.395,79.3,16060007,0,1,0.0
10245800,"Newark Valley Trib Nr Hamilton, Nv",39.417,-115.632,378.5,16060006,0,1,0.0
10245900,"Pine Ck Nr Belmont, Nv",38.794,-116.855,31.4,16060005,0,1,0.0
10245910,"Mosquito Ck Nr Belmont, Nv",38.806,-116.68,38.8,16060005,0,1,0.0
10246846,"L Currant Ck Nr Currant, Nv",38.847,-115.368,34.0,16060012,0,1,0.0
10249280,"Kingston Ck Blw Cougar Cyn Nr Austin, Nv",39.212,-117.113,60.4,16060004,0,1,0.0
10249300,"S Twin Rv Nr Round Mountain, Nv",38.887,-117.245,50.2,16060004,0,1,0.0
10249900,"Chiatovich Ck Nr Dyer, Nv",37.832,-118.2,95.0,16060010,0,1,0.0
10250800,Darwin Wash Nr Darwin Ca,36.32,-117.524,452.6,18090204,0,1,0.0
10255700,San Felipe C Nr Julian Ca,33.119,-116.435,255.3,18100203,0,1,75.37
10255800,Coyote C Nr Borrego Springs Ca,33.374,-116.428,391.4,18100203,0,1,20.85
10255810,Borrego Palm C Nr Borrego Springs Ca,33.279,-116.43,56.5,18100203,0,1,61.54
10255850,Vallecito C Nr Julian Ca,32.986,-116.42,102.7,18100202,0,1,76.04
10256000,Whitewater R A White Water Ca,33.947,-116.641,139.5,18100201,0,1,0.0
10256500,Snow C Nr White Water Ca,33.871,-116.681,28.0,18100201,0,1,0.0
10257500,Falls C Nr White Water Ca,33.869,-116.672,11.0,18100201,0,1,0.0
10257548,Whitewater R A Windy Point Main Channel Ca,33.899,-116.621,682.4,18100201,0,1,11.66
10257550,Whitewater R A Windy Pt Nr White Water Ca,33.899,-116.621,682.4,18100201,0,1,11.66
10257600,Mission C Nr Desert Hot Springs Ca,34.011,-116.628,92.9,18100201,0,1,15.09
10257720,Chino Cyn C Bl Tramway Nr Palm Springs Ca,33.844,-116.605,12.4,18100201,0,1,23.53
10258000,Tahquitz C Nr Palm Springs Ca,33.805,-116.559,43.7,18100201,0,1,15.79
10258500,Palm Cyn C Nr Palm Springs Ca,33.745,-116.536,241.5,18100201,0,1,8.81
10259000,Andreas C Nr Palm Springs Ca,33.76,-116.55,22.5,18100201,0,1,0.0
10259200,Deep C Nr Palm Desert Ca,33.631,-116.392,79.1,18100201,0,1,0.0
10260470,Little Bear C Ab Lk Arrowhead A Lake Arrowhead Ca,34.249,-117.203,4.2,18090208,0,1,100.0
10260480,Willow C Bl Lk Arrowhead A Lake Arrowhead Ca,34.265,-117.186,17.5,18090208,0,1,100.0
10260500,Deep C Nr Hesperia Ca,34.341,-117.228,349.2,18090208,1,1,100.0
10260865,Grass Valley C Bl Grass Vly Lk Nr Lk Arrowhead Ca,34.264,-117.218,6.7,18090208,0,1,100.0
10260950,Wf Mojave R Ab Mojave R Forks Res Nr Hesperia Ca,34.339,-117.258,175.1,18090208,1,1,100.0
10261000,Wf Mojave R Nr Hesperia Ca,34.341,-117.241,187.3,18090208,0,1,100.0
10261100,Mojave R Bl Forks Res Nr Hesperia Ca,34.346,-117.238,496.8,18090208,0,1,100.0
10263500,Big Rock C Nr Valyermo Ca,34.421,-117.84,59.5,18090206,0,1,100.0
10264000,Little Rock C Ab Lttle Rock Res Nr Littlerock Ca,34.464,-118.019,127.5,18090206,0,1,100.0
10264600,Oak C Nr Mojave Ca,35.05,-118.358,41.2,18090206,0,1,82.69
10264750,Pine Tree C Nr Mojave Ca,35.231,-118.086,88.5,18090206,0,1,0.0
10265150,Hot C A Flume Nr Mammoth Lakes Ca,37.669,-118.818,186.2,18090102,0,0,0.0
10270800,Sf Bishop C Bl S Lk Nr Bishop Ca,37.177,-118.563,35.2,18090102,0,1,2.17
10270830,Sf Bishop C Bl Sf Div Dam Nr Bishop Ca,37.241,-118.565,73.2,18090102,0,1,21.52
10270872,Mf Bishop C Bl Lk Sabrina Nr Bishop Ca,37.214,-118.61,43.8,18090102,0,1,12.24
10271210,Bishop C Bl Pp No 6 Nr Bishop Ca (Actual) Ca,37.35,-118.462,270.3,18090102,0,1,0.0
10276000,Big Pine C Nr Big Pine Ca,37.145,-118.315,101.0,18090102,0,1,31.82
10281800,Independence C Bl Pinyon C Nr Independence Ca,36.779,-118.265,31.4,18090103,0,1,0.0
10286000,Cottonwood C Nr Olancha Ca,36.439,-118.081,103.9,18090103,0,1,0.0
10286001,Cottonwood C Nr Olancha Ca.+ Ph Ca,36.439,-118.081,103.9,18090103,0,1,0.0
10287069,Mill C Bl Lundy Lk Nr Lee Vining Ca,38.033,-119.217,48.5,18090101,0,1,31.75
10287070,Mill C Bl Lundy Lk Nr Mono Lk(Actual) Ca,38.033,-119.216,48.6,18090101,0,1,31.75
10287289,Rush C At Flume Bl Agnew Lake Nr June Lake Ca,37.759,-119.131,60.6,18090101,0,0,100.0
10287290,Rush C Bl Agnew Lk Nr June Lake Ca (Actual) Ca,37.759,-119.131,60.6,18090101,0,1,100.0
10287300,Rush C Pp Tailrace Nr June Lake Ca,37.766,-119.122,63.9,18090101,0,0,100.0
10287400,Rush C Ab Grant Lk Nr June Lk Ca,37.806,-119.109,132.9,18090101,0,1,73.21
10287655,Lee Vining C Bl Saddlebag Lk Nr Lee Vining Ca,37.964,-119.273,12.1,18090101,0,1,43.75
10287720,Glacier C Bl Tioga Lk Nr Lee Vining Ca,37.928,-119.251,10.5,18090101,0,1,55.56
10287770,Lee Vining C Bl Rhinedollar Dam Nr Lee Vining Ca,37.936,-119.231,46.2,18090101,0,1,75.0
10287900,Lee Vining C Nr Lee Vining Ca,37.929,-119.17,85.9,18090101,0,1,51.02
10289000,"Virginia Ck Nr Bridgeport, Ca",38.192,-119.21,173.9,16050301,0,1,86.76
10289500,"Green Ck Nr Bridgeport, Ca",38.174,-119.234,50.8,16050301,0,1,51.72
10290500,"Robinson Ck At Twin Lks Outlet Nr Bridgeport, Ca",38.172,-119.325,101.5,16050301,0,1,76.19
10291500,"Buckeye Ck Nr Bridgeport, Ca",38.239,-119.326,113.6,16050301,0,1,70.83
10292000,"Swauger Ck Nr Bridgeport, Ca",38.283,-119.3,137.2,16050301,0,1,100.0
10293000,"E Walker Rv Nr Bridgeport, Ca",38.328,-119.215,933.4,16050301,0,1,78.54
10293048,"Sweetwater Ck At Hwy 338 Abv Mth Nr Bridgeport, Ca",38.442,-119.131,118.1,16050301,0,1,68.23
10295500,"L Walker Rv Nr Bridgeport, Ca",38.361,-119.445,162.9,16050302,0,1,100.0
10296000,"W Walker Rv Blw L Walker Rv Nr Coleville, Ca",38.38,-119.45,467.4,16050302,0,1,83.33
10296500,"W Walker Rv Nr Coleville, Ca",38.513,-119.45,632.1,16050302,0,1,25.86
10299100,"Desert Ck Nr Wellington, Nv",38.649,-119.326,121.1,16050302,0,1,25.77
10308200,E Fk Carson Rv Blw Markleeville Ck Nr Markleeville,38.715,-119.765,716.4,16050201,0,1,85.68
10308201,Truckee-Carson Ef Carson R Bl Markleeville Ca,38.714,-119.765,715.8,16050201,0,1,85.68
10308783,Leviathan C Ab Mine Nr Markleeville Ca,38.701,-119.657,10.8,16050201,0,1,100.0
10308789,Leviathan C Ab Aspen C Nr Markleeville Ca,38.717,-119.66,18.8,16050201,0,1,78.26
103087891,Aspen C Abv Leviathan Mine Nr Markleeville Ca,38.709,-119.649,1.5,16050201,0,1,100.0
10308794,Bryant C Bl Mountaineer C Nr Markleeville Ca,38.736,-119.645,55.6,16050201,0,1,69.77
10308800,"Bryant Ck Nr Gardnerville, Nv",38.794,-119.673,83.2,16050201,0,1,0.0
10309000,"E Fk Carson Rv Nr Gardnerville, Nv",38.845,-119.705,925.4,16050201,0,1,0.0
10310000,"W Fk Carson Rv At Woodfords, Ca",38.77,-119.834,169.3,16050201,0,1,99.51
10310400,"Daggett Ck Nr Genoa, Nv",38.965,-119.85,10.0,16050201,0,1,23.08
10310500,"Clear Ck Nr Carson City, Nv",39.113,-119.798,39.5,16050201,0,1,74.47
10311090,"North Fk Kings Cyn Ck Nr Carson City, Nv",39.155,-119.817,4.6,16050201,0,1,75.0
10311100,"Kings Cyn Ck Nr Carson City, Nv",39.154,-119.808,10.7,16050201,0,1,66.67
10311200,"Ash Cyn Ck Nr Carson City, Nv",39.176,-119.806,13.5,16050201,0,1,93.75
10311300,"Eagle Valley Ck At Carson City, Nv",39.165,-119.722,75.2,16050201,0,1,53.31
10313400,"Marys Rv Blw Orange Brg Nr Charleston, Nv",41.55,-115.307,184.2,16040101,0,1,38.03
10316500,"Lamoille Ck Nr Lamoille, Nv",40.691,-115.477,64.8,16040101,0,1,55.36
10321590,"Susie Ck At Carlin, Nv",40.726,-116.078,476.6,16040101,0,1,60.27
10321940,"Maggie Ck Abv Maggie Ck Cyn Nr Carlin, Nv",40.825,-116.223,877.7,16040101,0,1,100.0
10321950,"Maggie Ck At Maggie Cr Cyn Nr Carlin, Nv",40.803,-116.2,882.6,16040101,0,1,100.0
10322000,"Maggie Ck At Carlin, Nv",40.716,-116.094,994.7,16040101,0,1,60.44
10322150,"Marys Ck At Carlin, Nv",40.71,-116.126,116.6,16040101,0,1,100.0
10324700,"Boulder Ck Nr Dunphy, Nv",40.955,-116.44,198.9,16040105,0,1,100.0
10325500,"Reese Rv Nr Ione, Nv",38.857,-117.476,139.7,16040107,0,1,0.0
10329500,"Martin Ck Nr Paradise Valley, Nv",41.535,-117.418,454.5,16040109,0,1,83.26
10336580,Upper Truckee Rv At S Upper Truckee Rd Nr Meyers,38.796,-120.019,36.9,16050101,0,1,98.15
10336600,Up Truckee R Nr Meyers Ca,38.843,-120.025,85.5,16050101,0,1,96.94
103366092,"Upper Truckee Rv At Hwy 50 Abv Meyers, Ca",38.849,-120.027,100.9,16050101,0,1,96.94
103366097,Angora Ck Nr Mouth At Lake Tahoe Golf Course,38.874,-120.01,15.2,16050101,0,1,97.6
10336610,"Upper Truckee Rv At South Lake Tahoe, Ca",38.922,-119.992,139.6,16050101,0,1,0.0
10336626,Taylor C Nr Camp Richardson Ca,38.922,-120.061,43.4,16050101,0,1,90.48
10336645,General C Nr Meeks Bay Ca,39.052,-120.119,19.6,16050101,0,1,100.0
10336660,Blackwood C Nr Tahoe City Ca,39.107,-120.162,29.8,16050101,0,1,
10336674,Ward C Bl Confluence Nr Tahoe City Ca,39.141,-120.212,12.9,16050101,0,1,100.0
10336676,Ward C At Hwy 89 Nr Tahoe Pines Ca,39.132,-120.158,24.7,16050101,0,1,100.0
10336698,"Third Ck Nr Crystal Bay, Nv",39.24,-119.947,19.8,16050101,0,1,97.87
103366993,Incline Ck Abv Tyrol Village Nr Incline Village Nv,39.259,-119.923,8.8,16050101,0,1,100.0
10336700,"Incline Ck Nr Crystal Bay, Nv",39.24,-119.945,13.3,16050101,0,1,97.87
10336715,"Marlette Ck Nr Carson City, Nv",39.172,-119.908,7.5,16050101,0,1,100.0
10336730,"Glenbrook Ck At Glenbrook, Nv",39.087,-119.94,11.3,16050101,0,1,100.0
10336740,"Logan House Ck Nr Glenbrook, Nv",39.067,-119.935,5.5,16050101,0,1,100.0
103367592,"Eagle Rock Ck Nr Stateline, Nv",38.957,-119.928,1.6,16050101,0,1,71.43
10336760,"Edgewood Ck At Stateline, Nv",38.966,-119.937,14.6,16050101,0,1,58.82
10336770,"Trout Ck At Usfs Rd 12N01 Nr Meyers, Ca",38.863,-119.958,19.1,16050101,0,1,100.0
10336775,"Trout Ck At Pioneer Trail Nr South Lake Tahoe, Ca",38.903,-119.969,60.2,16050101,0,1,85.71
10336780,"Trout Ck Nr Tahoe Valley, Ca",38.92,-119.972,95.1,16050101,0,1,0.0
10338500,Donner C A Donner Lk Nr Truckee Ca,39.324,-120.234,37.9,16050102,1,1,100.0
10338700,Donner C At Hwy 89 Nr Truckee Ca,39.321,-120.208,75.9,16050102,0,1,98.44
10339400,Martis C Nr Truckee Ca,39.329,-120.118,102.9,16050102,0,1,94.95
10340500,Prosser C Bl Prosser C Dam Nr Truckee Ca,39.373,-120.132,138.4,16050102,0,1,100.0
10342000,Little Truckee R Nr Hobart Mills Ca,39.501,-120.277,95.0,16050102,0,1,100.0
10343000,Independence C Nr Truckee Ca,39.457,-120.287,21.4,16050102,0,1,100.0
10343500,Sagehen C Nr Truckee Ca,39.432,-120.238,27.6,16050102,0,1,100.0
10344400,Little Truckee R Ab Boca Res Nr Truckee Ca,39.436,-120.084,377.5,16050102,0,1,100.0
10344500,Little Truckee R Bl Boca Dam Nr Truckee Ca,39.387,-120.095,445.8,16050102,0,1,98.32
10347310,"Dog Ck At Verdi, Nv",39.524,-119.995,56.4,16050102,0,1,91.89
10347600,"Hunter Ck Nr Reno, Nv",39.495,-119.894,29.2,16050102,0,1,0.0
10348460,"Franktown Ck Nr Carson City, Nv",39.203,-119.872,8.5,16050102,0,1,100.0
10348850,"Galena Ck At Galena Ck State Park, Nv",39.354,-119.859,19.1,16050102,0,1,100.0
10348900,"Galena Ck Nr Steamboat, Nv",39.362,-119.827,21.8,16050102,0,1,100.0
10349300,"Steamboat Ck At Steamboat, Nv",39.377,-119.744,350.2,16050102,0,1,62.54
10349495,"Steamboat Ck At Geiger Gd Nr Steamboat, Nv",39.402,-119.744,361.6,16050102,0,1,61.7
10349849,"Steamboat Ck At Short Ln At Reno, Nv",39.466,-119.729,497.4,16050102,0,1,56.91
10349980,"Steamboat Ck At Cleanwater Way Nr Reno, Nv",39.513,-119.712,631.9,16050102,0,1,78.69
10352500,"Mcdermitt Ck Nr Mcdermitt, Nv",41.967,-117.832,582.9,16040201,0,1,0.0
10353000,"E Fk Quinn Rv Nr Mc Dermitt, Nv",41.975,-117.586,357.3,16040201,0,1,0.5
10353600,"Kings Rv Nr Orovada, Nv",41.906,-118.309,52.2,16040201,0,1,0.0
10353700,"Leonard Ck Nr Denio, Nv",41.526,-118.715,131.9,16040202,0,1,0.0
10353750,"Mahogany Ck Nr Summit Lake, Nv",41.543,-119.007,34.4,16040202,0,1,0.0
10353770,"S Willow Ck Nr Gerlach, Nv",41.017,-119.352,81.9,16040203,0,1,0.0
10353800,"Smoke Ck Blw Reservoir Nr Smoke Ck, Nv",40.509,-119.874,580.0,16040203,0,1,0.0
10356500,Susan R A Susanville Ca,40.417,-120.672,469.2,18080003,0,1,20.42
10358500,Willow C Nr Susanville Ca,40.489,-120.537,237.7,18080003,0,1,3.61
10359300,Pine C Nr Susanville Ca,40.665,-120.791,614.4,18080003,0,1,7.81
10360900,Bidwell C Bl Mill C Nr Fort Bidwell Ca,41.882,-120.175,58.6,18080001,0,1,0.0
10370000,"Camas Creek Near Lakeview,Oreg.",42.216,-120.102,149.4,17120007,0,1,0.0
10371000,"Drake Creek Near Adel,Oreg.",42.2,-120.012,182.2,17120007,0,1,0.0
10371500,"Deep Creek Above Adel,Oreg.",42.189,-120.002,658.1,17120007,0,1,0.0
10378500,"Honey Creek Near Plush,Oreg.",42.425,-119.923,435.5,17120007,0,1,0.0
10384000,"Chewaucan River Near Paisley,Oreg.",42.685,-120.57,691.8,17120006,0,1,0.0
10388000,"Ana River Near Summer Lake, Or",42.995,-120.749,23.2,17120005,0,1,0.0
10390000,"Silver Creek Near Silver Lake, Or",43.111,-121.069,453.4,17120005,0,1,0.0
10396000,Donner Und Blitzen River Nr Frenchglen Or,42.791,-118.868,528.9,17120003,0,1,0.0
10397000,"Bridge Creek Nr Frenchglen, Oreg.",42.844,-118.85,76.2,17120003,0,1,0.0
10403000,"Silver Creek Near Riley, Oreg.",43.692,-119.659,581.8,17120004,0,1,0.0
10406500,"Trout Creek Near Denio,Nev.",42.155,-118.459,225.0,17120009,0,1,0.0
10735562,,42.949,-71.165,42.7,01060003,0,0,100.0
10965852,,42.783,-71.354,123.1,01070006,0,0,100.0
10965995,,42.269,-71.633,17.8,01070005,0,0,100.0
11012000,Cottonwood C Ab Tecate C Nr Dulzura Ca,32.575,-116.754,803.8,18070305,0,1,100.0
11014000,Jamul C Nr Jamul Ca,32.638,-116.884,181.8,18070304,0,1,100.0
11015000,Sweetwater R Nr Descanso Ca,32.835,-116.623,117.8,18070304,0,1,100.0
11016200,Sweetwater R A Dehesa Ca,32.774,-116.85,338.8,18070304,0,1,100.0
11022200,Los Coches C Nr Lakeside Ca,32.836,-116.9,31.6,18070304,0,1,100.0
11022480,San Diego R A Mast Rd Nr Santee Ca,32.84,-117.026,953.6,18070304,2,1,100.0
11022500,San Diego R Nr Santee Ca,32.825,-117.056,978.3,18070304,0,1,100.0
11023330,Los Penasquitos C Bl Poway C Nr Poway Ca,32.949,-117.07,81.1,18070304,0,1,88.64
11023340,Los Penasquitos C Nr Poway Ca,32.943,-117.122,109.6,18070304,0,1,91.15
11025500,Santa Ysabel C Nr Ramona Ca,33.107,-116.866,288.7,18070304,0,1,62.54
11026000,Santa Ysabel C Nr San Pasqual Ca,33.086,-116.916,331.5,18070304,0,1,65.54
11027000,Guejito C Nr San Pasqual Ca,33.116,-116.953,58.2,18070304,0,1,100.0
11028500,Santa Maria C Nr Ramona Ca,33.052,-116.946,146.3,18070304,0,1,96.8
11031500,Agua Caliente C Nr Warner Springs Ca,33.289,-116.654,49.6,18070303,0,1,14.29
11033000,Wf San Luis Rey R Nr Warner Springs Ca,33.297,-116.76,67.4,18070303,0,1,0.0
11040000,San Luis Rey R At Monserate Narrows Ca,33.337,-117.136,966.0,18070303,0,1,64.4
11042400,Temecula C Nr Aguanga Ca,33.459,-116.924,342.2,18070302,0,1,45.69
11042631,Pechanga C Nr Temecula Ca,33.464,-117.124,35.2,18070302,0,1,100.0
11042700,Murrieta C Nr Murrieta Ca,33.556,-117.231,79.9,18070302,0,1,100.0
11042800,Warm Springs C Nr Murrieta Ca,33.532,-117.177,148.5,18070302,0,1,100.0
11042900,Santa Gertrudis C Nr Temecula Ca,33.524,-117.165,227.1,18070302,0,1,100.0
11043000,Murrieta C A Temecula Ca,33.48,-117.144,572.5,18070302,0,1,45.77
11044250,Rainbow C Nr Fallbrook Ca,33.408,-117.201,26.6,18070302,0,1,100.0
11044350,Sandia C Nr Fallbrook Ca,33.424,-117.249,54.4,18070302,0,1,100.0
11044800,De Luz C Nr De Luz Ca,33.42,-117.322,85.5,18070302,0,1,100.0
11045300,Fallbrook C Nr Fallbrook Ca,33.347,-117.318,18.3,18070302,0,1,100.0
11046090,Las Flores C A Las Pulgas Cyn Nr Oceanside Ca,33.319,-117.438,45.5,18070301,0,1,100.0
11046100,Las Flores C Nr Oceanside Ca,33.292,-117.457,67.8,18070301,0,1,100.0
11046250,San Onofre C A San Onofre Ca,33.384,-117.574,109.9,18070301,0,1,88.35
11046300,San Mateo C Nr San Clemente Ca,33.471,-117.473,209.6,18070301,0,1,100.0
11046360,Cristianitos C Ab San Mateo C Nr San Clemente Ca,33.426,-117.57,82.5,18070301,0,1,100.0
11046500,San Juan C Nr San Juan Capistrano Ca,33.519,-117.625,272.5,18070301,0,1,100.0
11046530,San Juan C At La Novia St Br At San Juan Capis Ca,33.503,-117.648,283.8,18070301,0,1,100.0
11047000,Arroyo Trabuco Nr San Juan Capistrano Ca,33.527,-117.67,92.0,18070301,0,1,100.0
11047300,Arroyo Trabuco A San Juan Capistrano Ca,33.498,-117.666,139.9,18070301,0,1,95.12
11047500,Aliso C A El Toro Ca,33.626,-117.685,22.9,18070301,0,1,100.0
11048200,Agua Chinon Wash Nr Irvine Ca,33.679,-117.714,7.1,18070204,0,1,100.0
11048500,San Diego C At Culver Drive Nr Irvine Ca,33.682,-117.809,104.9,18070204,0,1,100.0
11048553,Sand Cyn C A Irvine Ca,33.657,-117.828,21.6,18070204,0,1,100.0
11048600,Bonita C A Irvine Ca,33.645,-117.861,13.4,18070204,0,1,100.0
11051499,Santa Ana R Nr Mentone (River Only) Ca,34.108,-117.101,542.3,18070203,7,1,100.0
11051500,Santa Ana R Nr Mentone Ca,34.108,-117.101,542.3,18070203,0,1,100.0
11054000,Mill C Nr Yucaipa Ca,34.091,-117.038,109.6,18070203,2,1,100.0
11055500,Plunge C Nr East Highlands Ca,34.118,-117.142,44.2,18070203,0,1,100.0
11055566,,42.271,-71.068,271.8,01090001,2,0,100.0
11055800,City C Nr Highland Ca,34.144,-117.189,50.5,18070203,2,1,100.0
11056500,Little San Gorgonio C Nr Beaumont Ca,34.029,-116.946,8.4,18070203,0,1,0.0
11057000,San Timoteo C Nr Redlands Ca,34.033,-117.209,314.2,18070203,0,1,53.51
11057500,San Timoteo C Nr Loma Linda Ca,34.064,-117.273,329.0,18070203,0,1,61.06
11058000,Sand Canyon C Nr Highland Ca,34.155,-117.227,8.2,18070203,0,1,100.0
11058500,E Twin C Nr Arrowhead Springs Ca,34.179,-117.266,22.9,18070203,0,1,100.0
11058600,Waterman Canyon Creek Nr Arrowhead Springs Ca,34.193,-117.274,11.8,18070203,0,1,100.0
11058756,,41.918,-70.626,11.5,01090002,0,0,100.0
11059300,Santa Ana R A E St Nr San Bernardino Ca,34.065,-117.3,946.0,18070203,0,1,90.88
11060400,Warm C Nr San Bernardino Ca,34.078,-117.3,30.9,18070203,0,1,99.72
11062000,Lytle C Nr Fontana Ca,34.212,-117.458,119.7,18070203,1,1,99.24
11062001,Lytle+Brlne+Cond+Inf - W27 Ca,34.212,-117.458,119.7,18070203,0,0,99.24
11063000,Cajon C Nr Keenbrook Ca,34.267,-117.46,105.6,18070203,1,1,100.0
11063500,Lone Pine C Nr Keenbrook Ca,34.266,-117.464,39.4,18070203,0,1,100.0
11063510,Cajon C Bl Lone Pine C Nr Keenbrook Ca,34.263,-117.467,144.5,18070203,0,1,99.34
11063680,Devil Cyn C Nr San Bernardino Ca,34.208,-117.331,14.4,18070203,1,1,100.0
11065000,Lytle C A Colton Ca,34.079,-117.306,364.7,18070203,2,0,100.0
11067000,Day C Nr Etiwanda Ca,34.185,-117.54,12.0,18070203,0,1,100.0
11069500,San Jacinto R Nr San Jacinto,33.738,-116.834,367.6,18070202,0,1,11.85
11070000,Bautista C Nr Hemet Ca,33.694,-116.851,112.5,18070202,0,1,3.74
11070465,Salt C A Murrieta Rd Nr Sun City Ca,33.694,-117.206,274.2,18070202,1,1,91.87
11073000,San Antonio C Nr Claremont Ca,34.216,-117.669,43.0,18070203,0,1,100.0
11073001,San Antonio C Nr Claremont + Cn Ca,34.216,-117.669,43.0,18070203,1,1,100.0
11073300,San Antonio C A Riverside Drive Nr Chino Ca,34.019,-117.731,83.6,18070203,1,1,98.69
11073360,Chino C A Schaefer Avenue Nr Chino Ca,34.004,-117.727,132.3,18070203,1,1,98.87
11073470,Cucamonga C Nr Upland Ca,34.179,-117.629,26.2,18070203,1,1,100.0
11073495,Cucamonga C Nr Mira Loma Ca,33.983,-117.599,208.2,18070203,2,1,90.35
11075720,Carbon C Bl Carbon Cyn Dam Ca,33.913,-117.843,50.4,18070106,0,1,100.0
11075800,Santiago C A Modjeska Ca,33.713,-117.645,34.8,18070203,1,1,100.0
11077500,Santiago C A Santa Ana Ca,33.77,-117.885,240.8,18070203,2,1,100.0
11080500,Ef San Gabriel R Nr Camp Bonita Ca,34.236,-117.806,219.3,18070106,0,1,100.0
11082000,Wf San Gabriel R A Camp Rincon Ca,34.241,-117.863,265.9,18070106,0,1,100.0
11084500,Fish C Nr Duarte Ca,34.166,-117.924,15.4,18070106,0,1,100.0
11085000,San Gabriel R Bl Santa Fe Dam Nr Baldwin Pk Ca,34.112,-117.97,609.0,18070106,0,1,0.0
11086300,San Dimas C Bl San Dimas Dam Ca,34.153,-117.773,42.1,18070106,0,1,100.0
11086500,Little Dalton C Nr Glendora Ca,34.168,-117.838,7.2,18070106,0,1,100.0
11088500,Brea C Bl Brea Dam Nr Fullerton Ca,33.888,-117.926,59.9,18070106,0,1,100.0
11089000,Brea C A Fullerton Ca,33.874,-117.926,65.1,18070106,0,1,100.0
11089500,Fullerton C Bl Fullerton Dam Nr Brea Ca,33.896,-117.886,13.1,18070106,0,1,100.0
11090200,Fullerton C A Richman Ave At Fullerton Ca,33.863,-117.933,28.5,18070106,0,1,100.0
11092450,Los Angeles R A Sepulveda Dam Ca,34.162,-118.467,402.6,18070105,8,1,100.0
11093000,Pacoima C Nr San Fernando Ca,34.335,-118.398,73.3,18070105,0,1,100.0
11094000,Big Tujunga C Bl Mill C Nr Colby Ranch Ca,34.309,-118.145,168.0,18070105,0,1,100.0
11095500,Big Tujunga C Nr Sunland Ca,34.301,-118.269,274.1,18070105,0,1,100.0
11096500,Little Tujunga C Nr San Fernando Ca,34.274,-118.373,55.0,18070105,0,1,100.0
11097000,Big Tujunga C Bl Hansen Dam Ca,34.254,-118.389,395.9,18070105,0,1,100.0
11098000,Arroyo Seco Nr Pasadena Ca,34.222,-118.178,41.6,18070105,0,1,100.0
11100000,Santa Anita C Nr Sierra Madre Ca,34.192,-118.017,25.0,18070105,0,1,100.0
11101250,Rio Hondo Ab Whittier Narrows Dam Ca,34.058,-118.072,237.3,18070105,0,1,0.0
11101500,Rio Hondo Nr Montebello Ca,34.033,-118.074,299.8,18070105,0,1,0.0
11102000,Mission C Nr Montebello Ca,34.029,-118.07,16.4,18070105,0,1,0.0
11102300,Rio Hondo Bl Whittier Narrows Dam Ca,34.017,-118.088,326.6,18070105,0,1,0.0
11102500,Rio Hondo Nr Downey Ca,33.947,-118.163,344.6,18070105,0,1,0.0
11103500,Ballona C Nr Culver City Ca,33.998,-118.402,245.2,18070104,0,1,18.78
11104000,Topanga C Nr Topanga Bch Ca,34.064,-118.587,46.6,18070104,1,1,100.0
11105500,Malibu C At Crater Camp Nr Calabasas Ca,34.078,-118.702,271.7,18070104,4,1,100.0
11105510,Malibu C A Malibu Ca,34.043,-118.684,282.4,18070104,1,1,98.91
11105850,Arroyo Simi Nr Simi Ca,34.273,-118.788,180.3,18070103,0,1,100.0
11106550,Calleguas C Nr Camarillo Ca,34.179,-119.04,647.3,18070103,4,1,100.0
11107745,Santa Clara R Ab Rr Station Nr Lang Ca,34.43,-118.355,406.0,18070102,2,1,100.0
11108134,Castaic C Blw Mwd Div Blw Castaic Lk Nr Castaic,34.519,-118.61,402.0,18070102,0,1,0.0
11108145,Castaic C Nr Saugus Ca,34.428,-118.629,524.3,18070102,0,1,73.45
11109395,Canada De Los Alamos Ab Pyramid Lk Ca,34.692,-118.791,160.5,18070102,0,1,49.71
11109525,Piru C Bl Pyramid Lk Nr Gorman Ca,34.642,-118.765,763.8,18070102,0,1,0.0
11109600,Piru Creek Above Lake Piru Ca,34.523,-118.757,963.8,18070102,0,1,71.22
11110500,Hopper Creek Near Piru Ca,34.401,-118.826,61.5,18070102,0,1,100.0
11111500,Sespe Creek Near Wheeler Springs Ca,34.578,-119.258,128.5,18070102,0,1,100.0
11113000,Sespe C Nr Fillmore,34.451,-118.926,650.0,18070102,0,1,75.0
11113500,Santa Paula C Nr Santa Paula,34.396,-119.076,103.3,18070102,0,1,100.0
11114495,Matilija C Nr Res Nr Matilija Hot Springs Ca,34.503,-119.357,124.3,18070101,0,1,100.0
11114500,Matilija C Ab Res Nr Matilija Hot Springs Ca,34.495,-119.331,131.2,18070101,0,1,100.0
11115500,Matilija C A Matilija Hot Springs,34.483,-119.302,141.2,18070101,0,1,100.0
11116000,Nf Matilija C A Matilija Hot Springs Ca,34.492,-119.307,41.1,18070101,0,1,100.0
11116550,Ventura R Nr Meiners Oaks Ca,34.465,-119.29,192.1,18070101,1,1,100.0
11117500,San Antonio C A Casitas Springs,34.38,-119.305,132.7,18070101,1,1,98.17
11117600,Coyote Creek Near Oak View Ca,34.417,-119.371,33.9,18070101,0,1,100.0
11117800,Santa Ana C Nr Oak View,34.424,-119.341,23.4,18070101,0,1,100.0
11118000,Coyote C Nr Ventura Ca,34.357,-119.314,112.1,18070101,1,1,100.0
11118500,Ventura R Nr Ventura,34.352,-119.308,485.7,18070101,2,1,100.0
11119500,Carpinteria C Nr Carpinteria Ca,34.401,-119.487,34.1,18060013,0,1,100.0
11119745,Mission C A Rocky Nook Park A Santa Barbara Ca,34.441,-119.712,17.0,18060013,1,1,100.0
11119750,Mission C Nr Mission St Nr Santa Barbara Ca,34.426,-119.722,22.6,18060013,4,1,100.0
11119780,Arroyo Burro A Santa Barbara Ca,34.437,-119.747,15.9,18060013,0,1,100.0
11119940,Maria Ygnacio C A University Drive Nr Goleta Ca,34.445,-119.804,16.4,18060013,0,1,65.62
11120000,Atascadero C Nr Goleta Ca,34.425,-119.812,49.3,18060013,0,1,60.0
11120500,San Jose C Nr Goleta Ca,34.459,-119.809,14.4,18060013,0,1,60.0
11120510,San Jose C A Goleta Ca,34.43,-119.822,21.7,18060013,0,1,58.21
11120520,San Pedro C A Goleta Ca,34.449,-119.84,9.0,18060013,0,1,60.0
11120550,Gaviota C Nr Gaviota Ca,34.488,-120.227,48.9,18060013,0,1,10.2
11123000,Santa Ynez R Bl Gibraltar Dam Nr Santa Barbara Ca,34.524,-119.687,560.1,18060010,0,1,71.5
11123500,Santa Ynez R Bl Los Laurls Cyn Nr Snta Ynez Ca,34.544,-119.865,718.1,18060010,0,1,64.46
11124500,Santa Cruz C Nr Santa Ynez Ca,34.597,-119.909,191.5,18060010,0,1,46.98
11125600,Hilton Cyn C Nr Santa Ynez Ca,34.582,-119.983,6.4,18060010,0,1,0.0
11126500,Santa Agueda C Nr Santa Ynez Ca,34.595,-120.03,144.2,18060010,0,1,49.68
11128250,Alamo Pintado C Nr Solvang Ca,34.618,-120.121,73.8,18060010,0,1,0.0
11129800,Zaca C Nr Buellton Ca,34.649,-120.184,85.3,18060010,0,1,0.0
11132500,Salsipuedes C Nr Lompoc Ca,34.589,-120.408,122.1,18060010,0,1,4.35
11134800,Miguelito C A Lompoc Ca,34.632,-120.465,27.0,18060010,0,1,0.0
11135800,San Antonio C A Los Alamos Ca,34.743,-120.271,90.3,18060009,0,1,0.0
11136100,San Antonio C Nr Casmalia Ca,34.782,-120.531,351.9,18060009,0,1,0.0
11137900,Huasna R Nr Arroyo Grande Ca,35.078,-120.372,268.6,18060007,0,1,0.0
11138500,Sisquoc R Nr Sisquoc Ca,34.84,-120.168,728.9,18060008,0,1,71.85
11139000,La Brea C Nr Sisquoc Ca,34.853,-120.2,242.1,18060008,0,1,0.0
11139500,Tepusquet C Nr Sisquoc Ca,34.872,-120.245,74.3,18060008,0,1,15.39
11141050,Orcutt C Nr Orcutt Ca,34.884,-120.495,49.8,18060008,0,1,0.0
11141150,Arroyo Grande Ab Phoenix C Nr Arroyo Grande Ca,35.189,-120.435,34.5,18060006,0,1,76.0
11141280,Lopez C Nr Arroyo Grande Ca,35.236,-120.472,54.0,18060006,0,1,100.0
11141500,Arroyo Grande At Arroyo Grande Ca,35.124,-120.569,264.2,18060006,0,1,50.17
11142500,Arroyo De La Cruz Nr San Simeon Ca,35.717,-121.285,106.8,18060006,0,1,40.77
11143000,Big Sur R Nr Big Sur Ca,36.246,-121.773,120.6,18060006,0,1,72.0
11143200,Carmel R A Robles Del Rio Ca,36.474,-121.729,499.9,18060006,0,1,79.0
11143250,Carmel R Nr Carmel Ca,36.539,-121.881,637.8,18060006,0,1,70.29
11143500,Salinas R Nr Pozo Ca,35.299,-120.404,181.9,18060005,0,1,97.24
11144000,Toro C Nr Pozo Ca,35.324,-120.421,24.6,18060005,0,1,100.0
11145000,Salinas R Ab Pilitas C Nr Santa Margarita Ca,35.349,-120.513,294.2,18060005,0,1,100.0
11147000,Jack C Nr Templeton Ca,35.567,-120.804,65.4,18060005,0,1,75.76
11147070,Santa Rita C Nr Templeton Ca,35.524,-120.766,47.0,18060005,0,1,100.0
11148900,Nacimiento R Bl Sapaque C Nr Bryson Ca,35.789,-121.094,403.5,18060005,0,1,82.37
11149400,Nacimiento R Bl Nacimiento Dam Nr Bradley Ca,35.761,-120.855,851.4,18060005,0,1,65.26
11149900,San Antonio R Nr Lockwood Ca,35.897,-121.088,556.4,18060005,0,1,82.42
11151300,San Lorenzo C Bl Bitterwater C Nr King City Ca,36.268,-121.066,608.2,18060005,0,1,34.26
11151870,Arroyo Seco Nr Greenfield Ca,36.237,-121.482,284.5,18060005,0,1,76.65
11152000,Arroyo Seco Nr Soledad Ca,36.281,-121.323,625.1,18060005,0,1,0.0
11152050,Arroyo Seco Bl Reliz C Nr Soledad Ca,36.4,-121.324,771.5,18060005,0,1,57.4
11152540,El Toro C Nr Spreckels Ca,36.583,-121.715,82.8,18060005,0,1,34.52
11152600,Gabilan C Nr Salinas Ca,36.756,-121.611,94.8,18060015,0,1,86.87
11152900,Cedar C Nr Bell Station Ca,37.05,-121.327,33.1,18060002,0,1,100.0
11153000,Pacheco C Nr Dunneville Ca,36.98,-121.38,375.4,18060002,0,1,91.79
11153470,Llagas C Ab Chesbro Res Nr Morgan Hill Ca,37.148,-121.768,25.0,18060002,0,1,100.0
11153500,Llagas C Nr Morgan Hill Ca,37.114,-121.691,50.8,18060002,0,1,100.0
11153650,Llagas C Nr Gilroy,36.987,-121.527,221.0,18060002,0,1,0.0
11153900,Uvas C Ab Uvas Res Nr Morgan Hill Ca,37.093,-121.718,54.4,18060002,0,1,81.03
11154100,Bodfish C Nr Gilroy Ca,37.004,-121.667,26.4,18060002,0,1,46.67
11154200,Uvas C Nr Gilroy Ca,36.992,-121.574,179.8,18060002,0,1,75.0
11154700,Clear C Nr Idria Ca,36.365,-120.756,36.8,18060002,0,1,50.0
11156500,San Benito R Nr Willow Creek School Ca,36.609,-121.203,644.3,18060002,0,1,100.0
11157500,Tres Pinos C Nr Tres Pinos Ca,36.765,-121.297,540.1,18060002,0,1,86.37
11159200,Corralitos C A Freedom Ca,36.939,-121.771,71.0,18060002,0,1,40.68
11160000,Soquel C A Soquel Ca,36.991,-121.956,104.4,18060015,0,1,70.69
11160020,San Lorenzo R Nr Boulder C Ca,37.207,-122.145,15.8,18060015,0,1,93.75
11160300,Zayante C A Zayante Ca,37.086,-122.047,28.7,18060015,0,1,100.0
11160500,San Lorenzo R A Big Trees Ca,37.044,-122.072,275.8,18060015,0,1,93.81
11161000,San Lorenzo R A Santa Cruz Ca,36.991,-122.032,298.3,18060015,0,1,93.19
11161300,Carbonera C A Scotts Valley Ca,37.051,-122.014,9.5,18060015,0,1,100.0
11162500,Pescadero C Nr Pescadero Ca,37.261,-122.329,118.9,18050006,0,1,0.0
11162570,San Gregorio C A San Gregorio Ca,37.326,-122.387,132.0,18050006,0,1,81.63
11162620,Pilarcitos C Bl Stone Dam Nr Hillsborough Ca,37.525,-122.399,17.3,18050006,0,1,100.0
11162630,Pilarcitos C A Half Moon Bay Ca,37.467,-122.434,69.8,18050006,0,1,76.6
11162720,Colma C A South San Francisco Ca,37.654,-122.426,28.5,18050004,0,1,100.0
11162753,San Mateo C Bl Lo Crystal Sp Res Nr San Mateo Ca,37.529,-122.358,74.8,18050004,0,1,0.0
11162800,Redwood C A Redwood City Ca,37.449,-122.234,4.6,18050004,0,0,100.0
11164500,San Francisquito C A Stanford University Ca,37.423,-122.189,97.7,18050003,0,1,89.41
11166000,Matadero C A Palo Alto Ca,37.422,-122.136,16.5,18050003,0,1,100.0
11167800,Guadalupe R Ab Almaden Expressway A San Jose Ca,37.281,-121.88,164.4,18050003,0,1,61.96
11169000,Guadalupe R A San Jose Ca,37.334,-121.899,323.3,18050003,0,1,52.55
11169025,Guadalupe R Abv Hwy 101 A San Jose Ca,37.374,-121.933,445.3,18050003,0,1,60.78
11169500,Saratoga C A Saratoga Ca,37.254,-122.039,22.9,18050003,0,1,97.5
11169800,Coyote C Nr Gilroy Ca,37.078,-121.494,282.9,18050003,0,1,93.86
11170000,Coyote C Nr Madrone Ca,37.168,-121.65,506.8,18050003,0,1,94.94
11172100,Up Penitencia C A San Jose Ca,37.395,-121.828,57.1,18050003,0,1,96.15
11172175,Coyote C Ab Hwy 237 A Milpitas Ca,37.422,-121.927,814.0,18050003,0,1,82.51
11172945,Alameda C Ab Div Dam Nr Sunol Ca,37.497,-121.774,87.1,18050004,0,1,100.0
11173200,Arroyo Hondo Nr San Jose Ca,37.462,-121.769,199.1,18050004,0,1,98.8
11173500,Calaveras C Nr Sunol Ca,37.498,-121.818,255.2,18050004,0,1,99.39
11173510,Alameda C Bl Calaveras C Nr Sunol Ca,37.504,-121.825,360.7,18050004,0,1,99.4
11173575,Alameda C Bl Welch C Nr Sunol Ca,37.54,-121.856,385.4,18050004,0,1,99.16
11174000,San Antonio C Nr Sunol Ca,37.577,-121.858,101.3,18050004,0,1,70.19
11176000,Arroyo Mocho Nr Livermore Ca,37.626,-121.705,98.4,18050004,0,1,78.85
11176200,Arroyo Mocho Nr Pleasanton Ca,37.69,-121.873,365.5,18050004,0,1,0.0
11176400,Arroyo Valle Bl Lang Cyn Nr Livermore Ca,37.561,-121.684,338.6,18050004,0,1,100.0
11176500,Arroyo Valle Nr Livermore Ca,37.623,-121.759,381.6,18050004,0,1,89.65
11176600,Arroyo Valle A Pleasanton Ca,37.667,-121.883,444.0,18050004,0,1,87.36
11180500,Dry C A Union City Ca,37.606,-122.024,24.3,18050004,0,1,60.0
11180825,San Lorenzo C Ab Don Castro Res Nr Castro V Ca,37.695,-122.045,46.5,18050004,0,1,100.0
11180900,Crow C Nr Hayward Ca,37.705,-122.044,27.2,18050004,0,1,98.75
11180960,Cull C Ab Cull C Res Nr Castro Valley Ca,37.718,-122.054,15.1,18050004,0,1,100.0
11181000,San Lorenzo C A Hayward Ca,37.685,-122.064,98.0,18050004,0,1,100.0
11181008,Castro Valley C A Hayward Ca,37.68,-122.081,14.3,18050004,0,1,100.0
11181040,San Lorenzo C A San Lorenzo Ca,37.684,-122.14,121.4,18050004,0,1,99.24
11181390,Wildcat C A Vale Rd At Richmond Ca,37.953,-122.338,20.3,18050002,0,1,100.0
11182100,Pinole C A Pinole Ca,37.972,-122.246,26.0,18050002,0,1,97.14
11182500,San Ramon C A San Ramon Ca,37.773,-121.995,15.7,18050001,0,1,100.0
11183000,San Ramon C At Walnut Creek Ca,37.884,-122.051,133.0,18050001,0,1,100.0
11183600,Walnut C A Concord Ca,37.945,-122.05,217.9,18050001,0,1,93.2
11195500,San Emigdio C A San Emigdio Ranchhouse Ca,34.982,-119.185,127.1,18030003,0,1,88.03
11196400,Caliente C Ab Tehachapi C Nr Caliente Ca,35.311,-118.57,424.9,18030003,0,1,100.0
11196420,Tehachapi C Nr Tehachapi Ca,35.174,-118.48,138.9,18030003,0,1,100.0
11197250,Avenal C Nr Avenal Ca,35.854,-120.127,148.6,18030012,0,1,50.72
11197800,Poso C Nr Oildale Ca,35.514,-118.906,593.8,18030004,0,1,33.1
11199500,White R Nr Ducor Ca,35.815,-118.929,239.9,18030005,0,1,40.74
11200800,Deer C Nr Fountain Springs Ca,35.942,-118.823,214.7,18030005,0,1,50.4
11201456,Nf Of Mf Tule R Bl Div Dam Nr Springville Ca,36.192,-118.658,80.1,18030006,0,1,100.0
11202000,Nf Of Mf Tule R Nr Springville (River Only) Ca,36.175,-118.696,101.6,18030006,0,1,68.75
11202710,Mf Tule R Bl Intake Ab Springville Ca,36.161,-118.71,222.8,18030006,1,1,100.0
11203220,Tule R A Hwy 190 Nr Springville Ca,36.101,-118.87,641.0,18030006,0,1,50.0
11203580,Sf Tule R Nr Cholollo Campground Nr Porterville Ca,36.048,-118.654,51.9,18030006,0,1,78.95
11204100,Sf Tule R Nr Reservation Bndry Nr Porterville Ca,36.024,-118.813,249.1,18030006,0,1,71.66
11204500,Sf Tule R Nr Success Ca,36.042,-118.858,284.9,18030006,0,1,67.39
11206500,Mf Kaweah R Nr Potwisha Camp(River Only) Ca,36.513,-118.792,266.0,18030007,0,1,68.84
11206800,Marble Fork Kaweah R Ab Tokopah Falls Nr Kaweah Ca,36.609,-118.689,19.9,18030007,0,1,100.0
11208000,Marble F Kaweah R (R Only) A Potwisha Camp Ca,36.522,-118.799,134.2,18030007,0,1,69.73
11208600,Kaweah R Bl Conduit No. 2 Nr Hammond Ca,36.484,-118.836,428.0,18030007,0,1,70.67
11208730,Ef Kaweah R Nr Three Rivers Ca,36.452,-118.789,222.8,18030007,0,1,74.03
11210100,Sf Kaweah R A Three Rivers Ca,36.417,-118.914,230.6,18030007,0,1,79.92
11211300,Dry C Nr Lemoncove Ca,36.447,-119.028,197.3,18030007,0,1,95.95
11214000,Nf Kings R Bl Meadowbrook Ca,37.081,-118.863,97.7,18030010,0,1,4.0
11214600,Helms C Bl Courtright Dam Ca,37.076,-118.969,102.3,18030010,0,1,4.1
11215000,Nf Kings R Nr Cliff Camp Ca,36.994,-118.981,469.7,18030010,0,1,13.95
11216200,Nf Kings R Bl Balch Div Dam Ca,36.903,-119.051,618.2,18030010,0,1,20.39
11216400,Dinkey C Siphon Fish Release A Balch Camp Ca,36.908,-119.125,341.1,18030010,0,1,45.04
11216500,Nf Kings R Ab Dinkey C A Balch Camp Ca,36.903,-119.122,649.4,18030010,0,1,22.9
11220000,Big C Ab Pine Flat Res Nr Trimmer Ca,36.916,-119.245,181.1,18030010,0,1,81.64
11220500,Sycamore C Ab Pine Flat Res Nr Trimmer Ca,36.92,-119.31,145.5,18030010,0,1,53.06
11221700,Mill C Nr Piedra Ca,36.819,-119.342,328.0,18030012,3,1,90.31
11224500,Los Gatos C Ab Nunez Cyn Nr Coalinga Ca,36.215,-120.471,247.4,18030012,0,1,30.6
11226500,San Joaquin R A Miller Crossing Ca,37.51,-119.197,650.2,18040006,0,1,0.0
11230000,Sf San Joaquin R Nr Florence Lk Ca,37.273,-118.966,445.2,18040006,0,1,22.6
11230200,Hooper C Bl Div Dam Nr Florence Lake Ca,37.306,-118.951,16.6,18040006,0,1,80.0
11230215,Sf San Joaquin R Bl Hooper C Nr Florence Lake Ca,37.31,-118.962,480.1,18040006,0,1,78.26
11230500,Bear C Nr Lake Thomas A Edison Ca,37.339,-118.973,135.5,18040006,0,1,100.0
11230530,Bear C Below Div Dam Nr Lake Thomas A Edison Ca,37.335,-118.976,137.3,18040006,0,1,52.48
11231500,Mono C Bl Lk Thomas A Edison Ca,37.361,-118.992,235.7,18040006,0,1,100.0
11231600,Mono C Bl Div Dam Nr Mono Hot Springs Ca,37.36,-118.998,236.4,18040006,0,1,95.0
11237000,Big C Bl Huntington Lk Ca,37.221,-119.213,187.1,18040006,0,1,100.0
11237500,Pitman C Bl Tamarack C Ca,37.199,-119.214,59.8,18040006,0,1,50.0
11237700,Pitman C Nr Tamarack Mountain Ca,37.199,-119.215,60.0,18040006,0,1,50.0
11238500,Big C Nr Mouth Nr Big Creek Ca,37.208,-119.321,339.0,18040006,0,1,59.35
11239300,Nf Stevenson C A Perimeter Rd Nr Big C Ca,37.137,-119.255,11.7,18040006,0,1,83.33
11241500,Stevenson C A Shaver Lk Ca,37.145,-119.308,76.3,18040006,0,1,90.67
11242400,Nf Willow C Nr Sugar Pine Ca,37.398,-119.566,43.1,18040006,0,1,0.0
11244000,Nf Willow C Nr Bass Lake Ca,37.289,-119.53,132.1,18040006,0,1,15.94
11246500,Willow C A Mouth Nr Auberry Ca,37.151,-119.46,335.4,18040006,0,1,50.46
11253310,Cantua C Nr Cantua Creek Ca,36.402,-120.433,120.4,18030009,0,1,48.85
11255575,Panoche C A I-5 Nr Silver Creek Ca,36.652,-120.632,772.2,18040014,0,1,100.0
11257100,Miami C Nr Oakhurst Ca,37.394,-119.654,27.3,18040007,0,1,16.67
11257500,Fresno R Nr Knowles Ca,37.237,-119.775,345.8,18040007,0,1,48.06
11258000,Fresno R Bl Hidden Dam Nr Daulton Ca,37.097,-119.89,697.7,18040007,0,1,61.66
11258900,Wf Chowchilla R Nr Mariposa Ca,37.42,-119.875,87.2,18040001,0,1,100.0
11259000,Chowchilla R Bl Buchanan Dam Nr Raymond Ca,37.216,-119.991,608.8,18040001,1,1,89.99
11260480,Mariposa C Nr Catheys Valley Ca,37.399,-120.004,170.6,18040001,0,1,93.86
11264500,Merced R A Happy Isles Bridge Nr Yosemite Ca,37.732,-119.559,468.0,18040008,0,1,66.32
11266500,Merced R A Pohono Bridge Nr Yosemite Ca,37.717,-119.666,833.1,18040008,0,1,59.43
11268000,Sf Merced R Nr El Portal Ca,37.651,-119.885,622.9,18040008,0,1,77.64
11268001,Resultant Of Combining 11-2665 + 11-2680 Ca,37.651,-119.885,622.9,18040008,0,1,77.64
11269300,Maxwell C A Coulterville Ca,37.716,-120.19,44.3,18040008,0,1,47.06
11271320,Dry C Nr Snelling Ca,37.555,-120.463,175.1,18040008,0,1,0.0
11274500,Orestimba C Nr Newman Ca,37.315,-121.125,347.8,18040002,0,1,89.71
11274538,Orestimba Cr At River Rd Nr Crows Landing Ca,37.414,-121.016,469.4,18040002,0,1,74.91
11274630,Del Puerto C Nr Patterson Ca,37.487,-121.209,187.4,18040002,0,1,92.89
11274790,Tuolumne R A Grand Cyn Of Tuolumne Ab Hetch Hetchy,37.917,-119.66,775.6,18040009,0,1,45.59
11275000,Falls C Nr Hetch Hetchy Ca,37.971,-119.764,114.7,18040009,0,1,76.74
11277300,Cherry C Bl Valley Dam Nr Hetch Hetchy Ca,37.968,-119.917,305.2,18040009,0,1,58.82
11278000,Eleanor C Nr Hetch Hetchy Ca,37.969,-119.882,207.7,18040009,0,1,100.0
11278300,Cherry C Nr Early Intake Ca,37.894,-119.963,591.7,18040009,0,1,81.93
11278400,Cherry C Bl Dion R Holm Ph Nr Mather Ca,37.89,-119.97,610.5,18040009,0,1,100.0
11281000,Sf Tuolumne R Nr Oakland Recreation Camp Ca,37.822,-120.013,225.2,18040009,0,1,61.76
11282000,M Tuolumne R A Oakland Recreation Camp Ca,37.828,-120.012,187.3,18040009,0,1,40.62
11283500,Clavey R Nr Buck Meadows Ca,37.9,-120.072,375.7,18040009,0,1,100.0
11284400,Big C Ab Whites Gulch Nr Groveland Ca,37.842,-120.185,41.7,18040009,0,1,88.89
11284700,Nf Tuolumne R Nr Long Barn Ca,38.099,-120.1,58.8,18040009,0,1,100.0
11292000,Mf Stanislaus R At Kennedy Mdws Nr Dardanelle Ca,38.297,-119.741,123.3,18040010,0,1,99.24
11292500,Clark Fork Stanislaus R Nr Dardanelle Ca,38.364,-119.871,174.8,18040010,0,1,96.22
11292700,Mf Stanislaus R A Hells Half Acre Bridge Ca,38.247,-120.032,737.4,18040010,0,1,75.0
11292900,Mf Stanislaus R Bl Beardsley Dam Ca,38.193,-120.099,813.5,18040010,0,1,93.29
11293372,Nf Stanislaus R Bl Utica Res Nr Bear Valley Ca,38.441,-120.003,42.4,18040010,0,1,100.0
11293462,Silver C Bl Lk Alpine Nr Bear Valley Ca,38.471,-120.005,13.4,18040010,0,1,100.0
11293500,Nf Stanislaus R Bl Silver C Ca,38.439,-120.016,73.5,18040010,0,1,98.76
11293600,Nf Stanislaus R Bl Div D,38.434,-120.019,74.1,18040010,0,1,98.76
11294000,Highland C Bl Spicer Meadows Res Ca,38.393,-119.999,119.0,18040010,0,1,94.07
11294500,Nf Stanislaus R Nr Avery Ca,38.246,-120.29,427.8,18040010,0,1,92.67
11295230,Beaver Cr Bl Div Dam Nr Arnold Ca,38.233,-120.28,76.4,18040010,0,1,100.0
11295270,Nf Stanislaus R Bl Mckays Point Dam Nr Avery Ca,38.233,-120.294,430.3,18040010,0,1,92.72
11295300,Nf Stanislaus R Bl Beaver C Nr Hathaway Pines Ca,38.207,-120.317,520.2,18040010,0,1,93.75
11295340,Mill C Bl Hunter Res A Hathaway Pines Ca,38.198,-120.36,33.4,18040010,0,1,100.0
11296500,Sf Stanislaus R A Strawberry Ca,38.197,-120.009,116.7,18040010,0,1,94.07
11297200,Sf Stanislaus R Nr Strawberry Ca,38.178,-120.047,125.3,18040010,0,1,94.94
11298000,Sf Stanislaus R Nr Long Barn Ca,38.092,-120.168,173.7,18040010,0,1,100.0
11298650,Angels C Bl Murphys Afterbay Nr Murphys Ca,38.151,-120.44,5.7,18040010,0,1,100.0
11298700,Angels C Bl Utica D Div Dam Nr Murphys Ca,38.131,-120.485,14.8,18040010,0,1,100.0
11299600,Black C Nr Copperopolis Ca,37.961,-120.615,37.3,18040010,0,1,46.67
11306000,Sf Calaveras R Nr San Andreas Ca,38.144,-120.664,305.7,18040011,0,1,91.0
11308000,Nf Calaveras R Nr San Andreas Ca,38.221,-120.699,221.0,18040011,0,1,100.0
11308900,Calaveras R Bl New Hogan Dam Nr Valley Springs Ca,38.148,-120.825,964.6,18040011,0,1,85.92
11309000,Cosgrove C Nr Valley Springs Ca,38.153,-120.837,54.5,18040011,0,1,72.0
11312000,Bear C Nr Lockeford Ca,38.153,-121.139,122.0,18040003,0,1,33.33
11313472,Up Blue Lk Outlet Nr Markleeville Ca,38.626,-119.937,8.0,18040012,0,1,100.0
11313477,Lo Blue Lk Outlet Nr Markleeville Ca,38.607,-119.926,12.4,18040012,0,1,100.0
11313485,Meadow Lk Outlet Nr Markleeville Ca,38.598,-119.979,14.8,18040012,0,1,100.0
11314500,Nf Mokelumne R Bl Salt Springs Dam Ca,38.494,-120.221,441.0,18040012,0,1,93.32
11315000,Cole C Nr Salt Springs Dam Ca,38.519,-120.213,54.0,18040012,0,1,100.0
11315030,Cole C Bl Div Dam Nr Salt Springs Dam Ca,38.515,-120.216,56.1,18040012,0,1,100.0
11315900,Bear R Bl Lo Bear R Dam Ca,38.536,-120.258,96.6,18040012,0,1,100.0
11316000,Bear R Nr Salt Springs Dam Ca,38.494,-120.289,123.2,18040012,0,1,100.0
11316100,Bear R Bl Bear R Div Dam Ca,38.492,-120.29,123.6,18040012,0,1,100.0
11316600,Nf Mokelumne R Ab Tiger C Ca,38.447,-120.49,862.3,18040012,0,1,95.92
11316605,Tiger C Bl Regulator Res Nr Pioneer Ca,38.477,-120.453,20.6,18040012,0,1,100.0
11316670,Nf Mokelumne R Bl Tiger C Res Nr West Pt Ca,38.44,-120.505,925.2,18040012,0,1,96.04
11316700,Nf Mokelumne R Bl Electr Div Dam Nr West Pt Ca,38.421,-120.55,945.0,18040012,0,1,100.0
11316800,Forest C Nr Wilseyville Ca,38.403,-120.447,54.5,18040012,0,1,100.0
11317000,Mf Mokelumne R A West Point Ca,38.39,-120.527,177.7,18040012,0,1,100.0
11318500,Sf Mokelumne R Nr West Point Ca,38.368,-120.545,194.2,18040012,0,1,100.0
11327000,Sutter C Nr Sutter Creek Ca,38.396,-120.781,124.0,18040012,0,1,100.0
11329500,Dry C Nr Galt Ca,38.248,-121.227,840.6,18040012,0,1,93.31
11333000,Camp C Nr Somerset Ca,38.657,-120.664,162.2,18040013,0,1,100.0
11333500,Nf Cosumnes R Nr El Dorado Ca,38.589,-120.845,532.2,18040013,0,1,97.95
11334300,Sf Cosumnes R Nr River Pines Ca,38.557,-120.793,166.3,18040013,0,1,100.0
11335655,Deer C Nr Cameron Park Ca,38.624,-120.994,44.9,18040013,0,1,90.0
11336580,Morrison C Nr Sacramento Ca,38.499,-121.453,106.0,18020163,0,1,100.0
11336585,Laguna C Nr Elk Grove Ca,38.423,-121.353,82.0,18020163,0,1,100.0
11337500,Marsh C Nr Byron Ca,37.873,-121.727,110.5,18040003,0,1,97.06
11337600,Marsh C A Brentwood Ca,37.963,-121.687,178.5,18040003,0,1,91.28
11339500,"Drews Creek Near Lakeview,Oreg.",42.119,-120.58,550.2,18020001,0,1,0.0
11340500,"Cottonwood Creek Near Lakeview,Oreg.",42.235,-120.502,85.1,18020001,0,1,0.0
11341400,Sacramento R Nr Mt Shasta Ca,41.267,-122.312,343.9,18020005,0,1,45.65
11345500,Sf Pit R Nr Likely Ca,41.231,-120.437,672.2,18020002,0,1,0.0
11350500,Ash C A Adin Ca,41.198,-120.943,669.4,18020002,0,1,0.0
11355500,Hat C Nr Hat Creek Ca,40.687,-121.425,312.8,18020003,0,1,37.36
11360500,Burney C A Park Avenue Nr Burney Ca,40.876,-121.671,236.1,18020003,0,1,0.0
11362950,Ef Nelson C Bl Div To Nelson C Pp Nr Big Bend Ca,41.04,-121.876,21.6,18020003,0,1,0.0
11363930,Iron Canyon C Bl Iron Canyon Dam Nr Big Bend Ca,41.039,-121.985,29.3,18020003,0,1,0.0
11364200,Roaring C Blw Div To Roaring C Pp Nr Montgmry C Ca,40.889,-121.951,89.6,18020003,0,1,0.0
11364300,Hatchet C Bl Div To Hatchet C Pp Nr Mntgmry C Ca,40.877,-121.866,79.7,18020003,0,1,0.0
11367500,Mccloud R Nr Mccloud Ca,41.188,-122.066,944.0,18020004,0,1,16.67
11371000,Clear C A French Gulch Ca,40.695,-122.637,298.4,18020154,0,1,92.56
11372000,Clear C Nr Igo Ca,40.513,-122.524,589.9,18020154,0,1,91.28
11375700,Nf Cottonwood C Nr Igo Ca,40.442,-122.55,228.4,18020152,0,1,100.0
11376025,Nf Battle C Bl Mccumber Dam Nr Manzanita Lake Ca,40.537,-121.732,68.0,18020153,0,1,66.01
11376040,Nf Battle C Bl Div To Al Smith Cn Nr Manton Ca,40.513,-121.79,189.3,18020153,0,1,42.35
11376050,Nf Battle C Bl Div To Keswick Cn Nr Manton Ca,40.5,-121.809,191.8,18020153,0,1,40.61
11376140,Nf Battle C Bl Div To Xcountry Cn Nr Manton Ca,40.454,-121.861,367.7,18020153,0,1,40.46
11376150,Nf Battle C Bl Div To Eagle Cy Cn Nr Manton Ca,40.424,-121.92,486.2,18020153,0,1,37.5
11376160,Nf Battle C Bl Div To Wildcat Cn Nr Manton Ca,40.42,-121.961,490.5,18020153,0,1,36.27
11376420,Sf Battle C Bl Div To S Cn Nr Manton Ca,40.369,-121.798,171.3,18020153,0,1,77.96
11376440,Sf Battle C Bl Div To Inskip Cn Nr Manton Ca,40.395,-121.884,228.4,18020153,0,1,55.64
11376460,Sf Battle C Bl Div To Coleman Cn Nr Manton Ca,40.403,-121.968,306.4,18020153,0,1,48.21
11376550,Battle C Bl Coleman Fish Hatchery Nr Cottonwood Ca,40.398,-122.146,935.5,18020153,0,1,45.83
11378800,Red Bank C Nr Red Bluff Ca,40.09,-122.414,231.6,18020155,0,1,80.0
11379000,Antelope C Nr Red Bluff Ca,40.204,-122.118,319.0,18020156,0,1,100.0
11379500,Elder C Nr Paskenta Ca,40.025,-122.51,239.7,18020156,0,1,80.0
11380500,Elder C A Gerber Ca,40.051,-122.166,357.2,18020156,0,1,100.0
11381500,Mill C Nr Los Molinos Ca,40.055,-122.024,337.6,18020156,0,1,83.24
11382000,Thomes C A Paskenta Ca,39.888,-122.529,528.6,18020156,0,1,92.61
11383500,Deer C Nr Vina Ca,40.014,-121.948,539.8,18020157,0,1,82.32
11384000,Big Chico C Nr Chico Ca,39.776,-121.754,187.8,18020157,0,1,92.12
11389720,Butte C Bl Div Dam Nr Stirling City,39.981,-121.589,158.5,18020158,0,1,94.69
11389740,Butte C Bl Fks Of Butte Div Dam Nr De Sabla Ca,39.901,-121.624,249.0,18020158,0,1,95.25
11390000,Butte C Nr Chico Ca,39.726,-121.709,383.3,18020158,0,1,92.37
11390672,Stone Corral C Nr Sites Ca,39.288,-122.301,99.5,18020104,0,1,93.97
11391400,L Last Chance C Bl Frenchman Dam Nr Chilcoot Ca,39.893,-120.189,210.8,18020123,0,1,100.0
11391500,Big Grizzly C At Grizzly Valley Dam Nr Portola Ca,39.884,-120.477,112.8,18020123,0,1,56.64
11395030,Sf Feather R Bl Little Grass Valley Dam Ca,39.724,-121.022,67.2,18020123,0,1,81.97
11395200,Sf Feather R Bl Div Dam Nr Strawberry Valley Ca,39.647,-121.119,97.7,18020123,0,1,92.41
11396000,Lost C Nr Clipper Mills Ca,39.574,-121.142,77.7,18020123,0,1,100.0
11396200,Sf Feather R Bl Forbestown Dam Ca,39.551,-121.209,226.6,18020123,0,1,50.0
11396350,Sf Feather R A Ponderosa Dam Ca,39.548,-121.304,278.4,18020123,0,1,100.0
11396400,Sucker Run Nr Forbestown Ca,39.553,-121.302,48.8,18020123,0,1,100.0
11400500,Butt C Bl Almanor-Butt C Tu Nr Prattville Ca,40.187,-121.188,168.2,18020121,0,1,11.32
11401165,Sb Ward C Bl Div Dam Nr Genesee Ca,40.002,-120.703,17.7,18020122,0,1,59.09
11402000,Spanish C Ab Blackhawk C At Keddie Ca,40.003,-120.954,475.0,18020122,0,1,100.0
11403530,Bucks C Bl Div Dam Nr Bucks Lodge Ca,39.904,-121.231,80.4,18020121,0,1,98.21
11404300,Grizzly C Bl Div Dam Ca,39.891,-121.294,38.3,18020121,0,1,100.0
11405120,Philbrook C Bl Philbrook Dam Nr Butte Meadows Ca,40.03,-121.478,13.1,18020121,0,1,100.0
11405200,Wb Feather R Bl Hendricks Div Dam Ca,39.934,-121.53,118.8,18020121,0,1,94.62
11405300,Wb Feather R Nr Paradise Ca,39.787,-121.563,291.1,18020121,0,1,100.0
11407300,N Honcut C Nr Bangor Ca,39.342,-121.491,122.1,18020159,0,1,91.41
11407500,S Honcut C Nr Bangor Ca,39.368,-121.372,79.2,18020159,0,1,100.0
11407900,M Yuba R Bl Jackson Mdws Dam Nr Sierra City Ca,39.516,-120.562,99.0,18020125,0,1,40.0
11408500,M Yuba R A Milton Ca,39.523,-120.582,102.8,18020125,0,1,0.0
11408550,M Yuba R Bl Milton Dam Ca,39.522,-120.584,103.2,18020125,0,1,81.48
11408850,M Yuba R Nr Camptonville Ca,39.417,-120.953,350.4,18020125,0,1,82.18
11408880,M Yuba R Bl Our House Dam Ca,39.412,-120.998,374.3,18020125,0,1,75.0
11409000,M Yuba R Ab Oregon C Nr North San Juan Ca,39.393,-121.082,418.3,18020125,0,1,80.61
11409300,Oregon C A Camptonville Ca,39.446,-121.046,59.7,18020125,0,1,98.95
11409400,Oregon C Bl Log Cabin Dam Nr Camptonville Ca,39.439,-121.059,75.2,18020125,0,1,98.99
11409500,Oregon C Nr North San Juan Ca,39.403,-121.077,89.5,18020125,0,1,95.57
11413000,N Yuba R Bl Goodyears Bar Ca,39.525,-120.938,647.7,18020125,0,1,57.62
11413300,Slate C Bl Div Dam Nr Strawberry Ca,39.614,-121.052,127.8,18020125,0,1,95.28
11413320,Deadwood C Nr Strawberry Valley Ca,39.55,-121.094,8.2,18020125,0,1,87.84
11413323,Owl Gulch Nr Strawberry Valley Ca,39.545,-121.095,5.4,18020125,0,1,87.84
11414000,S Yuba R Nr Cisco Ca,39.321,-120.564,139.4,18020125,0,1,100.0
11414100,Fordyce C Bl Fordyce Dam Nr Cisco Ca,39.38,-120.499,81.9,18020125,0,1,100.0
11414250,S Yuba R A Langs Crossing Nr Emigrant Gap Ca,39.319,-120.658,315.1,18020125,0,1,100.0
11414700,Jackson C Bl Jackson Lk Ca,39.465,-120.564,1.8,18020125,0,1,100.0
11416500,Canyon C Bl Bowman Lk Ca,39.44,-120.662,74.4,18020125,0,1,100.0
11417000,S Yuba R Nr Washington Ca,39.36,-120.772,519.8,18020125,0,1,98.26
11417500,S Yuba R A Jones Bar Nr Grass Valley Ca,39.292,-121.105,820.4,18020125,0,1,97.05
11418500,Deer C Nr Smartsville Ca,39.224,-121.269,218.8,18020125,0,1,90.12
11421770,Bear R Bl Drum Afterbay Nr Blue Canyon Ca,39.254,-120.775,31.2,18020126,0,1,0.0
11421790,Bear R Bl Dutch Flat Afterbay Nr Dutch Flat Ca,39.214,-120.845,55.6,18020126,0,1,98.06
11422500,Bear R Bl Rollins Dam Nr Colfax Ca,39.132,-120.959,270.1,18020126,0,1,96.71
11424000,Bear R Nr Wheatland Ca,39.0,-121.407,756.7,18020126,0,1,50.0
11426150,Onion C Nr Soda Springs Ca,39.267,-120.365,9.3,18020128,0,1,100.0
11426200,Nf Forbes C Nr Dutch Flat Ca,39.144,-120.759,4.3,18020128,0,1,100.0
11426400,N Shirttail C Nr Dutch Flat Ca,39.13,-120.797,23.5,18020128,0,1,100.0
11427000,Nf American R A North Fork Dam Ca,38.936,-121.024,883.1,18020128,0,1,94.57
11427500,Mf American R A French Meadows Ca,39.11,-120.481,124.3,18020128,0,1,98.76
11427700,Duncan Cyn C Nr French Meadows Ca,39.136,-120.479,25.5,18020128,0,1,100.0
11427750,Duncan Cyn C Bl Div Dam Nr French Meadows Ca,39.133,-120.484,27.2,18020128,0,1,100.0
11427760,Mf American R Ab Mf Ph Nr Foresthill Ca,39.025,-120.595,227.5,18020128,0,1,98.81
11427770,Mf American R Bl Interbay Dam Nr Foresthill Ca,39.026,-120.604,230.8,18020128,0,1,98.82
11427960,Rubicon R Bl Rubicon Dam Nr Meeks Bay Ca,38.989,-120.223,68.4,18020128,0,1,86.84
11428000,Rubicon R A Rubicon Springs Nr Meeks Bay Ca,39.019,-120.247,91.3,18020128,0,1,71.96
11428400,L Rubicon R Bl Buck Island Dam Ca,39.005,-120.256,13.5,18020128,0,1,0.0
11428800,Rubicon R Bl Hell Hole Dam Ca,39.057,-120.408,293.8,18020128,0,1,84.89
11429500,Gerle C Bl Loon Lk Nr Meeks Bay Ca,39.005,-120.315,14.6,18020128,0,1,90.48
11430000,Sf Rubicon R Bl Gerle C Nr Georgetown Ca,38.955,-120.402,126.5,18020128,0,1,92.42
11431800,Pilot C Ab Stumpy Meadows Res Ca,38.895,-120.568,30.0,18020128,0,1,100.0
11433040,Pilot C Bl Mutton Canyon Nr Georgetown Ca,38.924,-120.642,54.4,18020128,0,1,100.0
11433100,Long Canyon C Nr French Meadows Ca,39.021,-120.516,45.9,18020128,0,1,100.0
11433200,Rubicon R Nr Foresthill Ca,38.992,-120.722,814.8,18020128,0,1,91.14
11433260,Nf Of Mf American R Nr Foresthill Ca,39.024,-120.719,229.7,18020128,0,1,99.43
11435100,Pyramid C A Twin Bridges Ca,38.816,-120.117,22.8,18020129,0,1,92.31
11436000,Silver Lk Outlet Nr Kirkwood Ca,38.671,-120.123,39.0,18020129,0,1,100.0
11439500,Sf American R Nr Kyburz(River Only) Ca,38.764,-120.329,499.7,18020129,1,1,91.78
11440000,Alder C Nr White Hall (Total Flow) Ca,38.755,-120.372,57.1,18020129,0,1,100.0
11441002,Union Valley Ph Nr Pacific Ca,38.865,-120.444,216.5,18020129,0,1,95.63
11441500,Sf Silver C Nr Ice House Ca,38.819,-120.365,71.5,18020129,0,1,57.5
11441800,Silver C Bl Junction Dam Nr Pollock Pines Ca,38.852,-120.457,368.2,18020129,0,1,84.6
11441900,Silver C Bl Camino Div Dam Ca,38.824,-120.539,441.7,18020129,0,1,86.62
11442700,Brush C Bl Brush Creek Dam Nr Pollock Pines Ca,38.811,-120.623,20.7,18020129,0,1,100.0
11444201,Rock C Nr Placerville Ca,38.794,-120.775,189.0,18020129,0,1,94.92
11447293,Dry C A Vernon St Bridge A Roseville Ca,38.733,-121.302,204.3,18020111,0,1,68.69
11447360,Arcade C Nr Del Paso Heights Ca,38.642,-121.383,81.5,18020111,0,1,100.0
11448500,Adobe C Nr Kelseyville Ca,38.927,-122.881,16.3,18020116,0,1,100.0
11449100,Scotts C Nr Lakeport Ca,39.095,-122.962,146.0,18020116,0,1,100.0
11449500,Kelsey C Nr Kelseyville Ca,38.927,-122.844,95.3,18020116,0,1,100.0
11451100,Nf Cache C A Hough Spring Nr Clearlake Oaks Ca,39.165,-122.62,155.1,18020116,0,1,100.0
11451300,Nf Cache C Nr Clearlake Oaks Ca,39.08,-122.536,311.7,18020116,0,1,100.0
11451500,Nf Cache C Nr Lower Lake Ca,39.019,-122.569,513.8,18020116,0,1,99.44
11451715,Bear C Ab Holsten Chimney Cyn Nr Rumsey Ca,38.958,-122.343,247.9,18020116,0,1,100.0
11451720,Bear C Nr Rumsey Ca,38.944,-122.345,245.9,18020116,0,1,100.0
11453500,Putah C Nr Guenoc Ca,38.779,-122.517,293.4,18020162,0,1,100.0
11456000,Napa R Nr St Helena Ca,38.511,-122.456,212.3,18050002,0,1,100.0
11458000,Napa R Nr Napa Ca,38.368,-122.303,566.3,18050002,0,1,100.0
11458433,Sonoma Creek A Kenwood Ca,38.419,-122.563,36.9,18050002,0,1,100.0
11458500,Sonoma C A Agua Caliente Ca,38.323,-122.494,150.4,18050002,0,1,100.0
11459500,Novato C A Novato Ca,38.108,-122.58,46.5,18050002,0,1,73.68
11460000,Corte Madera C A Ross Ca,37.962,-122.557,47.3,18050002,0,1,97.22
11460400,Lagunitas C A Samuel P Taylor State Park Ca,38.027,-122.736,88.9,18050005,0,1,100.0
11460600,Lagunitas C Nr Pt Reyes Station Ca,38.08,-122.784,211.6,18050005,0,1,82.52
11460750,Walker C Nr Marshall Ca,38.176,-122.818,81.0,18050005,0,1,75.0
11460800,Walker C Nr Tomales Ca,38.21,-122.861,104.2,18050005,0,1,60.87
11461000,Russian R Nr Ukiah Ca,39.195,-123.195,259.6,18010110,0,1,36.84
11461500,Ef Russian R Nr Calpella Ca,39.247,-123.13,238.7,18010110,0,1,56.36
11462000,Ef Russian R Nr Ukiah Ca,39.197,-123.188,271.8,18010110,0,1,52.36
11462500,Russian R Nr Hopland Ca,39.027,-123.131,938.7,18010110,0,1,100.0
11463170,Big Sulphur C A G Resort Nr Cloverdale Ca,38.798,-122.802,33.9,18010110,0,1,100.0
11463200,Big Sulphur C Nr Cloverdale Ca,38.826,-122.997,220.9,18010110,0,1,98.96
11463900,Maacama C Nr Kellogg Ca,38.64,-122.764,114.1,18010110,0,1,88.07
11464500,Dry C Nr Cloverdale Ca,38.75,-123.092,227.6,18010110,0,1,16.67
11465000,Dry C Bl Warm Springs Dam Nr Geyserville Ca,38.72,-123.001,338.0,18010110,0,1,32.75
11465200,Dry C Nr Geyserville Ca,38.699,-122.958,421.6,18010110,0,1,20.0
11465350,Dry C Nr Mouth Nr Healdsburg Ca,38.587,-122.862,559.8,18010110,0,1,69.58
11465660,Copeland C A Rohnert Park Ca,38.343,-122.702,14.2,18010110,0,1,0.0
11465680,Laguna De Santa Rosa A Stony Pt Rd Nr Cotati Ca,38.352,-122.744,107.3,18010110,0,1,0.0
11465690,Colgan C Nr Santa Rosa Ca,38.402,-122.733,8.7,18010110,0,0,0.0
11465700,Colgan C Nr Sebastopol Ca,38.374,-122.768,17.9,18010110,0,0,0.0
11465750,Laguna De Santa Rosa C Nr Sebastopol Ca,38.425,-122.829,209.2,18010110,0,1,19.07
11466065,Brush C A Santa Rosa Ca,38.455,-122.68,26.9,18010110,0,1,93.07
11466170,Matanzas C A Santa Rosa Ca,38.439,-122.702,56.0,18010110,0,1,0.0
11466200,Santa Rosa C A Santa Rosa Ca,38.437,-122.725,144.8,18010110,0,1,81.5
11466320,Santa Rosa C A Willowside Rd Nr Santa Rosa Ca,38.445,-122.807,199.4,18010110,0,1,63.11
11466800,Mark West C Nr Mirabel Heights Ca,38.494,-122.853,652.2,18010110,0,1,0.0
11467200,Austin C Nr Cazadero Ca,38.507,-123.07,162.6,18010110,0,1,55.42
11467500,Sf Gualala R Nr Annapolis Ca,38.705,-123.423,417.6,18010109,0,1,0.0
11467510,Sf Gualala R Nr The Sea Ranch Ca,38.709,-123.427,418.4,18010109,0,1,23.81
11467600,Garcia R Nr Point Arena Ca,38.926,-123.63,254.0,18010108,0,1,0.72
11468000,Navarro R Nr Navarro Ca,39.172,-123.669,785.9,18010108,0,1,0.0
11468500,Noyo R Nr Fort Bragg Ca,39.428,-123.738,273.5,18010108,0,1,5.52
11468900,Mattole R Nr Ettersburg Ca,40.139,-123.991,183.7,18010107,0,1,100.0
11469000,Mattole R Nr Petrolia Ca,40.313,-124.284,622.9,18010107,0,1,78.36
11470500,Eel R Bl Scott Dam Nr Potter Valley Ca,39.408,-122.971,750.2,18010103,0,1,99.85
11471500,Eel R A Van Arsdale Dam Nr Potter Valley Ca,39.388,-123.116,904.2,18010103,0,1,100.0
11472160,Willits C Ab Lk Emily Nr Willits Ca,39.449,-123.398,9.6,18010103,0,1,0.0
11472200,Outlet C Nr Longvale Ca,39.618,-123.357,419.3,18010103,0,1,22.75
11472900,Black Butte R Nr Covelo Ca,39.821,-123.081,418.8,18010104,0,1,91.17
11474500,Nf Eel R Nr Mina Ca,39.937,-123.347,649.6,18010105,0,1,83.36
11475500,Sf Eel R Nr Branscomb Ca,39.719,-123.653,113.8,18010106,0,1,100.0
11475560,Elder C Nr Branscomb Ca,39.73,-123.644,16.8,18010106,0,1,54.72
11475610,Cahto C Nr Laytonville Ca,39.672,-123.498,13.4,18010106,0,1,100.0
11475800,Sf Eel R A Leggett Ca,39.875,-123.721,642.1,18010106,0,1,100.0
11476600,Bull C Nr Weott Ca,40.351,-124.004,71.8,18010106,0,1,100.0
11478500,Van Duzen R Nr Bridgeville Ca,40.48,-123.891,572.4,18010105,0,1,71.51
11480390,Mad R Ab Ruth Res Nr Forest Glen Ca,40.284,-123.335,242.6,18010102,0,1,49.6
11480410,Mad R Bl Ruth Res Nr Forest Glen Ca,40.371,-123.436,313.0,18010102,0,1,51.04
11480500,Mad R Nr Forest Glen Ca,40.458,-123.511,369.0,18010102,0,1,100.0
11481200,Little R Nr Trinidad Ca,41.011,-124.082,105.4,18010102,0,1,99.03
11481500,Redwood C Nr Blue Lake Ca,40.906,-123.815,175.1,18010102,0,1,100.0
11482500,Redwood C A Orick Ca,41.299,-124.051,718.0,18010102,0,1,86.07
11489500,Antelope C Nr Tennant Ca,41.547,-121.918,40.3,18010205,0,1,72.58
11495800,"N Fork Sprague River At Power Plant, Near Bly, Or",42.502,-120.988,173.8,18010202,0,1,0.0
11516900,Little Shasta R Nr Montague Ca,41.753,-122.301,121.4,18010207,0,1,87.59
11521500,Indian C Nr Happy Camp Ca,41.835,-123.383,309.7,18010209,0,1,0.0
11523200,Trinity R Ab Coffee C Nr Trinity Center Ca,41.111,-122.706,382.9,18010211,0,1,51.74
11525530,Rush C Nr Lewiston Ca,40.725,-122.835,58.2,18010211,0,1,50.72
11525600,Grass Valley C A Fawn Lodge Nr Lewiston Ca,40.676,-122.831,80.2,18010211,0,1,77.14
11525630,Grass Valley C Nr Lewiston Ca,40.687,-122.861,94.9,18010211,0,1,50.0
11525670,Indian C Nr Douglas City Ca,40.652,-122.914,86.9,18010211,0,1,57.37
11526500,Nf Trinity R A Helena Ca,40.782,-123.128,391.9,18010211,0,1,46.49
11528500,Hayfork C Nr Hyampom Ca,40.626,-123.435,980.8,18010212,0,1,67.22
12010000,"Naselle River Near Naselle, Wa",46.374,-123.743,142.2,17100106,0,1,0.0
12011500,"Willapa River At Lebam, Wa",46.564,-123.565,108.1,17100106,0,1,0.0
12013500,"Willapa River Near Willapa, Wa",46.651,-123.653,337.7,17100106,0,1,0.0
12017000,"North River Near Raymond, Wa",46.807,-123.851,569.0,17100106,0,1,0.0
12020000,"Chehalis River Near Doty, Wa",46.617,-123.278,294.2,17100103,0,1,41.26
12020800,"South Fork Chehalis River Near Wildwood, Wa",46.445,-123.084,69.8,17100103,0,1,100.0
12024000,"South Fork Newaukum River Near Onalaska, Wa",46.576,-122.685,109.3,17100103,0,1,100.0
12024400,"Nf Newaukum River Above Bear Creek Near Forest, Wa",46.667,-122.77,76.9,17100103,0,1,100.0
12025000,"Newaukum River Near Chehalis, Wa",46.62,-122.945,404.9,17100103,0,1,77.97
12025700,"Skookumchuck River Near Vail, Wa",46.773,-122.594,103.3,17100103,0,1,89.15
12026150,"Skookumchuck River Bl Bldy Run Cr Nr Centralia, Wa",46.79,-122.735,170.0,17100103,0,1,61.23
12026400,"Skookumchuck River Near Bucoda, Wa",46.772,-122.924,298.8,17100103,0,1,0.0
12030000,"Rock Creek At Cedarville, Wa",46.868,-123.308,63.6,17100103,0,1,0.0
12032500,"Cloquallum Creek At Elma, Wa",47.005,-123.388,171.8,17100104,0,1,0.0
12035000,"Satsop River Near Satsop, Wa",47.001,-123.495,769.9,17100104,0,1,8.74
12035055,,41.406,-73.272,40.8,01100005,0,0,100.0
12035400,"Wynoochee River Near Grisdale, Wa",47.38,-123.61,106.1,17100104,0,1,0.0
12035450,"Big Creek Near Grisdale, Wa",47.374,-123.637,24.7,17100104,0,1,0.0
12036000,"Wynoochee River Above Save Creek Near Aberdeen, Wa",47.299,-123.653,190.7,17100104,0,1,0.0
12037400,"Wynoochee River Above Black Creek Nr Montesano, Wa",47.011,-123.655,399.6,17100104,0,1,0.0
12039000,"Humptulips River Near Humptulips, Wa",47.228,-123.941,337.3,17100105,0,1,0.0
12039005,"Humptulips River Below Hwy 101 Nr Humptulips, Wa",47.231,-123.974,343.9,17100105,0,1,0.0
12039300,"North Fork Quinault River Near Amanda Park, Wa",47.596,-123.624,190.1,17100102,0,1,0.93
12039500,"Quinault River At Quinault Lake, Wa",47.458,-123.889,688.2,17100102,0,1,0.0
12041200,"Hoh River At Us Highway 101 Near Forks, Wa",47.807,-124.251,655.8,17100101,0,1,14.81
12041500,"Soleduck River Near Fairholm, Wa",48.044,-123.959,217.9,17100101,0,1,100.0
12043000,"Calawah River Near Forks, Wa",47.96,-124.393,337.2,17100101,0,1,0.0
12043300,"Hoko River Near Sekiu, Wa",48.241,-124.384,135.2,17110021,0,1,6.73
12044900,"Elwha River Above Lake Mills Nr Port Angeles, Wa",47.97,-123.591,513.4,17110020,0,1,40.6
12045500,"Elwha River At Mcdonald Br Near Port Angeles, Wa",48.055,-123.583,695.4,17110020,0,1,50.0
12048000,"Dungeness River Near Sequim, Wa",48.014,-123.133,405.0,17110020,0,1,100.0
12050500,"Snow Creek Near Maynard, Wa",47.94,-122.887,29.3,17110020,0,1,100.0
12052210,"Big Quilcene River Below Diversion Nr Quilcene, Wa",47.785,-122.98,129.4,17110018,0,1,82.52
12054000,"Duckabush River Near Brinnon, Wa",47.684,-123.012,171.7,17110018,0,1,66.67
12056500,"Nf Skokomish R Bl Staircase Rpds Nr Hoodsport, Wa",47.514,-123.33,147.0,17110017,0,1,14.67
12057500,"North Fork Skokomish River Near Hoodsport, Wa",47.423,-123.222,240.1,17110017,0,1,0.0
12058790,"Nf Skokomish R Nr Lwr Cushman Dam Nr Potlatch, Wa",47.397,-123.202,253.5,17110017,0,1,100.0
12059500,"North Fork Skokomish River Near Potlatch, Wa",47.33,-123.243,302.5,17110017,0,1,100.0
12060500,"South Fork Skokomish River Near Union, Wa",47.34,-123.28,198.3,17110017,0,1,1.52
12065500,"Gold Creek Near Bremerton, Wa",47.555,-122.811,4.0,17110018,0,1,83.33
12068500,"Dewatto River Near Dewatto, Wa",47.469,-123.027,48.3,17110018,0,1,100.0
12069550,"Big Beef Creek Near Seabeck, Wa",47.641,-122.785,33.3,17110018,0,1,100.0
12070000,"Dogfish Creek Near Poulsbo, Wa",47.753,-122.645,13.5,17110019,0,1,100.0
12073500,"Huge Creek Near Wauna, Wa",47.389,-122.699,15.7,17110019,0,1,100.0
12076500,"Goldsborough Creek Near Shelton, Wa",47.215,-123.182,117.0,17110019,0,1,73.05
12076800,"Goldsborough Creek Above 7Th Street At Shelton, Wa",47.212,-123.113,154.8,17110019,0,1,73.44
12079000,"Deschutes River Near Rainier, Wa",46.852,-122.669,224.1,17110016,0,1,52.22
12080010,"Deschutes River At E St Bridge At Tumwater, Wa",47.012,-122.903,401.7,17110016,0,1,0.0
12081000,"Woodland Creek Near Olympia, Wa",47.071,-122.817,64.0,17110019,0,1,0.0
12082500,"Nisqually River Near National, Wa",46.753,-122.084,350.0,17110015,0,1,82.88
12083000,"Mineral Creek Near Mineral, Wa",46.744,-122.145,198.8,17110015,0,1,99.49
12086500,"Nisqually River At La Grande, Wa",46.843,-122.331,760.2,17110015,0,1,0.0
12087000,"Mashel River Near La Grande, Wa",46.857,-122.303,213.7,17110015,0,1,46.0
12088000,"Ohop Creek Near Eatonville, Wa",46.881,-122.279,88.9,17110015,0,1,85.04
12090400,"North Fork Clover Creek Near Parkland, Wa",47.135,-122.415,14.6,17110019,0,1,100.0
12090500,"Clover Creek Near Tillicum, Wa",47.146,-122.51,164.1,17110019,0,1,71.37
12091100,"Flett Creek At Tacoma, Wa",47.19,-122.52,34.7,17110019,0,1,100.0
12091200,"Leach Creek Near Fircrest, Wa",47.221,-122.509,12.2,17110019,0,1,100.0
12091290,"Leach Cr At Meadow Park Gc At University Place, Wa",47.198,-122.521,17.3,17110019,0,1,100.0
12091300,"Leach Creek Near Steilacoom, Wa",47.198,-122.523,12.6,17110019,0,1,100.0
12091500,"Chambers Creek Bl Leach Creek Near Steilacoom, Wa",47.198,-122.529,258.1,17110019,0,1,100.0
12092000,"Puyallup River Near Electron, Wa",46.904,-122.035,240.9,17110014,0,1,92.41
12093500,"Puyallup River Near Orting, Wa",47.039,-122.208,438.1,17110014,0,1,87.59
12094000,"Carbon River Near Fairfax, Wa",47.028,-122.033,205.2,17110014,0,1,100.0
12095000,"South Prairie Creek At South Prairie, Wa",47.14,-122.093,205.8,17110014,0,1,99.04
12095493,,41.314,-73.492,8.6,01100006,1,0,100.0
12097000,"White River At Greenwater, Wa",47.146,-121.647,557.4,17110014,0,1,72.28
12097500,"Greenwater River At Greenwater, Wa",47.153,-121.636,190.2,17110014,0,1,100.0
12097850,"White River Below Clearwater River Nr Buckley, Wa",47.147,-121.86,970.4,17110014,0,1,75.93
12099600,"Boise Creek At Buckley, Wa",47.176,-122.018,41.7,17110014,0,1,78.24
12102190,"Swan Creek At 80Th St East Near Tacoma, Wa",47.185,-122.394,5.6,17110014,0,1,100.0
12104000,"Friday Creek Near Lester, Wa",47.221,-121.457,12.3,17110013,0,1,73.04
12104500,"Green River Near Lester, Wa",47.208,-121.553,249.1,17110013,0,1,74.92
12105000,"Smay Creek Near Lester, Wa",47.262,-121.566,25.6,17110013,0,1,53.12
12105710,"North Fork Green River Near Lemolo, Wa",47.306,-121.773,65.9,17110013,0,1,100.0
12105900,"Green River Below Howard A Hanson Dam, Wa",47.284,-121.798,574.0,17110013,0,1,74.25
12106700,"Green River At Purification Plant Near Palmer, Wa",47.305,-121.851,598.5,17110013,0,1,74.14
12108500,"Newaukum Creek Near Black Diamond, Wa",47.276,-122.06,71.1,17110013,0,1,100.0
12112600,"Big Soos Creek Above Hatchery Near Auburn, Wa",47.312,-122.165,173.1,17110013,0,1,100.0
12113347,"Mill Creek At Earthworks Park At Kent, Wa",47.383,-122.225,7.2,17110013,0,1,100.0
12113349,"Mill Creek Near Mouth At Orillia, Wa",47.43,-122.243,13.6,17110013,0,0,100.0
12114000,"South Fork Cedar River Near Lester, Wa",47.308,-121.518,17.0,17110012,0,1,50.0
12114500,"Cedar River Below Bear Creek Near Cedar Falls, Wa",47.342,-121.549,66.6,17110012,0,1,75.0
12115000,"Cedar River Near Cedar Falls, Wa",47.37,-121.625,102.8,17110012,0,1,40.44
12115500,"Rex River Near Cedar Falls, Wa",47.351,-121.663,34.7,17110012,0,1,18.42
12115700,"Boulder Creek Near Cedar Falls, Wa",47.366,-121.693,13.1,17110012,0,1,26.0
12116400,"Cedar River At Powerplant At Cedar Falls, Wa",47.419,-121.781,219.1,17110012,0,1,43.17
12116500,"Cedar River At Cedar Falls, Wa",47.417,-121.792,220.1,17110012,0,1,43.42
12117000,"Taylor Creek Near Selleck, Wa",47.386,-121.846,44.9,17110012,0,1,84.61
12117500,"Cedar River Near Landsburg, Wa",47.394,-121.955,337.3,17110012,0,1,100.0
12117600,"Cedar River Below Diversion Near Landsburg, Wa",47.38,-121.983,345.9,17110012,0,1,63.19
12118500,"Rock Creek Near Maple Valley, Wa",47.38,-122.017,32.7,17110012,0,1,100.0
12119000,"Cedar River At Renton, Wa",47.483,-122.203,448.4,17110012,0,1,74.22
12120000,"Mercer Creek Near Bellevue, Wa",47.603,-122.181,37.3,17110012,0,1,100.0
12120500,"Juanita Creek Near Kirkland, Wa",47.707,-122.215,16.7,17110012,0,1,100.0
12120600,"Issaquah Creek Near Hobart, Wa",47.457,-122.005,46.9,17110012,0,1,95.92
12121600,"Issaquah Creek Near Mouth Near Issaquah, Wa",47.552,-122.048,147.6,17110012,0,1,100.0
12124000,"Evans Creek (Above Mouth) Near Redmond, Wa",47.675,-122.081,34.0,17110012,0,1,100.0
12125200,"Sammamish River Near Woodinville, Wa",47.704,-122.143,405.4,17110012,0,1,100.0
12126000,"North Creek Near Bothell, Wa",47.791,-122.198,63.6,17110012,0,1,100.0
12127100,"Swamp Creek At Kenmore, Wa",47.756,-122.234,58.9,17110012,0,1,99.11
12128000,"Thornton Creek Near Seattle, Wa",47.696,-122.276,31.3,17110012,0,1,100.0
12133000,"South Fork Skykomish River Near Index, Wa",47.805,-121.547,925.6,17110009,0,1,16.99
12135000,"Wallace River At Gold Bar, Wa",47.864,-121.683,49.8,17110009,0,1,80.0
12137290,"South Fork Sultan River Near Sultan, Wa",47.947,-121.627,30.4,17110009,0,1,91.89
12137500,"Sultan River Near Startup, Wa",47.974,-121.781,192.5,17110009,0,1,80.29
12137800,"Sultan River Below Diversion Dam Near Sultan, Wa",47.959,-121.797,198.5,17110009,0,1,80.99
12138160,"Sultan River Below Powerplant Near Sultan, Wa",47.907,-121.815,243.5,17110009,0,1,83.28
12141000,"Woods Creek Near Monroe, Wa",47.869,-121.927,146.9,17110009,0,1,100.0
12141300,"Middle Fork Snoqualmie River Near Tanner, Wa",47.486,-121.648,401.5,17110010,0,1,13.33
12142000,"Nf Snoqualmie River Near Snoqualmie Falls, Wa",47.615,-121.713,165.6,17110010,0,1,100.0
12143400,"Sf Snoqualmie River Ab Alice Creek Near Garcia, Wa",47.415,-121.587,107.9,17110010,0,1,27.14
12143600,"Sf Snoqualmie River At Edgewick, Wa",47.453,-121.718,165.0,17110010,0,1,31.88
12143700,"Boxley Creek Near Cedar Falls, Wa",47.433,-121.752,3.4,17110010,0,1,100.0
12143900,"Boxley Creek Near Edgewick, Wa",47.449,-121.732,14.0,17110010,0,1,100.0
12144000,"Sf Snoqualmie River At North Bend, Wa",47.493,-121.79,210.1,17110010,0,1,58.82
12144500,"Snoqualmie River Near Snoqualmie, Wa",47.545,-121.842,976.9,17110010,0,1,36.12
12145500,"Raging River Near Fall City, Wa",47.54,-121.909,79.0,17110010,0,1,100.0
12147000,"Griffin Creek Near Carnation, Wa",47.616,-121.905,44.5,17110010,0,1,100.0
12147500,"North Fork Tolt River Near Carnation, Wa",47.712,-121.789,102.9,17110010,0,1,100.0
12147600,"South Fork Tolt River Near Index, Wa",47.707,-121.6,14.1,17110010,0,1,29.17
12148000,"South Fork Tolt River Near Carnation, Wa",47.689,-121.713,51.8,17110010,0,1,36.11
12148300,"Sf Tolt River Bl Regulating Basin Nr Carnation, Wa",47.697,-121.787,76.8,17110010,0,1,51.56
12148500,"Tolt River Near Carnation, Wa",47.696,-121.824,210.2,17110010,0,1,58.43
12153000,"Little Pilchuck C Near Lake Stevens, Wa",48.033,-122.052,43.7,17110011,0,1,100.0
12155300,"Pilchuck River Near Snohomish, Wa",47.935,-122.073,333.4,17110011,0,1,100.0
12157000,"Quilceda Creek Near Marysville, Wa",48.105,-122.163,47.7,17110011,0,1,100.0
12157250,"Mission Creek Near Tulalip, Wa",48.058,-122.267,20.8,17110019,0,1,95.83
12158010,"West Fork Tulalip Creek Near Tulalip, Wa",48.099,-122.291,25.1,17110019,0,1,100.0
12158040,"Tulalip Creek Near Tulalip, Wa",48.068,-122.288,40.5,17110019,0,1,100.0
12161000,"Sf Stillaguamish River Near Granite Falls, Wa",48.103,-121.953,303.8,17110008,0,1,90.68
12167000,"Nf Stillaguamish River Near Arlington, Wa",48.261,-122.048,683.8,17110008,0,1,100.0
12168500,"Pilchuck River Near Bryant, Wa",48.266,-122.164,136.3,17110008,0,1,100.0
12175500,"Thunder Creek Near Newhalem, Wa",48.673,-121.073,273.8,17110005,0,1,0.0
12177500,"Stetattle Creek Near Newhalem, Wa",48.722,-121.151,58.4,17110005,0,1,0.0
12178100,"Newhalem Creek Near Newhalem, Wa",48.656,-121.238,69.7,17110005,0,1,0.0
12179900,"Bacon Creek Below Oakes Creek Near Marblemount, Wa",48.605,-121.4,128.3,17110005,0,1,39.38
12181100,"Sf Cascade R At S Cascade Gl Nr Marblemount, Wa",48.37,-121.074,6.6,17110005,0,1,100.0
12181200,"Salix Creek At S Cascade Gl Near Marblemount, Wa",48.371,-121.078,0.2,17110005,0,1,100.0
12182500,"Cascade River At Marblemount, Wa",48.526,-121.415,444.3,17110005,0,1,42.76
12186000,"Sauk River Ab White Chuck River Nr  Darrington, Wa",48.169,-121.471,398.4,17110006,0,1,58.29
12193500,"Baker River At Concrete, Wa",48.54,-121.743,771.9,17110005,0,1,29.1
12196000,"Alder Creek Near Hamilton, Wa",48.528,-121.951,28.7,17110007,0,1,0.0
12201500,"Samish River Near Burlington, Wa",48.546,-122.338,224.2,17110002,0,1,97.81
12201950,"Anderson Creek Near Bellingham, Wa",48.674,-122.267,10.6,17110004,0,1,100.0
12201960,"Brannian Creek At S Bay Dr Nr Wickersham, Wa",48.669,-122.28,9.0,17110004,0,1,100.0
12202300,"Olsen Creek Near Bellingham, Wa",48.751,-122.353,10.1,17110004,0,1,100.0
12202310,"Carpenter Creek Near Bellingham, Wa",48.754,-122.354,3.3,17110004,0,1,100.0
12202420,"Mill Creek Near Bellingham, Wa",48.755,-122.417,2.6,17110004,0,1,100.0
12205000,"Nf Nooksack River Bl Cascade Creek Nr Glacier, Wa",48.906,-121.844,272.5,17110004,0,1,29.65
12206900,"Racehorse Creek At North Fork Road Nr Kendall, Wa",48.885,-122.133,27.2,17110004,0,1,0.0
12207750,"Warm Creek Near Welcome, Wa",48.767,-121.965,11.3,17110004,0,1,100.0
12207850,"Clearwater Creek Near Welcome, Wa",48.788,-122.023,48.9,17110004,0,1,100.0
12208000,"Mf Nooksack River Near Deming, Wa",48.779,-122.107,192.7,17110004,0,1,75.44
12209000,"Sf Nooksack River Near Wickersham, Wa",48.664,-122.133,267.7,17110004,0,1,86.8
12209490,"Skookum Creek Above Diversion Near Wickersham, Wa",48.672,-122.14,58.1,17110004,0,1,0.0
12209500,"Skookum Creek Near Wickersham, Wa",48.672,-122.141,58.2,17110004,0,1,0.0
12210000,"Sf Nooksack River At Saxon Bridge, Wa",48.678,-122.167,332.1,17110004,0,1,83.33
12210900,"Anderson Creek At Smith Road Near Goshen, Wa",48.833,-122.339,25.7,17110004,0,1,94.44
12303100,Flower Creek Near Libby Mt,48.345,-115.607,29.1,17010101,0,1,0.0
12303500,Lake Creek At Troy Mt,48.447,-115.877,538.2,17010101,0,1,0.0
12305500,Boulder Creek Nr Leonia Id,48.598,-116.093,143.7,17010104,0,1,0.0
12311000,Deep Creek At Moravia Id,48.63,-116.387,342.8,17010104,0,1,54.64
12323240,Blacktail Creek At Butte Mt,45.995,-112.537,298.8,17010201,0,1,0.0
12323250,"Silver Bow Cr Bl Blacktail Cr, At Butte, Mt",45.997,-112.563,322.8,17010201,0,1,0.0
12323600,Silver Bow Creek At Opportunity Mt,46.108,-112.806,887.5,17010201,0,1,0.0
12323670,"Mill Creek Nr Anaconda, Mt",46.083,-112.917,102.4,17010201,0,1,40.34
12323700,"Mill Creek At Opportunity, Mt",46.114,-112.822,110.1,17010201,0,1,31.58
12323710,"Willow Creek Nr Anaconda, Mt",46.065,-112.894,35.6,17010201,0,1,0.0
12323720,"Willow Creek At Opportunity, Mt",46.106,-112.812,81.0,17010201,0,1,0.0
12323760,Warm Springs Creek Near Anaconda Mt,46.134,-112.914,402.2,17010201,0,1,42.83
12323770,Warm Springs Creek At Warm Springs Mt,46.18,-112.786,414.0,17010201,0,1,0.0
12323840,Lost Creek Near Anaconda Mt,46.162,-112.893,68.6,17010201,0,1,37.11
12323850,"Lost Creek Near Galen, Mt",46.219,-112.774,160.5,17010201,0,1,12.33
12325500,Flint Creek Near Southern Cross Mt,46.233,-113.3,140.0,17010202,0,1,24.85
12329500,Flint Creek At Maxville Mt,46.464,-113.24,532.7,17010202,0,1,51.11
12330000,Boulder Creek At Maxville Mt,46.472,-113.234,182.5,17010202,0,1,0.0
12332000,Middle Fork Rock Cr Nr Philipsburg Mt,46.184,-113.502,315.1,17010202,0,1,0.0
12335500,"Nevada Cr Ab Reservoir, Nr Helmville, Mt",46.778,-112.768,314.1,17010203,0,1,68.44
12338300,Nf Blackfoot R Ab Dry Gulch Nr Ovando Mt,46.98,-113.091,811.4,17010203,0,1,0.0
12342500,West Fork Bitterroot River Nr Conner Mt,45.725,-114.281,820.1,17010205,0,1,0.0
12343400,East Fork Bitterroot River Nr Conner Mt,45.883,-114.066,985.0,17010205,0,1,12.61
12346500,Skalkaho Creek Near Hamilton Mt,46.161,-113.949,226.3,17010205,0,1,100.0
12347500,Blodgett Creek Near Corvallis Mt,46.269,-114.237,67.5,17010205,0,1,87.1
12354000,"St. Regis River Near St. Regis, Mt",47.297,-115.123,828.4,17010204,0,1,2.57
12361000,Sullivan Creek Near Hungry Horse Mt,48.029,-113.704,183.9,17010209,0,1,0.0
12366000,Whitefish River Near Kalispell Mt,48.32,-114.278,451.9,17010210,0,1,0.0
12366080,"Whitefish River Nr Mouth At Kalispell, Mt",48.227,-114.292,486.3,17010210,0,1,0.0
12369200,Swan River Near Condon Mt,47.422,-113.671,197.1,17010211,0,1,28.12
12374250,Mill Cr Ab Bassoo Cr Nr Niarada Mt,47.83,-114.698,50.8,17010212,0,1,0.0
12375900,South Crow Creek Near Ronan Mt,47.492,-114.027,19.7,17010212,0,1,0.0
12377150,Mission Creek Ab Reservoir Nr St. Ignatius Mt,47.323,-113.98,32.2,17010212,0,1,82.35
12381400,South Fork Jocko River Near Arlee Mt,47.195,-113.851,150.9,17010212,0,1,89.18
12383500,Big Knife Creek Near Arlee Mt,47.147,-113.974,17.7,17010212,0,1,92.0
12387450,Valley Creek Near Arlee Mt,47.17,-114.231,41.8,17010212,0,1,0.0
12388400,Revais Cr Bl West Fork Nr Dixon Mt,47.266,-114.407,60.8,17010212,0,1,73.85
12390700,Prospect Creek At Thompson Falls Mt,47.586,-115.355,470.2,17010213,0,1,0.0
12392155,Lightning Creek At Clark Fork Id,48.152,-116.182,326.2,17010213,0,1,0.0
12392300,Pack River Nr Colburn Id,48.42,-116.502,314.0,17010214,0,1,100.0
12396000,"Calispell Creek Near Dalkena, Wa",48.244,-117.342,176.3,17010216,0,1,100.0
12396900,"Sullivan Creek Ab Outlet Cr Nr Metaline Falls, Wa",48.846,-117.287,181.3,17010216,0,1,38.42
12397100,"Outlet Creek Near Metaline Falls, Wa",48.845,-117.288,134.6,17010216,0,1,38.42
12398000,"Sullivan Creek At Metaline Falls, Wa",48.86,-117.364,370.1,17010216,0,1,100.0
12408500,"Mill Creek Near Colville, Wa",48.579,-117.867,213.9,17020003,0,1,35.58
12411000,Nf Coeur D Alene R Ab Shoshone Ck Nr Prichard Id,47.706,-115.979,867.5,17010301,0,1,78.15
12413125,"Canyon Creek Ab Mouth At Wallace, Id",47.472,-115.915,57.0,17010302,0,1,0.0
12413130,"Ninemile Creek Ab Mouth At Wallace, Id",47.479,-115.919,29.7,17010302,0,1,0.0
12413140,Placer Creek At Wallace Id,47.463,-115.937,38.8,17010302,0,1,0.0
12413150,"Sf Coeur D Alene River At Silverton, Id",47.492,-115.955,280.0,17010302,0,1,0.0
12413210,Sf Coeur D Alene At Elizabeth Park Nr Kellogg Id,47.531,-116.093,470.6,17010302,0,1,0.71
12413355,Sf Coeur D Alene River Abv Pine Cr Nr Pinehurst Id,47.548,-116.22,535.7,17010302,0,1,0.6
12413360,Ef Pine Creek Abv Gilbert Cr Near Pinehurst Id,47.44,-116.175,9.0,17010302,0,1,0.0
12413370,Ef Pine Creek Abv Nabob Cr Near Pinehurst Id,47.477,-116.222,74.2,17010302,0,1,0.0
12413445,Pine Creek Below Amy Gulch Near Pinehurst Id,47.514,-116.242,189.7,17010302,0,1,0.0
12413470,"Sf Coeur D Alene River Nr Pinehurst, Id",47.552,-116.236,738.0,17010302,0,1,0.0
12413875,"St Joe River At Red Ives Ranger Station, Id",47.056,-115.353,275.1,17010304,0,1,17.02
12414900,"St Maries River Nr Santa, Id",47.176,-116.493,705.7,17010304,0,1,100.0
12416000,Hayden Creek Bl North Fork Nr Hayden Lake Id,47.823,-116.655,55.7,17010305,0,1,39.47
12422990,"Hangman Creek At State Line Road Near Tekoa, Wa",47.203,-117.041,327.9,17010306,0,1,100.0
12433200,"Chamokane Creek Below Falls Near Long Lake, Wa",47.862,-117.859,468.6,17010307,0,1,98.42
12433542,"Blue Cr Ab Midnite Mine Drainage Nr Wellpinit, Wa",47.924,-118.089,15.7,17010307,0,1,100.0
12433890,"Sanpoil River Ab 13 Mile Creek Near Republic, Wa",48.477,-118.73,580.6,17020004,0,1,20.0
12434110,"West Fork Sanpoil River Near Republic, Wa",48.459,-118.752,760.8,17020004,0,1,69.3
12439300,"Tonasket Creek At Oroville, Wa",48.943,-119.414,157.3,17020006,0,1,0.0
12447383,"Methow River Above Goat Creek Near Mazama, Wa",48.574,-120.385,950.7,17020008,0,1,0.0
12447390,"Andrews Creek Near Mazama, Wa",48.823,-120.146,58.1,17020008,0,1,0.0
12448998,"Twisp River Near Twisp, Wa",48.37,-120.149,632.7,17020008,0,1,1.99
12451000,"Stehekin River At Stehekin, Wa",48.33,-120.692,830.6,17020009,0,1,14.14
12452800,"Entiat River Near Ardenvoir, Wa",47.818,-120.423,526.4,17020010,0,1,0.0
12452890,"Mad River At Ardenvoir, Wa",47.737,-120.369,236.2,17020010,0,1,0.09
12454000,"White River Near Plain, Wa",47.874,-120.87,386.0,17020011,0,1,23.94
12456500,"Chiwawa River Near Plain, Wa",47.837,-120.662,445.7,17020011,0,1,5.54
12458000,"Icicle Creek Above Snow Creek Near Leavenworth, Wa",47.541,-120.72,499.4,17020011,0,1,0.0
12464800,"Coal Creek At Mohler, Wa",47.407,-118.319,158.5,17020013,0,1,100.0
12465400,"Wilson Creek Below Corbett Draw Near Almira, Wa",47.663,-118.931,870.3,17020013,0,1,100.0
12474500,"Yakima River Near Martin, Wa",47.321,-121.336,141.1,17030001,0,1,35.62
12476000,"Kachess River Near Easton, Wa",47.261,-121.203,164.2,17030001,0,1,34.97
12479000,"Cle Elum River Near Roslyn, Wa",47.245,-121.068,524.2,17030001,0,1,28.57
12483800,"Naneum Creek Near Ellensburg, Wa",47.127,-120.481,177.7,17030001,0,1,3.54
12488000,"Bumping River Near Nile, Wa",46.873,-121.293,192.1,17030002,0,1,97.95
12488500,"American River Near Nile, Wa",46.978,-121.169,205.2,17030002,0,1,93.13
12491500,"Tieton River At Tieton Dam Near Naches, Wa",46.663,-121.125,485.2,17030002,0,1,79.66
12492500,"Tieton River At Canal Headworks Near Naches, Wa",46.671,-121.004,622.1,17030002,0,1,33.33
12500500,"North Fork Ahtanum Creek Near Tampico, Wa",46.564,-120.917,180.1,17030003,0,1,69.27
12501000,"Sf Ahtanum Creek At Conrad Ranch Nr Tampico, Wa",46.511,-120.916,64.6,17030003,0,1,0.0
12502500,"Ahtanum Creek At Union Gap, Wa",46.536,-120.473,446.0,17030003,0,1,32.92
12512500,"Providence Coulee At Cunningham, Wa",46.822,-118.811,72.9,17020016,0,1,92.54
12512550,"Providence Coulee Near Cunningham, Wa",46.803,-118.816,137.6,17020016,0,1,88.18
12513000,"Esquatzel Coulee At Connell, Wa",46.663,-118.863,602.1,17020016,0,1,100.0
13011500,"Pacific Creek At Moran, Wy",43.85,-110.518,404.1,17040101,0,1,0.0
13011900,"Buffalo Fork Ab Lava Creek, Nr Moran, Wy",43.838,-110.441,851.8,17040101,0,1,69.45
13016240,"Lake Cr Bl Granite Cr Supplemental, Nr Moose, Wy",43.614,-110.78,57.8,17040101,0,1,52.46
13016305,"Granite C Ab Granite C Supplemental, Nr Moose, Wy",43.604,-110.805,39.5,17040103,0,1,0.0
13016450,"Fish Creek At Wilson, Wy",43.501,-110.872,183.3,17040103,0,1,100.0
13018300,"Cache Creek Near Jackson, Wy",43.452,-110.704,27.9,17040103,0,1,0.0
13018350,"Flat Creek Below Cache Creek, Near Jackson, Wy",43.458,-110.796,333.0,17040103,0,1,20.44
13025000,"Swift Creek Near Afton, Wy",42.726,-110.898,70.7,17040105,0,1,0.0
13039500,Henrys Fork Nr Lake Id,44.595,-111.349,244.3,17040202,0,1,0.0
13046680,Boundary Creek Nr Bechler Ranger Station Y.N.P. Wy,44.185,-111.008,220.2,17040203,0,1,52.46
13046995,Fall River Ab Yellowstone Canal Nr Squirrel Id,44.062,-111.152,835.2,17040203,0,1,41.28
13047500,Fall River Nr Squirrel Id,44.069,-111.241,800.0,17040203,0,1,44.69
13047600,Fall River Nr Ashton Id,44.056,-111.359,873.7,17040203,0,1,46.6
13052200,Teton River Ab South Leigh Creek Nr Driggs Id,43.781,-111.209,869.7,17040204,0,1,74.01
13055250,Nf Teton River Nr Sugar City Id,43.888,-111.758,63.0,17040204,0,1,100.0
13063000,Blackfoot River Ab Reservoir Nr Henry Id,42.815,-111.507,863.4,17040207,0,1,0.51
13075000,Marsh Creek Nr Mccammon Id,42.63,-112.226,908.0,17040208,0,1,0.0
13075983,Spring Creek At Sheepskin Rd Nr Fort Hall Id,43.042,-112.55,53.7,17040208,0,1,100.0
13077700,"George Creek Near Yost, Utah",41.919,-113.482,20.2,17040210,0,1,42.86
13079000,"Clear Creek Near Naf, Idaho",41.967,-113.287,51.8,17040210,0,1,61.11
13083000,Trapper Creek Nr Oakley Id,42.166,-113.984,133.2,17040211,0,1,85.79
13092000,Rock Creek Nr Rock Creek Id,42.356,-114.304,211.2,17040212,0,1,0.0
13092747,Rock Creek Ab Hwy 30/93 Xing At Twin Falls Id,42.562,-114.495,664.4,17040212,0,1,26.64
13112000,Camas Creek At Camas Id,44.003,-112.221,947.2,17040214,0,1,99.81
13113000,Beaver Creek At Spencer Id,44.355,-112.18,319.7,17040214,0,1,98.99
13113500,Beaver Creek At Dubois Id,44.186,-112.236,627.8,17040214,0,1,99.46
13116000,Medicine Lodge Creek At Ellis Ranch Nr Angora Id,44.291,-112.503,408.6,17040215,0,1,67.58
13116500,Medicine Lodge Creek Nr Small Id,44.259,-112.41,679.8,17040215,0,1,79.01
13120000,Nf Big Lost River At Wild Horse Nr Chilly Id,43.934,-114.112,297.3,17040218,0,1,6.11
13135500,Big Wood River Nr Ketchum Id,43.786,-114.425,354.4,17040219,0,1,52.51
13147900,Little Wood River Ab High Five Creek Nr Carey Id,43.492,-114.059,645.9,17040221,0,1,51.09
13148500,Little Wood River Nr Carey Id,43.39,-114.0,801.7,17040221,0,1,59.02
13150430,Silver Creek At Sportsman Access Nr Picabo Id,43.322,-114.107,184.9,17040221,0,1,100.0
13159800,Canyon Cr At Oregon Trail Xing Nr Mountain Home Id,43.261,-115.703,184.3,17050101,0,1,100.0
13161500,"Bruneau Rv At Rowland, Nv",41.933,-115.675,986.1,17050102,0,1,30.13
13162225,"Jarbidge Rv Blw Jarbidge, Nv",41.89,-115.429,76.1,17050102,0,1,82.07
13169500,Big Jacks Creek Nr Bruneau Id,42.785,-115.984,631.6,17050102,0,1,41.7
13174500,"Owyhee Rv Nr Gold Ck, Nv",41.689,-115.845,527.6,17050104,0,1,38.3
13196500,Bannock Creek Nr Idaho City Id,43.807,-115.775,12.2,17050112,0,1,44.44
13200500,Robie Creek Nr Arrowrock Dam Id,43.63,-116.0,41.7,17050112,0,1,32.99
13204640,Cottonwood Creek Bel Fivemile Cr Nr Boise Id,43.629,-116.111,15.4,17050114,0,1,100.0
13216500,Nf Malheur R Ab Beulah Res Nr Beulah Or,43.948,-118.174,885.3,17050116,0,1,14.11
13236500,Deadwood River Bl Deadwood Res Nr Lowman Id,44.292,-115.642,283.6,17050120,0,1,0.0
13237920,Middle Fork Payette River Nr Crouch Id,44.109,-115.982,874.8,17050121,0,1,0.0
13239000,Nf Payette River At Mccall Id,44.907,-116.119,375.7,17050123,0,1,0.0
13240000,Lake Fork Payette River Ab Jumbo Cr Nr Mccall Id,44.914,-115.997,125.6,17050123,0,1,0.0
13242500,Lake Fork Payette River Bl Lid Canal Nr Mccall Id,44.895,-116.041,157.5,17050123,0,1,0.0
13250600,Big Willow Creek Nr Emmett Id,44.075,-116.486,126.7,17050122,0,1,42.18
13251500,Weiser River At Tamarack Id,44.947,-116.383,94.1,17050124,0,1,0.0
13254500,Lost Creek Nr Tamarack Id,44.955,-116.466,75.9,17050124,0,1,0.0
13261000,Little Weiser River Nr Indian Valley Id,44.492,-116.397,206.7,17050124,0,1,0.0
13264500,Crane Creek Nr Midvale Id,44.355,-116.619,605.9,17050124,0,1,39.63
13265500,Crane Creek At Mouth Nr Weiser Id,44.291,-116.782,732.1,17050124,0,1,100.0
13273000,Burnt River Near Hereford Or,44.504,-118.177,803.4,17050202,0,1,3.12
13275300,Powder River Nr Sumpter Or,44.672,-117.995,427.3,17050203,0,1,17.58
13277000,Powder River At Baker City Or,44.768,-117.832,899.9,17050203,0,1,0.0
13288200,"Eagle Creek Above Skull Creek Near New Bridge, Or",44.88,-117.254,403.7,17050203,0,1,18.51
13290190,Pine Creek Nr Oxbow Or,44.952,-116.874,772.1,17050201,0,1,13.98
13295000,Valley Creek At Stanley Id,44.222,-114.931,376.4,17060201,0,1,0.0
13297330,Thompson Creek Nr Clayton Id,44.27,-114.517,75.6,17060201,0,1,1.08
13297350,Bruno Creek Nr Clayton Id,44.297,-114.481,16.6,17060201,0,1,2.31
13297355,Paasasikwana Naokwaide Bl Bruno Ck,44.291,-114.472,185.7,17060201,0,1,16.67
13306385,"Napias Creek Below Arnett Creek Near Leesburg, Id",45.206,-114.134,105.2,17060203,0,1,0.0
13308500,Mf Salmon River Nr Capehorn Id,44.409,-115.184,358.1,17060205,0,1,0.0
13310700,Sf Salmon River Nr Krassel Ranger Station Id,44.987,-115.725,853.1,17060208,0,1,0.0
13313000,Johnson Creek At Yellow Pine Id,44.962,-115.5,561.9,17060208,0,1,0.0
13320000,"Catherine Creek Near Union, Or",45.155,-117.775,269.3,17060104,0,1,11.08
13324300,"Lookingglass Creek Near Looking Glass, Or",45.732,-117.865,198.9,17060104,0,1,89.69
13327500,"Wallowa River At Joseph,Oreg.",45.337,-117.227,131.7,17060105,0,1,46.15
13329500,"Hurricane Creek Near Joseph, Oreg.",45.337,-117.293,76.8,17060105,0,1,34.44
13329765,"Wallowa River Near Enterprise, Or",45.475,-117.388,665.8,17060105,0,1,15.08
13329770,"Wallowa R Abv Cross Cntry Canal, Nr Enterprise, Or",45.488,-117.404,705.4,17060105,0,1,14.98
13330000,"Lostine River Near Lostine, Or",45.439,-117.427,185.1,17060105,0,1,39.53
13330300,"Lostine River At Baker Road, Near Lostine, Or",45.538,-117.481,238.0,17060105,0,1,31.25
13330500,"Bear Creek Near Wallowa, Or",45.527,-117.552,184.6,17060105,0,1,0.0
13331500,"Minam River At Minam, Or",45.62,-117.727,618.9,17060105,0,1,37.58
13334450,"Asotin Creek Below Confluence Near Asotin, Wa",46.274,-117.291,269.8,17060103,0,1,37.73
13334700,"Asotin Creek Below Kearney Gulch Near Asotin, Wa",46.326,-117.153,441.3,17060103,0,1,39.81
13335050,"Asotin Creek At Asotin, Wa",46.341,-117.056,840.6,17060103,0,1,0.0
13337500,Sf Clearwater River Nr Elk City Id,45.825,-115.527,675.8,17060305,0,1,0.0
13339500,Lolo Creek Nr Greer Id,46.372,-116.162,625.5,17060306,0,1,0.0
13342295,Webb Creek Near Sweetwater Id,46.327,-116.832,77.0,17060306,0,1,0.0
13342340,Sweetwater Creek At Mouth At Sweetwater Id,46.369,-116.796,216.7,17060306,0,1,0.0
13342450,"Lapwai Creek Nr Lapwai, Id",46.427,-116.805,698.1,17060306,0,1,0.0
13345000,"Palouse River Nr Potlatch, Id",46.915,-116.951,818.1,17060108,0,1,99.15
13346800,Paradise Cr At University Of Idaho At Moscow Id,46.732,-117.024,45.8,17060108,0,1,100.0
13348000,"South Fork Palouse River At Pullman, Wa",46.732,-117.181,237.8,17060108,1,1,100.0
13621955,,42.109,-74.452,32.7,02020006,0,0,100.0
136230002,,42.08,-74.335,53.2,02020006,0,0,96.23
137449480,,41.447,-73.556,156.1,02030101,3,0,100.0
137462010,,41.412,-73.694,110.7,02030101,0,0,100.0
137499350,,41.262,-73.843,20.4,02030101,2,0,100.0
14010000,"South Fork Walla Walla River Near Milton,Oreg.",45.83,-118.17,160.1,17070102,0,1,100.0
14010800,"North Frk Walla Walla River Nr Milton Freewater,Or",45.885,-118.203,90.1,17070102,0,1,100.0
14011000,"No Fk Walla Walla River Nr Milton, Oreg.",45.902,-118.283,110.9,17070102,0,1,100.0
14013000,"Mill Creek Near Walla Walla, Wa",46.008,-118.119,152.0,17070102,0,1,87.32
14013500,"Blue Creek Near Walla Walla, Wa",46.058,-118.14,44.9,17070102,0,1,73.91
14013700,"Mill Creek At Five Mile Rd Br Nr Walla Walla, Wa",46.086,-118.228,240.3,17070102,0,1,82.43
14015000,"Mill Creek At Walla Walla, Wa",46.076,-118.274,249.9,17070102,0,1,83.28
14017000,"Touchet River At Bolles, Wa",46.274,-118.222,941.7,17070102,0,1,66.85
14020000,"Umatilla River Above Meacham Creek, Nr Gibbon, Or",45.72,-118.323,341.4,17070103,0,1,100.0
14020300,"Meacham Creek At Gibbon, Or",45.689,-118.357,456.4,17070103,0,1,97.93
14022200,"North Fork Mckay Creek Near Pilot Rock, Or",45.507,-118.617,125.5,17070103,0,1,100.0
14022500,"Mckay Creek Near Pilot Rock,Oreg.",45.549,-118.774,463.4,17070103,0,1,99.83
14023500,"Mckay Creek Near Pendleton,Oreg.",45.609,-118.8,501.4,17070103,0,1,99.85
14025000,"Birch Creek At Rieth, Or",45.653,-118.88,737.0,17070103,0,1,99.14
14032000,"Butter Creek Near Pine City, Oreg.",45.544,-119.312,743.8,17070103,0,1,99.89
14034470,"Willow Creek Abv Willow Cr Lake, Nr Heppner, Or",45.341,-119.516,176.2,17070104,0,1,0.0
14034480,"Balm Fork Near Heppner, Or",45.332,-119.541,68.0,17070104,0,1,0.0
14034500,"Willow Creek At Heppner, Or",45.35,-119.55,251.8,17070104,0,1,89.71
14034608,"Willow Creek At Morgan Street, At Heppner, Or",45.361,-119.56,381.5,17070104,0,1,87.23
14034800,"Rhea Creek Near Heppner,Oreg.",45.261,-119.624,297.1,17070104,0,1,62.97
14036860,"John Day R At Blue Mtn Hot Spgs Nr Prairie City,Or",44.358,-118.576,104.3,17070201,0,1,6.93
14037500,"Strawberry Cr Ab Slide Cr Nr Prairie City,Oreg.",44.342,-118.657,18.2,17070201,0,1,0.0
14042000,"Camas Creek Nr Lehman,Oreg.",45.171,-118.732,156.6,17070202,0,1,93.1
14042500,"Camas Creek Near Ukiah, Oreg.",45.157,-118.821,312.1,17070202,0,1,93.66
14046778,"Bridge Cr Abv Coyote Canyon Nr Mitchell, Or",44.727,-120.302,691.1,17070204,0,1,0.0
14046890,"Pine Creek Near Clarno, Or",44.91,-120.441,168.6,17070204,0,1,0.0
14050000,"Deschutes River Bl Snow Cr Nr La Pine,Oreg.",43.814,-121.777,323.4,17070301,0,1,0.0
14050500,"Cultus River Ab Cultus Cr Nr La Pine,Oreg.",43.818,-121.796,39.3,17070301,0,1,0.0
14051000,"Cultus Cr Ab Crane Prairie Res Nr La Pine,Oreg.",43.821,-121.824,85.1,17070301,0,1,0.0
14052000,"Deer Cr Ab Crane Prairie Res Nr La Pine,Oreg.",43.805,-121.839,45.2,17070301,0,1,0.0
14053000,"Charlton Cr Ab Crane Prairie Res Nr La Pine,Oreg",43.781,-121.836,40.0,17070301,0,1,0.0
14054000,"Deschutes R Bl Crane Prairie Res Nr La Pine, Or",43.753,-121.784,670.5,17070301,0,1,4.16
14054500,"Brown Creek Near La Pine,Oreg.",43.713,-121.804,52.9,17070301,0,0,0.0
14055500,"Odell Creek Near Crescent,Oreg.",43.547,-121.963,96.9,17070301,0,1,0.0
14057500,"Fall River Near La Pine,Oreg.",43.797,-121.573,124.2,17070301,0,1,0.0
14060000,"Crescent Cr At Crescent Lake Nr Crescent,Oreg.",43.503,-121.973,147.6,17070302,0,1,0.0
14073001,"Tumalo Creek Plus Col So Ca, Nr Tumala, Or",44.088,-121.373,124.1,17070301,0,1,1.12
14075000,"Whychus Creek Near Sisters, Or",44.234,-121.567,147.9,17070301,0,1,46.86
14088000,"Lake Creek Near Sisters,Oreg.",44.426,-121.726,56.6,17070301,0,1,92.77
14090350,"Jefferson Creek Near Camp Sherman, Or",44.572,-121.639,72.1,17070301,0,1,33.33
14090400,"Whitewater River Near Camp Sherman, Or",44.719,-121.64,60.8,17070301,0,1,67.11
14091500,"Metolius River Near Grandview, Or",44.626,-121.484,818.1,17070301,0,1,58.44
14092750,"Shitike Crk At Peters Pasture, Nr Warm Springs, Or",44.75,-121.633,57.5,17070306,0,1,100.0
14092885,"Shitike Cr Bl Wolford Canyon Nr Warm Sprgs,Oreg.",44.772,-121.305,194.4,17070306,0,1,58.37
14093000,"Shitike Creek Near Warm Springs, Or",44.764,-121.236,270.1,17070306,0,1,43.53
14095500,"Warm Springs River Near Simnasho, Or",44.969,-121.477,277.0,17070306,0,1,90.18
14096300,"Mill Creek Nr Badger Butte, Nr Warm Springs, Or",44.862,-121.628,68.0,17070306,0,1,73.53
14096850,"Beaver Creek Below Quartz Creek, Nr Simnasho, Or",44.959,-121.394,374.6,17070306,0,1,79.92
14107000,"Klickitat River Above West Fork Near Glenwood, Wa",46.265,-121.245,393.8,17070106,0,1,80.69
14110000,"Klickitat River Near Glenwood, Wa",46.089,-121.26,933.6,17070106,0,1,0.0
14112500,"Little Klickitat River Near Wahkiacus, Wa",45.844,-121.06,724.8,17070106,0,1,38.86
14113200,"Mosier Creek Near Mosier, Or",45.649,-121.377,107.5,17070105,0,1,85.85
14118500,"West Fork Hood River Near Dee, Or",45.598,-121.636,247.0,17070105,0,1,52.69
14120000,"Hood River At Tucker Bridge, Near Hood River, Or",45.655,-121.548,721.8,17070105,0,1,58.46
14121300,"White Salmon R Bl Cascades Cr Nr Trout Lake, Wa",46.104,-121.609,77.3,17070105,0,1,39.6
14125500,"Little White Salmon River Near Cook, Wa",45.723,-121.634,341.0,17070105,0,1,59.28
14127000,"Wind River Above Trout Creek Near Carson, Wa",45.808,-121.909,277.0,17070105,0,1,65.61
14128500,"Wind River Near Carson, Wa",45.727,-121.795,556.8,17070105,0,1,65.41
14134000,"Salmon River Near Government Camp, Oreg.",45.267,-121.718,21.5,17080001,0,1,0.0
14136500,"Sandy River Below Salmon River Near Brightwood, Or",45.383,-122.046,625.7,17080001,0,1,48.16
14137000,"Sandy River Near Marmot, Or",45.4,-122.137,674.2,17080001,0,1,51.9
14137002,"Sandy River Below Marmot Dam, Near Marmot, Or",45.4,-122.137,677.2,17080001,0,1,51.9
14138720,"Bull Run River At Lower Flume Nr Brightwood, Or",45.471,-121.865,13.1,17080001,0,1,17.65
14138800,"Blazed Alder Creek Near Rhododendron, Or",45.453,-121.891,21.3,17080001,0,1,100.0
14138850,"Bull Run River Near Multnomah Falls, Or",45.498,-122.012,124.5,17080001,0,1,44.78
14138870,"Fir Creek Near Brightwood, Or",45.48,-122.026,14.0,17080001,0,1,100.0
14138900,"North Fork Bull Run River Near Multnomah Falls, Or",45.494,-122.036,21.7,17080001,0,1,45.5
14139700,"Cedar Creek Near Brightwood, Oreg.",45.458,-122.032,20.1,17080001,0,1,40.62
14139800,"South Fork Bull Run River Near Bull Run, Or",45.445,-122.11,40.7,17080001,0,1,100.0
14140000,"Bull Run River Near Bull Run (River Only), Or",45.437,-122.179,278.1,17080001,0,1,62.24
14140001,"Bull Run River Near Bull Run, Or",45.437,-122.18,278.0,17080001,0,1,62.24
14141500,"Little Sandy River Near Bull Run, Or",45.415,-122.171,59.9,17080001,0,1,72.5
14142800,"Beaver Creek At Troutdale, Or",45.519,-122.389,28.8,17080001,0,1,100.0
14143500,"Washougal River Near Washougal, Wa",45.623,-122.298,277.6,17080001,0,1,87.54
14144800,"Middle Fork Willamette River Nr Oakridge, Or",43.597,-122.457,669.3,17090001,0,1,0.0
14144900,"Hills Cr Ab Hills Cr Res, Nr Oakridge, Or",43.68,-122.371,136.8,17090001,0,1,0.0
14146500,"Salmon Creek Near Oakridge,Oreg.",43.762,-122.373,302.7,17090001,0,1,0.0
14147500,"N Fk Of M Fk Willamette R Nr Oakridge, Or",43.758,-122.509,640.6,17090001,0,1,0.0
14150300,"Fall Creek Near Lowell, Or",43.971,-122.639,304.9,17090001,0,1,0.0
14150800,"Winberry Creek Near Lowell,Or",43.914,-122.689,113.3,17090001,0,1,0.0
14151000,"Fall Creek Blw Winberry Creek, Near Fall Creek, Or",43.944,-122.775,481.1,17090001,0,1,0.0
14152500,"Coast Fork Willamette At London, Or",43.642,-123.086,184.7,17090002,0,1,0.0
14153500,"Coast Fork Willamette R Blw Cottage Grove Dam, Or",43.721,-123.05,275.0,17090002,0,1,0.0
14154500,"Row River Above Pitcher Creek, Near Dorena, Or",43.736,-122.873,546.8,17090002,0,1,0.0
14155500,"Row River Near Cottage Grove, Or",43.793,-122.991,696.4,17090002,0,1,0.0
14156500,"Mosby Cr At Mouth, Nr Cottage Grove,Oreg.",43.776,-123.0,246.3,17090002,0,1,0.0
14158500,"Mckenzie River At Outlet Of Clear Lake, Or",44.361,-121.996,237.1,17090004,0,1,80.27
14158790,"Smith River Abv Smith R Resv,Nr Belknap Sprngs,Or",44.335,-122.047,40.6,17090004,0,1,55.32
14158850,"Mckenzie R Blw Trail Br Dam Nr Belknap Springs, Or",44.268,-122.05,480.1,17090004,0,1,64.01
14159000,"Mckenzie R At Mckenzie Bridge, Oreg.",44.179,-122.13,904.6,17090004,0,1,53.2
14159200,So Fk Mckenzie River Abv Cougar Lake Nr Rainbow Or,44.047,-122.218,414.3,17090004,0,1,0.0
14159500,"South Fork Mckenzie River Near Rainbow, Or",44.136,-122.248,539.6,17090004,0,1,0.0
14161100,"Blue River Below Tidbits Creek, Nr Blue River, Or",44.218,-122.265,118.4,17090004,0,1,16.67
14161500,"Lookout Creek Near Blue River, Or",44.21,-122.257,62.4,17090004,0,1,21.47
14162200,"Blue River At Blue River, Or",44.162,-122.333,227.6,17090004,0,1,0.0
14163000,"Gate Creek At Vida, Or",44.146,-122.572,124.4,17090004,0,1,21.95
14164700,"Cedar Creek At Springfield, Or",44.059,-122.92,25.1,17090004,0,1,0.0
14165000,"Mohawk River Near Springfield, Or",44.093,-122.957,460.2,17090004,0,1,0.0
14166500,"Long Tom River Near Noti, Or",44.05,-123.426,226.5,17090003,0,1,0.0
14167000,"Coyote Creek Near Crow, Oreg.",44.022,-123.256,248.4,17090003,0,1,0.0
14169000,"Long Tom River Near Alvadore, Or",44.123,-123.3,660.5,17090003,0,1,0.0
14171000,"Marys River Near Philomath, Or",44.526,-123.335,392.6,17090003,0,1,7.41
14172000,Calapooia R At Holley Oreg,44.351,-122.787,268.0,17090003,0,1,6.45
14173500,"Calapooia River At Albany, Or",44.621,-123.129,957.6,17090003,0,1,0.0
14178000,"No Santiam R Blw Boulder Crk, Nr Detroit, Or",44.707,-122.101,557.7,17090005,0,1,96.8
14179000,"Breitenbush R Abv French Cr Nr Detroit, Or.",44.753,-122.129,272.5,17090005,0,1,87.72
14180300,"Blowout Creek Near Detroit, Or",44.653,-122.131,66.6,17090005,0,1,100.0
14181750,"Rock Creek Near Mill City, Or",44.712,-122.428,35.2,17090005,0,1,100.0
14181900,"Little N Santiam River Abv Evans Cr, At Elkhorn,Or",44.836,-122.355,137.1,17090005,0,1,84.71
14182500,"Little North Santiam River Near Mehama, Or",44.792,-122.579,286.8,17090005,0,1,89.64
14185000,"South Santiam River Below Cascadia, Or",44.392,-122.498,458.2,17090006,0,1,47.47
14185900,"Quartzville Creek Near Cascadia, Or",44.54,-122.436,258.2,17090006,0,1,91.78
14187000,"Wiley Creek Near Foster, Or",44.372,-122.623,134.7,17090006,0,1,0.0
14188610,"Schafer Creek Near Lacomb, Or",44.62,-122.466,2.6,17090006,0,1,100.0
14188800,"Thomas Creek Near Scio, Or",44.712,-122.77,284.3,17090006,0,1,89.65
14189500,"Luckiamute River Near Hoskins, Oreg.",44.716,-123.504,89.9,17090003,0,1,0.0
14190000,Luckiamute R At Pedee Oreg,44.743,-123.425,300.7,17090003,0,1,42.41
14190500,"Luckiamute River Near Suver, Or",44.783,-123.235,603.5,17090003,0,1,49.71
14190700,"Rickreall Creek Near Dallas,Oreg.",44.915,-123.385,72.8,17090007,0,1,100.0
14192000,"Mill Creek At Salem, Oreg.",44.935,-123.018,291.4,17090007,0,1,58.58
14192500,"South Yamhill River Near Willamina, Oreg.",45.047,-123.504,335.1,17090008,0,1,100.0
14193000,"Willamina Creek Near Willamina, Or",45.143,-123.494,166.8,17090008,0,1,96.03
14194300,"North Yamhill River Near Fairdale, Or",45.365,-123.379,25.1,17090008,0,1,70.27
14196000,"Haskins Creek Blw Reservoir, Nr Mcminnville, Or",45.311,-123.35,18.3,17090008,0,1,82.05
14197000,"North Yamhill R At Pike, Oreg.",45.369,-123.255,169.4,17090008,0,1,100.0
14198400,"Bull Creek Near Wilhoit, Or",44.962,-122.384,1.8,17090009,0,1,100.0
14198500,"Molalla R Ab Pc Nr Wilhoit, Or",45.01,-122.48,252.2,17090009,0,1,72.51
14199704,"Nate Creek Tributary Near Colton, Or",45.205,-122.412,1.7,17090009,0,1,100.0
14200000,"Molalla River Near Canby, Or",45.244,-122.687,842.6,17090009,0,1,82.94
14201300,"Zollner Creek Near Mt Angel, Or",45.1,-122.822,38.9,17090009,0,1,100.0
14201340,"Pudding River Near Woodburn, Or",45.151,-122.804,819.3,17090009,0,1,99.88
14201500,"Butte Creek At Monitor, Or",45.102,-122.746,153.1,17090009,0,1,96.26
14202980,"Scoggins Ck Blw Henry Hagg Lake, Nr Gaston, Or",45.469,-123.2,100.5,17090010,0,1,100.0
14203000,"Scoggin Creek Near Gaston, Oreg.",45.459,-123.156,112.6,17090010,0,1,100.0
14203500,"Tualatin River Near Dilley, Or",45.475,-123.124,324.8,17090010,0,1,100.0
14205400,"East Fork Dairy Creek Near Meacham Corner, Or",45.681,-123.071,87.5,17090010,0,1,100.0
14206900,"Fanno Creek At 56Th Ave, At Portland, Or",45.488,-122.735,6.2,17090010,0,1,100.0
14206950,"Fanno Creek At Durham, Or",45.403,-122.755,80.7,17090010,0,1,100.0
14208000,"Clackamas River At Big Bottom, Or",45.017,-121.921,359.4,17090011,0,1,82.37
14208700,"Oak Grove Fork Near Government Camp, Or",45.114,-121.815,141.3,17090011,0,1,79.5
14209000,"Oak Grove Fork Above Powerplant Intake, Or.",45.071,-121.941,321.0,17090011,0,1,100.0
14211315,"Tryon Creek Near Lake Oswego, Or",45.431,-122.673,17.1,17090012,0,1,100.0
14211400,"Johnson Creek At Regner Road, At Gresham, Or",45.487,-122.422,39.8,17090012,0,1,100.0
14211499,"Kelley Creek At Se 159Th Drive At Portland, Or",45.477,-122.498,12.3,17090012,0,1,100.0
14211500,"Johnson Creek At Sycamore, Or",45.478,-122.508,68.5,17090012,0,1,100.0
14211550,"Johnson Creek At Milwaukie, Or",45.453,-122.643,137.3,17090012,0,1,100.0
14212000,"Salmon Creek Near Battle Ground, Wa",45.774,-122.446,46.8,17080003,0,1,100.0
14216000,"Lewis River Above Muddy River Near Cougar, Wa",46.06,-121.985,594.6,17080002,0,1,100.0
14216500,"Muddy River Below Clear Creek Near Cougar, Wa",46.076,-121.999,349.5,17080002,0,1,51.41
14219000,"Canyon Creek Near Amboy, Wa",45.94,-122.317,167.4,17080002,0,1,95.16
14219800,"Speelyai Creek Near Cougar, Wa",46.008,-122.347,32.8,17080002,0,1,92.0
14222500,"East Fork Lewis River Near Heisson, Wa",45.837,-122.466,323.9,17080002,0,1,91.47
14223500,"Kalama River Below Italian Creek Near Kalama, Wa",46.045,-122.815,513.7,17080003,0,1,89.7
14225500,"Lake Creek Near Packwood, Wa",46.596,-121.57,45.6,17080004,0,1,45.16
14226500,"Cowlitz River At Packwood, Wa",46.613,-121.679,730.7,17080004,0,1,66.02
14232500,"Cispus River Near Randle, Wa",46.447,-121.864,825.3,17080004,0,1,52.4
14235500,"West Fork Tilton River Near Morton, Wa",46.611,-122.245,43.1,17080005,0,1,100.0
14236200,"Tilton River Ab Bear Canyon Creek Near Cinebar, Wa",46.595,-122.46,361.0,17080005,0,1,100.0
14237000,"Klickitat Creek At Mossyrock, Wa",46.521,-122.47,9.3,17080005,0,1,100.0
14237500,"Winston Creek Near Silver Lake, Wa",46.482,-122.522,98.3,17080005,0,1,100.0
142400103,,42.174,-75.279,52.8,02040101,0,0,100.0
14240525,"Nf Toutle River Below Srs Near Kid Valley, Wa",46.372,-122.579,378.9,17080005,0,1,61.7
14241500,"South Fork Toutle River At Toutle, Wa",46.322,-122.697,309.9,17080005,0,1,75.32
14243500,"Delameter Creek Near Castle Rock, Wa",46.263,-122.967,50.9,17080005,0,1,100.0
14245000,"Coweman River Near Kelso, Wa",46.128,-122.838,306.0,17080005,0,1,96.59
14247500,"Elochoman River Near Cathlamet, Wa",46.221,-123.342,170.3,17080003,0,1,0.0
14249000,"Grays River Above South Fork Near Grays River, Wa",46.393,-123.479,102.9,17080006,0,1,0.0
14250500,"West Fork Grays River Near Grays River, Wa",46.385,-123.56,40.3,17080006,0,1,0.0
14299800,"Nehalem River Near Vernonia, Or",45.807,-123.283,180.8,17100202,0,1,100.0
14301500,"Wilson River Near Tillamook, Or",45.476,-123.725,417.6,17100203,0,1,89.71
14302480,"Trask River Above Cedar Creek, Near Tillamook, Or",45.446,-123.71,374.0,17100203,0,1,81.78
14302900,"Nestucca River Near Fairdale, Or",45.311,-123.419,16.3,17100203,0,1,0.0
14303200,"Tucca Creek Near Blaine, Or.",45.324,-123.547,8.1,17100203,0,1,100.0
14303600,"Nestucca River Near Beaver, Or",45.266,-123.847,467.9,17100203,0,1,100.0
14305500,"Siletz River At Siletz, Or",44.715,-123.887,526.3,17100204,0,1,53.66
14306100,"North Fork Alsea River At Alsea, Or",44.379,-123.596,165.1,17100205,0,1,5.2
14306340,"East Fork Lobster Creek Near Alsea, Or.",44.248,-123.636,14.7,17100205,0,1,0.0
14306400,"Five Rivers Nr Fisher, Oreg.",44.337,-123.828,296.0,17100205,0,1,0.0
14306500,"Alsea River Near Tidewater, Or",44.386,-123.832,857.2,17100205,0,1,0.0
14307580,"Lake Creek Near Deadwood,Oreg.",44.083,-123.786,448.9,17100206,0,1,0.0
14307700,"Jackson Creek Nr Tiller, Or",42.954,-122.829,399.0,17100302,0,1,0.23
14308500,"Elk Creek Nr Drew, Or",42.89,-122.918,147.3,17100302,0,1,0.0
14308990,"Cow Creek Abv Galesville Res, Nr Azalea, Or.",42.823,-123.126,167.8,17100302,0,1,0.0
14309000,"Cow Creek Near Azalea, Or",42.825,-123.179,202.1,17100302,0,1,0.0
14309500,"West Fork Cow Creek Near Glendale, Or",42.804,-123.611,224.9,17100302,0,1,0.0
14311000,"North Myrtle Creek Near Myrtle Creek, Oreg.",43.042,-123.26,140.1,17100302,0,1,0.0
14311500,"Lookingglass Creek At Brockway, Or",43.13,-123.465,407.1,17100302,0,1,0.0
14312500,"Lake Creek Near Diamond Lake, Or",43.187,-122.166,139.5,17100301,0,1,0.0
14313200,"N.Umpqua R Abv White Mule Ck, Nr Toketee Falls, Or",43.324,-122.197,447.9,17100301,0,1,0.0
14313500,"N Umpqua River Blw Lemolo Lk, Nr Toketee Falls, Or",43.322,-122.196,447.3,17100301,0,1,0.0
14313700,"N.Umpqua R Blw Warm Springs Ck Nr Toketee Falls,Or",43.355,-122.252,511.7,17100301,0,1,2.09
14314500,"Clearwater River Abv Trap Ck Nr Toketee Falls, Or",43.244,-122.287,107.3,17100301,0,1,0.79
14314700,"Clearwater R Blw Mowich Creek, Nr Toketee Falls,Or",43.251,-122.338,156.3,17100301,0,1,0.0
14315500,"North Umpqua River At Toketee Falls, Or",43.264,-122.422,867.2,17100301,0,1,1.37
14315700,"N.Umpqua R Blw Slide Ck Dam Nr Toketee Falls, Or",43.275,-122.449,872.0,17100301,0,1,0.0
14315950,"Fish Creek Abv Slipper Creek Nr Toketee Falls, Or",43.211,-122.428,159.4,17100301,0,1,0.0
14316000,"Fish Ck @ Big Camas Rngr Sta Nr Toketee Falls, Or",43.23,-122.447,177.4,17100301,0,1,0.48
14316495,"Boulder Creek Near Toketee Falls, Or",43.303,-122.53,79.0,17100301,0,1,1.05
14316700,"Steamboat Creek Near Glide, Or",43.35,-122.729,587.9,17100301,0,1,0.0
14318000,"Little River At Peel, Or",43.253,-123.026,459.5,17100301,0,1,0.0
14319830,"South Fork Hinkle Creek Near Nonpareil, Or",43.422,-123.04,10.8,17100303,0,1,0.0
14319835,"North Fork Hinkle Creek Near Nonpareil, Or",43.423,-123.039,8.6,17100303,0,1,0.0
14320700,"Calapooya Creek Near Oakland, Or",43.403,-123.364,545.7,17100303,0,1,0.0
14320934,"Little Wolf Creek Near Tyee, Or",43.431,-123.587,23.5,17100303,0,1,0.0
14324500,"West Fork Millicoma River Near Allegany, Oreg.",43.476,-124.057,119.7,17100304,0,1,0.0
14324580,"Pony Creek At Coos Bay, Or",43.38,-124.242,10.7,17100304,0,1,0.0
14325000,"South Fork Coquille River At Powers, Or",42.891,-124.071,443.1,17100305,0,1,0.0
14328000,"Rogue River Above Prospect, Or",42.775,-122.5,811.4,17100307,0,1,16.47
14330000,"Rogue River Below Prospect, Or",42.73,-122.516,985.7,17100307,0,1,15.94
14332000,"South Fork Rogue River Near Prospect, Or",42.708,-122.393,217.3,17100307,0,1,45.69
14333500,"Red Blanket Creek Near Prospect, Oreg.",42.778,-122.428,116.2,17100307,0,1,49.42
14334700,"S Fk Rogue R South Of Prospect, Oreg.",42.712,-122.507,637.6,17100307,0,1,33.61
14335500,"South Fork Big Butte Cr Nr Butte Falls,Oreg.",42.54,-122.555,363.2,17100307,0,1,23.9
14337500,"Big Butte Creek Near Mcleod, Or",42.651,-122.691,640.8,17100307,0,1,13.57
14337800,"Elk Creek Near Cascade Gorge,Oreg.",42.773,-122.672,204.6,17100307,0,1,0.45
14337870,"West Branch Elk Creek Near Trail,Oreg.",42.711,-122.75,39.9,17100307,0,1,0.0
14338000,"Elk Creek Near Trail, Or",42.679,-122.742,335.9,17100307,0,1,0.0
143400680,,41.967,-74.448,23.4,02040104,0,0,100.0
14341500,"South Fork Little Butte Cr Nr Lakecreek,Oreg.",42.408,-122.601,360.5,17100307,0,1,0.0
14342500,"No Fk Little Butte Cr At F L Nr Lakecreek,Oreg.",42.376,-122.357,43.1,17100307,0,1,100.0
14343000,"No Fk Little Butte Cr Nr Lakecreek,Oreg.",42.403,-122.537,99.8,17100307,0,1,73.6
14350000,"Emigrant Cr Nr Ashland,Oreg.",42.164,-122.605,171.4,17100308,0,1,30.32
14353000,"West Fork Ashland Creek Near Ashland, Or",42.149,-122.717,25.5,17100308,0,1,65.71
14353500,"East Fork Ashland Creek Near Ashland, Or",42.153,-122.709,20.9,17100308,0,1,0.0
14354200,"Bear Creek Below Ashland Creek At Ashland, Or",42.216,-122.722,455.7,17100308,0,1,24.52
14357500,"Bear Creek At Medford, Or",42.324,-122.867,721.8,17100308,0,1,18.61
14362000,"Applegate River Near Copper, Or",42.064,-123.111,580.2,17100309,0,1,40.36
14362250,"Star Gulch Near Ruch, Or",42.154,-123.075,41.4,17100309,0,1,0.0
14371500,"Grave Creek At Pease Bridge,Near Placer,Oreg.",42.642,-123.212,63.2,17100310,0,1,0.0
14372500,"E F Illinois River Near Takilma,Oreg.",42.069,-123.626,140.1,17100311,0,0,22.93
14375100,"Sucker Creek Blw Little Grayback Ck, Nr Holland,Or",42.16,-123.479,217.4,17100311,0,1,31.56
14375500,"W Fk Illinois R Bl Rock Cr Nr Obrien,Oreg.",42.039,-123.748,110.2,17100311,0,1,18.87
14377100,"Illinois River Near Kerby, Or",42.232,-123.664,985.4,17100311,0,1,11.74
14400000,"Chetco River Near Brookings, Or",42.123,-124.187,702.6,17100312,0,1,0.0
148471320,,38.409,-75.212,13.5,02040303,0,0,100.0
158397967,,39.41,-76.556,5.7,02060003,0,0,100.0
163626650,,38.934,-78.128,29.0,02070007,0,0,96.15
204382800,,36.421,-76.343,160.8,03010205,0,0,100.0
208111310,,36.048,-76.984,288.5,03010107,3,0,100.0
208521324,,36.142,-78.919,202.7,03020201,3,0,100.0
208524090,,36.15,-78.897,20.7,03020201,0,0,100.0
208524975,,36.113,-78.86,254.5,03020201,0,0,100.0
208650112,,36.132,-78.833,3.1,03020201,0,0,100.0
208675010,,36.019,-78.895,15.5,03020201,3,0,100.0
208726005,,35.845,-78.724,198.9,03020201,12,0,100.0
208732885,,35.817,-78.593,17.8,03020201,9,0,100.0
208735012,,35.78,-78.666,3.1,03020201,6,0,100.0
208758850,,35.694,-78.692,92.7,03020201,1,0,100.0
208773375,,35.575,-78.499,293.9,03020201,0,0,95.74
208925200,,35.275,-77.794,152.2,03020202,2,0,100.0
209399200,,36.138,-79.86,41.1,03030002,6,0,100.0
209553650,,36.128,-79.662,229.7,03030002,2,0,100.0
209722970,,35.983,-78.957,12.2,03030002,1,0,100.0
209741955,,35.872,-78.913,54.6,03030002,0,0,100.0
209782609,,35.76,-78.92,31.1,03030002,0,0,100.0
210166029,,35.807,-79.528,19.6,03030003,0,0,100.0
211139110,,36.136,-81.223,946.4,03040101,0,0,36.92
212393300,,35.468,-80.79,54.2,03040105,0,0,0.0
212414900,,35.333,-80.716,92.6,03040105,0,0,0.0
212419274,,35.504,-80.736,58.9,03040105,0,0,0.0
212430293,,35.259,-80.663,32.4,03040105,0,0,0.0
212430653,,35.254,-80.648,15.1,03040105,0,0,0.0
212433550,,35.322,-80.541,723.2,03040105,0,0,0.0
212466000,,35.208,-80.58,29.6,03040105,0,0,0.0
212467595,,35.125,-80.603,28.7,03040105,2,0,100.0
214253361,,35.687,-81.015,45.4,03050101,0,0,0.0
214253830,,35.681,-80.945,19.4,03050101,0,0,0.0
214265808,,35.404,-80.883,18.6,03050101,0,0,0.0
214266000,,35.39,-80.921,67.9,03050101,0,0,100.0
214266080,,35.361,-80.897,8.6,03050101,0,0,0.0
214269560,,35.434,-81.03,94.2,03050101,0,0,100.0
214291555,,35.301,-80.973,83.2,03050101,0,0,100.0
214295600,,35.24,-80.974,27.2,03050101,0,0,100.0
214297160,,35.17,-80.988,9.7,03050101,0,0,100.0
21457492,,35.065,-81.138,105.2,03050101,0,0,100.0
21459367,,34.987,-81.008,43.5,03050103,0,0,100.0
214627970,,35.24,-80.868,23.4,03050103,0,0,51.72
214642825,,35.236,-80.771,13.3,03050103,0,0,0.0
214645022,,35.175,-80.831,48.5,03050103,0,0,100.0
214655255,,35.176,-80.719,18.9,03050103,0,0,100.0
214657975,,35.159,-80.713,21.8,03050103,0,0,96.0
214676115,,35.041,-80.892,245.4,03050103,0,0,83.28
214678175,,35.105,-80.954,18.3,03050103,2,0,100.0
214685800,,35.01,-80.829,54.4,03050103,0,0,100.0
21473426,,34.957,-81.106,25.3,03050103,0,0,100.0
21473428,,34.89,-81.069,76.8,03050103,1,0,100.0
21536097,,34.965,-81.558,53.0,03050105,0,0,100.0
21556525,,35.048,-81.856,702.5,03050105,1,0,100.0
21650905,,34.391,-82.139,650.2,03050109,0,0,100.0
21652801,,34.525,-82.138,95.2,03050109,0,0,100.0
22929176,,26.73,-81.702,221.0,03090205,0,0,29.49
23358685,,33.979,-84.452,33.0,03130001,0,0,100.0
242354750,,33.313,-86.806,66.1,03150202,2,0,100.0
344894205,,35.683,-82.333,38.6,06010105,0,0,38.64
345577330,,35.427,-82.92,86.3,06010106,0,0,0.0
34991105,,35.884,-83.838,8.5,06010201,0,0,0.0
350056050,,35.076,-83.249,47.8,06010202,0,0,0.0
351706800,,35.438,-83.919,533.1,06010204,0,0,46.67
35351830,,36.083,-83.926,48.2,06010207,1,0,90.0
357479650,,34.961,-86.464,76.0,06030002,0,0,100.0
385106106571000,"Slate R Ab Baxter Gl @Hwy 135 Nr Crested Butte, Co",38.852,-106.953,187.4,14020001,0,1,0.0
392547106023400,"Blue River Abv Pennsylvania Cr Nr Blue River, Co",39.43,-106.043,54.2,14010002,0,1,0.0
393109104464500,"Cherry Creek Near Parker, Co",39.519,-104.78,745.6,10190003,1,1,100.0
394308105413800,"Clear Cr. Abv. Georgetown Lake Nr Georgetown, Co",39.719,-105.694,207.6,10190004,0,1,98.64
394839104570300,"Sand Creek At Mouth Nr Commerce City,Co",39.811,-104.952,477.5,10190003,0,1,54.59
401733105392404,The Loch Outlet - Loch Vale,40.293,-105.654,7.0,10190006,0,1,0.0
402114105350101,"Big Thompson Bl Moraine Park Nr Estes Park, Co",40.354,-105.584,104.8,10190006,0,1,10.53
402913084285400,Chickasaw Creek At St. Marys Oh,40.487,-84.482,43.5,05120101,0,1,0.0
40851325,,44.501,-87.936,52.0,04030204,0,0,100.0
40871488,,42.99,-87.952,28.9,04040003,1,0,100.0
422026250,,43.254,-77.742,25.1,04130001,0,0,100.0
423205010,,43.145,-77.512,379.7,04140101,0,0,100.0
423401815,,42.553,-76.534,231.1,04140201,1,0,100.0
531656290,,44.69,-95.034,250.5,07020004,0,0,100.0
54310157,,42.651,-88.551,11.1,07090002,0,0,100.0
71912213,,36.323,-94.685,421.0,11070209,0,0,100.0
72632962,,34.881,-92.681,23.3,11110207,0,0,93.46
72632971,,34.89,-92.647,6.5,11110207,0,0,100.0
72632982,,34.93,-92.593,14.7,11110207,0,0,100.0
728875070,,33.401,-90.892,219.9,08030207,0,0,0.0
73274406,,34.915,-98.251,9.6,11130302,0,0,100.0
810464660,,30.698,-97.849,543.8,12070205,3,0,100.0
94985005,,33.406,-110.999,43.9,15060103,0,0,100.0
