huc8,name,states,area_km2,min_lon,min_lat,max_lon,max_lat,n_gages,gage_ids,n_episodes,n_events_total,n_lsr_total,n_flooded_episodes,radar_coverage_mean,radar_coverage_min,radar_coverage_max,radar_coverage_valid_frac,radar_coverage_frac_ge50,radar_coverage_frac_ge100
01010002,Allagash River,ME,3198.5,-69.7627,46.2354,-68.8339,47.0976,0,,13,0,0,0,62.2418,0.0,100.0,1.0,0.6349,0.5491
01010003,Fish River,ME,2305.7,-68.9662,46.6838,-68.0724,47.3156,0,,2,0,0,0,79.8256,0.0,100.0,1.0,0.8056,0.7524
01010004,Aroostook River,"CN,ME",6321.3,-69.1602,46.1964,-67.7171,47.1637,3,01016500;01017060;01017290,11,0,1,1,99.9595,0.0,100.0,0.9839,0.9997,0.9822
01010005,Meduxnekeag River,"CN,ME",1328.1,-68.1315,45.8992,-67.5719,46.4569,3,01017960;01018000;01018009,2,0,0,0,98.9329,0.0,100.0,0.814,0.992,0.965
01010006,Headwaters Saint John River,"CN,ME",3135.5,-70.4321,45.9868,-69.6944,46.8317,0,,13,3,3,1,0.066,0.0,100.0,0.9394,0.0006,0.0006
01010007,Big Black River-Saint John River,"CN,ME",3844.6,-70.2054,46.534,-69.0727,47.4534,0,,8,0,0,0,0.0004,0.0,0.0482,0.97,0.0,0.0
01010008,Saint Francis River-Saint John River,"CN,ME",6027.3,-69.4654,46.9686,-68.2748,48.0996,0,,2,2,4,1,5.9235,0.0,100.0,0.3797,0.0597,0.0383
01010009,Little River-Saint John River,"CN,ME",4161.4,-68.5258,46.81,-67.3737,47.8994,0,,2,1,2,1,73.9298,0.0,100.0,0.1006,0.743,0.7068
01010010,Becaguimec Stream-Saint John River,"CN,ME",2529.4,-68.0093,46.1293,-67.1531,46.8134,1,01017550,2,0,0,0,98.8341,0.0,100.0,0.1936,0.9931,0.9635
01010011,Keswick River-Saint John River,"CN,ME",3633.9,-67.8453,45.7066,-66.6013,46.304,0,,2,0,0,0,69.6982,0.0,100.0,0.0135,0.6891,0.6002
01020001,West Branch Penobscot River,"CN,ME",5520.5,-70.4176,45.5298,-68.515,46.3632,1,01027200,15,2,1,2,60.0046,0.0,100.0,0.9994,0.6038,0.5434
01020002,East Branch Penobscot River,ME,2899.6,-69.7475,45.6095,-68.4069,46.4692,1,01029200,10,0,0,0,90.3091,0.0,100.0,1.0,0.9211,0.8102
01020003,Mattawamkeag River,ME,3914.9,-68.5606,45.331,-67.6844,46.2676,0,,9,0,0,0,99.731,0.0,100.0,1.0,0.9985,0.961
01020004,Piscataquis River,ME,3764.0,-69.7717,45.0721,-68.6565,45.6309,6,01031300;01031450;01031500;01031510;01033000;01033500,15,4,8,4,51.4218,0.0,100.0,1.0,0.5159,0.4595
01020005,Penobscot River,ME,6200.3,-69.2639,44.4077,-68.035,45.8733,2,01035000;01036500,13,6,15,5,43.1463,0.0,100.0,0.9869,0.4368,0.3952
01030001,Upper Kennebec River,"CN,ME",4133.4,-70.724,45.1846,-69.1826,45.9155,0,,17,4,3,1,14.4389,0.0,100.0,0.9273,0.1447,0.1156
01030002,Dead River,"CN,ME",2271.0,-70.8258,44.9321,-69.9652,45.523,1,01044550,11,2,2,3,58.8335,0.0,100.0,1.0,0.6202,0.4693
01030003,Lower Kennebec River,ME,8884.9,-70.5942,44.0,-69.0625,45.3343,5,01046000;01047000;01047200;01048220;01049500,24,30,20,13,86.2985,0.0,100.0,0.9981,0.8727,0.8023
01040001,Upper Androscoggin River,"CN,ME,NH",3548.8,-71.3431,44.4076,-70.5063,45.3477,1,01052500,20,9,5,6,93.1606,0.0,100.0,0.9988,0.9473,0.8379
01040002,Lower Androscoggin River,"ME,NH",5588.6,-71.3547,43.8994,-69.8435,44.8501,6,01054200;01054300;01055000;01055500;01057000;01058500,29,56,57,15,79.1116,0.0,100.0,0.9973,0.8195,0.6597
01050001,Saint Croix River,"CN,ME",4261.8,-68.1761,45.0204,-67.0376,45.9566,1,01019000,10,0,0,0,98.0115,0.0,100.0,0.5834,0.981,0.974
01050002,Maine Coastal,ME,12473.7,-69.2673,43.7322,-67.1282,45.2183,7,01021470;01021480;01022260;01022330;01022500;01023000;01037380,10,5,17,5,26.7603,0.0,100.0,0.6055,0.2685,0.231
01050003,St. George-Sheepscot,ME,3545.1,-69.8765,43.6447,-69.099,44.4957,1,01038000,6,4,1,3,99.2222,0.0,100.0,0.7034,0.995,0.9832
01050004,Passamaquoddy Bay-Bay of Fundy,"CN,ME",9671.6,-67.5125,44.4176,-66.0187,45.8855,1,01021200,2,3,4,1,15.0194,0.0,100.0,0.2898,0.1438,0.124
01060001,Presumpscot,ME,3687.4,-70.8804,43.4365,-69.8181,44.39,2,01059800;01060000,20,12,8,8,96.0164,0.0,100.0,0.7351,0.9705,0.9077
01060002,Saco River,"ME,NH",4405.4,-71.5227,43.4317,-70.3338,44.3123,6,01064300;01064400;01064500;01064801;01065000;01066500,31,23,13,13,76.3185,0.0,100.0,0.9996,0.7824,0.6419
01060003,Piscataqua-Salmon Falls,"MA,ME,NH",4473.5,-71.3635,42.8112,-70.2459,43.6206,14,01067950;01068910;01069500;01069700;01072500;01072800;01072870;01073000;01073319;01073500;01073587;01073600;01073785;10735562,22,3,2,4,99.7593,0.0,100.0,0.8041,0.9985,0.9815
01070001,Pemigewasset River,NH,2646.8,-72.0323,43.4313,-71.4007,44.2004,7,01074520;01075000;01075800;01076000;01077000;01077400;01078000,16,9,5,6,83.8246,0.0,100.0,1.0,0.8527,0.7487
01070002,Winnipesaukee River,NH,1256.8,-71.655,43.3954,-71.0776,43.8279,0,,11,8,12,3,97.9615,0.0,100.0,1.0,0.9886,0.9026
01070003,Contoocook River,NH,1978.9,-72.1426,42.7424,-71.5895,43.5273,8,01082000;01083000;01084000;01084500;01085000;01085800;01086000;01087000,21,23,19,8,70.9646,0.0,100.0,1.0,0.7177,0.6278
01070004,Nashua River,"MA,NH",1380.1,-71.9835,42.2982,-71.4472,42.8115,7,01094400;01094500;01095220;01095375;01095505;01096000;01096503,26,20,4,8,99.4107,0.0,100.0,1.0,0.9973,0.9224
01070005,Concord River,MA,1035.0,-71.7218,42.1967,-71.2515,42.6468,9,01096835;01096840;01096885;01097000;01097300;01097380;01097480;01098530;10965995,15,6,6,4,99.8536,0.0,100.0,1.0,0.9991,0.952
01070006,Merrimack River,"MA,NH",4666.6,-71.9192,42.4282,-70.804,43.5163,15,01089000;01089100;01089500;01090800;01091000;01091500;01093000;01093800;01093852;01094000;01100505;01100561;01100600;01100627;10965852,35,35,35,21,97.0924,0.0,100.0,0.9975,0.9785,0.9288
01080101,Headwaters Connecticut River,"CN,ME,NH,VT",3702.5,-71.8821,44.2924,-71.0717,45.3022,4,01127880;01128500;01129200;01130000,12,15,12,10,60.4803,0.0,100.0,0.9976,0.6216,0.5119
01080102,Passumpsic River,"NH,VT",1305.7,-72.2705,44.3191,-71.6976,44.7701,5,01133000;01134500;01135000;01135150;01135300,13,13,28,6,14.6559,0.0,100.0,1.0,0.1395,0.1029
01080103,Ammonoosuc River-Connecticut River,"NH,VT",2402.6,-72.3559,43.9748,-71.303,44.5079,2,01137500;01139000,20,34,29,9,51.9914,0.0,100.0,1.0,0.5349,0.4183
01080104,Waits River-Connecticut River,"NH,VT",1339.7,-72.4285,43.6486,-71.929,44.2065,3,01139800;01141500;01141800,18,1,2,1,18.7123,0.0,100.0,1.0,0.177,0.1272
01080105,White River,VT,1843.8,-72.9814,43.644,-72.3148,44.107,1,01142500,15,5,9,5,15.93,0.0,100.0,1.0,0.1592,0.1165
01080106,Black River-Connecticut River,"NH,VT",3423.0,-72.8373,43.1303,-71.9105,43.8252,8,01145000;01150500;01150900;01151500;01152500;01153000;01153500;01153550,31,19,30,12,14.2526,0.0,100.0,1.0,0.1345,0.0965
01080107,West River-Connecticut River,"NH,VT",2199.2,-73.0081,42.7536,-72.1576,43.3819,5,01154000;01155000;01155500;01155910;01156000,26,32,19,12,44.0561,0.0,100.0,1.0,0.4496,0.3605
01080201,Ashuelot River-Connecticut River,"MA,NH,VT",2636.5,-72.829,42.0873,-72.0662,43.2762,8,01157000;01158000;01158600;01160000;01160350;01170930;01171300;01171500,29,29,26,13,77.3885,0.0,100.0,1.0,0.781,0.6895
01080202,Millers River,"MA,NH",1006.3,-72.5153,42.5002,-71.8926,42.8316,8,01161500;01162000;01162500;01163200;01164000;01165000;01165500;01166500,31,9,9,5,99.5174,0.0,100.0,1.0,0.9955,0.9928
01080203,Deerfield River,"MA,VT",1718.2,-73.0829,42.4648,-72.5548,43.0962,5,01168151;01168500;01169000;01169900;01170100,15,12,9,3,90.7276,0.0,100.0,1.0,0.9091,0.8726
01080204,Chicopee River,MA,1872.2,-72.6262,42.0353,-71.8873,42.5768,12,01172500;01173000;01173500;01174000;01174500;01174565;01174600;01174900;01175500;01175670;01176000;01176780,20,8,3,5,99.8489,43.961,100.0,1.0,0.9985,0.9961
01080205,Outlet Connecticut River,"CT,MA",2809.4,-72.8446,41.2645,-72.2309,42.1523,10,01184100;01184490;01184500;01190500;01191000;01192500;01192883;01193500;01194000;01194500,36,37,7,16,98.5607,0.0,100.0,0.9884,0.998,0.9688
01080206,Westfield River,"CT,MA",1342.7,-73.1608,42.0042,-72.5854,42.6089,4,01179500;01180000;01180500;01181000,16,9,5,9,91.4297,0.0,100.0,1.0,0.9203,0.8749
01080207,Farmington River,"CT,MA",1571.5,-73.2026,41.6362,-72.6232,42.3095,9,01185500;01186000;01186500;01187300;01187400;01187800;01188000;01188090;01189000,33,19,6,10,100.0,100.0,100.0,1.0,1.0,1.0
01090001,Charles,MA,3864.8,-71.5495,42.0256,-70.4991,42.8263,24,01101000;01101344;01101500;01102000;01102345;01102500;01103025;01103220;01103280;01103455;01103500;01104200;01104430;01104460;01104475;01104500;01105000;01105500;01105554;01105583;01105585;01105600;01105638;11055566,21,49,37,10,99.6629,0.0,100.0,0.6831,0.9972,0.9931
01090002,Cape Cod,"MA,RI",8821.3,-71.1963,41.189,-69.8605,42.2776,8,01105730;01105870;01105876;01105880;01105917;01105933;01106000;11058756,16,9,5,6,98.5318,0.0,100.0,0.3318,0.9899,0.9684
01090003,Blackstone River,"MA,RI",1229.3,-71.928,41.8548,-71.3534,42.3508,11,01109500;01109730;01110000;01110500;01111050;01111200;01111212;01111225;01111300;01111500;01113695,34,16,1,10,97.1609,0.0,100.0,1.0,0.9791,0.8889
01090004,Narragansett,"MA,RI",3841.1,-71.7824,41.3087,-70.712,42.1604,22,01106500;01108000;01108320;01108410;01108500;01109000;01109060;01109070;01109090;01109220;01109403;01114000;01114500;01115098;01115187;01115630;01115670;01115770;01116000;01116500;01116905;01117000,33,58,20,24,97.658,0.0,100.0,0.8188,0.9804,0.9478
01090006,Point Judith-Block Island,RI,631.1,-71.8588,41.096,-71.4539,41.52,0,,1,1,1,1,97.0426,0.0,100.0,0.2799,0.9791,0.9478
01100001,Quinebaug River,"CT,MA,RI",1913.6,-72.2456,41.4824,-71.6905,42.2811,11,01123360;01123600;01124000;01124151;01124350;01124500;01125000;01125100;01125500;01126000;01126500,41,5,1,4,99.5489,0.0,100.0,1.0,0.9976,0.9528
01100002,Shetucket River,"CT,MA",1363.0,-72.4538,41.513,-72.0001,42.0646,7,01119384;01119500;01120000;01120500;01121000;01122000;01123000,19,16,4,7,99.9987,99.434,100.0,1.0,1.0,0.9966
01100003,Thames,CT,955.5,-72.3309,41.2779,-71.8408,41.6905,1,01127500,6,10,9,6,99.5415,0.0,100.0,0.9709,0.997,0.976
01100004,Quinnipiac,CT,1327.8,-73.0819,41.1979,-72.3428,41.7,6,01195100;01195200;01195490;01196500;01196561;01196620,28,21,18,9,99.8019,0.0,100.0,0.9888,0.9986,0.9957
01100005,Housatonic,"CT,MA,NY",5054.7,-73.6748,41.1514,-72.9462,42.6027,18,01197000;01197500;01198000;01198500;01199050;01199200;01200000;01201487;01202501;01203510;01203600;01203805;01204000;01205600;01205700;01206900;01208500;12035055,41,107,94,24,99.9677,0.0,100.0,0.9996,0.9998,0.9993
01100006,Saugatuck,"CT,NY",1163.7,-73.7378,40.9391,-73.103,41.3687,9,01208873;01208925;01208950;01208990;01209700;01209761;01209901;01300000;12095493,30,37,35,10,99.7808,0.0,100.0,0.9864,0.9984,0.9943
01100007,Pawcatuck River,"CT,RI",783.8,-71.9332,41.3158,-71.4866,41.6812,0,,12,0,0,0,99.97,75.0,100.0,1.0,1.0,0.9976
02020001,Upper Hudson,NY,4308.8,-74.6082,43.3144,-73.5449,44.1531,2,01312000;01315000,13,5,5,5,86.0708,0.0,100.0,1.0,0.8788,0.7825
02020002,Sacandaga,NY,2731.5,-74.6467,43.0109,-73.8426,43.7018,1,01319000,6,2,2,1,100.0,100.0,100.0,1.0,1.0,1.0
02020003,Hudson-Hoosic,"MA,NY,VT",4936.3,-74.0735,42.4861,-72.9349,43.3803,10,01328000;01329000;01330000;01330500;01331500;01332000;01332500;01333000;01333500;01334000,15,47,43,10,97.9035,0.0,100.0,1.0,0.983,0.9249
02020004,Mohawk,NY,6607.0,-75.5718,42.7127,-73.6726,43.6375,6,01336000;01343060;01348000;01349000;01349150;01356190,37,26,26,11,99.9329,0.0,100.0,1.0,0.9997,0.9774
02020005,Schoharie,NY,2404.1,-74.6977,42.1143,-74.0265,42.942,13,01349700;01349705;01349711;01349810;01349840;01349950;01350000;01350035;01350080;01350101;01350120;01350140;01350180,27,7,7,5,99.0932,0.0,100.0,1.0,0.9955,0.936
02020006,Middle Hudson,"MA,NY",6291.4,-74.5192,41.8446,-73.2612,42.8184,11,01359750;01360640;01361500;01362198;01362200;01362370;01362497;01362500;01363382;13621955;136230002,22,52,53,13,93.7904,0.0,100.0,1.0,0.9431,0.9028
02020007,Rondout,"NJ,NY",3077.6,-74.7364,40.9906,-73.9676,41.9771,9,01364959;01365000;01365500;01366650;01367500;01367800;01368000;01369000;01369500,34,17,16,11,59.7879,0.0,100.0,1.0,0.6137,0.4913
02020008,Hudson-Wappinger,NY,2444.6,-74.338,41.2505,-73.6243,41.9945,1,01372500,18,55,47,13,94.5635,0.0,100.0,1.0,0.9572,0.886
02030101,Lower Hudson,"CT,NJ,NY",1941.8,-74.1134,40.6669,-73.4943,41.5856,20,01374505;01374531;01374559;01374581;01374598;01374654;01374701;01374781;01374821;01374890;01374901;01374918;01374930;01374941;01374987;01375000;01376500;137449480;137462010;137499350,71,99,121,29,99.746,0.0,100.0,0.9084,0.9984,0.9952
02030102,Bronx,"CT,NY",487.7,-73.9258,40.6915,-73.6894,41.1564,5,01300500;01301000;01301500;01302000;01302020,21,82,72,17,99.5077,0.0,100.0,0.8918,0.9957,0.9913
02030103,Hackensack-Passaic,"NJ,NY",2937.2,-74.6347,40.6172,-73.9086,41.3611,35,01376800;01377000;01377370;01377500;01378500;01379000;01379500;01379530;01379773;01379780;01379790;01380500;01381000;01381400;01381500;01381800;01381900;01382170;01382500;01383500;01384000;01384500;01386000;01387400;01387420;01387450;01387500;01388000;01388500;01389550;01390450;01390500;01391000;01391500;01392210,61,196,193,45,100.0,100.0,100.0,0.9994,1.0,1.0
02030104,Sandy Hook-Staten Island,"NJ,NY",1838.5,-74.4005,40.2419,-73.6602,40.8149,9,01311500;01311810;01393450;01393500;01394500;01395000;01396000;01407290;01407500,62,121,120,35,98.5197,0.0,100.0,0.7313,0.9888,0.9712
02030105,Raritan,NJ,2862.5,-75.0559,40.1845,-74.2277,40.916,30,01396091;01396190;01396500;01396580;01396582;01396660;01396800;01397000;01398000;01398500;01399100;01399500;01399510;01399670;01400000;01401000;01401650;01402000;01402600;01403150;01403400;01403500;01403535;01403540;01403900;01405000;01405030;01405400;01405500;01406050,42,104,183,26,100.0,100.0,100.0,0.9977,1.0,1.0
02030201,Northern Long Island,NY,750.3,-73.7839,40.7405,-71.9222,41.294,4,01302500;01303000;01303500;01304000,20,37,40,13,97.9488,0.0,100.0,0.7249,0.9862,0.962
02030202,Southern Long Island,"NJ,NY,RI",5078.2,-73.9406,40.4944,-71.7899,41.3002,17,01304500;01305000;01305500;01306000;01306440;01306460;01306500;01307000;01307500;01308000;01308500;01309000;01309500;01309950;01310000;01310500;01311000,15,71,75,11,94.7932,0.0,100.0,0.4629,0.9547,0.9178
02030203,Long Island Sound,"CT,NY,RI",3081.6,-73.7914,40.7974,-71.85,41.3638,0,,21,1,1,1,90.053,0.0,100.0,0.0069,0.9564,0.6958
02040101,Upper Delaware,"NY,PA",3082.4,-75.5722,41.4878,-74.5581,42.4624,13,01421610;01421618;01421900;01422000;01422389;01422500;01422738;01422747;01423000;01426000;01427500;01428000;142400103,34,27,28,15,100.0,100.0,100.0,1.0,1.0,1.0
02040102,East Branch Delaware,NY,2176.5,-75.2939,41.8042,-74.417,42.3666,13,01413088;01413398;01413408;01413500;01414000;01414500;01415000;01415460;01417000;01418500;01419500;01420000;01420500,20,15,15,7,100.0,100.0,100.0,1.0,1.0,1.0
02040103,Lackawaxen,PA,1548.8,-75.5284,41.2081,-74.9853,41.8085,6,01428750;01429000;01429500;01430000;01431500;01432000,29,12,10,5,99.7348,0.0,100.0,1.0,0.9982,0.9934
02040104,Middle Delaware-Mongaup-Brodhead,"NJ,NY,PA",3962.5,-75.4684,40.8769,-74.3574,42.0351,20,01432900;01433500;01434017;01434021;01434025;01434498;01435000;01436000;01436500;01436690;01437000;01437500;01439500;01439800;01440000;01440400;01440485;01441495;01442500;143400680,34,20,20,9,77.9664,0.0,100.0,1.0,0.801,0.6658
02040105,Middle Delaware-Musconetcong,"NJ,PA",3520.9,-75.4037,40.1814,-74.437,41.2182,16,01443280;01443500;01443900;01445000;01445500;01446000;01446775;01446776;01455500;01456000;01457000;01459500;01460880;01461300;01463620;01464000,52,54,72,27,99.7273,88.863,100.0,1.0,1.0,0.9735
02040106,Lehigh,PA,3526.3,-76.0079,40.4589,-75.205,41.2893,15,01447500;01447680;01447720;01447800;01448500;01449360;01449500;01449800;01450000;01450500;01451500;01451650;01451800;01452000;01452500,49,28,37,14,84.6406,0.0,100.0,1.0,0.8552,0.7972
02040201,Crosswicks-Neshaminy,"NJ,PA",1408.3,-75.3187,39.9921,-74.4167,40.3985,6,01464500;01464645;01464720;01464750;01464907;01465500,52,27,70,21,99.8275,90.243,100.0,1.0,1.0,0.9818
02040202,Lower Delaware,"DE,NJ,PA",2982.1,-75.6083,39.6383,-74.3718,40.2084,22,01465798;01465850;01465880;01466500;01466900;01467000;01467042;01467048;01467081;01467086;01467087;01467150;01475000;01475300;01475510;01475530;01475548;01475550;01475850;01476480;01477000;01477120,77,143,190,46,98.0457,0.0,100.0,0.9755,0.984,0.955
02040203,Schuylkill,PA,4951.5,-76.3956,39.8761,-75.1013,40.89,27,01467471;01467492;01467500;01467688;01467752;01467861;01468500;01469500;01469700;01470500;01470756;01470779;01470853;01470960;01471000;01471875;01471980;01472157;01472198;01472199;01472620;01472810;01473000;01473120;01473169;01473900;01474000,49,96,166,25,63.3501,0.0,100.0,0.9998,0.6374,0.5977
02040204,Delaware Bay,"DE,NJ",1073.9,-75.6046,38.798,-74.9624,39.7971,0,,10,0,0,0,,,,0.0,,
02040205,Brandywine-Christina,"DE,MD,PA",1956.6,-75.987,39.3229,-75.4456,40.1466,23,01477800;01478000;01478120;01478245;01478500;01478650;01479000;01479820;01480000;01480015;01480300;01480400;01480500;01480617;01480638;01480675;01480685;01480700;01480870;01481000;01481500;01483155;01483200,40,73,128,25,99.8458,0.0,100.0,0.9776,0.999,0.9955
02040206,Cohansey-Maurice,"DE,NJ",3094.2,-75.5743,38.9323,-74.738,39.7898,5,01411456;01411500;01412800;01482500;01483000,9,3,3,3,99.6262,0.0,100.0,0.8327,0.9974,0.9877
02040207,Broadkill-Smyrna,DE,1966.4,-75.7078,38.6834,-75.0877,39.4177,5,01483700;01484000;01484085;01484100;01484300,14,1,3,1,94.991,0.0,100.0,0.8174,0.9539,0.9216
02040301,Mullica-Toms,"NJ,NY",4466.7,-74.928,39.3733,-73.9026,40.543,13,01407705;01407760;01408000;01408029;01408120;01408500;01409000;01409280;01409400;01409500;01409810;01410000;01410150,34,25,30,12,98.2578,0.0,100.0,0.7352,0.9856,0.9628
02040302,Great Egg Harbor,NJ,2282.6,-75.0284,38.8613,-74.3137,39.8145,3,01410500;01411000;01411300,15,10,12,4,99.0988,0.0,100.0,0.714,0.9935,0.9829
02040303,Chincoteague,"DE,MD,NJ,VA",2716.8,-75.5398,37.8077,-74.9288,38.9323,3,01484500;01484525;148471320,12,14,13,7,98.3496,0.0,100.0,0.4993,0.9878,0.9692
02040304,Eastern Lower Delmarva,VA,1960.1,-76.021,36.8008,-75.4308,37.922,0,,22,4,5,3,75.6786,0.0,100.0,0.3403,0.7674,0.71
02050101,Upper Susquehanna,"NY,PA",5927.1,-75.9718,41.8224,-74.5811,42.9872,4,01496500;01498500;01500000;01502000,44,59,66,22,99.9918,80.0,100.0,1.0,1.0,0.9921
02050102,Chenango,NY,4163.3,-76.2744,42.0929,-75.3197,42.9566,6,01505000;01505500;01507500;01509000;01510000;01510500,27,43,45,16,99.8152,0.0,100.0,1.0,0.9989,0.9934
02050103,Owego-Wappasening,"NY,PA",2705.6,-76.7693,41.8829,-75.9159,42.5023,1,01514000,47,47,48,17,98.9511,0.0,100.0,1.0,0.9912,0.9581
02050104,Tioga,"NY,PA",3585.4,-77.9005,41.6143,-76.834,42.4669,13,01516350;01516500;01517000;01518000;01518500;01518862;01520000;01521500;01523500;01524500;01525500;01525981;01526000,56,62,53,18,99.9242,0.0,100.0,1.0,0.9997,0.9738
02050105,Chemung,"NY,PA",3138.7,-77.6052,41.8685,-76.5137,42.6654,5,01527000;01527500;01528000;01529000;01530500,48,27,28,13,99.9972,99.817,100.0,1.0,1.0,0.9828
02050106,Upper Susquehanna-Tunkhannock,PA,5193.0,-76.9255,41.3192,-75.4839,41.9643,1,01532000,42,63,66,17,99.9374,0.0,100.0,1.0,0.9996,0.9711
02050107,Upper Susquehanna-Lackawanna,PA,4573.0,-76.8138,40.8112,-75.4158,41.853,8,01534300;01534500;01534860;01536000;01537000;01537500;01538000;01539000,38,78,78,22,55.3835,0.0,100.0,1.0,0.5609,0.4883
02050201,Upper West Branch Susquehanna,PA,4135.8,-78.9144,40.4546,-77.8354,41.2737,4,01541000;01541200;01541500;01542000,9,0,0,0,99.2585,0.0,100.0,1.0,0.9937,0.9767
02050202,Sinnemahoning,PA,2677.7,-78.6923,41.1267,-77.808,41.7516,3,01542810;01543000;01544000,8,0,0,0,99.9998,99.543,100.0,1.0,1.0,0.9997
02050203,Middle West Branch Susquehanna,PA,2031.3,-78.027,41.0599,-77.2641,41.6791,3,01544500;01545000;01545600,13,0,1,1,99.9926,99.727,100.0,1.0,1.0,0.9674
02050204,Bald Eagle,PA,2002.6,-78.1662,40.7177,-77.1343,41.2455,7,01546400;01546500;01547100;01547200;01547500;01547700;01547950,2,1,0,1,99.8318,0.0,100.0,1.0,0.9991,0.9682
02050205,Pine,PA,2540.1,-77.8977,41.1713,-77.0666,41.9294,1,01549500,13,4,4,4,99.8032,0.0,100.0,1.0,0.9989,0.9639
02050206,Lower West Branch Susquehanna,PA,4686.1,-77.3179,40.8801,-76.213,41.6532,3,01550000;01552500;01553700,32,18,29,7,78.7829,0.0,100.0,1.0,0.7916,0.74
02050301,Lower Susquehanna-Penns,PA,3750.4,-77.7848,40.3893,-76.0585,40.9986,3,01554500;01555000;01555500,12,6,5,4,49.9756,0.0,100.0,1.0,0.501,0.4762
02050302,Upper Juniata,PA,2566.2,-78.5745,40.2163,-77.662,40.8236,4,01556000;01557500;01558000;01558098,5,9,6,4,100.0,100.0,100.0,1.0,1.0,1.0
02050303,Raystown,PA,2492.1,-78.8876,39.826,-77.9611,40.4604,1,01560000,6,4,3,2,96.2532,0.0,100.0,1.0,0.9727,0.9035
02050304,Lower Juniata,PA,3756.5,-78.2065,39.927,-76.9955,40.8088,3,01564500;01565000;01566000,7,3,2,2,99.3257,0.0,100.0,1.0,0.9947,0.9639
02050305,Lower Susquehanna-Swatara,PA,4860.1,-77.8856,39.9415,-76.1925,40.6917,11,01567500;01568000;01568500;01569800;01571184;01571500;01572025;01572190;01572950;01573000;01573482,30,13,15,8,47.906,0.0,100.0,1.0,0.4822,0.4493
02050306,Lower Susquehanna,"MD,PA",6439.1,-77.4304,39.5343,-75.823,40.3222,10,01573825;01573849;01574500;01575000;01575500;01576500;01576787;01578475;01580000;01580520,66,75,80,24,75.5493,0.0,100.0,0.9978,0.7624,0.7073
02060001,Upper Chesapeake Bay,MD,1962.2,-76.5526,38.0326,-75.9822,39.5481,0,,0,0,0,0,,,,0.0,,
02060002,Chester-Sassafras,"DE,MD,PA",3373.5,-76.3929,38.7411,-75.6759,39.8744,8,01492500;01493000;01493500;01494150;01494850;01495000;01496000;01496200,36,16,11,8,99.1592,0.0,100.0,0.8155,0.9948,0.9819
02060003,Gunpowder-Patapsco,"MD,PA",3671.4,-77.175,39.1041,-76.0431,39.745,47,01580700;01581500;01581649;01581690;01581700;01581752;01581757;01581810;01581830;01581870;01581920;01581960;01582000;01582500;01583000;01583100;01583500;01583580;01583600;01584050;01584500;01585090;01585095;01585100;01585104;01585200;01585230;01585300;01585400;01585500;01586000;01586210;01586610;01587500;01589000;01589100;01589197;01589290;01589300;01589305;01589312;01589317;01589330;01589352;01589440;01589500;158397967,40,120,94,32,99.73,0.0,100.0,0.9105,0.9977,0.9946
02060004,Severn,MD,955.4,-76.7397,38.0326,-76.3097,39.1431,2,01589795;01590000,6,4,3,1,98.5206,0.0,100.0,0.7953,0.9898,0.9682
02060005,Choptank,"DE,MD",2844.7,-76.4006,38.0668,-75.5828,39.1902,3,01491000;01491500;01492000,8,7,5,6,99.6123,0.0,100.0,0.7093,0.9981,0.9899
02060006,Patuxent,MD,2400.2,-77.2054,38.2668,-76.4008,39.3537,11,01591000;01591400;01591610;01591700;01592500;01593500;01594000;01594400;01594440;01594500;01594526,31,14,8,8,99.9951,91.667,100.0,0.9427,1.0,0.9991
02070001,South Branch Potomac,"MD,VA,WV",3832.9,-79.6993,38.3788,-78.5529,39.5288,4,01605500;01606000;01607500;01608000,10,18,18,9,62.0381,0.0,100.0,1.0,0.6349,0.534
02070002,North Branch Potomac,"MD,PA,WV",3478.7,-79.5117,39.0702,-78.5726,39.9651,17,01594930;01594936;01594950;01595000;01595200;01595300;01595500;01595800;01596500;01597000;01597500;01598650;01599000;01601000;01601500;01603500;01604500,18,26,21,10,76.4017,0.0,100.0,1.0,0.7727,0.6891
02070003,Cacapon-Town,"MD,PA,VA,WV",3120.3,-78.9789,38.8039,-78.2625,39.9145,2,01609000;01610155,17,7,6,6,73.4605,0.0,100.0,1.0,0.7532,0.6519
02070004,Conococheague-Opequon,"MD,PA,VA,WV",5897.9,-78.4385,39.0628,-77.3878,40.2385,15,01613050;01613095;01613525;01613900;01614000;01614090;01614830;01615000;01616000;01616100;01616500;01617000;01617800;01619000;01619500,14,16,17,12,89.8773,0.0,100.0,1.0,0.9134,0.8297
02070005,South Fork Shenandoah,"VA,WV",4329.8,-79.3229,37.8818,-78.1122,38.9574,10,01620500;01621050;01622000;01624800;01625000;01626000;01626850;01627500;01630700;01636210,17,22,22,13,15.354,0.0,100.0,1.0,0.154,0.1229
02070006,North Fork Shenandoah,"VA,WV",2677.7,-79.0932,38.4225,-78.1889,39.1876,6,01632000;01632082;01632900;01634500;01635090;01635500,20,14,12,9,52.4975,0.0,100.0,1.0,0.5366,0.4465
02070007,Shenandoah,"MD,VA,WV",911.2,-78.2743,38.8778,-77.7268,39.3464,3,01636242;01636316;163626650,6,2,2,1,92.7408,0.0,100.0,1.0,0.9187,0.8733
02070008,Middle Potomac-Catoctin,"DC,MD,VA,WV",3207.2,-78.0758,38.8404,-77.0729,39.6502,22,01636690;01637500;01638350;01638420;01638480;01643590;01643700;01643805;01643880;01644000;01644280;01644371;01644375;01644380;01644600;01645000;01645200;01645704;01645762;01646000;01646305;01646550,47,48,46,24,94.9555,0.0,100.0,1.0,0.9613,0.912
02070009,Monocacy,"MD,PA",2510.9,-77.5167,39.2213,-76.8842,39.9265,9,01639000;01639500;01640500;01641000;01641500;01642438;01642500;01643395;01643500,22,16,14,8,96.6927,0.0,100.0,1.0,0.9723,0.93
02070010,Middle Potomac-Anacostia-Occoquan,"DC,MD,VA",3374.1,-77.8524,38.5132,-76.8051,39.2036,19,01647850;01648000;01649150;01649190;01649500;01650500;01650800;01651000;01651800;01652500;01653000;01653500;01653600;01654000;01655500;01656000;01656500;01656903;01657000,69,159,161,58,99.9397,70.961,100.0,0.9572,1.0,0.9979
02070011,Lower Potomac,"MD,VA",4677.2,-77.6096,37.8863,-76.1997,38.7149,10,01658000;01658500;01659000;01659500;01660000;01660400;01660920;01661000;01661050;01661500,34,40,35,17,99.355,0.0,100.0,0.7366,0.9955,0.9845
02080101,Lower Chesapeake Bay,"MD,VA",3048.0,-76.4056,36.9155,-75.8583,38.0668,0,,1,0,1,1,,,,0.0,,
02080102,Great Wicomico-Piankatank,"MD,VA",1740.1,-76.9526,37.2338,-76.1969,37.9237,4,01661800;01669500;01669520;01670000,11,12,12,7,99.3395,0.0,100.0,0.7532,0.9978,0.9821
02080103,Rapidan-Upper Rappahannock,VA,4032.2,-78.5264,38.1219,-77.5681,38.8957,7,01662000;01662500;01662800;01663500;01665000;01665500;01666500,24,34,27,14,83.5841,0.0,100.0,1.0,0.8454,0.7692
02080104,Lower Rappahannock,VA,2994.0,-77.6414,37.5515,-76.2821,38.4111,3,01668500;01668800;01669000,23,42,43,13,99.4393,0.0,100.0,0.861,0.9977,0.9713
02080105,Mattaponi,VA,2359.5,-77.8438,37.5279,-76.6613,38.3229,2,01673800;01674000,20,14,17,12,100.0,100.0,100.0,0.9988,1.0,1.0
02080106,Pamunkey,VA,3812.3,-78.2868,37.4637,-76.7938,38.2743,6,01670400;01671100;01671500;01673500;01673550;01673638,42,24,25,17,99.1082,0.0,100.0,0.9951,0.9925,0.9549
02080107,York,VA,756.0,-76.8449,37.1903,-76.3044,37.5739,0,,19,6,5,5,98.917,0.0,100.0,0.7429,0.9947,0.9698
02080108,Lynnhaven-Poquoson,VA,593.7,-76.5081,36.7863,-75.9757,37.2351,0,,45,48,47,24,99.9148,60.0,100.0,0.7776,1.0,0.9979
02080109,Nanticoke,"DE,MD",2142.2,-75.9748,38.21,-75.377,38.9946,3,01487000;01488500;01489000,14,7,7,4,98.5777,0.0,100.0,0.9683,0.9879,0.96
02080110,Tangier,"DE,MD,VA",2515.3,-76.2368,37.749,-75.4604,38.6015,3,01486000;01486500;01490000,11,18,18,9,98.6679,0.0,100.0,0.6593,0.9894,0.9765
02080111,Pokomoke-Western Lower Delmarva,"DE,MD,VA",2788.2,-76.0489,37.0832,-75.2245,38.5617,3,01484800;01485000;01485500,22,9,8,6,97.6202,0.0,100.0,0.779,0.9784,0.9657
02080201,Upper James,"VA,WV",5728.9,-80.541,37.2792,-79.3251,38.4843,12,02011400;02011460;02011470;02011490;02011500;02011800;02013000;02014000;02015700;02017500;02018000;02018500,22,15,19,8,59.1081,0.0,100.0,1.0,0.5957,0.5355
02080202,Maury,VA,2170.7,-79.6891,37.6238,-79.0438,38.3813,3,02020500;02021500;02022500,9,9,5,5,17.212,0.0,100.0,1.0,0.1734,0.1306
02080203,Middle James-Buffalo,VA,5240.3,-79.5057,37.2628,-78.1634,38.0465,7,02024915;02027000;02027500;02027800;02028500;02030000;02030500,36,58,62,21,10.0971,0.0,100.0,1.0,0.0893,0.0619
02080204,Rivanna,VA,1989.4,-78.8406,37.7493,-78.1518,38.3697,4,02031000;02032250;02032640;02032680,24,29,28,15,65.8208,0.0,100.0,1.0,0.6756,0.5611
02080205,Middle James-Willis,VA,2447.5,-78.6332,37.3629,-77.4285,37.9539,2,02034500;02036500,50,40,48,26,77.3339,0.0,100.0,1.0,0.7669,0.7214
02080206,Lower James,VA,3733.5,-77.6655,36.8475,-76.4125,37.771,2,02038000;02042500,76,156,148,59,99.3658,0.0,100.0,0.8631,0.9924,0.9866
02080207,Appomattox,VA,4170.5,-78.8458,37.077,-77.276,37.5531,4,02038850;02039000;02039500;02041000,59,112,132,45,86.7916,0.0,100.0,0.9988,0.8774,0.8251
02080208,Hampton Roads,VA,1308.8,-76.7855,36.6696,-76.1367,37.0626,0,,52,75,77,34,99.1694,0.0,100.0,0.8652,0.9956,0.9825
03010101,Upper Roanoke,VA,5674.4,-80.4551,36.7792,-79.1453,37.521,12,02053800;02054500;02054530;02055000;02055100;02056650;02056900;02058400;02059485;02059500;02061000;02061500,31,48,52,19,85.8606,0.0,100.0,1.0,0.8625,0.8168
03010102,Middle Roanoke,"NC,VA",4502.9,-79.273,36.3197,-78.2583,37.3654,3,02064000;02065500;02066500,34,25,28,13,49.2684,0.0,100.0,1.0,0.505,0.4455
03010103,Upper Dan,"NC,VA",5323.9,-80.5183,36.1254,-79.3927,36.9587,9,02068500;02069700;02070000;02070500;02071530;02072000;02072500;02073000;02074500,45,28,33,14,89.0081,0.0,100.0,1.0,0.8933,0.8698
03010104,Lower Dan,"NC,VA",3325.2,-79.6638,36.2137,-78.5499,36.7678,4,02077200;02077303;02077500;02077670,41,11,18,12,99.2256,0.0,100.0,1.0,0.9967,0.9604
03010105,Banister,VA,1545.5,-79.5911,36.6888,-78.7638,37.0115,1,02076500,7,3,19,4,52.8363,0.0,100.0,1.0,0.5326,0.446
03010106,Roanoke Rapids,"NC,VA",1532.8,-78.4364,36.3944,-77.6675,36.823,1,02079640,21,11,10,8,99.0744,77.062,100.0,1.0,1.0,0.9578
03010107,Lower Roanoke,NC,3392.3,-77.7758,35.6406,-76.6582,36.5408,1,208111310,13,13,16,11,99.107,66.667,100.0,0.9956,1.0,0.9557
03010201,Nottoway,"NC,VA",4463.5,-78.325,36.5372,-76.916,37.2121,3,02044000;02044500;02046000,39,35,37,15,99.9997,98.859,100.0,1.0,1.0,0.9998
03010202,Blackwater,"NC,VA",1916.6,-77.4221,36.5433,-76.6912,37.2476,1,02047500,37,48,48,19,96.0217,0.0,100.0,1.0,0.966,0.9144
03010203,Chowan,"NC,VA",2327.9,-77.2795,35.9961,-76.5412,36.7228,1,02053500,24,8,8,5,99.9924,98.911,100.0,0.942,1.0,0.9918
03010204,Meherrin,"NC,VA",4175.7,-78.5315,36.256,-76.944,37.106,4,02051000;02051600;02052500;02053200,28,33,31,16,99.9788,92.857,100.0,1.0,1.0,0.9608
03010205,Albemarle,"NC,VA",11189.3,-76.7846,35.1817,-75.3983,36.8304,2,02043500;204382800,56,67,71,30,79.914,0.0,100.0,0.6008,0.8012,0.7855
03020101,Upper Tar,NC,3379.5,-78.8706,35.8162,-77.5179,36.429,2,02081500;02082770,15,26,28,11,100.0,100.0,100.0,1.0,1.0,1.0
03020102,Fishing,NC,2315.5,-78.3494,35.9298,-77.3592,36.4502,1,02082950,13,8,7,3,100.0,100.0,100.0,1.0,1.0,1.0
03020103,Lower Tar,NC,2486.9,-77.9185,35.4485,-76.952,35.9722,2,02083800;02084160,19,28,26,9,100.0,100.0,100.0,0.9992,1.0,1.0
03020104,Pamlico,NC,3383.7,-77.1286,35.1594,-76.1002,35.8069,1,02084557,7,1,1,1,99.2891,0.0,100.0,0.8538,0.9948,0.9857
03020105,Pamlico Sound,NC,5055.1,-76.5341,34.5226,-75.4799,35.6723,0,,10,8,8,2,95.0081,0.0,100.0,0.2084,0.9523,0.9408
03020201,Upper Neuse,NC,6231.8,-79.2287,35.1739,-77.972,36.3993,26,02085000;02085070;02085220;02085500;02086000;02086500;02086624;02086849;02087275;02087324;02087359;02087580;02088000;02088383;02088470;02088500;208521324;208524090;208524975;208650112;208675010;208726005;208732885;208735012;208758850;208773375,67,161,167,52,99.0235,0.0,100.0,1.0,0.9911,0.9745
03020202,Middle Neuse,NC,2759.1,-78.0201,35.0514,-76.911,35.582,2,02092000;208925200,27,23,26,14,99.9741,99.091,100.0,0.9993,1.0,0.9648
03020203,Contentnea,NC,2612.0,-78.3561,35.3375,-77.3858,35.9408,3,02090380;02091000;02091700,65,34,35,13,100.0,100.0,100.0,1.0,1.0,1.0
03020204,Lower Neuse,NC,4101.2,-77.757,34.8317,-76.1319,35.2812,1,02092500,21,13,13,10,99.5776,0.0,100.0,0.7282,0.9973,0.9864
03020301,White Oak River,NC,2415.6,-77.4441,34.5128,-76.3768,34.9714,0,,20,27,28,7,93.4715,0.0,100.0,0.6112,0.9425,0.911
03020302,New River,NC,2243.1,-77.9629,33.7705,-77.2323,34.9855,1,02093000,17,32,32,16,99.1495,0.0,100.0,0.6476,0.993,0.9803
03030002,Haw,NC,4422.6,-80.0733,35.5859,-78.8372,36.3719,23,02093500;02093800;02093877;02094500;02094659;02094770;02094775;02095000;02095181;02095271;02095500;02096700;02096846;02097280;02097314;02097464;02097517;02098000;209399200;209553650;209722970;209741955;209782609,67,99,105,39,95.4062,0.0,100.0,1.0,0.9581,0.924
03030003,Deep,NC,3755.9,-80.0673,35.2659,-79.0528,36.1187,7,02099000;02099500;02100500;02101000;02101726;02101800;210166029,33,36,36,18,97.2618,0.0,100.0,1.0,0.9755,0.9416
03030004,Upper Cape Fear,NC,4222.0,-79.5888,34.9122,-78.6271,35.7275,4,02102192;02102908;02103000;02104220,57,39,45,18,99.9528,97.211,100.0,1.0,1.0,0.9794
03030005,Lower Cape Fear,NC,2859.0,-78.9412,33.7687,-77.875,35.0062,1,02105900,28,31,29,9,99.7674,0.0,100.0,0.9158,0.9984,0.9545
03030006,Black,NC,4076.6,-78.77,34.3367,-78.0191,35.5285,3,02106000;02107000;02107500,42,24,21,14,99.9967,98.384,100.0,1.0,1.0,0.9977
03030007,Northeast Cape Fear,NC,4510.6,-78.2891,34.2105,-77.4628,35.2401,1,02108500,38,25,25,16,100.0,100.0,100.0,1.0,1.0,1.0
03040101,Upper Yadkin,"NC,VA",6357.3,-81.6621,35.7457,-80.0719,36.6739,11,02111000;02111180;02111500;02112120;02112360;02113000;02113850;02114450;02115500;02115860;211139110,42,62,48,24,36.6491,0.0,100.0,1.0,0.3621,0.3161
03040102,South Yadkin,NC,2347.8,-81.1672,35.5704,-80.4592,36.1876,5,02117500;02118000;02118500;02120500;02120780,12,4,13,3,0.1216,0.0,100.0,1.0,0.0008,0.0004
03040103,Lower Yadkin,NC,3081.5,-80.6562,35.3359,-79.8119,36.1232,3,02121500;02123500;02123567,36,15,19,12,25.4807,0.0,100.0,1.0,0.2563,0.2213
03040104,Upper Pee Dee,"NC,SC",2251.0,-80.4093,34.7754,-79.7117,35.691,2,02127000;02128000,24,8,9,4,44.5898,0.0,100.0,1.0,0.441,0.3863
03040105,Rocky,"NC,SC",3670.7,-80.8587,34.8064,-80.0666,35.5997,11,02124080;02124692;02125000;212393300;212414900;212419274;212430293;212430653;212433550;212466000;212467595,22,29,41,18,28.883,0.0,100.0,1.0,0.2891,0.2717
03040201,Lower Pee Dee,"NC,SC",6558.1,-80.4215,33.8413,-79.2889,35.1228,4,02130840;02130900;02130910;02131110,10,11,11,5,64.6167,0.0,100.0,1.0,0.6427,0.6149
03040202,Lynches,"NC,SC",3659.3,-80.7061,33.726,-79.3659,34.8822,3,02131309;02131320;02131472,16,3,3,1,100.0,100.0,100.0,1.0,1.0,1.0
03040203,Lumber,"NC,SC",4539.5,-79.7445,34.177,-78.6584,35.3059,3,02133500;02133624;02134480,39,19,21,9,99.9931,81.098,100.0,1.0,1.0,0.9993
03040204,Little Pee Dee,"NC,SC",3542.3,-79.6779,33.7064,-78.8426,34.9952,1,02132320,24,21,23,9,87.6121,0.0,100.0,1.0,0.8806,0.8308
03040205,Black,SC,5337.3,-80.5439,33.3764,-79.2076,34.3562,1,02135300,11,13,11,6,96.8919,0.0,100.0,0.9998,0.9703,0.951
03040206,Waccamaw,"NC,SC",4277.5,-79.2719,33.3357,-78.2089,34.5837,1,02110701,25,22,23,11,98.7025,0.0,100.0,0.9969,0.9889,0.953
03040207,Carolina Coastal-Sampit,SC,1482.7,-79.6322,33.1137,-79.0767,33.9543,0,,14,3,3,1,98.0929,0.0,100.0,0.8451,0.9802,0.962
03040208,Coastal Carolina,"NC,SC",1750.9,-79.2323,33.283,-78.0778,34.1203,0,,19,36,35,7,94.4934,0.0,100.0,0.547,0.955,0.8971
03050101,Upper Catawba,"NC,SC",6106.1,-82.2949,34.9947,-80.8025,36.1481,18,02137727;02138000;02138500;02140991;02142000;02142654;02142900;02142914;214253361;214253830;214265808;214266000;214266080;214269560;214291555;214295600;214297160;21457492,27,30,70,15,74.1334,0.0,100.0,1.0,0.7543,0.6588
03050102,South Fork Catawba,"NC,SC",1711.8,-81.7553,35.1488,-81.01,35.7399,4,02143000;02143040;02143500;02144000,9,9,8,8,98.0131,0.0,100.0,1.0,0.9848,0.9058
03050103,Lower Catawba,"NC,SC",3456.3,-81.2657,34.5176,-80.602,35.3145,31,02146110;02146211;02146285;02146300;02146315;02146348;02146381;02146409;02146470;02146500;02146507;02146530;02146562;02146600;02146700;02146750;02146800;02146900;02147126;02147500;21459367;214627970;214642825;214645022;214655255;214657975;214676115;214678175;214685800;21473426;21473428,21,26,45,19,96.2148,0.0,100.0,1.0,0.9684,0.9306
03050104,Wateree,SC,3254.9,-81.1721,33.7437,-80.4118,34.6024,0,,33,10,8,7,99.6166,83.897,100.0,1.0,1.0,0.9721
03050105,Upper Broad,"NC,SC",6419.4,-82.5913,34.8118,-81.2652,35.6295,17,02149000;02150495;02151000;02152100;02152285;02152474;02152500;02153590;02153700;02153780;02154500;02154790;02155500;02156000;02156050;21536097;21556525,28,24,26,15,97.0532,0.0,100.0,1.0,0.9771,0.9175
03050106,Lower Broad,SC,3338.1,-81.6478,34.0085,-80.8805,35.0451,2,02162010;02162093,43,19,22,11,99.9492,97.274,100.0,1.0,1.0,0.9715
03050107,Tyger,SC,2093.7,-82.4528,34.4527,-81.4233,35.1485,8,02156999;02157000;02157470;02157490;02157510;02158408;02159000;02160000,9,2,6,2,99.8615,0.0,100.0,1.0,0.9995,0.9564
03050108,Enoree,SC,1895.4,-82.4695,34.3027,-81.411,35.0338,4,02160326;02160381;02160390;02160500,10,2,7,2,99.4296,0.0,100.0,1.0,0.9952,0.9472
03050109,Saluda,"NC,SC",6538.5,-82.806,33.8376,-81.0624,35.2155,12,02162350;02162500;02164000;02164110;02165000;02165200;02166970;02167450;02167582;02167705;21650905;21652801,43,16,22,12,99.8299,0.0,100.0,1.0,0.9994,0.9651
03050110,Congaree,SC,1786.3,-81.3588,33.6712,-80.6181,34.1195,3,02169550;02169570;02169630,35,51,78,25,97.1166,0.0,100.0,1.0,0.9719,0.9329
03050111,Lake Marion,SC,1421.2,-80.8114,33.3439,-80.1278,33.8033,0,,12,2,2,2,99.7522,87.524,100.0,1.0,1.0,0.9579
03050112,Santee,SC,1870.0,-80.1883,33.0575,-79.157,33.6721,1,02171680,17,2,2,2,53.7358,0.0,100.0,0.9501,0.5395,0.4796
03050201,Cooper,SC,3273.1,-80.3923,32.6345,-79.6157,33.4304,0,,13,100,96,12,89.9616,0.0,100.0,0.9364,0.9044,0.8704
03050202,South Carolina Coastal,SC,1003.8,-80.3867,32.5223,-79.8628,33.0032,0,,13,1,5,3,99.5487,0.0,100.0,0.7869,0.9973,0.9907
03050203,North Fork Edisto,SC,1968.6,-81.5998,33.2634,-80.7922,33.931,1,02173212,17,16,20,8,100.0,100.0,100.0,1.0,1.0,1.0
03050204,South Fork Edisto,SC,2246.3,-81.8713,33.2612,-80.8854,33.8588,2,02172300;02172305,13,8,8,2,100.0,100.0,100.0,1.0,1.0,1.0
03050205,Four Hole Swamp,SC,1693.9,-80.8615,33.051,-80.1749,33.6318,1,02174250,13,13,13,5,100.0,100.0,100.0,1.0,1.0,1.0
03050206,Edisto River,SC,2432.3,-81.0118,32.4132,-80.0344,33.4062,0,,24,7,7,4,99.82,0.0,100.0,0.8891,0.9986,0.9966
03050207,Salkehatchie,SC,4868.2,-81.5056,32.3542,-80.2965,33.4271,1,02175500,11,24,22,8,100.0,100.0,100.0,0.9559,1.0,1.0
03050208,Broad-St. Helena,SC,2506.3,-81.389,32.1081,-80.5549,33.042,1,02176500,4,14,14,4,96.7512,0.0,100.0,0.873,0.9705,0.9458
03050209,Bulls Bay,SC,1078.6,-79.8549,32.7094,-79.2587,33.1457,0,,12,4,5,2,22.0029,0.0,100.0,0.4148,0.2318,0.1785
03050210,St. Helena Island,SC,412.0,-80.6343,32.1689,-80.3561,32.4416,0,,3,0,0,0,92.5596,0.0,100.0,0.2827,0.9464,0.8839
03060101,Seneca,"NC,SC",2662.6,-83.1572,34.4366,-82.5485,35.1726,2,02185200;02186000,12,4,8,4,91.9829,0.0,100.0,1.0,0.9361,0.8393
03060102,Tugaloo,"GA,NC,SC",2562.9,-83.6618,34.3551,-82.8366,35.1247,4,02177000;02178400;02181580;02182000,12,4,6,6,86.6534,0.0,100.0,1.0,0.8723,0.8041
03060103,Upper Savannah,"GA,SC",4764.0,-83.1121,33.6505,-82.1766,34.6885,4,02187910;02188500;02188600;02192500,7,2,13,3,97.7443,0.0,100.0,1.0,0.9827,0.9401
03060104,Broad,GA,3893.9,-83.6681,33.722,-82.5722,34.592,1,02191200,6,2,4,2,77.3563,0.0,100.0,1.0,0.7762,0.7211
03060105,Little,GA,1989.3,-83.1795,33.4466,-82.2218,33.7936,2,02193340;02193500,5,2,3,2,92.4385,0.0,100.0,1.0,0.9389,0.8524
03060106,Middle Savannah,"GA,SC",4750.4,-82.4378,32.7947,-81.3303,33.7195,17,02195320;02196690;02196820;02196835;02197020;02197300;02197310;02197315;02197334;02197338;02197339;02197340;02197342;02197344;02197348;02197380;02197400,14,23,29,9,99.5439,0.0,100.0,1.0,0.9991,0.9644
03060107,Stevens,SC,1916.9,-82.3196,33.5666,-81.7877,34.1973,0,,4,3,3,3,99.9948,90.219,100.0,1.0,1.0,0.9995
03060108,Brier,GA,2198.2,-82.6529,32.7626,-81.426,33.4849,4,02197520;02197598;02197600;02198100,10,7,9,3,98.9867,0.0,100.0,1.0,0.9948,0.9328
03060109,Lower Savannah,"GA,SC",2603.6,-81.6711,31.9315,-80.7817,32.8569,1,02198690,9,12,12,5,99.7205,0.0,100.0,0.9567,0.9996,0.967
03060110,Calibogue Sound-Wright River,SC,1082.5,-81.1465,31.9997,-80.6539,32.6421,0,,3,2,2,1,99.8029,0.0,100.0,0.7783,0.9988,0.9963
03060201,Upper Ogeechee,GA,4755.0,-83.1031,32.6782,-81.8519,33.6249,1,02201000,8,8,7,4,100.0,100.0,100.0,1.0,1.0,1.0
03060202,Lower Ogeechee,GA,3072.5,-82.1303,31.9824,-81.2833,32.9119,1,02202600,10,1,2,1,100.0,100.0,100.0,1.0,1.0,1.0
03060203,Canoochee,GA,3594.6,-82.4,31.7656,-81.3097,32.7363,0,,6,10,14,4,100.0,100.0,100.0,1.0,1.0,1.0
03060204,Ogeechee Coastal,GA,4316.6,-81.6734,31.3226,-80.8181,32.2871,1,02203559,8,19,21,6,98.8892,0.0,100.0,0.7798,0.9919,0.9787
03070101,Upper Oconee,GA,7549.9,-83.9541,33.031,-82.9198,34.3934,11,02217000;02217274;02217297;02217475;02217770;02218565;02219000;02220550;02220900;02221000;02221525,12,26,31,9,94.4716,0.0,100.0,1.0,0.9484,0.9254
03070102,Lower Oconee,GA,6243.6,-83.5359,31.9596,-82.4951,33.2963,1,02224000,4,5,6,2,99.1735,0.0,100.0,1.0,0.9945,0.9521
03070103,Upper Ocmulgee,GA,7700.9,-84.4423,32.6263,-83.4633,34.0503,26,02203603;02203655;02203700;02204070;02204130;02204285;02205000;02205522;02206500;02207120;02207185;02207220;02207335;02207385;02207400;02207418;02207435;02207448;02208050;02208130;02208150;02208450;02211375;02212600;02213050;02213500,18,28,27,12,100.0,100.0,100.0,1.0,1.0,1.0
03070104,Lower Ocmulgee,GA,6021.7,-83.967,31.6807,-82.4975,32.7684,2,02214500;02215100,7,3,3,2,99.8197,0.0,100.0,1.0,0.9988,0.9698
03070105,Little Ocmulgee,GA,2082.5,-83.3498,31.9192,-82.6424,32.6156,1,02216180,2,2,4,2,100.0,100.0,100.0,1.0,1.0,1.0
03070106,Altamaha,GA,3949.8,-82.553,31.1697,-81.1942,32.2068,1,02226100,5,5,5,2,74.3187,0.0,100.0,0.9468,0.7472,0.6953
03070107,Ohoopee,GA,3484.0,-82.8587,31.8989,-82.0129,32.9474,0,,4,0,0,0,98.5725,0.0,100.0,1.0,0.9865,0.9763
03070201,Satilla,GA,6691.0,-83.2234,30.8283,-81.611,31.8514,1,02227000,5,3,4,3,59.6166,0.0,100.0,1.0,0.5899,0.5622
03070202,Little Satilla,GA,2061.3,-82.6424,31.2943,-81.8972,31.8672,0,,3,2,2,2,45.8222,0.0,100.0,1.0,0.4423,0.4204
03070203,Cumberland-St. Simons,"FL,GA",2469.4,-81.8386,30.6941,-81.2375,31.4341,0,,0,0,0,0,99.1996,0.0,100.0,0.7216,0.9952,0.9821
03070204,St. Marys,"FL,GA",4089.2,-82.5139,30.0892,-81.4334,30.9826,3,02228500;02229000;02230500,9,0,0,0,99.9222,0.0,100.0,0.994,0.9995,0.9984
03070205,Nassau,"FL,GA",1317.2,-81.9667,30.3999,-81.3292,30.7298,2,02231268;02231280,8,0,0,0,99.0749,0.0,100.0,0.8147,0.9941,0.9823
03080101,Upper St. Johns,FL,10227.8,-81.8715,27.4344,-80.529,29.5001,19,02231342;02231396;02231600;02232155;02232200;02233104;02233200;02233460;02233475;02233484;02233500;02234308;02234324;02234344;02234384;02234400;02234990;02235000;02235200,9,7,8,3,89.2932,0.0,100.0,0.9805,0.8938,0.8708
03080102,Oklawaha,FL,7205.9,-82.597,28.1052,-81.5135,29.8193,6,02236500;02236900;02237293;02237734;02240902;02240954,6,4,6,4,55.7004,0.0,100.0,1.0,0.5596,0.5296
03080103,Lower St. Johns,FL,7346.6,-82.0826,29.009,-81.16,30.5122,13,02244420;02244473;02245050;02245140;02245255;02245260;02245500;02246000;02246150;02246300;02246318;02246459;02246828,15,11,22,10,93.725,0.0,100.0,0.9233,0.9397,0.9234
03080201,Daytona-St. Augustine,FL,2546.6,-81.4452,28.9691,-80.8608,30.2675,4,02246900;02247222;02247510;02248000,5,5,8,4,87.1763,0.0,100.0,0.6646,0.876,0.8575
03080202,Cape Canaveral,FL,2721.2,-80.9724,27.8554,-80.3915,29.1066,0,,4,2,3,3,92.9339,0.0,100.0,0.3916,0.9335,0.9131
03080203,Vero Beach,FL,1511.9,-80.8115,27.4055,-80.2522,27.9198,1,02251000,4,2,0,1,99.474,0.0,100.0,0.7678,0.9963,0.9898
03090101,Kissimmee,FL,7581.2,-81.727,27.0617,-80.8661,28.571,18,02262900;02263800;02263869;02264000;02264100;02266200;02266205;02266300;02266480;02266496;02266500;02267000;02268390;02269500;02269520;02270000;02270500;02271500,4,6,8,3,100.0,100.0,100.0,1.0,1.0,1.0
03090102,Northern Okeechobee Inflow,FL,798.0,-80.9831,26.9863,-80.5832,27.465,5,02274005;02274010;02274325;02274500;02275625,3,0,0,0,100.0,100.0,100.0,0.9823,1.0,1.0
03090103,Western Okeechobee Inflow,FL,2171.8,-81.5637,26.902,-80.9641,27.391,1,02256500,0,0,0,0,90.3028,0.0,100.0,1.0,0.9068,0.8764
03090201,Lake Okeechobee,FL,2243.7,-81.1216,26.6802,-80.2129,27.2083,1,02275503,7,0,0,0,42.9775,0.0,100.0,0.3466,0.4326,0.3815
03090202,Everglades,FL,11848.7,-81.2793,25.1039,-80.2041,26.9006,0,,32,0,0,0,97.0262,0.0,100.0,0.9463,0.9723,0.9362
03090203,Florida Bay-Florida Keys,FL,6289.5,-82.9979,24.3956,-80.2373,25.3001,0,,0,0,0,0,82.7392,0.0,100.0,0.0307,0.8635,0.7595
03090204,Big Cypress Swamp,FL,8282.2,-82.0049,25.537,-80.8329,26.6378,2,02291500;02291580,24,3,5,3,65.5853,0.0,100.0,0.8338,0.6597,0.6181
03090205,Caloosahatchee,FL,3640.2,-82.0574,26.4461,-80.7182,26.9765,4,02293055;02293090;02293190;22929176,9,0,0,0,32.9764,0.0,100.0,0.9681,0.3315,0.3015
03090206,Florida Southeast Coast,FL,9518.6,-80.7739,25.2029,-79.9742,27.528,1,02277600,34,49,91,34,89.5159,0.0,100.0,0.7507,0.8982,0.8641
03100101,Peace,FL,6029.1,-82.1725,26.8947,-81.481,28.1387,17,02294161;02294217;02294290;02294330;02294491;02295013;02295163;02295420;02296223;02296260;02296500;02297100;02297155;02297310;02298110;02298123;02298202,1,0,0,0,99.9793,0.0,100.0,0.9922,0.9998,0.9996
03100102,Myakka,FL,1558.0,-82.3947,26.9326,-82.0099,27.5229,10,02298488;02298495;02298530;02298554;02298608;02298760;02298830;02298880;02299450;02299472,1,0,0,0,100.0,100.0,100.0,0.9837,1.0,1.0
03100103,Charlotte Harbor,FL,1932.1,-82.3459,26.3717,-81.8194,26.9441,0,,0,0,0,0,89.6074,0.0,100.0,0.4256,0.902,0.8778
03100201,Sarasota Bay,FL,1561.0,-82.8021,26.802,-82.2248,27.5395,1,02299861,1,1,0,1,98.9074,0.0,100.0,0.5283,0.9907,0.9775
03100202,Manatee,FL,943.9,-82.6489,27.3553,-82.0643,27.6629,5,02299950;02300018;02300021;02300033;02300042,1,1,0,1,99.6886,0.0,100.0,0.9615,0.9976,0.9927
03100203,Little Manatee,FL,586.8,-82.5174,27.5468,-82.0258,27.7649,4,02300100;02300210;02300300;02300500,2,0,0,0,90.9371,0.0,100.0,0.9944,0.9144,0.8716
03100204,Alafia,FL,1091.9,-82.402,27.7047,-81.8831,28.0388,5,02300882;02301000;02301150;02301300;02301500,1,1,1,1,100.0,100.0,100.0,0.997,1.0,1.0
03100205,Hillsborough,FL,1699.3,-82.503,27.9079,-81.9552,28.408,12,02301900;02301990;02302010;02302500;02303000;02303205;02303300;02303330;02303350;02303400;02303420;02303800,1,0,0,0,100.0,100.0,100.0,1.0,1.0,1.0
03100206,Tampa Bay,FL,2401.1,-82.8228,27.4747,-82.2531,28.2011,16,02300075;02300082;02300700;02301738;02301750;02301800;02306500;02306647;02306774;02306950;02307000;02307323;02307359;02307668;02307671;02307697,3,0,0,0,97.0993,0.0,100.0,0.5521,0.9769,0.9523
03100207,Crystal-Pithlachascotee,FL,4318.5,-82.9088,27.7086,-82.262,29.0372,10,02308935;02309415;02309421;02309848;02310000;02310147;02310525;02310650;02310700;02310747,3,3,4,2,90.7093,0.0,100.0,0.6592,0.9093,0.8986
03100208,Withlacoochee,FL,5387.9,-82.7654,28.0819,-81.6792,29.219,5,02310947;02311500;02312200;02312667;02312700,5,2,2,3,71.2371,0.0,100.0,0.9992,0.7144,0.6964
03110101,Waccasassa,FL,3045.6,-83.2499,28.9691,-82.4725,29.7932,1,02314200,4,1,1,1,12.2186,0.0,100.0,0.7477,0.1222,0.1058
03110102,Econfina-Steinhatchee,FL,5630.9,-84.0264,29.3145,-83.0276,30.4437,5,02324000;02324400;02324500;02325000;02326000,8,12,13,8,78.7005,0.0,100.0,0.8388,0.7873,0.7696
03110103,Aucilla,"FL,GA",2467.1,-84.0286,30.0856,-83.372,30.9368,0,,22,15,15,10,100.0,99.956,100.0,0.9996,1.0,0.9996
03110201,Upper Suwannee,"FL,GA",6860.1,-83.1824,30.1617,-82.1133,31.2543,0,,7,0,0,0,96.6849,0.0,100.0,1.0,0.969,0.9472
03110202,Alapaha,"FL,GA",4677.6,-83.7583,30.4365,-82.8629,32.0624,0,,23,48,49,17,66.3966,0.0,100.0,1.0,0.677,0.6184
03110203,Withlacoochee,"FL,GA",3905.4,-83.8561,30.3562,-83.1279,31.5074,1,02318700,37,82,82,25,80.531,0.0,100.0,1.0,0.8077,0.7846
03110204,Little,GA,2308.9,-83.8894,30.8473,-83.3194,31.7552,0,,30,22,24,13,76.0559,0.0,100.0,1.0,0.7626,0.6991
03110205,Lower Suwannee,FL,4091.6,-83.4413,29.2758,-82.729,30.4137,0,,7,4,4,4,55.3224,0.0,100.0,0.9976,0.5605,0.5142
03110206,Santa Fe,FL,3577.0,-82.8832,29.6295,-82.0149,30.2146,4,02320700;02321000;02322698;02322700,3,0,0,0,96.6035,0.0,100.0,1.0,0.9658,0.9532
03120001,Apalachee Bay-St. Marks,"FL,GA",3403.1,-84.5628,29.9032,-83.8221,30.8172,1,02327033,17,56,56,8,97.8784,0.0,100.0,0.8824,0.9827,0.9575
03120002,Upper Ochlockonee,GA,2401.2,-84.3687,30.7195,-83.7634,31.4889,1,02328000,15,28,30,10,100.0,100.0,100.0,1.0,1.0,1.0
03120003,Lower Ochlockonee,"FL,GA",4030.6,-84.9858,29.8908,-84.0683,30.9164,5,02327100;02329342;02329500;02329600;02330100,18,13,12,7,99.9504,0.0,100.0,0.9931,0.9997,0.9941
03130001,Upper Chattahoochee,GA,4106.9,-84.5568,33.749,-83.4085,34.8277,22,02330450;02331000;02331600;02333500;02334480;02334578;02334620;02334885;02335350;02335580;02335700;02335757;02335790;02335870;02335910;02336030;02336120;02336240;02336300;02336360;02336410;23358685,19,61,79,17,90.0075,0.0,100.0,1.0,0.9155,0.8266
03130002,Middle Chattahoochee-Lake Harding,"AL,GA",7875.0,-85.4741,32.5093,-84.3906,33.9917,13,02336526;02336635;02336728;02336968;02337000;02337040;02337410;02337498;02337500;02338523;02338660;02339495;02340500,23,42,55,19,99.842,87.358,100.0,1.0,1.0,0.9789
03130003,Middle Chattahoochee-Walter F,"AL,GA",7347.3,-85.5862,31.6119,-84.4431,32.6629,7,02341725;02341800;02341910;02342500;02342850;02342933;02343225,19,12,18,9,29.7585,0.0,100.0,1.0,0.3037,0.2593
03130004,Lower Chattahoochee,"AL,FL,GA",3222.5,-85.4184,30.7063,-84.8152,31.7463,2,02343300;02343940,26,27,29,15,77.5447,0.0,100.0,1.0,0.7878,0.7317
03130005,Upper Flint,GA,6810.6,-84.796,32.3356,-83.9173,33.6766,11,02344350;02344396;02344478;02344500;02344605;02344620;02344630;02344700;02346310;02346500;02349000,15,54,60,7,99.9788,0.0,100.0,1.0,0.9998,0.9791
03130006,Middle Flint,GA,4036.4,-84.5657,31.4777,-83.6496,32.5524,2,02349900;02350080,14,9,9,6,89.7321,0.0,100.0,1.0,0.9017,0.8643
03130007,Kinchafoonee-Muckalee,GA,2851.5,-84.7125,31.5804,-84.0523,32.3943,3,02350600;02351500;02351890,12,12,11,7,65.8009,0.0,100.0,1.0,0.6669,0.5931
03130008,Lower Flint,"FL,GA",3300.4,-84.8832,30.7084,-83.9225,31.6451,0,,24,56,57,15,96.7869,0.0,100.0,1.0,0.9761,0.9255
03130009,Ichawaynochaway,GA,2859.5,-84.873,31.1699,-84.2859,31.998,3,02353265;02353400;02354500,14,8,10,5,37.4059,0.0,100.0,1.0,0.3667,0.3593
03130010,Spring,GA,2042.6,-85.0026,30.7569,-84.5924,31.5913,0,,11,13,13,7,95.9406,0.0,100.0,1.0,0.9645,0.9117
03130011,Apalachicola,"FL,GA",3215.5,-85.3034,29.7075,-84.6138,30.7628,0,,22,18,18,7,99.2379,0.0,100.0,0.9837,0.9997,0.9653
03130012,Chipola,"AL,FL",3347.4,-85.5194,29.9673,-85.0334,31.2491,0,,42,43,46,12,100.0,100.0,100.0,1.0,1.0,1.0
03130013,New,FL,976.7,-84.9756,29.8119,-84.5914,30.3433,1,02330400,5,1,1,1,100.0,100.0,100.0,0.9989,1.0,1.0
03130014,Apalachicola Bay,FL,1439.5,-85.3341,29.5366,-84.276,29.9543,0,,7,6,6,3,94.817,0.0,100.0,0.1029,0.9565,0.9275
03140101,St. Andrew-St. Joseph Bays,FL,4170.3,-86.1677,29.6057,-85.1972,30.6378,1,02359500,32,104,107,25,99.2555,0.0,100.0,0.705,0.9946,0.9847
03140102,Choctawhatchee Bay,FL,2013.5,-86.6766,30.2549,-85.9954,30.7534,3,02366996;02367000;02367310,17,17,17,13,99.5116,0.0,100.0,0.6978,0.9962,0.9886
03140103,Yellow,"AL,FL",3559.7,-87.0034,30.4858,-86.0685,31.5354,1,02368500,34,8,10,5,100.0,100.0,100.0,0.9994,1.0,1.0
03140104,Blackwater,"AL,FL",2239.5,-87.217,30.582,-86.5557,31.1539,4,02369800;02370000;02370500;02370700,26,5,5,4,100.0,100.0,100.0,0.9991,1.0,1.0
03140105,Pensacola Bay,FL,1832.2,-87.4106,30.2655,-86.5154,30.6553,0,,26,25,44,16,97.8553,0.0,100.0,0.475,0.9841,0.9633
03140106,Perdido,"AL,FL",2383.7,-87.7926,30.4077,-87.3127,31.156,4,02376293;02376300;02376500;02377570,30,9,11,8,99.981,66.667,100.0,0.9987,1.0,0.9991
03140107,Perdido Bay,"AL,FL",1166.5,-88.0608,30.1722,-87.2468,30.6127,2,02376115;02378170,30,15,16,13,98.9017,0.0,100.0,0.4904,0.9906,0.9774
03140201,Upper Choctawhatchee,AL,3997.4,-86.0613,31.0221,-85.2654,31.8822,1,02362240,17,22,19,12,92.5513,0.0,100.0,1.0,0.9348,0.8787
03140202,Pea,"AL,FL",4027.7,-86.3384,30.8763,-85.4184,32.1484,1,02364570,26,11,14,5,77.1988,0.0,100.0,1.0,0.7782,0.7188
03140203,Lower Choctawhatchee,"AL,FL",4026.8,-86.1583,30.342,-85.3948,31.1234,2,02365470;02365769,39,65,67,12,98.2291,0.0,100.0,0.9997,0.9857,0.9596
03140301,Upper Conecuh,AL,2129.6,-86.7658,31.1394,-85.638,32.1523,1,02371200,14,1,1,1,62.91,0.0,100.0,1.0,0.638,0.5872
03140302,Patsaliga,AL,1554.2,-86.6222,31.3661,-86.0065,32.0777,0,,9,0,1,1,42.6094,0.0,100.0,1.0,0.4204,0.3753
03140303,Sepulga,AL,2717.7,-87.0645,31.1804,-86.3947,32.0053,1,02373500,10,1,0,1,27.5098,0.0,100.0,1.0,0.2704,0.2476
03140304,Lower Conecuh,"AL,FL",2626.7,-87.3402,30.9486,-86.7253,31.7326,2,02374500;02374745,20,8,10,5,64.6921,0.0,100.0,1.0,0.6391,0.6029
03140305,Escambia,"AL,FL",1966.8,-87.5769,30.5064,-87.1629,31.4852,2,02374950;02376000,26,4,5,6,98.8682,51.815,100.0,0.9989,1.0,0.973
03150101,Conasauga,"GA,TN",1883.1,-85.078,34.5426,-84.4968,35.152,5,02384500;02384540;02385170;02385500;02385800,7,14,15,2,45.0061,0.0,100.0,1.0,0.4558,0.3456
03150102,Coosawattee,GA,2231.8,-84.9027,34.2896,-84.1934,34.8759,6,02379500;02380500;02381090;02381600;02382200;02383000,5,1,2,2,72.1389,0.0,100.0,1.0,0.7381,0.6322
03150103,Oostanaula,GA,1453.1,-85.3649,34.2516,-84.8638,34.7252,5,02387600;02388000;02388300;02388320;02388350,10,11,14,6,75.4969,0.0,100.0,1.0,0.7828,0.6222
03150104,Etowah,GA,4821.1,-85.2356,33.8151,-83.9946,34.6645,16,02388900;02388975;02389000;02389150;02390000;02390140;02390475;02391540;02391840;02392360;02392500;02392780;02392950;02392975;02393419;02395120,16,15,16,6,99.6846,0.0,100.0,1.0,0.9981,0.9606
03150105,Upper Coosa,"AL,GA",4141.7,-85.8503,33.7956,-85.1417,34.7899,6,02397500;02398000;02398300;02398950;02399200;02400100,26,48,87,13,90.809,0.0,100.0,1.0,0.9249,0.8406
03150106,Middle Coosa,AL,6692.0,-86.6406,33.2788,-85.521,34.5973,8,02400680;02401000;02401390;02403310;02403500;02404000;02405500;02406500,46,14,29,16,91.1719,0.0,100.0,1.0,0.9276,0.8324
03150107,Lower Coosa,AL,5082.7,-86.8064,32.4991,-85.9478,33.4387,4,02407514;02408500;02408540;02410000,21,11,28,11,98.4515,0.0,100.0,1.0,0.9898,0.9319
03150108,Upper Tallapoosa,"AL,GA",3611.8,-85.8374,33.2569,-84.9098,33.9413,4,02411800;02411930;02413000;02413210,10,5,12,4,100.0,100.0,100.0,1.0,1.0,1.0
03150109,Middle Tallapoosa,AL,4117.4,-86.1225,32.6704,-85.3155,33.3977,1,02415000,7,5,7,2,100.0,100.0,100.0,1.0,1.0,1.0
03150110,Lower Tallapoosa,AL,4411.4,-86.262,32.0163,-85.3272,32.7562,3,02418230;02418760;02419000,16,10,15,8,51.488,0.0,100.0,1.0,0.5144,0.4809
03150201,Upper Alabama,AL,6193.2,-87.0986,31.9661,-85.9872,32.9547,3,02421000;02422000;02422500,14,13,25,13,81.3787,0.0,100.0,1.0,0.8114,0.7786
03150202,Cahaba,AL,4724.0,-87.3916,32.3073,-86.4196,33.7513,11,02423130;02423380;02423397;02423400;02423414;02423425;02423496;02423500;02423555;02423630;242354750,38,32,117,26,98.4866,0.0,100.0,1.0,0.9883,0.9337
03150203,Middle Alabama,AL,5774.6,-87.7578,31.7266,-86.5933,32.708,3,02425500;02427250;02427700,10,4,5,3,33.1961,0.0,100.0,1.0,0.3338,0.2975
03150204,Lower Alabama,AL,3766.2,-87.9454,31.022,-87.0437,31.8951,1,02428500,24,6,8,4,63.2288,0.0,100.0,1.0,0.6358,0.5957
03160101,Upper Tombigbee,"AL,MS",4654.3,-88.8065,33.457,-87.9227,34.754,9,02429900;02429980;02430000;02430085;02430615;02430680;02430880;02432500;02433000,31,14,15,9,97.4738,0.0,100.0,1.0,0.982,0.9275
03160102,Town,MS,1769.6,-89.0455,33.9894,-88.5015,34.5948,1,02435020,14,21,24,8,64.8658,0.0,100.0,1.0,0.647,0.5893
03160103,Buttahatchee,"AL,MS",2239.5,-88.5004,33.6301,-87.6065,34.302,1,02438000,16,4,5,3,99.8663,0.0,100.0,1.0,0.9991,0.9831
03160104,Tibbee,MS,2893.9,-89.115,33.3429,-88.4917,34.1556,1,02440000,21,10,9,9,93.5744,0.0,100.0,1.0,0.9395,0.8937
03160105,Luxapallila,"AL,MS",2069.7,-88.4469,33.4362,-87.7666,34.0579,3,02442000;02442500;02443000,12,9,10,7,99.9964,92.749,100.0,1.0,1.0,0.9995
03160106,Middle Tombigbee-Lubbub,"AL,MS",4224.1,-88.6445,32.5292,-87.8066,33.5911,2,02444000;02449245,14,2,1,3,82.7012,0.0,100.0,1.0,0.8287,0.7927
03160107,Sipsey,AL,2039.9,-88.1877,32.9692,-87.56,34.124,0,,12,3,3,5,100.0,100.0,100.0,1.0,1.0,1.0
03160108,Noxubee,"AL,MS",3673.4,-89.1721,32.6855,-88.1766,33.4645,1,02448900,23,11,20,9,93.3447,0.0,100.0,1.0,0.9358,0.9245
03160109,Mulberry,AL,3554.3,-87.6312,33.553,-86.4417,34.3278,4,02449882;02450000;02453000;02454055,27,13,17,10,99.9987,95.368,100.0,1.0,1.0,0.9997
03160110,Sipsey Fork,AL,2581.2,-87.6323,33.8143,-86.8152,34.4355,2,02450250;02450825,13,9,10,6,100.0,100.0,100.0,1.0,1.0,1.0
03160111,Locust,AL,3134.9,-87.1971,33.4877,-86.1347,34.2611,9,02455000;02455185;02455980;02456000;02457000;02457595;02458300;02458450;02458600,37,13,55,16,86.6916,0.0,100.0,1.0,0.8793,0.7654
03160112,Upper Black Warrior,AL,3226.6,-87.7434,33.1264,-86.7785,33.8426,6,02461500;02462000;02464000;02464146;02464360;02464660,30,11,52,19,99.9297,95.369,100.0,1.0,1.0,0.9825
03160113,Lower Black Warrior,AL,3763.2,-87.9426,32.41,-87.2401,33.326,2,02465292;02465493,8,4,16,5,97.0924,0.0,100.0,1.0,0.9731,0.9413
03160201,Middle Tombigbee-Chickasaw,"AL,MS",5389.0,-88.4864,31.686,-87.5241,32.5789,1,02468500,22,8,12,4,10.6151,0.0,100.0,1.0,0.1085,0.0771
03160202,Sucarnoochee,"AL,MS",2522.1,-88.8176,32.2862,-88.0211,32.9285,0,,13,6,13,6,17.4273,0.0,100.0,1.0,0.1664,0.117
03160203,Lower Tombigbee,AL,4175.7,-88.4166,31.1225,-87.6158,31.9456,2,02469800;02470072,21,9,9,4,89.2882,0.0,100.0,1.0,0.8992,0.858
03160204,Mobile-Tensaw,AL,2364.9,-88.3094,30.6046,-87.7348,31.1657,1,02471001,28,14,17,10,98.8925,0.0,100.0,0.9645,0.9935,0.96
03160205,Mobile Bay,AL,2260.9,-88.2586,30.2211,-87.6556,30.7463,3,02378300;02378500;02471078,28,42,42,24,96.9902,0.0,100.0,0.5394,0.9757,0.9522
03170001,Chunky-Okatibbee,MS,2351.8,-89.2501,32.1704,-88.5627,32.7414,4,02475500;02476000;02476500;02476600,19,28,36,11,98.0343,0.0,100.0,1.0,0.985,0.9531
03170002,Upper Chickasawhay,"AL,MS",3745.8,-89.183,31.4375,-88.3765,32.3877,0,,28,19,22,12,69.6429,0.0,100.0,1.0,0.6998,0.6338
03170003,Lower Chickasawhay,"AL,MS",1721.0,-88.8123,30.948,-88.4284,31.7137,0,,5,2,2,1,99.3503,78.792,100.0,1.0,1.0,0.9652
03170004,Upper Leaf,MS,4540.3,-89.8533,31.2948,-89.2049,32.3599,2,02472500;02472850,33,30,44,18,100.0,100.0,100.0,1.0,1.0,1.0
03170005,Lower Leaf,MS,4726.8,-89.3661,30.9758,-88.7031,32.2344,3,02473460;02473500;02474600,33,31,45,24,99.765,0.0,100.0,1.0,0.9984,0.9808
03170006,Pascagoula,MS,1580.9,-88.933,30.3401,-88.4986,31.0747,0,,15,8,13,6,99.6927,66.667,100.0,0.9818,1.0,0.9561
03170007,Black,MS,3282.3,-89.7386,30.6453,-88.6402,31.4986,2,02479130;02479155,45,18,23,18,99.9851,92.624,100.0,1.0,1.0,0.9977
03170008,Escatawpa,"AL,MS",2704.6,-88.5639,30.3934,-88.2138,31.5692,4,02479431;02479945;02479980;02480002,31,10,13,9,98.2898,0.0,100.0,1.0,0.9843,0.9603
03170009,Mississippi Coastal,"AL,LA,MS",7370.2,-89.6406,30.0338,-88.0292,31.0849,2,02481000;02481510,53,42,45,22,99.159,0.0,100.0,0.587,0.9929,0.9808
03180001,Upper Pearl,MS,6379.8,-89.747,32.295,-88.7773,33.3917,2,02483000;02484000,18,45,72,15,100.0,100.0,100.0,1.0,1.0,1.0
03180002,Middle Pearl-Strong,MS,5120.4,-90.3849,31.8116,-89.5028,32.7897,2,02485574;02485700,35,109,153,29,99.6955,0.0,100.0,1.0,0.9976,0.98
03180003,Middle Pearl-Silver,MS,3156.4,-90.4498,31.2774,-89.6904,31.9913,1,02488700,19,11,19,9,99.9984,99.909,100.0,1.0,1.0,0.98
03180004,Lower Pearl,"LA,MS",4714.4,-90.0673,30.1496,-89.4815,31.4302,3,02490105;02492343;02492360,40,26,28,19,99.8811,0.0,100.0,0.9982,0.9991,0.9658
03180005,Bogue Chitto,"LA,MS",3130.3,-90.6235,30.5864,-89.8673,31.6392,0,,38,8,8,8,100.0,100.0,100.0,1.0,1.0,1.0
04010101,Baptism-Brule,"CN,MN",5802.5,-91.4514,47.3352,-89.2184,48.3577,1,04014500,5,11,6,5,21.4749,0.0,100.0,0.8418,0.2159,0.2077
04010102,Beaver-Lester,MN,1590.2,-92.1608,46.7871,-91.2014,47.473,1,04015330,7,11,12,3,100.0,100.0,100.0,0.9926,1.0,1.0
04010201,St. Louis,"MN,WI",7602.3,-93.2139,46.5622,-91.6511,47.7844,5,04015500;04016000;04016500;04019000;04021520,10,14,19,4,99.6235,0.0,100.0,0.9953,0.9967,0.9866
04010202,Cloquet,MN,2055.5,-92.5735,46.8413,-91.4561,47.4773,0,,7,0,0,0,99.042,0.0,100.0,1.0,0.9926,0.9712
04010301,Beartrap-Nemadji,"MN,WI",4773.0,-92.6615,46.3161,-90.6753,46.9627,2,04024098;04025500,4,4,3,2,100.0,100.0,100.0,0.9936,1.0,1.0
04010302,Bad-Montreal,"MI,WI",3370.8,-91.4631,46.1657,-90.083,46.7317,3,04027500;04029990;04030000,2,0,0,0,47.6712,0.0,100.0,0.9995,0.477,0.4501
04020101,Black-Presque Isle,"MI,WI",2619.6,-90.4135,46.166,-89.2659,46.8697,3,04031000;04031500;04032000,4,2,1,2,0.0325,0.0,100.0,0.9974,0.0003,0.0003
04020102,Ontonagon,"MI,WI",3596.1,-89.7216,46.0993,-88.6798,46.8766,6,04033000;04034500;04035000;04036000;04037500;04039500,5,0,0,0,48.1725,0.0,100.0,1.0,0.4824,0.4452
04020103,Keweenaw Peninsula,MI,2829.5,-89.3139,46.7073,-87.7112,47.48,1,04043050,5,5,6,3,57.5299,0.0,100.0,0.9649,0.5809,0.5378
04020104,Sturgeon,MI,1891.5,-88.9477,46.3007,-88.225,47.0475,3,04040500;04041500;04042500,6,1,0,1,99.2971,0.0,100.0,0.9996,0.9951,0.9692
04020105,Dead-Kelsey,MI,2355.5,-88.6064,46.4475,-87.3693,46.9823,6,04043140;04043150;04043238;04043244;04043275;04044400,2,2,6,2,92.567,0.0,100.0,0.9968,0.9306,0.8803
04020201,Betsy-Chocolay,MI,2979.7,-87.4942,46.2461,-84.9566,46.7726,1,04044724,3,3,2,2,54.3134,0.0,100.0,0.992,0.5423,0.5397
04020202,Tahquamenon,MI,2097.1,-85.8699,46.1603,-84.8688,46.6253,0,,1,0,0,0,0.0,0.0,0.0,1.0,0.0,0.0
04020203,Waiska,MI,277.7,-85.1669,46.3719,-84.6722,46.5557,0,,1,0,0,0,0.0,0.0,0.0,0.9938,0.0,0.0
04030101,Manitowoc-Sheboygan,WI,4221.9,-88.3607,43.3575,-87.4977,44.4906,1,04085281,12,6,6,6,100.0,100.0,100.0,0.9966,1.0,1.0
04030102,Door-Kewaunee,WI,1931.3,-87.9009,44.429,-86.9702,45.299,1,04085200,4,1,1,1,100.0,100.0,100.0,0.9658,1.0,1.0
04030103,Duck-Pensaukee,WI,862.1,-88.4322,44.5268,-87.852,44.8748,1,04071858,6,0,0,0,100.0,100.0,100.0,0.9908,1.0,1.0
04030104,Oconto,WI,2488.6,-88.7604,44.8078,-87.8212,45.5089,0,,2,0,1,1,100.0,100.0,100.0,0.9993,1.0,1.0
04030105,Peshtigo,WI,3158.5,-88.9692,44.8947,-87.5775,45.7837,0,,1,2,0,1,99.742,0.0,100.0,0.9969,0.9981,0.9505
04030106,Brule,"MI,WI",2724.4,-89.0778,45.8943,-88.1902,46.5423,3,04060500;04060993;04061000,1,0,0,0,97.7661,0.0,100.0,1.0,0.9794,0.962
04030107,Michigamme,MI,1875.6,-88.4116,45.9534,-87.8754,46.7337,1,04062200,2,0,0,0,97.4857,0.0,100.0,1.0,0.9767,0.9483
04030108,Menominee,"MI,WI",5938.7,-89.0321,45.0899,-87.502,46.1203,4,04063700;04065300;04065500;04066500,3,2,4,2,96.8717,0.0,100.0,0.9997,0.973,0.917
04030109,Cedar-Ford,MI,2640.0,-88.1593,45.0957,-87.1216,46.2443,0,,2,0,1,1,98.4698,0.0,100.0,0.997,0.9883,0.9389
04030110,Escanaba,MI,2402.5,-88.0378,45.7718,-87.0452,46.5967,5,04057800;04058000;04058100;04058200;04058500,1,0,0,0,100.0,100.0,100.0,1.0,1.0,1.0
04030111,Tacoosh-Whitefish,MI,1663.8,-87.2889,45.6674,-86.758,46.365,0,,2,0,0,0,100.0,100.0,100.0,0.9917,1.0,1.0
04030112,Fishdam-Sturgeon,MI,1503.4,-86.9763,45.6003,-86.2472,46.3492,1,04057510,1,0,0,0,98.1219,0.0,100.0,0.9822,0.9824,0.9748
04030113,Manistique River,MI,3812.2,-86.7481,45.9151,-85.6051,46.5963,0,,1,0,0,0,71.0205,0.0,100.0,1.0,0.711,0.6892
04030114,Millecoquins Lake-Brevoort River,MI,1431.7,-86.2443,45.8392,-84.7237,46.2771,0,,0,0,0,0,5.5578,0.0,100.0,0.9777,0.0573,0.0487
04030201,Upper Fox,WI,4196.3,-89.7133,43.5144,-88.5275,44.1931,5,04072845;04073462;04073468;04073473;04073970,5,5,6,4,98.8545,0.0,100.0,1.0,0.9909,0.948
04030202,Wolf,WI,9650.2,-89.4288,44.0056,-88.2881,45.7597,5,04074538;04074548;04077630;04078500;04081000,7,3,4,2,98.3518,0.0,100.0,1.0,0.9858,0.954
04030203,Lake Winnebago,WI,1482.3,-88.7945,43.6433,-88.2509,44.2345,1,04083545,5,1,2,2,99.9973,98.561,100.0,0.6369,1.0,0.9981
04030204,Lower Fox,WI,1678.1,-88.5578,44.0935,-87.7996,44.6311,3,04072150;04085119;40851325,6,6,4,5,98.0879,0.0,100.0,0.9984,0.9825,0.9662
04040001,Little Calumet-Galien,"IL,IN,MI",1903.7,-87.6118,41.3622,-86.3837,42.1135,7,04093000;04094000;04094500;04095300;04095380;04096015;04096100,26,9,14,10,100.0,100.0,100.0,0.9869,1.0,1.0
04040002,Pike-Root,"IL,WI",1083.6,-88.1261,41.7262,-87.5289,43.0248,5,04087204;04087214;04087220;04087240;04087257,28,7,6,8,100.0,100.0,100.0,0.9907,1.0,1.0
04040003,Milwaukee,WI,2276.6,-88.4702,42.9332,-87.8599,43.76,10,04086500;04087030;04087050;04087070;04087088;04087119;04087120;04087142;04087159;40871488,9,12,10,6,100.0,100.0,100.0,0.9964,1.0,1.0
04050001,St. Joseph,"IN,MI",12209.0,-86.5426,41.2642,-84.441,42.3735,16,04096400;04096405;04096515;04096600;04096900;04097540;04099510;04099750;04099808;04099850;04100222;04100252;04100295;04101370;04101800;04102500,5,4,18,4,99.8691,0.0,100.0,0.9998,0.9989,0.9881
04050002,Black-Macatawa,MI,1574.7,-86.4895,42.1144,-85.8859,43.058,4,04102700;04102776;04108800;04108801,3,0,0,0,99.9999,99.865,100.0,0.9849,1.0,0.9994
04050003,Kalamazoo,MI,5261.6,-86.2285,41.9646,-84.4544,42.8329,10,04103010;04104945;04105000;04105700;04106180;04106300;04106320;04106400;04106500;04108600,0,0,0,0,100.0,100.0,100.0,0.9997,1.0,1.0
04050004,Upper Grand,MI,4558.8,-85.0491,42.0085,-83.938,42.9955,7,04109000;04111379;04111500;04112000;04112500;04114498;04114500,4,1,0,1,100.0,100.0,100.0,1.0,1.0,1.0
04050005,Maple,MI,2449.7,-85.1481,42.8358,-84.0776,43.3821,1,04115265,0,0,0,0,100.0,100.0,100.0,1.0,1.0,1.0
04050006,Lower Grand,MI,5236.3,-86.2661,42.7487,-84.9024,43.558,1,04118500,0,0,0,0,99.7685,0.0,100.0,1.0,0.9983,0.9801
04050007,Thornapple,MI,2198.9,-85.6245,42.4354,-84.6714,42.9577,1,04117000,0,0,0,0,99.6093,0.0,100.0,1.0,0.9963,0.993
04060101,Pere Marquette-White,MI,5395.3,-86.5411,43.0588,-85.5723,44.2494,1,04123000,1,0,0,0,86.2099,0.0,100.0,0.9907,0.861,0.8497
04060102,Muskegon,MI,7062.1,-86.3521,43.1896,-84.4092,44.5986,5,04121000;04121300;04121900;04121944;04122100,0,0,0,0,100.0,100.0,100.0,0.9967,1.0,1.0
04060103,Manistee,MI,5049.6,-86.3438,43.9667,-84.7509,45.0393,4,04123500;04124500;04125460;04125500,5,1,0,1,81.1631,0.0,100.0,1.0,0.8141,0.766
04060104,Betsie-Platte,MI,2062.1,-86.3432,44.2501,-85.5409,45.211,1,04126740,5,2,2,1,87.0964,0.0,100.0,0.979,0.8705,0.8639
04060105,Boardman-Charlevoix,MI,4322.5,-85.7225,44.5378,-84.5667,45.7892,3,04126970;04127000;04127800,4,6,5,4,100.0,100.0,100.0,0.9667,1.0,1.0
04070003,Lone Lake-Ocqueoc,MI,2061.6,-84.7461,44.4475,-83.2673,45.7841,0,,0,0,0,0,99.8811,0.0,100.0,0.9882,0.9991,0.9978
04070004,Cheboygan,MI,2315.6,-85.069,44.9603,-84.3761,45.6787,5,04127997;04128000;04128990;04129000;04129500,0,0,0,0,100.0,100.0,100.0,0.9677,1.0,1.0
04070005,Black,MI,1554.0,-84.4991,44.9777,-83.9971,45.6146,2,04130500;04131500,0,0,0,0,100.0,100.0,100.0,0.9698,1.0,1.0
04070006,Thunder Bay,MI,3238.0,-84.3132,44.6645,-83.3866,45.3413,2,04132500;04134000,0,0,0,0,100.0,100.0,100.0,1.0,1.0,1.0
04070007,Au Sable,MI,5305.8,-84.8868,44.2871,-83.3181,45.1144,2,04135500;04135600,0,0,0,0,98.871,0.0,100.0,1.0,0.9902,0.9574
04080101,Au Gres-Rifle,MI,2640.0,-84.3809,43.9866,-83.3326,44.5116,8,04138000;04138500;04139000;04139500;04140000;04140500;04141000;04142000,0,0,0,0,89.7732,0.0,100.0,0.9946,0.8991,0.8744
04080102,Kawkawlin-Pine,MI,1251.0,-84.2971,43.5394,-83.8251,44.0653,1,04143500,0,0,0,0,51.4706,0.0,100.0,0.995,0.5168,0.4545
04080103,Pigeon-Wiscoggin,MI,2310.6,-83.8625,43.4206,-82.834,44.0681,1,04158500,0,0,0,0,69.1717,0.0,100.0,0.9946,0.6938,0.6663
04080104,Birch-Willow,MI,1333.9,-82.9832,43.0259,-82.4387,44.0368,0,,0,0,0,0,56.3087,0.0,100.0,0.9973,0.564,0.5357
04080201,Tittabawassee,MI,3748.7,-85.0063,43.3822,-83.9676,44.2999,2,04152238;04153500,0,0,0,0,93.6451,0.0,100.0,1.0,0.9377,0.9064
04080202,Pine,MI,2656.6,-85.328,43.2636,-84.2487,43.9122,1,04155000,0,0,0,0,100.0,100.0,100.0,1.0,1.0,1.0
04080203,Shiawassee,MI,3278.4,-84.6559,42.5135,-83.4807,43.5528,2,04143900;04144000,9,0,0,0,100.0,100.0,100.0,1.0,1.0,1.0
04080204,Flint,MI,3446.2,-84.1143,42.768,-83.0523,43.3586,3,04146000;04146063;04148140,8,2,2,2,100.0,100.0,100.0,1.0,1.0,1.0
04080205,Cass,MI,2351.3,-83.9851,43.1718,-82.8128,43.7511,2,04150000;04150500,2,0,0,0,100.0,100.0,100.0,1.0,1.0,1.0
04080206,Saginaw,MI,650.8,-84.1042,43.3362,-83.5683,43.6539,0,,0,0,0,0,99.9411,98.267,100.0,0.9972,1.0,0.9654
04090001,St. Clair,"CN,MI",3276.1,-83.1894,42.6416,-82.3046,43.6859,2,04159900;04160600,6,0,0,0,100.0,100.0,100.0,0.918,1.0,1.0
04090002,Lake St. Clair,"CN,MI",5806.6,-83.0099,42.0725,-81.3737,43.1205,0,,10,2,0,2,100.0,100.0,100.0,0.0995,1.0,1.0
04090003,Clinton,MI,2064.0,-83.5217,42.3699,-82.7758,42.9463,14,04160800;04160900;04161000;04161100;04161500;04161540;04161580;04161800;04161820;04162900;04163400;04164100;04164300;04164500,13,9,6,9,99.8239,0.0,100.0,1.0,0.9982,0.9982
04090004,Detroit,"CN,MI",2303.8,-83.6528,42.0434,-82.7193,42.6446,7,04166000;04166100;04166300;04166500;04167000;04168000;04168580,10,9,4,5,100.0,100.0,100.0,0.7087,1.0,1.0
04090006,Upper Thames River,CN,3053.5,-81.3782,42.8879,-80.6399,43.6226,0,,0,0,0,0,,,,0.0,,
04090007,Lower Thames River,CN,2594.2,-82.5887,42.1211,-81.0097,43.1553,0,,0,0,0,0,,,,0.0,,
04100001,Ottawa-Stony,"MI,OH",1812.2,-84.072,41.6214,-83.1714,42.2536,2,04176605;04177000,9,2,1,3,99.8858,0.0,100.0,0.9878,0.9995,0.9762
04100002,Raisin,"MI,OH",2753.2,-84.4597,41.6524,-83.3352,42.2578,1,04175600,3,0,0,0,99.274,0.0,100.0,0.9997,0.9946,0.9672
04100003,St. Joseph,"IN,MI,OH",2830.2,-85.3318,41.0838,-84.3998,41.925,4,04177720;04179500;04179520;04180000,2,0,4,1,100.0,100.0,100.0,1.0,1.0,1.0
04100004,St. Marys,"IN,OH",2054.4,-85.2288,40.3948,-84.1769,41.1616,1,04180988,3,0,4,2,83.0211,0.0,100.0,1.0,0.8417,0.7799
04100005,Upper Maumee,"IN,OH",1003.5,-85.1342,40.9963,-84.3842,41.3759,0,,2,0,2,2,99.5837,93.29,100.0,1.0,1.0,0.9315
04100006,Tiffin,"MI,OH",2013.9,-84.7566,41.2793,-84.1433,42.0352,2,04184500;04185440,0,0,0,0,98.8894,0.0,100.0,1.0,0.9913,0.9465
04100007,Auglaize,"IN,OH",4316.3,-85.0029,40.4688,-83.6761,41.2878,2,04186500;04187500,2,1,5,1,62.3861,0.0,100.0,1.0,0.6225,0.597
04100008,Blanchard,OH,1999.1,-84.2993,40.6494,-83.3643,41.1601,5,04188337;04188400;04188433;04188496;04189000,4,1,0,1,2.2087,0.0,100.0,1.0,0.0214,0.0214
04100009,Lower Maumee,OH,2791.8,-84.3849,41.047,-83.4657,41.6976,0,,3,2,0,2,27.6554,0.0,100.0,1.0,0.2869,0.2297
04100010,Cedar-Portage,OH,2478.6,-83.8592,41.0417,-82.7127,41.7056,0,,3,2,1,1,43.6491,0.0,100.0,0.9929,0.4333,0.4134
04100011,Sandusky,OH,4715.2,-83.5772,40.5908,-82.591,41.5343,5,04196000;04196500;04196800;04197100;04197170,10,10,2,6,79.5596,0.0,100.0,0.998,0.8034,0.7685
04100012,Huron-Vermilion,OH,1976.7,-82.9064,40.9173,-82.2586,41.4263,3,04199000;04199155;04199500,11,9,3,7,100.0,100.0,100.0,0.9995,1.0,1.0
04100013,Huron,MI,2378.2,-84.2261,42.0367,-83.1989,42.7353,0,,11,1,1,2,99.6566,0.0,100.0,1.0,0.9977,0.9445
04110001,Black-Rocky,OH,2317.4,-82.3711,40.9918,-81.6575,41.5152,1,04201500,14,14,17,8,99.2956,0.0,100.0,0.9988,0.9936,0.9856
04110002,Cuyahoga,OH,2101.6,-81.8333,40.9583,-81.0449,41.6181,8,04202000;04204000;04204500;04206043;04206212;04206220;04207200;04208460,14,18,10,8,98.0974,0.0,100.0,1.0,0.9876,0.9271
04110003,Ashtabula-Chagrin,"OH,PA",1625.5,-81.7068,41.2707,-80.4581,41.9091,2,04209000;04212500,16,13,10,8,98.0325,0.0,100.0,0.9983,0.9885,0.9273
04110004,Grand,OH,1827.4,-81.3253,41.2847,-80.6099,41.8337,1,04211500,14,1,1,2,99.8832,50.0,100.0,1.0,1.0,0.9873
04120101,Chautauqua-Conneaut,"NY,OH,PA",2204.9,-80.7938,41.6568,-79.0247,42.5673,3,04213000;04213040;04213075,15,5,4,5,68.9459,0.0,100.0,0.9975,0.6976,0.6319
04120102,Cattaraugus,NY,1449.2,-79.1375,42.2743,-78.2686,42.6717,0,,25,10,12,4,72.4537,0.0,100.0,1.0,0.7471,0.6193
04120103,Buffalo-Eighteenmile,NY,1850.3,-79.1316,42.5303,-78.3163,42.9334,3,04214500;04215000;04215500,6,0,0,0,99.9831,88.889,100.0,0.9975,1.0,0.9951
04130001,Oak Orchard-Twelvemile,"CN,NY",2655.7,-79.0604,43.0245,-77.6077,43.3759,2,04220250;422026250,9,12,11,5,100.0,100.0,100.0,0.9993,1.0,1.0
04130002,Upper Genesee,"NY,PA",3691.9,-78.3927,41.8457,-77.5497,42.7832,5,04221000;04221500;04224775;04225000;04227000,41,30,29,14,86.6651,0.0,100.0,1.0,0.8775,0.7936
04130003,Lower Genesee,NY,2763.7,-78.2352,42.5762,-77.4211,43.2588,5,04227995;04229500;04230380;04230500;04231000,14,14,14,5,97.9646,0.0,100.0,1.0,0.9905,0.9047
04140101,Irondequoit-Ninemile,NY,1804.1,-77.6388,42.9189,-76.4547,43.4628,4,04232034;04232050;04232100;423205010,15,4,5,2,63.9554,0.0,100.0,0.9835,0.6467,0.5818
04140102,Salmon-Sandy,NY,2540.1,-76.5085,43.3283,-75.5983,43.9802,2,04250200;04250750,7,8,8,3,99.9976,93.147,100.0,0.9905,1.0,0.9996
04140201,Seneca,NY,8961.2,-77.5054,42.1708,-76.0164,43.2131,17,04232482;04233000;04233286;04233300;04234000;04235250;04235500;04237962;04239000;04240010;04240100;04240120;04240180;04240200;04240300;04240503;423401815,39,86,88,20,92.3222,0.0,100.0,1.0,0.928,0.8943
04140202,Oneida,NY,3879.5,-76.3831,42.7748,-75.4363,43.7139,4,04242500;04243500;04245000;04245200,21,15,17,7,99.996,89.808,100.0,1.0,1.0,0.9995
04140203,Oswego,NY,376.5,-76.5188,43.1641,-76.2762,43.4704,0,,11,2,2,1,98.1361,0.0,100.0,1.0,0.9928,0.8939
04140301,Black,NY,4939.7,-76.0648,43.3387,-74.5135,44.0766,0,,16,23,23,5,99.8555,0.0,100.0,0.9998,0.9995,0.9829
04140302,Chaumont-Perch,NY,841.3,-76.3624,43.8442,-75.8161,44.264,0,,1,1,1,1,99.9998,99.841,100.0,0.9864,1.0,0.9989
04160001,Dog River-Frontal Lake Superior,CN,8896.2,-90.8386,48.1924,-88.8815,49.3081,0,,0,0,0,0,0.0,0.0,0.0,0.0004,0.0,0.0
04160002,Black Sturgeon River-Frontal Lake Superior,CN,5089.5,-89.4496,48.324,-88.0924,49.4959,0,,0,0,0,0,,,,0.0,,
04160003,Nipigon River,CN,25218.4,-90.2808,48.961,-86.9942,50.7803,0,,0,0,0,0,,,,0.0,,
04160004,Jackpine River-Frontal Lake Superior,CN,1826.3,-88.2441,48.856,-87.3375,49.3942,0,,0,0,0,0,,,,0.0,,
04170001,Little Pic River-Frontal Lake Superior,CN,4882.5,-87.6304,48.7295,-86.2256,49.5436,0,,0,0,0,0,,,,0.0,,
04170002,Pic River-Frontal Lake Superior,CN,6766.9,-86.6189,48.561,-85.4084,49.8165,0,,0,0,0,0,,,,0.0,,
04170003,White River-Frontal Lake Superior,CN,7497.2,-86.2733,47.9223,-84.7978,49.1924,0,,0,0,0,0,,,,0.0,,
04170004,Magpie River-Frontal Lake Superior,CN,9360.2,-85.6022,47.6422,-83.4417,48.7612,0,,0,0,0,0,,,,0.0,,
04170005,Agawa River-Frontal Lake Superior,CN,5657.6,-85.0333,47.204,-83.1585,47.9184,0,,0,0,0,0,,,,0.0,,
04170006,Goulais River-Frontal Lake Superior,CN,4730.0,-84.7891,46.5497,-83.5622,47.3823,0,,0,0,0,0,,,,0.0,,
04180000,Lake Superior,"CN,MI,MN,WI",84938.4,-92.1129,46.4081,-84.3396,49.0225,0,,20,2,12,5,26.3102,0.0,100.0,0.0108,0.2642,0.2558
04190000,Lake Michigan,"IL,IN,MI,WI",58242.7,-88.0432,41.6089,-84.7238,46.1024,0,,12,1,4,5,89.7005,0.0,100.0,0.0064,0.9026,0.8818
04200001,Carp-Pine,MI,1682.6,-85.1784,45.8469,-83.8995,46.4024,0,,1,0,0,0,4.4832,0.0,100.0,0.998,0.0451,0.0405
04200002,St. Marys,"CN,MI",4947.7,-84.8606,46.0001,-83.4265,47.0597,0,,1,0,0,0,0.0,0.0,0.0,0.3312,0.0,0.0
04200003,Gordon Lake,CN,975.2,-83.9339,46.2493,-83.427,46.6913,0,,0,0,0,0,,,,0.0,,
04200004,Upper Mississagi River,CN,5804.4,-83.6224,46.7504,-82.3,47.6105,0,,0,0,0,0,,,,0.0,,
04200005,Lower Mississagi River,CN,3540.3,-83.5962,46.1895,-82.3788,46.9307,0,,0,0,0,0,,,,0.0,,
04200006,Serpent River-Frontal Lake Huron,CN,2647.5,-83.2985,46.1589,-82.2055,46.5805,0,,0,0,0,0,,,,0.0,,
04200007,Vermillion River,CN,4392.8,-81.7786,46.2495,-80.7923,47.3377,0,,0,0,0,0,,,,0.0,,
04200008,Spanish River-Frontal Lake Huron,CN,9475.7,-82.7368,46.0938,-81.3633,47.5545,0,,0,0,0,0,,,,0.0,,
04200009,Killarney Lake-Frontal Lake Huron,CN,1795.9,-81.8229,45.9252,-80.8684,46.4657,0,,0,0,0,0,,,,0.0,,
04210001,Upper Wanapitei River,CN,2548.1,-81.4691,46.6222,-80.6039,47.4679,0,,0,0,0,0,,,,0.0,,
04210002,Lower Wanapitei River,CN,1220.8,-81.1095,46.0462,-80.5672,46.6828,0,,0,0,0,0,,,,0.0,,
04210003,Sturgeon River,CN,6920.9,-81.0079,46.3149,-79.3652,47.4939,0,,0,0,0,0,,,,0.0,,
04210004,French River-Frontal Lake Huron,CN,8832.4,-81.0978,45.7519,-78.9379,46.6275,0,,0,0,0,0,,,,0.0,,
04220001,Magnetawan River-Frontal Lake Huron,CN,5744.9,-80.7374,45.2071,-78.9623,45.9752,0,,0,0,0,0,,,,0.0,,
04220002,Lake Muskoka-Frontal Lake Huron,CN,5546.6,-80.0778,44.8566,-78.4781,45.7076,0,,0,0,0,0,,,,0.0,,
04220003,Severn River-Lake Simcoe,CN,6025.6,-79.7895,43.9423,-78.6985,45.2763,0,,0,0,0,0,,,,0.0,,
04220004,Nottawasaga River-Frontal Lake Huron,CN,4247.4,-80.3554,43.9307,-79.4134,44.8607,0,,0,0,0,0,,,,0.0,,
04230001,Eugenia Lake-Frontal Lake Huron,CN,1807.7,-81.0933,44.2071,-80.2435,44.7962,0,,0,0,0,0,,,,0.0,,
04230002,Bruce Peninsula-Frontal Lake Huron,CN,1794.0,-81.7021,44.3482,-80.9488,45.2556,0,,0,0,0,0,,,,0.0,,
04230003,Saugeen River,CN,4015.2,-81.5024,43.9153,-80.3288,44.5303,0,,0,0,0,0,,,,0.0,,
04230004,Penetangore River-Frontal Lake Huron,CN,1150.0,-81.7539,43.75,-81.368,44.3633,0,,0,0,0,0,,,,0.0,,
04230005,Maitland River-Frontal Lake Huron,CN,2636.3,-81.7279,43.5044,-80.6508,43.9827,0,,0,0,0,0,,,,0.0,,
04230006,Ausable River-Frontal Lake Huron,CN,3043.4,-82.4251,42.8658,-81.197,43.639,0,,0,0,0,0,,,,0.0,,
04240001,Manitoulin Island,CN,2888.6,-83.2263,45.515,-81.5779,45.9977,0,,0,0,0,0,,,,0.0,,
04240002,Lake Huron,"CN,MI",62203.8,-84.7475,42.978,-79.6512,46.2968,0,,1,0,0,0,30.7245,0.0,100.0,0.0084,0.3067,0.2999
04250001,Cedar Creek-Frontal Lake Erie,CN,587.0,-83.1142,41.9413,-82.2476,42.1995,0,,0,0,0,0,,,,0.0,,
04250002,Talbot Creek-Frontal Lake Erie,CN,702.3,-82.094,42.2512,-81.2163,42.7765,0,,0,0,0,0,,,,0.0,,
04250003,Big Creek-Frontal Lake Erie,CN,3758.6,-81.3787,42.5737,-79.6087,43.0913,0,,0,0,0,0,,,,0.0,,
04250004,Upper Grand River,CN,4745.6,-80.9569,43.1414,-80.0273,44.2234,0,,0,0,0,0,,,,0.0,,
04250005,Lower Grand River,CN,2027.3,-80.8299,42.8475,-79.4788,43.4269,0,,0,0,0,0,,,,0.0,,
04260000,Lake Erie,"CN,MI,NY,OH,PA",26231.1,-83.4801,41.3776,-78.8477,42.9285,0,,18,3,1,2,88.7821,0.0,100.0,0.0051,0.8832,0.8625
04270101,Niagara River,"CN,NY",3663.8,-79.9665,42.6215,-78.0874,43.2628,0,,9,10,11,6,98.6824,0.0,100.0,0.5581,0.9893,0.9645
04270102,Jordan Harbour-Frontal Lake America,CN,780.2,-79.9622,43.0238,-79.0603,43.2611,0,,0,0,0,0,,,,0.0,,
04270103,Sixteen Mile Creek-Frontal Lake America,CN,2269.4,-80.2119,43.1669,-79.5668,43.9592,0,,0,0,0,0,,,,0.0,,
04270104,Humber River-Frontal Lake America,CN,2525.2,-80.0249,43.5827,-78.901,44.0483,0,,0,0,0,0,,,,0.0,,
04270105,Ganaraska River-Frontal Lake America,CN,1574.9,-78.9765,43.8507,-77.5793,44.11,0,,0,0,0,0,,,,0.0,,
04270106,Moira River-Frontal Lake America,CN,2835.4,-77.6825,44.1028,-76.9695,44.9613,0,,0,0,0,0,,,,0.0,,
04270107,Napanee River-Frontal Lake America,CN,2827.8,-77.3683,44.0505,-76.405,44.8586,0,,0,0,0,0,,,,0.0,,
04270201,Scugog River,CN,1006.1,-79.115,44.0282,-78.6118,44.4185,0,,0,0,0,0,,,,0.0,,
04270202,Gull River,CN,3248.5,-78.9756,44.4066,-78.1328,45.3707,0,,0,0,0,0,,,,0.0,,
04270203,Kawartha Lakes,CN,3072.6,-78.9406,44.0667,-77.9196,44.9778,0,,0,0,0,0,,,,0.0,,
04270204,Otonabee River,CN,1667.3,-78.6489,44.0676,-77.9126,44.5587,0,,0,0,0,0,,,,0.0,,
04270205,Trent River,CN,3592.0,-78.1599,44.0317,-77.3618,45.0735,0,,0,0,0,0,,,,0.0,,
04280001,Prince Edward County-Frontal Lake America,CN,1110.1,-77.6936,43.8387,-76.8421,44.1744,0,,0,0,0,0,,,,0.0,,
04280002,Lake America,"CN,NY",19356.5,-79.8195,43.1744,-76.0546,44.2487,0,,7,0,0,0,90.8204,0.0,100.0,0.0025,0.9068,0.8695
04290001,Headwaters St. Lawrence River,"CN,NY",3807.4,-76.6432,44.091,-75.4955,44.7467,0,,4,0,0,0,86.334,0.0,100.0,0.1389,0.8648,0.8498
04290002,Indian,NY,1457.2,-75.9038,43.9467,-75.2643,44.6239,0,,9,0,0,0,95.0237,0.0,100.0,1.0,0.9517,0.933
04290003,Oswegatchie,NY,2719.7,-75.758,43.9377,-74.7129,44.703,0,,12,3,5,2,87.2115,0.0,100.0,1.0,0.8736,0.8587
04290004,Grass,NY,1659.4,-75.353,44.1229,-74.6083,44.987,0,,3,0,1,1,81.6722,0.0,100.0,1.0,0.8261,0.7743
04290005,Raquette,NY,3260.8,-75.1449,43.7226,-74.0283,44.9956,0,,13,3,1,3,81.6116,0.0,100.0,1.0,0.8182,0.7572
04290006,St. Regis,NY,2212.7,-74.9484,44.3133,-74.1552,45.0019,0,,5,0,2,1,62.5587,0.0,100.0,0.9996,0.647,0.5169
04290007,Salmon,"CN,NY",1068.6,-74.6663,44.5507,-74.028,45.0365,0,,2,1,3,1,34.133,0.0,100.0,0.9779,0.3337,0.2473
04290008,Raisin River-St. Lawrence River,"CN,NY",3567.2,-75.5628,44.6531,-73.8528,45.4202,0,,5,0,0,0,2.1699,0.0,100.0,0.1398,0.0229,0.0106
04300101,Mettawee River,"NY,VT",1780.3,-73.7631,43.2407,-73.0241,43.7972,0,,11,2,2,2,90.3404,0.0,100.0,1.0,0.9148,0.8546
04300102,Otter Creek,VT,2443.4,-73.39,43.2478,-72.7691,44.2267,0,,14,9,20,9,83.202,0.0,100.0,0.9996,0.8426,0.76
04300103,Winooski River,VT,2753.8,-73.2763,44.0286,-72.2183,44.594,0,,17,17,60,8,58.9798,0.0,100.0,1.0,0.5951,0.5102
04300104,Ausable River,NY,1333.8,-74.0803,44.0209,-73.4219,44.5791,0,,9,3,2,2,91.5047,0.0,100.0,0.9993,0.9346,0.822
04300105,Lamoille River,VT,1868.6,-73.2488,44.4265,-72.1659,44.81,0,,15,10,11,6,67.597,0.0,100.0,0.9995,0.6788,0.6292
04300106,Saranac River,NY,1588.3,-74.4627,44.1872,-73.4468,44.8029,0,,10,2,3,2,59.2545,0.0,100.0,1.0,0.5945,0.5242
04300107,Missiquoi River,"CN,VT",2214.3,-73.15,44.6609,-72.2402,45.3979,0,,9,3,10,4,64.4522,0.0,100.0,0.6906,0.6459,0.5803
04300108,Lake Champlain,"CN,NY,VT",7257.6,-73.9835,43.366,-72.7261,45.2777,0,,27,16,24,10,91.9473,0.0,100.0,0.7511,0.9311,0.8571
04300109,Richelieu River,"CN,NY,VT",2565.7,-73.6109,44.9695,-72.9815,46.0477,0,,5,0,0,0,100.0,100.0,100.0,0.0079,1.0,1.0
04300201,Chateaugay-English,"CN,NY",2986.8,-74.4203,44.6337,-73.3875,45.499,0,,6,2,2,1,69.0718,0.0,100.0,0.3427,0.6923,0.6056
04300202,St. Francois River,"CN,ME,NH,VT",7983.2,-72.4466,44.5748,-70.8114,46.1158,0,,10,8,13,5,6.2676,0.0,100.0,0.19,0.0579,0.0336
04310001,Chaudiere River,"CN,ME",6696.6,-71.576,45.2284,-70.2408,46.7481,0,,0,0,0,0,8.9089,0.0,100.0,0.0084,0.0934,0.0623
04320000,Mojikit Lake-Ogoki River,CN,14003.3,-90.6932,49.1818,-87.9342,51.1282,0,,0,0,0,0,,,,0.0,,
04330000,Long Lake-Kenogami River,CN,4383.9,-87.4651,49.0665,-86.3422,50.1584,0,,0,0,0,0,,,,0.0,,
05010001,Upper Allegheny,"NY,PA",6711.2,-79.719,41.5983,-77.8394,42.4449,4,03007800;03010655;03011800;03015500,31,32,34,16,88.3415,0.0,100.0,1.0,0.8842,0.855
05010002,Conewango,"NY,PA",2334.4,-79.5699,41.8401,-78.8529,42.4498,2,03013000;03014500,16,10,10,6,91.1888,0.0,100.0,1.0,0.9234,0.8464
05010003,Middle Allegheny-Tionesta,PA,4361.8,-80.3027,41.1141,-78.7918,41.8751,2,03017500;03020500,28,20,38,10,90.7311,0.0,100.0,1.0,0.9188,0.8434
05010004,French,"NY,PA",3203.8,-80.3748,41.3771,-79.5201,42.1922,6,03021350;03021500;03021520;03022540;03022554;03025000,23,6,5,4,84.1212,0.0,100.0,1.0,0.8566,0.7797
05010005,Clarion,PA,3233.8,-79.6764,41.0343,-78.4517,41.7281,4,03026500;03027500;03028000;03028500,12,11,15,8,99.9962,88.959,100.0,1.0,1.0,0.9822
05010006,Middle Allegheny-Redbank,PA,4361.5,-79.8202,40.5911,-78.6323,41.3318,5,03034000;03034500;03036000;03038000;03039000,22,17,16,9,99.8835,90.771,100.0,1.0,1.0,0.9861
05010007,Conemaugh,PA,3555.3,-79.4551,39.9188,-78.5558,40.7738,4,03041000;03042000;03042280;03042500,19,18,25,7,100.0,100.0,100.0,1.0,1.0,1.0
05010008,Kiskiminetas,PA,1334.3,-79.6751,40.1027,-79.0757,40.6914,2,03045000;03047000,18,26,30,10,99.9639,88.889,100.0,1.0,1.0,0.9476
05010009,Lower Allegheny,PA,1281.2,-80.1076,40.4396,-79.5862,40.9816,6,03049000;03049646;03049658;03049676;03049800;03049807,41,51,62,19,99.8018,87.135,100.0,1.0,1.0,0.9686
05020001,Tygart Valley,WV,3562.3,-80.3843,38.4501,-79.7209,39.5326,6,03050000;03050500;03052000;03052500;03053500;03056250,36,44,56,24,50.925,0.0,100.0,1.0,0.5129,0.4385
05020002,West Fork,WV,2280.2,-80.6235,38.7943,-80.0636,39.5032,3,03058000;03058500;03059500,39,62,106,26,37.2307,0.0,100.0,1.0,0.3735,0.281
05020003,Upper Monongahela,"PA,WV",1200.8,-80.4981,39.406,-79.7266,39.7422,3,03061500;03062400;03062500,23,58,104,15,98.4146,42.556,100.0,1.0,0.9817,0.9689
05020004,Cheat,"MD,PA,WV",3683.0,-80.0149,38.3924,-79.2895,39.8588,7,03065000;03065400;03066000;03067510;03068800;03069000;03070500,25,16,17,8,71.7899,0.0,100.0,1.0,0.7314,0.6511
05020005,Lower Monongahela,"PA,WV",3816.4,-80.4236,39.6107,-79.5358,40.4946,7,03072000;03073000;03074500;03084000;03084698;03084800;03085049,54,80,119,30,99.0992,0.0,100.0,1.0,0.9998,0.9678
05020006,Youghiogheny,"MD,PA,WV",4560.8,-79.8856,39.2374,-78.8799,40.3754,8,03075500;03075905;03076500;03076600;03078000;03079000;03080000;03083000,47,30,41,15,99.676,0.0,100.0,1.0,0.9988,0.9574
05030101,Upper Ohio,"OH,PA,WV",5145.1,-81.039,40.0823,-79.9747,40.9787,6,03085213;03085500;03085956;03108000;03110000;03110830,57,91,126,31,99.6798,0.0,100.0,1.0,0.9989,0.9803
05030102,Shenango,"OH,PA",2763.2,-80.7009,40.9439,-80.0748,41.7662,4,03101500;03102500;03102850;03102950,25,20,31,12,100.0,100.0,100.0,1.0,1.0,1.0
05030103,Mahoning,"OH,PA",2952.1,-81.279,40.7813,-80.3705,41.5819,12,03086500;03089500;03090500;03091500;03092000;03092090;03092460;03092500;03093000;03095500;03098500;03098700,26,12,10,10,100.0,100.0,100.0,1.0,1.0,1.0
05030104,Beaver,PA,291.4,-80.4715,40.6937,-80.2427,40.9638,0,,13,15,15,6,100.0,100.0,100.0,1.0,1.0,1.0
05030105,Connoquenessing,PA,2171.2,-80.3213,40.6319,-79.7695,41.3102,2,03106000;03106300,46,31,34,13,100.0,100.0,100.0,1.0,1.0,1.0
05030106,Upper Ohio-Wheeling,"OH,PA,WV",3914.3,-81.2184,39.5955,-80.3076,40.333,6,03111150;03111500;03111548;03112000;03113990;03114000,33,48,69,22,99.8715,89.88,100.0,1.0,1.0,0.9869
05030201,Little Muskingum-Middle Island,"OH,WV",4700.9,-81.6518,39.1369,-80.4675,39.8669,1,03115400,30,33,44,18,42.7345,0.0,100.0,1.0,0.427,0.3901
05030202,Upper Ohio-Shade,"OH,WV",3669.5,-82.3071,38.6561,-81.4163,39.4372,1,03159540,39,38,57,22,99.4044,61.785,100.0,1.0,1.0,0.9678
05030203,Little Kanawha,WV,5981.6,-81.6433,38.6107,-80.2534,39.3892,5,03151400;03151500;03153000;03154000;03154500,34,50,86,22,56.6402,0.0,100.0,1.0,0.5731,0.5303
05030204,Hocking,OH,3098.3,-82.8248,39.1524,-81.7404,39.8644,5,03156000;03157000;03158200;03159000;03159246,27,32,43,16,60.2416,0.0,100.0,1.0,0.6102,0.5704
05040001,Tuscarawas,OH,6720.0,-81.9917,39.9861,-80.8939,41.1472,17,03115973;03116000;03116077;03116200;03117500;03118000;03118500;03120500;03121850;03123000;03124000;03124500;03125000;03126000;03127000;03127500;03128500,24,33,36,12,99.9005,0.0,100.0,1.0,0.9994,0.9785
05040002,Mohican,OH,2603.0,-82.7742,40.36,-82.0432,41.0198,6,03130000;03130500;03131500;03132000;03133500;03135000,8,5,1,3,99.9998,99.553,100.0,1.0,1.0,0.9996
05040003,Walhonding,OH,3240.2,-82.7824,40.2486,-81.7652,41.0931,2,03136500;03140000,11,8,8,6,99.4056,0.0,100.0,1.0,0.9959,0.9694
05040004,Muskingum,OH,4056.3,-82.4187,39.376,-81.4276,40.3435,2,03144000;03149500,25,15,20,12,15.3256,0.0,100.0,1.0,0.1605,0.109
05040005,Wills,OH,2210.1,-81.9026,39.7469,-81.1682,40.2615,2,03141500;03141870,21,13,14,6,51.9618,0.0,100.0,1.0,0.5271,0.4825
05040006,Licking,OH,2020.3,-82.7624,39.855,-81.9922,40.3772,5,03144816;03145000;03145483;03146277;03146405,21,5,4,2,26.6118,0.0,100.0,1.0,0.264,0.2247
05050001,Upper New,"NC,TN,VA",7620.9,-81.7419,36.1174,-80.1046,37.3012,5,03161000;03165000;03167000;03167500;03170000,36,50,62,32,99.5641,0.0,100.0,1.0,0.9971,0.9619
05050002,Middle New,"VA,WV",4350.8,-81.5165,37.0223,-80.2083,37.6996,4,03173000;03175500;03177710;03178500,18,35,31,11,99.8516,0.0,100.0,1.0,0.9991,0.9802
05050003,Greenbrier,"VA,WV",4260.6,-80.8854,37.5102,-79.6181,38.7397,2,03180500;03183000,10,8,9,4,91.2146,0.0,100.0,1.0,0.9224,0.8592
05050004,Lower New,WV,1791.2,-81.2958,37.5882,-80.7052,38.1727,1,03185000,19,15,30,14,83.6293,0.0,100.0,1.0,0.8464,0.7536
05050005,Gauley,WV,3679.4,-81.3082,37.7733,-80.1294,38.4652,7,03186500;03187000;03187500;03189000;03190000;03190400;03191500,47,16,25,12,83.7889,0.0,100.0,1.0,0.8592,0.7311
05050006,Upper Kanawha,WV,1345.5,-81.6524,37.8036,-81.1564,38.3702,0,,35,15,59,20,92.2179,0.0,100.0,1.0,0.9394,0.8416
05050007,Elk,WV,3971.6,-81.6459,38.2759,-79.9922,38.7226,1,03194700,43,27,50,24,98.7847,0.0,100.0,1.0,0.9932,0.9346
05050008,Lower Kanawha,WV,2393.8,-82.1428,38.2253,-81.2371,38.8519,2,03201000;03201405,36,48,90,24,91.2425,0.0,100.0,1.0,0.9161,0.862
05050009,Coal,WV,2309.8,-81.958,37.7091,-81.24,38.408,2,03198350;03199000,39,35,59,23,92.144,0.0,100.0,1.0,0.9382,0.8327
05060001,Upper Scioto,OH,8276.8,-83.9365,39.6061,-82.4294,40.8015,12,03218000;03220000;03223000;03223425;03224500;03228300;03228500;03228750;03228805;03229000;03229796;03230450,22,15,14,7,81.4224,0.0,100.0,1.0,0.8204,0.7612
05060002,Lower Scioto,OH,5633.6,-83.5795,38.7062,-82.4747,40.0193,4,03230800;03230900;03231000;03235500,28,30,34,14,99.7773,80.663,100.0,1.0,1.0,0.978
05060003,Paint,OH,2956.1,-83.7246,39.1257,-82.9325,39.8892,2,03232000;03232500,11,16,19,7,100.0,100.0,100.0,1.0,1.0,1.0
05070101,Upper Guyandotte,WV,2434.3,-82.1461,37.413,-81.1556,37.909,2,03202400;03202750,19,12,33,8,88.9656,0.0,100.0,1.0,0.907,0.7894
05070102,Lower Guyandotte,WV,1917.1,-82.4111,37.8494,-81.8612,38.5166,1,03204500,32,26,37,15,99.5151,0.0,100.0,1.0,0.999,0.9573
05070201,Tug,"KY,VA,WV",4030.2,-82.673,37.1177,-81.3065,38.1392,3,03212750;03212980;03213500,59,45,84,27,100.0,100.0,100.0,1.0,1.0,1.0
05070202,Upper Levisa,"KY,VA,WV",3141.3,-82.7326,36.9429,-81.7405,37.4769,8,03207500;03207800;03207965;03208500;03208700;03208900;03208950;03209000,33,37,83,21,100.0,100.0,100.0,1.0,1.0,1.0
05070203,Lower Levisa,KY,2884.3,-83.0989,37.2611,-82.2256,38.1177,3,03210000;03211500;03212000,24,39,44,15,99.6036,0.0,100.0,1.0,0.9983,0.9475
05070204,Big Sandy,"KY,WV",1062.8,-83.0252,37.8999,-82.4841,38.4177,1,03215500,24,9,9,7,99.9973,99.896,100.0,1.0,1.0,0.9725
05080001,"Upper Great Miami, Indiana, Ohio","IN,OH",6507.3,-84.9129,39.7347,-83.5566,40.6411,9,03260700;03260706;03261950;03262000;03264000;03266500;03266560;03267000;03267900,8,5,5,4,98.7582,0.0,100.0,1.0,0.989,0.9614
05080002,"Lower Great Miami, Indiana, Ohio","IN,OH",3577.6,-84.8947,39.1025,-84.1396,39.9956,7,03270800;03271000;03271300;03271800;03272000;03272700;03274166,22,10,12,7,99.9712,88.27,100.0,1.0,1.0,0.9771
05080003,Whitewater,"IN,OH",3821.3,-85.3872,39.1584,-84.6863,40.1047,6,03274650;03274750;03274950;03275500;03275600;03276000,27,24,21,15,100.0,100.0,100.0,1.0,1.0,1.0
05090101,Raccoon-Symmes,"KY,OH,WV",3779.0,-82.6694,38.3421,-82.0198,39.4606,4,03201800;03201902;03201980;03205470,54,34,42,24,97.7363,0.0,100.0,1.0,0.9813,0.936
05090102,Twelvepole,WV,1145.5,-82.5876,37.8416,-82.1124,38.4048,2,03206600;03207020,25,14,24,13,100.0,100.0,100.0,1.0,1.0,1.0
05090103,Little Scioto-Tygarts,"KY,OH,WV",2610.0,-83.3412,38.1906,-82.5072,39.0746,2,03216800;03217000,37,41,55,25,99.7092,86.3,100.0,1.0,1.0,0.9785
05090104,Little Sandy,KY,1875.9,-83.2746,37.9962,-82.6419,38.5879,1,03216350,22,13,18,10,100.0,100.0,100.0,1.0,1.0,1.0
05090201,Ohio Brush-Whiteoak,"KY,OH",5438.8,-84.4552,38.3183,-83.0108,39.2143,5,03237255;03237280;03238500;03238745;03238772,31,30,32,17,99.6536,87.025,100.0,1.0,1.0,0.9728
05090202,Little Miami,OH,4552.5,-84.4739,38.9005,-83.5497,39.929,5,03240000;03241500;03244000;03244936;03247050,18,26,34,11,99.7138,0.0,100.0,1.0,0.9981,0.9779
05090203,Middle Ohio-Laughery,"IN,KY,OH",3651.6,-85.3669,38.6668,-84.347,39.4045,12,03238140;03255500;03257500;03259000;03260015;03260050;03260100;03262001;03276700;03277000;03277075;03277130,28,25,41,15,99.6345,0.0,100.0,1.0,0.9997,0.9694
05100101,Licking,KY,7196.3,-84.6285,37.4866,-82.8785,39.0927,11,03248300;03248500;03250000;03250100;03250190;03250310;03250322;03251000;03251200;03254480;03254550,33,44,48,19,99.9628,0.0,100.0,1.0,0.9999,0.9761
05100102,South Fork Licking,KY,2401.5,-84.5937,37.9633,-83.8852,38.6989,2,03252000;03252300,13,19,19,11,94.8989,0.0,100.0,1.0,0.95,0.9158
05100201,North Fork Kentucky,"KY,VA",3428.8,-83.7106,36.9534,-82.6435,37.7599,3,03277300;03277450;03278500,12,31,65,12,96.1448,0.0,100.0,1.0,0.9759,0.8698
05100202,Middle Fork Kentucky,KY,1448.1,-83.6713,36.8828,-83.122,37.604,2,03280600;03280700,11,6,18,5,93.6607,0.0,100.0,1.0,0.952,0.8234
05100203,South Fork Kentucky,KY,1937.4,-83.9382,36.8951,-83.4433,37.5699,2,03281040;03281100,15,10,13,5,100.0,100.0,100.0,1.0,1.0,1.0
05100204,Upper Kentucky,KY,2832.7,-84.2464,37.3221,-83.2428,38.0244,3,03282040;03282500;03283500,17,28,33,10,99.9551,96.442,100.0,1.0,1.0,0.9803
05100205,Lower Kentucky,KY,8393.8,-85.2078,37.3332,-84.0027,38.8218,16,03284520;03284530;03284555;03285000;03287580;03287600;03288000;03288100;03288200;03288500;03289000;03289193;03289200;03289300;03290000;03291000,33,43,46,23,98.9015,0.0,100.0,1.0,0.9918,0.9371
05110001,Upper Green,KY,8134.3,-86.6245,36.8661,-84.632,37.7561,9,03304500;03305000;03307000;03307500;03310000;03310300;03310400;03311600;03312000,22,69,72,15,99.3286,0.0,100.0,1.0,0.995,0.9614
05110002,Barren,"KY,TN",5866.6,-86.8198,36.4565,-85.6268,37.182,3,03312259;03313500;03313700,28,48,49,15,96.2505,0.0,100.0,0.9998,0.9696,0.9081
05110003,Middle Green,KY,2661.4,-87.2332,36.8117,-86.4803,37.4851,0,,23,14,18,15,92.1937,0.0,100.0,1.0,0.9392,0.8226
05110004,Rough,KY,2799.7,-87.137,37.3493,-85.9844,37.7891,1,03318800,17,11,15,5,99.9983,97.325,100.0,1.0,1.0,0.9993
05110005,Lower Green,KY,2390.8,-87.6939,37.3966,-86.6347,37.937,0,,24,10,13,8,96.0091,0.0,100.0,1.0,0.9713,0.893
05110006,Pond,KY,2065.1,-87.549,36.8647,-87.1004,37.5361,1,03320500,23,12,15,11,89.2788,0.0,100.0,1.0,0.912,0.7959
05120101,Upper Wabash,"IN,OH",4230.8,-86.3722,40.2954,-84.4065,41.1563,4,03322500;03324000;03327520;402913084285400,6,1,0,1,89.8067,0.0,100.0,1.0,0.9058,0.8541
05120102,Salamonie,IN,1450.8,-85.7251,40.3252,-84.8155,40.8325,1,03324200,1,2,2,1,95.0708,0.0,100.0,1.0,0.9564,0.8922
05120103,Mississinewa,"IN,OH",2114.5,-86.0307,40.1209,-84.6911,40.7638,2,03325500;03326070,5,0,0,0,96.0419,0.0,100.0,1.0,0.9683,0.8971
05120104,Eel,IN,2114.6,-86.3973,40.7503,-85.1483,41.3248,1,03328430,4,2,3,3,100.0,100.0,100.0,1.0,1.0,1.0
05120105,Middle Wabash-Deer,IN,1733.2,-86.8587,40.4663,-85.95,40.8666,2,03329400;03329700,2,1,1,1,99.863,93.253,100.0,1.0,1.0,0.9713
05120106,Tippecanoe,IN,5046.6,-87.2086,40.5149,-85.4446,41.3577,3,03330241;03330500;03331110,5,1,0,1,99.978,60.0,100.0,1.0,1.0,0.9682
05120107,Wildcat,IN,2081.5,-86.8733,40.2165,-85.7385,40.5348,4,03333450;03333600;03333700;03334500,5,2,3,3,100.0,100.0,100.0,1.0,1.0,1.0
05120108,Middle Wabash-Little Vermilion,"IL,IN",5892.0,-88.0675,39.5843,-86.5325,40.7003,5,03335690;03335700;03339108;03340800;03340900,14,4,2,4,99.9471,92.935,100.0,1.0,1.0,0.9806
05120109,Vermilion,"IL,IN",3708.1,-88.3574,39.9417,-87.3939,40.6756,5,03336500;03336900;03337000;03337100;03338780,11,6,5,5,93.038,0.0,100.0,1.0,0.9355,0.8966
05120110,Sugar,IN,2101.3,-87.3606,39.8375,-86.223,40.2959,1,03339280,5,2,1,3,100.0,100.0,100.0,1.0,1.0,1.0
05120111,Middle Wabash-Busseron,"IL,IN",5253.0,-87.8814,38.6315,-87.0484,39.9018,4,03342100;03342150;03342300;03342500,23,12,7,12,97.9293,0.0,100.0,1.0,0.9853,0.9168
05120112,Embarras,IL,6308.7,-88.4571,38.6428,-87.513,40.1019,3,03343400;03344500;03346000,22,15,12,13,94.8651,0.0,100.0,1.0,0.9545,0.9001
05120113,Lower Wabash,"IL,IN",3399.7,-88.2041,37.7879,-87.4794,38.7596,2,03378000;03378550,27,9,9,9,99.2861,0.0,100.0,1.0,0.9949,0.9579
05120114,Little Wabash,IL,5547.7,-88.8369,37.8883,-87.9862,39.4908,1,03378635,29,32,33,21,99.1338,0.0,100.0,1.0,0.9935,0.9537
05120115,Skillet,IL,2750.8,-88.9016,38.0266,-88.1257,38.8095,1,03380475,25,6,8,8,93.0564,0.0,100.0,1.0,0.9482,0.846
05120201,Upper White,IN,7047.2,-86.6896,39.3056,-84.8749,40.383,30,03347000;03347500;03348020;03348100;03348350;03349210;03349500;03349510;03349700;03350100;03350500;03350700;03351072;03351310;03351400;03351500;03352500;03352988;03353120;03353160;03353180;03353200;03353451;03353460;03353500;03353600;03353620;03353637;03353700;03353800,15,20,18,11,99.6293,0.0,100.0,1.0,0.9968,0.9848
05120202,Lower White,IN,4333.8,-87.7427,38.4074,-86.1603,39.4265,3,03354500;03355000;03356000,21,21,18,12,99.9023,0.0,100.0,1.0,0.9993,0.9628
05120203,Eel,IN,3128.4,-87.3336,39.1033,-86.4222,40.0181,5,03357330;03357350;03357500;03358000;03359000,11,3,1,3,99.8175,0.0,100.0,1.0,0.9988,0.9658
05120204,Driftwood,IN,3018.5,-86.1763,39.1724,-85.2285,40.0547,6,03361000;03361630;03361632;03361650;03361850;03362000,12,7,3,4,100.0,100.0,100.0,1.0,1.0,1.0
05120205,Flatrock-Haw,IN,1548.5,-85.9705,39.1844,-85.2095,40.0171,2,03363500;03364200,8,5,1,3,100.0,100.0,100.0,1.0,1.0,1.0
05120206,Upper East Fork White,IN,2101.3,-86.2122,38.7713,-85.3206,39.529,2,03364500;03365000,4,2,0,2,99.9998,99.645,100.0,1.0,1.0,0.9995
05120207,Muscatatuck,IN,2954.3,-86.1665,38.5632,-85.2368,39.3397,5,03366200;03366500;03368000;03369000;03369500,17,4,3,4,99.5813,0.0,100.0,1.0,0.9971,0.9569
05120208,Lower East Fork White,IN,5254.4,-87.2499,38.4093,-86.0503,39.3448,5,03371520;03372000;03372300;03373508;03373700,22,11,14,9,99.6985,0.0,100.0,1.0,0.9978,0.9604
05120209,Patoka,IN,2229.2,-87.751,38.1593,-86.3302,38.5413,5,03374455;03374500;03375500;03375800;03376350,21,21,24,13,100.0,100.0,100.0,1.0,1.0,1.0
05130101,Upper Cumberland,"KY,TN,VA",6038.6,-84.5013,36.3763,-82.7166,37.1786,7,03400500;03400800;03401000;03402000;03403910;03404820;03404900,30,50,46,19,66.4422,0.0,100.0,1.0,0.6756,0.5816
05130102,Rockcastle,KY,1977.6,-84.437,36.9519,-83.87,37.5399,0,,17,15,18,7,100.0,100.0,100.0,1.0,1.0,1.0
05130103,Upper Cumberland-Lake Cumberland,"KY,TN",4874.8,-85.6748,36.5485,-84.3446,37.4631,1,03413200,25,17,18,12,53.5431,0.0,100.0,0.9998,0.5474,0.4757
05130104,South Fork Cumberland,"KY,TN",3580.5,-85.0257,36.0952,-84.2255,37.0017,3,03407908;03408500;03409500,17,13,19,10,35.7188,0.0,100.0,1.0,0.3577,0.2702
05130105,Obey,"KY,TN",2452.8,-85.5121,36.0428,-84.8151,36.7812,3,03414500;03415000;03416000,18,6,9,6,88.1898,0.0,100.0,1.0,0.8958,0.8069
05130106,Upper Cumberland-Cordell Hull Reservoir,TN,2063.9,-85.9684,36.1484,-85.2453,36.5963,2,03418000;03418070,12,9,14,8,93.8985,0.0,100.0,1.0,0.9569,0.8852
05130107,Collins,TN,2039.5,-86.1238,35.3134,-85.4634,35.8731,0,,16,1,2,1,99.9509,0.0,100.0,1.0,0.9995,0.9995
05130108,Caney,TN,4654.1,-86.1941,35.524,-85.0715,36.2603,3,03419800;03420000;03424730,26,21,33,15,93.8883,0.0,100.0,0.9998,0.953,0.8531
05130201,Lower Cumberland-Old Hickory Lake,TN,2552.8,-86.6964,36.0558,-85.8806,36.5569,0,,21,15,16,7,90.8598,0.0,100.0,1.0,0.92,0.836
05130202,Lower Cumberland-Sycamore,TN,1676.6,-87.156,35.9156,-86.5911,36.4343,7,03426470;03431000;03431060;03431300;03431599;03431700;03431800,21,37,46,14,96.3874,0.0,100.0,1.0,0.9815,0.8812
05130203,Stones,TN,2423.3,-86.6803,35.6186,-85.9439,36.2368,5,03426800;03427500;03428000;03428200;03428500,20,12,19,11,99.4056,0.0,100.0,0.9996,0.9963,0.9455
05130204,Harpeth,TN,2245.8,-87.4367,35.7035,-86.5196,36.3044,6,03432100;03432350;03432400;03433637;03433640;03433641,19,21,28,8,99.7229,0.0,100.0,1.0,0.9987,0.9591
05130205,Lower Cumberland,"KY,TN",6045.3,-88.408,36.0855,-87.0573,37.3278,3,03436690;03436700;03438000,28,44,33,23,99.3921,78.832,100.0,0.9998,1.0,0.9683
05130206,Red,"KY,TN",3765.4,-87.7607,36.3937,-86.4936,36.9217,1,03436000,37,48,50,24,86.689,0.0,100.0,1.0,0.8757,0.8009
05140101,Silver-Little Kentucky,"IN,KY",3267.6,-86.0072,38.0025,-85.1501,38.9987,15,03291780;03292460;03292470;03292474;03292475;03292480;03292500;03292550;03293000;03293500;03293510;03293530;03294000;03294550;03294570,32,24,22,20,96.3564,0.0,100.0,1.0,0.9733,0.897
05140102,Salt,KY,3805.8,-85.9646,37.5827,-84.7948,38.4142,19,03295000;03295400;03295500;03295890;03297500;03297800;03297900;03298000;03298135;03298150;03298200;03298250;03298300;03298550;03301700;03301900;03302000;03302030;03302050,19,39,39,12,99.3187,0.0,100.0,1.0,0.9949,0.9487
05140103,Rolling Fork,KY,3753.8,-85.8811,37.4004,-84.8545,37.9914,2,03299000;03300000,19,23,22,11,100.0,100.0,100.0,1.0,1.0,1.0
05140104,Blue-Sinking,"IN,KY",4916.7,-86.6208,37.72,-85.8158,38.6722,6,03302110;03302220;03302300;03302500;03302680;03302800,16,22,19,9,99.7504,0.0,100.0,1.0,0.9998,0.9788
05140201,Lower Ohio-Little Pigeon,"IN,KY",3615.6,-87.5129,37.7066,-86.4594,38.3308,2,03303300;03303400,42,15,15,14,98.7331,0.0,100.0,1.0,0.9919,0.9523
05140202,Highland-Pigeon,"IL,IN,KY",2684.3,-88.15,37.5663,-87.2358,38.3573,1,03322100,27,20,27,21,99.2852,0.0,100.0,1.0,0.9971,0.935
05140203,Lower Ohio-Bay,"IL,KY",2706.8,-88.8547,37.1212,-87.8626,37.7449,3,03384450;03385000;03386500,10,4,2,5,95.9652,0.0,100.0,1.0,0.965,0.8981
05140204,Saline,"IL,KY",3049.2,-89.0184,37.5126,-88.1259,38.1271,1,03382100,20,13,27,13,84.9913,0.0,100.0,1.0,0.856,0.7969
05140205,Tradewater,KY,2441.9,-88.075,36.9473,-87.4692,37.6223,1,03383000,23,11,8,10,100.0,100.0,100.0,1.0,1.0,1.0
05140206,Lower Ohio,"IL,KY",2391.1,-89.2664,36.9636,-88.3951,37.5781,5,03611260;03611800;03611850;03611900;03612000,20,8,14,6,91.7205,0.0,100.0,1.0,0.9334,0.8278
06010101,North Fork Holston,"TN,VA",1882.1,-82.8327,36.5447,-81.2611,37.0872,1,03488000,24,7,6,7,88.0924,0.0,100.0,1.0,0.9047,0.7994
06010102,South Fork Holston,"NC,TN,VA",3054.6,-82.718,36.3592,-81.2856,36.9639,6,03471500;03473000;03474000;03475000;03478400;03487550,24,21,39,10,86.3244,0.0,100.0,1.0,0.8767,0.8052
06010103,"Watauga, North Carolina, Tennessee","NC,TN",2248.9,-82.505,36.103,-81.6946,36.5381,2,03479000;03485500,21,15,25,11,95.8723,0.0,100.0,1.0,0.9733,0.8646
06010104,Holston,"TN,VA",2590.1,-83.8999,35.9508,-82.5855,36.5946,3,03491000;03491300;03491544,27,18,22,11,67.5925,0.0,100.0,0.9996,0.6904,0.5954
06010105,Upper French Broad,"NC,SC,TN",4867.8,-83.1998,35.0646,-82.2642,36.0658,13,03439000;03440000;03441000;03441440;03443000;03446000;03447894;03448500;03450000;03451000;03453000;03454000;344894205,24,19,19,10,62.1653,0.0,100.0,1.0,0.6348,0.5251
06010106,Pigeon,"NC,TN",1785.7,-83.3173,35.2916,-82.7453,36.0281,12,03455500;03456000;03456100;03456500;03456991;03457000;03457500;03459000;03459500;03460000;03461200;345577330,9,7,5,7,74.3927,0.0,100.0,1.0,0.77,0.625
06010107,Lower French Broad,"NC,TN",2063.3,-83.8706,35.5891,-83.0864,36.1225,2,03469175;03470000,33,22,37,14,76.3644,0.0,100.0,1.0,0.7908,0.6459
06010108,Nolichucky,"NC,TN",4553.6,-83.4119,35.6988,-81.8756,36.4233,5,03463300;03464000;03466208;03466228;03467000,27,30,37,16,68.9118,0.0,100.0,1.0,0.7002,0.5945
06010201,Watts Bar Lake,"NC,TN",3506.0,-85.0563,35.5245,-83.4724,36.0879,4,03497300;03498500;03498850;34991105,42,38,48,22,42.8073,0.0,100.0,0.9997,0.4302,0.346
06010202,Upper Little Tennessee,"GA,NC,TN",2168.6,-83.8202,34.9034,-83.1435,35.5799,8,03500000;03500240;03500500;03501000;03504000;03505500;03505550;350056050,5,2,0,2,15.9002,0.0,100.0,1.0,0.1553,0.1119
06010203,Tuckasegee,"NC,TN",1900.6,-83.6213,35.0981,-82.9192,35.6958,7,03508000;03508050;03509000;03510500;03510577;03512000;03513500,2,3,1,2,44.7501,0.0,100.0,1.0,0.462,0.3426
06010204,Lower Little Tennessee,"NC,TN",2732.4,-84.4659,35.2169,-83.685,35.7819,2,03518500;351706800,12,3,7,5,49.1548,0.0,100.0,1.0,0.5043,0.3816
06010205,"Upper Clinch, Tennessee, Virginia","TN,VA,WV",5091.1,-84.3268,36.2229,-81.3976,37.2405,3,03521500;03526000;03528400,37,22,28,17,87.5324,0.0,100.0,0.9998,0.8827,0.8059
06010206,Powell,"KY,TN,VA",2452.1,-84.0943,36.2783,-82.618,37.0443,2,03529500;03531500,14,11,15,10,90.1133,0.0,100.0,1.0,0.9227,0.7832
06010207,Lower Clinch,TN,1647.9,-84.5653,35.8304,-83.6807,36.2852,5,03535000;03535400;03538225;03538250;35351830,26,14,16,9,17.7498,0.0,100.0,1.0,0.1852,0.1121
06010208,Emory,TN,2243.7,-85.1925,35.7426,-84.379,36.2549,2,03539600;03539778,11,8,8,7,75.1764,0.0,100.0,1.0,0.7632,0.6808
06020001,Middle Tennessee-Chickamauga,"AL,GA,TN",4827.2,-85.6602,34.5828,-84.5501,35.7404,4,03543500;03566420;03566525;03568933,48,30,31,19,58.0762,0.0,100.0,1.0,0.5844,0.5009
06020002,Hiwassee,"GA,NC,TN",5325.3,-85.0134,34.7219,-83.5689,35.5979,10,03544947;03544970;03545000;03547000;03550000;03550500;03553500;03556000;03565300;03565500,32,24,25,14,38.3199,0.0,100.0,1.0,0.3869,0.2899
06020003,Ocoee,"GA,NC,TN",1655.2,-84.7228,34.6296,-83.9392,35.2064,6,03558000;03559000;03559500;03560000;03560500;03561000,8,4,4,3,34.9065,0.0,100.0,1.0,0.3438,0.2773
06020004,Sequatchie,TN,1558.0,-85.7385,35.0181,-84.8942,35.8749,1,03570835,13,8,10,7,76.7778,0.0,100.0,1.0,0.7905,0.6456
06030001,Guntersville Lake,"AL,GA,TN",5173.2,-86.517,34.1116,-85.5145,35.282,2,03572110;03572900,33,24,25,15,93.3252,0.0,100.0,0.9998,0.945,0.8887
06030002,Wheeler Lake,"AL,TN",7493.2,-87.4035,34.2405,-86.0298,35.1038,7,03574500;03575000;03575100;03575830;03576250;03576500;357479650,63,98,92,32,97.8471,0.0,100.0,0.9999,0.9811,0.9595
06030003,Upper Elk,"AL,TN",3325.2,-86.9281,34.983,-85.722,35.4834,3,03578000;03578500;03579100,11,18,22,7,100.0,100.0,100.0,1.0,1.0,1.0
06030004,Lower Elk,"AL,TN",2497.1,-87.354,34.7644,-86.7117,35.4563,2,03584000;03584020,31,10,12,7,97.0781,0.0,100.0,1.0,0.9712,0.9521
06030005,Pickwick Lake,"AL,MS,TN",5911.4,-88.4443,34.3892,-87.2021,35.353,6,03586500;03588000;03588400;03588500;03589250;03592718,47,75,80,29,65.6988,0.0,100.0,1.0,0.6635,0.5923
06030006,Bear,"AL,MS",2444.5,-88.2893,34.2195,-87.4974,34.8929,4,03591800;03592000;03592200;03592300,22,16,16,11,91.5619,0.0,100.0,1.0,0.9211,0.8742
06040001,Lower Tennessee-Beech,"MS,TN",5403.2,-88.5432,34.9223,-87.7168,35.9584,1,03593800,26,15,13,8,31.4449,0.0,100.0,1.0,0.329,0.2404
06040002,Upper Duck,TN,3058.1,-87.0767,35.3183,-85.943,35.7528,5,03596000;03597210;03597590;03599100;03599450,21,7,9,7,99.9831,50.0,100.0,1.0,1.0,0.9901
06040003,Lower Duck,TN,4005.8,-87.9419,35.4285,-86.7414,36.1405,4,03600088;03600500;03601630;03602500,13,46,35,11,94.1265,0.0,100.0,1.0,0.9518,0.8527
06040004,Buffalo,TN,1975.3,-87.8957,35.2062,-87.2352,36.001,0,,20,16,15,6,76.3673,0.0,100.0,1.0,0.7784,0.6881
06040005,Kentucky Lake,"KY,TN",4700.1,-88.4808,35.6929,-87.5467,37.0469,3,03605078;03605555;03606500,40,36,33,23,86.8466,0.0,100.0,1.0,0.8809,0.8135
06040006,Lower Tennessee,"KY,TN",1807.7,-88.6796,36.4173,-88.2211,37.1229,1,03610200,30,33,24,20,99.7352,81.251,100.0,1.0,1.0,0.9858
07010101,Mississippi Headwaters,MN,4975.3,-95.3665,47.0626,-93.4587,47.7717,0,,8,4,5,3,16.954,0.0,100.0,1.0,0.1696,0.166
07010102,Leech Lake,MN,3473.9,-94.9631,46.8291,-93.8604,47.4373,0,,4,1,1,1,2.5167,0.0,100.0,1.0,0.0249,0.016
07010103,Prairie-Willow,MN,5397.7,-94.0112,46.5446,-92.7642,47.6871,2,05212700;05216860,9,6,6,3,99.0126,0.0,100.0,1.0,0.986,0.9755
07010104,Elk-Nokasippi,MN,4358.5,-94.8293,45.8168,-93.1008,46.802,0,,3,2,2,2,40.0437,0.0,100.0,1.0,0.3975,0.3652
07010105,Pine,MN,2028.2,-94.6714,46.5303,-93.7233,46.9678,0,,2,0,0,0,22.4393,0.0,100.0,1.0,0.227,0.1989
07010106,Crow Wing,MN,5136.8,-95.52,46.147,-94.1252,47.2277,2,05243725;05247000,7,0,0,0,0.1793,0.0,100.0,1.0,0.0018,0.0015
07010107,Redeye,MN,2315.4,-95.6172,46.1041,-94.8115,46.8879,0,,2,0,0,0,0.0,0.0,0.0,1.0,0.0,0.0
07010108,Long Prairie,MN,2287.3,-95.5811,45.7637,-94.4368,46.3892,0,,2,1,0,1,0.0,0.0,0.0,1.0,0.0,0.0
07010201,Platte-Spunk,MN,2654.8,-94.691,45.4853,-93.8033,46.2331,0,,4,1,1,1,72.1531,0.0,100.0,1.0,0.715,0.6783
07010202,Sauk,MN,2700.6,-95.3236,45.2821,-94.1762,45.9969,0,,3,0,0,0,54.1701,0.0,100.0,1.0,0.5445,0.5003
07010203,Clearwater-Elk,MN,2904.8,-94.4819,45.1882,-93.5159,45.8284,0,,2,1,2,1,98.5329,33.695,100.0,1.0,0.9772,0.9769
07010204,Crow,MN,3825.8,-95.2552,44.9328,-93.5055,45.6696,1,05278000,3,0,0,0,94.8914,0.0,100.0,1.0,0.9515,0.8985
07010205,South Fork Crow,MN,3312.2,-95.0713,44.6467,-93.5816,45.1573,0,,2,0,0,0,100.0,100.0,100.0,1.0,1.0,1.0
07010206,Twin Cities,MN,2609.2,-93.778,44.735,-92.8047,45.3048,4,05287890;05288580;05288705;05289800,2,7,7,2,97.8409,0.0,100.0,1.0,0.9919,0.9408
07010207,Rum,MN,4105.1,-93.9852,45.1883,-93.1096,46.4201,0,,4,1,0,1,94.9939,0.0,100.0,0.8756,0.9526,0.9098
07020001,Upper Minnesota,"MN,ND,SD",5515.4,-97.364,44.833,-95.7962,45.9585,0,,9,3,4,3,41.9027,0.0,100.0,1.0,0.423,0.3844
07020002,Pomme De Terre,MN,2266.2,-96.2643,45.1774,-95.5525,46.3529,0,,2,2,3,1,0.0,0.0,0.0,1.0,0.0,0.0
07020003,Lac Qui Parle,"MN,SD",2840.4,-96.6944,44.444,-95.8547,45.0956,0,,4,2,0,1,37.9738,0.0,100.0,1.0,0.3814,0.3393
07020004,Hawk-Yellow Medicine,"MN,SD",5392.4,-96.4654,44.335,-94.8341,45.2501,3,05311400;05314510;531656290,6,1,2,1,39.0414,0.0,100.0,1.0,0.39,0.3557
07020005,Chippewa,MN,5382.0,-95.9754,44.9339,-95.0078,46.1933,0,,1,0,0,0,6.6571,0.0,100.0,1.0,0.066,0.0457
07020006,Redwood,MN,1810.7,-96.3973,44.1165,-95.0823,44.6158,1,05315000,6,3,3,1,52.7316,0.0,100.0,1.0,0.534,0.4895
07020007,Middle Minnesota,MN,3489.7,-95.2432,44.0211,-93.6578,44.731,1,05317200,7,1,0,1,91.2594,0.0,100.0,1.0,0.9045,0.8763
07020008,Cottonwood,MN,3402.3,-96.0029,43.9416,-94.4136,44.47,0,,6,6,4,4,59.725,0.0,100.0,1.0,0.613,0.5389
07020009,Blue Earth,"IA,MN",4054.0,-95.0575,43.2311,-93.535,44.1641,0,,9,3,1,3,14.0892,0.0,100.0,1.0,0.1395,0.1157
07020010,Watonwan,MN,2262.7,-95.2245,43.7608,-94.1267,44.1867,0,,5,1,1,1,42.5626,0.0,100.0,1.0,0.4133,0.3739
07020011,Le Sueur,MN,2879.8,-94.175,43.6695,-93.314,44.2287,1,05320270,9,5,7,5,94.2293,0.0,100.0,1.0,0.947,0.912
07020012,Lower Minnesota,MN,4755.7,-94.7267,44.316,-93.0889,44.9457,1,05327000,3,1,1,1,98.7173,0.0,100.0,1.0,0.9795,0.9786
07030001,Upper St. Croix,"MN,WI",5247.6,-92.8315,45.5367,-91.2717,46.4669,0,,7,10,8,5,91.8503,0.0,100.0,1.0,0.9261,0.8686
07030002,Namekagon,WI,2637.9,-92.2334,45.7823,-90.9713,46.3042,1,05331833,8,5,4,3,99.8678,0.0,100.0,1.0,0.9993,0.9722
07030003,Kettle,MN,2725.4,-93.2121,45.8531,-92.4122,46.7164,0,,1,1,1,1,99.996,93.595,100.0,1.0,1.0,0.9994
07030004,Snake,MN,2606.6,-93.6249,45.6788,-92.766,46.3875,1,05337400,1,0,0,0,92.4916,0.0,100.0,1.0,0.9343,0.8634
07030005,Lower St. Croix,"MN,WI",6777.3,-93.2121,44.747,-92.0722,45.8905,2,05340050;05342000,5,0,0,0,98.7726,0.0,100.0,1.0,0.9911,0.951
07040001,Rush-Vermillion,"MN,WI",2881.0,-93.3681,44.3655,-92.0827,45.0234,1,05345000,3,1,0,1,99.0857,50.429,100.0,1.0,1.0,0.9774
07040002,Cannon,MN,3809.4,-93.8492,43.8223,-92.5566,44.6161,0,,7,6,4,4,100.0,100.0,100.0,1.0,1.0,1.0
07040003,Buffalo-Whitewater,"MN,WI",3603.6,-92.3967,43.9102,-90.9941,44.639,2,05376000;05376500,9,5,4,4,99.2923,55.823,100.0,1.0,1.0,0.9834
07040004,Zumbro,MN,3682.7,-93.2057,43.8479,-91.9261,44.4146,2,05372995;05373000,7,1,1,1,100.0,100.0,100.0,1.0,1.0,1.0
07040005,Trempealeau,WI,1888.8,-91.6723,44.017,-90.8419,44.53,0,,2,2,2,2,99.9803,58.316,100.0,1.0,1.0,0.9995
07040006,La Crosse-Pine,"MN,WI",1800.3,-91.561,43.7397,-90.5761,44.1294,4,05382255;05382257;05382267;05382325,6,3,9,3,98.9258,0.0,100.0,1.0,0.9955,0.9736
07040007,Black,WI,5894.1,-91.4404,43.9338,-90.1259,45.3302,0,,9,1,1,1,83.087,0.0,100.0,1.0,0.8342,0.8104
07040008,Root,"IA,MN",4309.9,-92.8093,43.4834,-91.2517,43.9892,2,05384500;05385500,5,4,5,2,100.0,100.0,100.0,1.0,1.0,1.0
07050001,Upper Chippewa,WI,4999.1,-91.5626,45.1954,-90.3037,46.2723,0,,4,0,0,0,34.4003,0.0,100.0,1.0,0.3467,0.3182
07050002,Flambeau,"MI,WI",3054.5,-91.2748,45.2979,-89.3836,46.3047,1,05357335,4,0,0,0,0.0106,0.0,37.353,1.0,0.0,0.0
07050003,South Fork Flambeau,WI,1915.0,-90.8183,45.5585,-89.918,46.0482,0,,4,1,1,1,0.0,0.0,0.0,1.0,0.0,0.0
07050004,Jump,WI,2213.3,-91.1441,45.2349,-90.0972,45.6759,0,,4,1,1,1,0.0,0.0,0.0,1.0,0.0,0.0
07050005,Lower Chippewa,WI,5337.8,-92.3421,44.407,-90.4138,45.3534,1,05370000,3,2,2,2,50.3478,0.0,100.0,1.0,0.4986,0.4922
07050006,Eau Claire,WI,2289.1,-91.5036,44.5456,-90.6217,45.1145,0,,5,2,3,3,80.9732,0.0,100.0,1.0,0.8116,0.7621
07050007,Red Cedar,WI,4897.7,-92.2555,44.706,-91.3533,45.8471,0,,6,0,0,0,36.8559,0.0,100.0,1.0,0.3658,0.3248
07060001,Coon-Yellow,"IA,MN,WI",3688.8,-91.7765,42.9829,-90.7949,43.8015,3,05388500;05389000;05389400,14,12,19,10,99.2722,59.68,100.0,1.0,1.0,0.9812
07060002,Upper Iowa,"IA,MN",2588.6,-92.6663,43.1667,-91.2333,43.6281,1,05387440,6,1,1,1,99.9866,61.416,100.0,1.0,1.0,0.9997
07060003,Grant-Little Maquoketa,"IA,WI",2899.8,-91.3125,42.4396,-90.362,43.0164,3,05413500;05414000;05414500,17,17,16,9,97.8916,0.0,100.0,1.0,0.9897,0.9417
07060004,Turkey,IA,4387.4,-92.5077,42.5659,-91.0113,43.4579,2,05411600;05412400,13,3,3,3,89.7814,0.0,100.0,1.0,0.8993,0.8763
07060005,Apple-Plum,"IA,IL,WI",3849.4,-90.8511,41.8743,-89.704,42.7575,4,05414820;05415000;05419000;05420000,19,14,13,11,99.2981,64.728,100.0,1.0,1.0,0.9793
07060006,Maquoketa,IA,4844.0,-91.786,41.9048,-90.3003,42.7512,2,05416900;05417000,17,5,5,4,90.8302,0.0,100.0,1.0,0.9141,0.8835
07070001,Upper Wisconsin,"MI,WI",5645.7,-90.2125,45.3507,-88.9176,46.2165,1,05393500,3,1,0,1,15.65,0.0,100.0,1.0,0.1525,0.1342
07070002,Lake Dubay,WI,7043.3,-90.4003,44.5924,-88.8911,45.4755,3,05394500;05397500;05399500,7,3,5,3,58.6007,0.0,100.0,1.0,0.5855,0.5544
07070003,Castle Rock,WI,8415.8,-90.6107,43.4855,-89.1497,45.0958,2,05400650;05402000,16,6,10,6,94.6985,0.0,100.0,1.0,0.9482,0.9173
07070004,Baraboo,WI,1697.3,-90.4618,43.3783,-89.4404,43.8478,1,05404116,8,2,3,2,100.0,100.0,100.0,1.0,1.0,1.0
07070005,Lower Wisconsin,WI,6115.5,-91.1521,42.9506,-89.0439,43.6194,1,05406500,16,4,4,3,99.0072,0.0,100.0,1.0,0.9987,0.9685
07070006,Kickapoo,WI,1988.1,-91.0426,43.0768,-90.4176,43.9051,2,05407470;05408000,7,3,2,4,100.0,100.0,100.0,1.0,1.0,1.0
07080101,Copperas-Duck,"IA,IL",2568.4,-91.2051,41.1419,-89.8884,42.0872,3,05422470;05422560;05422600,15,18,19,7,97.5067,0.0,100.0,1.0,0.9924,0.9313
07080102,Upper Wapsipinicon,"IA,MN",4060.7,-92.7121,42.0691,-91.2489,43.5537,2,05420560;05420680,17,9,10,6,38.2419,0.0,100.0,1.0,0.3798,0.3395
07080103,Lower Wapsipinicon,IA,2541.6,-91.388,41.5873,-90.3048,42.1436,0,,6,3,3,2,97.8309,0.0,100.0,1.0,0.9786,0.9494
07080104,Flint-Henderson,"IA,IL,MO",6257.2,-91.6615,40.3166,-89.9621,41.3655,4,05466000;05467000;05468500;05469500,17,16,17,11,92.2196,0.0,100.0,1.0,0.9272,0.9056
07080105,South Skunk,IA,4775.1,-93.9597,41.1514,-92.0255,42.5192,3,05470000;05470500;05471200,9,8,9,4,96.5633,0.0,100.0,1.0,0.9662,0.9588
07080106,North Skunk,IA,2259.8,-93.259,41.249,-92.0179,42.025,0,,4,5,5,3,92.834,0.0,100.0,1.0,0.9287,0.9082
07080107,Skunk,IA,4231.1,-92.589,40.6975,-91.1152,41.446,2,05473450;05473500,14,5,6,4,78.7512,0.0,100.0,1.0,0.7889,0.7408
07080201,Upper Cedar,"IA,MN",4362.8,-93.371,42.6017,-92.2831,43.9508,1,05458000,15,9,9,6,36.1962,0.0,100.0,1.0,0.3618,0.3077
07080202,Shell Rock,"IA,MN",2798.1,-93.543,42.6322,-92.4797,43.7885,1,05459000,8,4,8,2,15.689,0.0,100.0,1.0,0.1551,0.1221
07080203,Winnebago,"IA,MN",1783.1,-93.7945,43.0388,-92.9411,43.6654,0,,7,1,0,1,6.2046,0.0,100.0,1.0,0.0588,0.0513
07080204,West Fork Cedar,IA,2229.9,-93.5372,42.5809,-92.483,43.113,0,,3,0,0,0,50.8481,0.0,100.0,1.0,0.5138,0.4523
07080205,Middle Cedar,IA,6259.5,-93.286,41.8668,-91.6108,42.6828,3,05463000;05463500;05464220,14,14,15,9,67.8978,0.0,100.0,1.0,0.674,0.6514
07080206,Lower Cedar,IA,2846.2,-91.6879,41.2835,-90.6995,42.212,1,05464942,16,7,8,5,98.1522,39.701,100.0,1.0,0.9676,0.966
07080207,Upper Iowa,IA,3770.7,-93.8713,42.0447,-92.9263,43.2665,3,05449000;05451080;05451210,5,2,2,1,80.5276,0.0,100.0,1.0,0.8099,0.7801
07080208,Middle Iowa,IA,4292.5,-93.2732,41.6712,-91.4316,42.2345,5,05451700;05451900;05452000;05452200;05453000,16,6,6,2,98.6888,0.0,100.0,1.0,0.9923,0.9473
07080209,Lower Iowa,IA,4366.2,-92.7417,41.0193,-91.012,41.7812,7,05454000;05454090;05454220;05454300;05455000;05455010;05455100,14,14,15,9,99.2001,0.0,100.0,1.0,0.9968,0.9564
07090001,Upper Rock,WI,4902.5,-89.3191,42.9255,-88.2151,43.7818,3,05423000;05424000;05425912,7,3,2,2,100.0,100.0,100.0,1.0,1.0,1.0
07090002,Middle Rock,"IL,WI",4743.5,-89.605,42.4576,-88.1827,43.3662,13,05426067;05426250;05427718;05427850;05427948;05429500;05430150;05431016;05431017;05431022;05431032;05431486;54310157,17,9,7,8,99.6245,0.0,100.0,1.0,0.9969,0.9709
07090003,Pecatonica,"IL,WI",4870.0,-90.4404,42.139,-89.0699,43.0285,5,05432500;05432695;05432927;05433000;05435000,24,9,10,6,93.8339,0.0,100.0,1.0,0.9419,0.9096
07090004,Sugar,"IL,WI",1969.8,-89.7767,42.4032,-89.1974,43.0813,2,05435935;05435943,17,2,1,3,100.0,100.0,100.0,1.0,1.0,1.0
07090005,Lower Rock,"IL,WI",5616.7,-90.7122,41.3085,-88.8082,42.536,1,05444000,21,14,50,10,99.9513,98.018,100.0,1.0,1.0,0.9672
07090006,Kishwaukee,"IL,WI",3250.2,-89.1421,41.7635,-88.3355,42.5677,4,05438250;05438283;05439000;05440500,15,7,12,8,100.0,100.0,100.0,1.0,1.0,1.0
07090007,Green,IL,2923.7,-90.3988,41.2279,-88.9203,41.8628,0,,7,0,1,1,99.9996,98.819,100.0,1.0,1.0,0.9997
07100001,Des Moines Headwaters,MN,3231.4,-96.1124,43.5855,-94.968,44.2608,0,,5,1,1,1,99.1564,0.0,100.0,1.0,0.9925,0.9798
07100002,Upper Des Moines,"IA,MN",2786.5,-95.0825,42.6522,-94.1823,43.6267,0,,4,0,0,0,13.489,0.0,100.0,1.0,0.1457,0.1
07100003,East Fork Des Moines,"IA,MN",3385.7,-94.9803,42.6768,-93.696,43.7335,0,,3,2,1,2,5.5638,0.0,100.0,1.0,0.0546,0.0535
07100004,Middle Des Moines,IA,4468.8,-94.9929,41.5788,-93.5834,43.0148,2,05480000;05481950,8,9,10,6,90.2396,0.0,100.0,1.0,0.9098,0.8632
07100005,Boone,IA,2352.8,-94.1496,42.2981,-93.636,43.1561,0,,6,6,5,3,66.6339,0.0,100.0,1.0,0.6696,0.6386
07100006,North Raccoon,IA,6399.3,-95.3141,41.4833,-93.6125,42.9366,3,05482170;05483000;05484800,10,6,6,4,80.4232,0.0,100.0,1.0,0.808,0.7761
07100007,South Raccoon,IA,2944.3,-95.0648,41.4675,-93.9657,42.2122,1,05483450,3,2,2,1,100.0,100.0,100.0,1.0,1.0,1.0
07100008,Lake Red Rock,IA,6326.2,-94.6959,40.9101,-92.9683,41.9042,4,05485605;05485640;05486000;05487980,10,7,6,6,99.7382,68.623,100.0,1.0,1.0,0.9906
07100009,Lower Des Moines,"IA,MO",5546.9,-93.3108,40.3663,-91.4141,41.4368,2,05488200;05489000,14,10,13,7,54.6088,0.0,100.0,1.0,0.5504,0.5117
07110001,Bear-Wyaconda,"IA,IL,MO",4470.6,-92.7464,39.8869,-90.9705,40.8204,2,05494300;05495500,15,6,8,6,0.7412,0.0,71.37,1.0,0.0106,0.0
07110002,North Fabius,"IA,MO",2371.9,-92.6839,39.8972,-91.5007,40.7202,0,,9,3,4,2,0.0,0.0,0.0,1.0,0.0,0.0
07110003,South Fabius,MO,1605.2,-92.5761,39.8191,-91.4542,40.4386,1,05498700,5,0,0,0,0.0,0.0,0.0,1.0,0.0,0.0
07110004,The Sny,"IL,MO",5146.5,-92.2696,38.9316,-90.6061,40.0644,5,05501000;05502000;05502040;05512500;05513000,13,7,13,7,68.5093,0.0,100.0,1.0,0.7026,0.6167
07110005,North Fork Salt,MO,2314.6,-92.6252,39.4844,-91.7809,40.4182,3,05502300;05503000;05503800,2,0,1,1,0.9968,0.0,100.0,1.0,0.0099,0.0099
07110006,South Fork Salt,MO,3143.6,-92.4972,39.0212,-91.7131,40.0258,7,05504800;05505000;05506000;05506100;05506350;05506500;05506800,10,2,6,3,38.2815,0.0,100.0,1.0,0.3832,0.3704
07110007,Salt,MO,2056.7,-91.8608,39.2123,-91.0638,39.6863,2,05507600;05508805,4,1,11,2,92.977,0.0,100.0,1.0,0.9187,0.9028
07110008,Cuivre,MO,3268.0,-91.7895,38.7919,-90.6754,39.348,0,,10,10,31,8,99.2726,0.0,100.0,1.0,0.9941,0.9709
07110009,Peruque-Piasa,"IL,MO",1731.1,-91.0795,38.6899,-89.9393,39.1396,4,05514712;05514840;05514860;05587480,8,1,9,2,85.6518,0.0,100.0,1.0,0.8861,0.7461
07120001,Kankakee,"IL,IN,MI",7845.1,-88.2963,40.9542,-85.8923,41.8048,4,05515000;05516500;05519500;05526500,22,4,3,4,100.0,99.833,100.0,1.0,1.0,0.9999
07120002,Iroquois,"IL,IN",5537.2,-88.2108,40.3987,-86.8752,41.1816,5,05521000;05522000;05522500;05523500;05524000,4,2,1,2,100.0,100.0,100.0,1.0,1.0,1.0
07120003,Chicago,"IL,IN",1590.2,-87.9227,41.3504,-87.3348,42.3508,16,05534500;05535000;05535070;05535500;05536000;05536105;05536118;05536195;05536215;05536235;05536255;05536270;05536275;05536290;05536340;05536500,28,28,101,19,100.0,100.0,100.0,1.0,1.0,1.0
07120004,Des Plaines,"IL,WI",3769.7,-88.2847,41.3503,-87.7255,42.7023,29,05527800;05527900;05527905;05527910;05527950;05528000;05528500;05529000;05529500;05530000;05530990;05531000;05531300;05531500;05532000;05533000;05533400;05537500;05539000;05539900;05540060;05540091;05540095;05540130;05540160;05540195;05540250;05540275;05540500,30,39,63,18,99.2322,0.0,100.0,1.0,0.9934,0.978
07120005,Upper Illinois,IL,2606.6,-88.8471,40.9347,-88.1337,41.6657,1,05541710,12,3,6,2,99.9969,99.833,100.0,1.0,1.0,0.98
07120006,Upper Fox,"IL,WI",3999.0,-88.6744,41.9913,-88.0385,43.205,6,05543830;05544200;05548280;05549000;05550300;05550500,26,3,8,3,100.0,100.0,100.0,1.0,1.0,1.0
07120007,Lower Fox,IL,2857.1,-89.0912,41.3431,-88.1867,42.0645,4,05551200;05551330;05551675;05551700,24,9,5,4,99.9999,99.853,100.0,1.0,1.0,0.9994
07130001,Lower Illinois-Senachwine Lake,IL,5075.8,-89.7062,40.6114,-88.6832,41.7063,8,05556500;05558500;05559000;05559500;05560500;05561000;05561500;05562000,15,16,17,12,99.9981,99.889,100.0,1.0,1.0,0.9796
07130002,Vermilion,IL,3452.7,-89.162,40.591,-88.0484,41.3187,0,,16,2,2,1,100.0,100.0,100.0,1.0,1.0,1.0
07130003,Lower Illinois-Lake Chautauqua,IL,4202.6,-90.6525,39.9405,-89.4643,40.9727,1,05563500,19,7,6,5,97.5033,0.0,100.0,1.0,0.9797,0.9119
07130004,Mackinaw,IL,2976.0,-89.8342,40.3601,-88.3516,40.8947,2,05564400;05566500,14,6,5,6,100.0,100.0,100.0,1.0,1.0,1.0
07130005,Spoon,IL,4831.6,-90.759,40.2912,-89.564,41.3257,3,05568800;05570360;05570370,21,12,10,7,100.0,100.0,100.0,1.0,1.0,1.0
07130006,Upper Sangamon,IL,3732.2,-89.5405,39.6117,-88.1426,40.5669,2,05570910;05571000,33,13,13,12,99.8334,0.0,100.0,1.0,0.999,0.9824
07130007,South Fork Sangamon,IL,3029.8,-90.0319,39.3067,-88.8742,39.8327,2,05574000;05574500,29,11,6,9,96.1447,0.0,100.0,1.0,0.9681,0.9031
07130008,Lower Sangamon,IL,2311.2,-90.4341,39.6755,-89.4125,40.2973,2,05577500;05582500,17,10,10,9,91.8825,0.0,100.0,1.0,0.9391,0.802
07130009,Salt,IL,4836.2,-89.8282,39.8615,-88.5055,40.5711,7,05578500;05579500;05579725;05580000;05580500;05580950;05581500,28,14,16,9,97.8015,0.0,100.0,1.0,0.9803,0.9494
07130010,La Moine,IL,3494.2,-91.2368,39.9433,-90.4377,40.6695,1,05584400,13,9,8,6,72.8755,0.0,100.0,1.0,0.7409,0.6678
07130011,Lower Illinois,IL,5886.6,-91.2085,38.8931,-89.8982,40.0533,2,05586000;05586500,25,14,16,10,91.8432,0.0,100.0,1.0,0.9237,0.8689
07130012,Macoupin,IL,2524.0,-90.6053,39.071,-89.575,39.5302,1,05586800,6,0,1,1,99.4362,0.0,100.0,1.0,0.9947,0.9768
07140101,Cahokia-Joachim,"IL,MO",4264.7,-90.6261,37.8611,-89.6547,39.2029,21,05587900;05588000;05588720;05589500;07001910;07001985;07005000;07010022;07010030;07010035;07010055;07010061;07010070;07010075;07010082;07010086;07010090;07010094;07010097;07010180;07010208,28,21,83,17,97.1727,0.0,100.0,1.0,0.9837,0.9384
07140102,Meramec,MO,5568.5,-91.7918,37.4958,-90.3029,38.6319,13,07010350;07011500;07014000;07017115;07019072;07019090;07019120;07019150;07019175;07019185;07019195;07019220;07019317,33,20,36,21,91.5474,0.0,100.0,1.0,0.9192,0.868
07140103,Bourbeuse,MO,2185.0,-91.7917,37.9636,-90.8475,38.4837,2,07015000;07015720,14,5,11,6,100.0,100.0,100.0,1.0,1.0,1.0
07140104,Big,MO,2512.6,-91.006,37.6406,-90.314,38.4799,2,07017200;07017500,10,3,10,4,100.0,100.0,100.0,1.0,1.0,1.0
07140105,Upper Mississippi-Cape Girardeau,"IL,KY,MO",4472.7,-90.3365,36.9492,-89.133,38.1885,2,05595500;07020550,23,4,5,5,92.5784,0.0,100.0,1.0,0.9449,0.86
07140106,Big Muddy,IL,6178.4,-89.6302,37.5301,-88.6279,38.4942,5,05595730;05595800;05595820;05597500;05599000,26,31,38,20,97.0072,0.0,100.0,1.0,0.9753,0.9089
07140107,Whitewater,MO,3088.6,-90.4261,37.0945,-89.4736,37.6999,0,,19,10,18,10,83.1779,0.0,100.0,1.0,0.846,0.7577
07140108,Cache,IL,947.2,-89.4226,37.083,-88.9232,37.473,1,05600000,4,0,0,0,90.3455,0.0,100.0,1.0,0.9139,0.8235
07140201,Upper Kaskaskia,IL,4062.8,-89.1609,39.1242,-88.1657,40.1864,6,05590800;05590950;05591500;05591550;05591700;05592050,25,13,10,10,98.5857,0.0,100.0,1.0,0.9868,0.9748
07140202,Middle Kaskaskia,IL,4449.6,-89.6154,38.3171,-88.5943,39.3685,6,05592300;05592575;05592800;05592900;05593520;05593575,26,9,28,11,98.1433,0.0,100.0,1.0,0.9845,0.9262
07140203,Shoal,IL,2373.9,-89.7123,38.4826,-89.2237,39.4084,2,05593600;05593900,6,5,6,5,99.7062,0.0,100.0,1.0,0.9984,0.9679
07140204,Lower Kaskaskia,IL,4160.8,-90.1976,37.9742,-89.435,39.0983,2,05594450;05595200,16,8,12,7,98.3592,0.0,100.0,1.0,0.9872,0.9364
08010100,Lower Mississippi-Memphis,"AR,IL,KY,MO,MS,TN",2842.2,-90.3268,34.9477,-88.9452,37.1218,0,,57,10,13,12,84.0232,0.0,100.0,1.0,0.8824,0.723
08010201,Bayou De Chien-Mayfield,"KY,TN",2513.8,-89.1924,36.4883,-88.4361,37.0092,1,07024000,34,33,35,15,99.3939,0.0,100.0,1.0,0.9953,0.9804
08010202,Obion,"KY,TN",3406.8,-89.6963,35.9077,-88.2895,36.6073,2,07025400;07026500,28,16,23,12,97.2144,0.0,100.0,1.0,0.976,0.9329
08010203,South Fork Obion,TN,2998.4,-89.0829,35.7847,-88.3043,36.3744,3,07024200;07024300;07024500,13,20,16,7,93.5576,0.0,100.0,1.0,0.9493,0.8557
08010204,North Fork Forked Deer,TN,2471.4,-89.464,35.6439,-88.4498,36.1511,3,07028500;07028960;07029000,11,17,16,7,80.8687,0.0,100.0,1.0,0.8307,0.7167
08010205,South Fork Forked Deer,TN,2748.1,-89.5226,35.2731,-88.4356,36.0126,0,,14,12,14,9,83.8642,0.0,100.0,1.0,0.858,0.741
08010206,Forked Deer,TN,184.4,-89.5966,35.88,-89.4298,36.08,0,,3,0,0,0,78.8745,0.0,100.0,1.0,0.803,0.7179
08010207,Upper Hatchie,"MS,TN",2968.1,-89.0269,34.5469,-88.3932,35.3251,1,07029270,14,12,12,9,98.4162,0.0,100.0,1.0,0.9881,0.9581
08010208,Lower Hatchie,"MS,TN",3791.3,-89.9132,34.9489,-88.7526,35.8151,0,,19,15,15,11,75.6287,0.0,100.0,1.0,0.7765,0.6534
08010209,Loosahatchie,TN,1921.5,-90.0641,35.136,-89.1416,35.5268,1,07030240,29,15,13,11,97.0222,0.0,100.0,1.0,0.9769,0.9002
08010210,Wolf,"MS,TN",2111.4,-90.0575,34.821,-88.9974,35.2399,2,07030392;07031692,31,23,25,16,99.1416,0.0,100.0,1.0,0.9952,0.9756
08010211,Horn Lake-Nonconnah,"MS,TN",723.2,-90.2646,34.9063,-89.5845,35.1257,1,07032200,35,14,16,12,97.805,0.0,100.0,1.0,0.9861,0.9095
08010300,Town of Madrid-Saint Johns Bayou,MO,1783.1,-89.6278,36.5547,-89.1142,37.1569,0,,5,0,2,1,92.9542,0.0,100.0,1.0,0.9347,0.8872
08020100,Lower Mississippi-Helena,"AR,MS",1536.5,-91.111,33.736,-90.2355,34.9544,0,,23,1,0,1,47.3319,0.0,100.0,1.0,0.5154,0.3708
08020202,Upper St. Francis,MO,3362.2,-90.7645,36.8943,-90.1939,37.8613,4,07035000;07035500;07037300;07037700,20,11,18,9,48.2519,0.0,100.0,1.0,0.485,0.4453
08020203,Lower St. Francis,"AR,MO",9269.9,-90.7815,34.6096,-89.764,37.1347,0,,37,29,35,20,93.7956,0.0,100.0,1.0,0.9383,0.8841
08020204,Little River Ditches,"AR,MO",6747.7,-90.4419,35.5272,-89.5193,37.2461,0,,24,12,12,9,89.2598,0.0,100.0,1.0,0.908,0.7906
08020205,L'Anguille,AR,2474.7,-91.1041,34.729,-90.6755,35.7972,0,,11,8,8,7,99.9913,94.458,100.0,1.0,1.0,0.9984
08020301,Lower White-Bayou Des Arc,AR,2941.9,-92.2545,34.6749,-91.287,35.3434,0,,16,12,12,9,99.0879,52.05,100.0,1.0,1.0,0.98
08020302,Cache,"AR,MO",5197.8,-91.4536,34.6986,-90.1817,36.6041,0,,30,5,3,5,90.4079,0.0,100.0,1.0,0.915,0.8634
08020303,Lower White,AR,3524.9,-91.7192,33.9314,-90.5834,34.8033,0,,12,5,5,3,65.7636,0.0,100.0,1.0,0.673,0.5915
08020304,Big,AR,2453.5,-91.2452,34.3179,-90.6,35.0976,0,,7,2,3,3,83.3577,0.0,100.0,1.0,0.8424,0.7825
08020401,Lower Arkansas,AR,1793.6,-92.1027,33.7782,-91.0526,34.765,0,,12,0,0,0,79.128,0.0,100.0,1.0,0.8115,0.6797
08020402,Bayou Meto,AR,2589.0,-92.3222,34.0481,-91.3433,35.0222,1,07264000,30,28,27,13,98.4284,0.0,100.0,1.0,0.989,0.8965
08030100,Lower Mississippi-Greenville,"AR,LA,MS",1555.2,-91.2627,32.3123,-90.8883,33.8159,0,,21,0,0,0,32.7136,0.0,100.0,1.0,0.3694,0.2366
08030201,Little Tallahatchie,MS,4269.5,-90.0421,34.2207,-88.834,34.8619,2,07266000;07271000,15,10,16,6,95.71,0.0,100.0,1.0,0.9625,0.9091
08030202,Tallahatchie,MS,2722.7,-90.5466,33.5258,-89.7782,34.5027,1,07280400,6,7,8,3,26.6883,0.0,100.0,1.0,0.2695,0.2258
08030203,Yocona,MS,1926.4,-90.1249,34.0377,-89.1267,34.4146,1,07274000,11,6,10,4,65.5711,0.0,100.0,1.0,0.6786,0.5627
08030204,Coldwater,"MS,TN",4820.1,-90.5736,34.1828,-89.3042,34.9998,1,07277700,15,23,23,14,98.2114,0.0,100.0,1.0,0.9861,0.9296
08030205,Yalobusha,MS,5917.7,-90.281,33.4302,-89.0075,34.239,4,07281960;07281977;07282000;07283000,20,16,22,14,44.3222,0.0,100.0,1.0,0.4512,0.3952
08030206,Upper Yazoo,MS,4330.4,-90.6818,32.5811,-89.8393,33.5603,3,07287150;07287160;07287400,15,9,10,7,77.6406,0.0,100.0,1.0,0.7748,0.7348
08030207,Big Sunflower,MS,8211.0,-91.1666,32.522,-90.2232,34.4127,1,728875070,20,16,23,11,24.4029,0.0,100.0,1.0,0.2492,0.2249
08030208,Lower Yazoo,"LA,MS",519.0,-90.9775,32.3337,-90.5624,32.7011,0,,10,3,3,3,96.4088,58.07,100.0,1.0,1.0,0.9137
08030209,Deer-Steele,"LA,MS",2121.5,-91.1545,32.4422,-90.8003,33.5826,0,,10,3,3,3,45.6098,0.0,100.0,1.0,0.4469,0.4293
08040101,Ouachita Headwaters,AR,4009.6,-94.3389,34.3436,-92.8241,34.8541,1,07356500,18,22,22,12,86.1603,0.0,100.0,1.0,0.8688,0.8075
08040102,Upper Ouachita,AR,4540.7,-93.9245,33.5603,-92.5113,34.5201,2,07359610;07359800,11,10,11,5,81.9932,0.0,100.0,1.0,0.8306,0.7455
08040103,Little Missouri,AR,5437.7,-94.0368,33.4695,-92.8941,34.4473,4,07360200;07360501;07361000;07361500,20,14,14,7,20.8054,0.0,100.0,1.0,0.2093,0.1603
08040201,Lower Ouachita-Smackover,AR,4672.2,-93.2417,33.1883,-92.2489,34.1423,2,07362100;07362500,19,16,15,9,25.1906,0.0,100.0,1.0,0.2559,0.2123
08040202,Lower Ouachita-Bayou De Loutre,"AR,LA",3401.4,-92.7176,32.5617,-91.851,33.3262,1,07364700,28,9,14,10,1.3369,0.0,72.843,1.0,0.0137,0.0
08040203,Upper Saline,AR,4443.5,-93.1107,33.8921,-92.156,34.8624,6,07362587;07362641;07362656;07362693;07363300;07363400,21,12,12,8,97.2957,0.0,100.0,1.0,0.9803,0.8882
08040204,Lower Saline,AR,3934.8,-92.3292,33.1627,-91.7499,34.207,0,,18,9,9,6,30.7796,0.0,100.0,1.0,0.3146,0.258
08040205,Bayou Bartholomew,"AR,LA",4311.3,-92.1924,32.7165,-91.4358,34.2902,1,07364300,23,32,31,18,26.9747,0.0,100.0,1.0,0.2698,0.2357
08040206,Bayou D'Arbonne,"AR,LA",4974.4,-93.1683,32.404,-92.1122,33.3267,2,07365800;07366200,22,5,7,5,73.7797,0.0,100.0,1.0,0.7443,0.6881
08040207,Lower Ouachita,LA,1908.8,-92.4277,31.631,-91.5648,32.7353,0,,14,18,17,10,2.1211,0.0,72.346,1.0,0.0005,0.0
08040301,Lower Red,LA,2350.5,-92.4448,30.9935,-91.5742,31.6317,0,,23,4,16,8,2.9123,0.0,70.542,1.0,0.0414,0.0
08040302,Castor,LA,2479.6,-92.6202,31.7504,-92.0006,32.4545,1,07370500,13,5,5,3,13.4631,0.0,100.0,1.0,0.1259,0.1096
08040303,Dugdemona,LA,2420.2,-92.9519,31.7789,-92.3567,32.5503,1,07371500,9,6,5,3,81.7751,0.0,100.0,1.0,0.8211,0.7835
08040304,Little,LA,2596.8,-92.6575,31.3506,-91.8094,31.9154,2,07372500;07373000,20,23,26,9,1.0299,0.0,45.596,1.0,0.0,0.0
08040305,Black,LA,191.4,-91.8721,31.2663,-91.7174,31.6451,0,,4,0,0,0,9.2999,0.0,69.886,1.0,0.028,0.0
08040306,Bayou Cocodrie,LA,1441.7,-91.8638,31.1588,-91.3995,31.762,0,,1,0,1,1,0.8373,0.0,61.07,1.0,0.0081,0.0
08050001,Boeuf,"AR,LA",7479.3,-92.1599,31.8517,-91.2549,34.1657,1,07368500,42,28,41,23,5.9503,0.0,100.0,1.0,0.056,0.0513
08050002,Bayou Macon,"AR,LA",2638.0,-91.6424,31.9109,-91.1028,34.0727,0,,19,4,6,5,4.3311,0.0,100.0,1.0,0.0315,0.0222
08050003,Tensas,LA,3597.7,-91.806,31.6125,-90.9222,32.9065,1,07369500,9,3,3,2,30.789,0.0,100.0,1.0,0.302,0.2699
08060100,Lower Mississippi-Natchez,"LA,MS",1792.7,-91.6619,30.9948,-90.7866,32.3705,0,,11,5,6,6,42.7209,0.0,100.0,1.0,0.4568,0.357
08060201,Upper Big Black,MS,3832.0,-90.0269,32.8238,-89.0523,33.6973,0,,24,8,11,5,88.7409,0.0,100.0,1.0,0.8913,0.842
08060202,Lower Big Black,MS,4934.2,-91.0586,32.0263,-89.7371,33.067,0,,28,17,24,11,99.7599,67.856,100.0,1.0,1.0,0.9699
08060203,Bayou Pierre,"LA,MS",2772.3,-91.1916,31.632,-90.3336,32.225,0,,26,7,9,5,100.0,100.0,100.0,1.0,1.0,1.0
08060204,Coles Creek,"LA,MS",950.1,-91.3765,31.5422,-90.8694,31.8536,0,,7,2,1,2,34.1265,0.0,100.0,1.0,0.3284,0.2853
08060205,Homochitto,MS,3091.1,-91.5036,31.2157,-90.4954,31.7758,1,07291000,16,7,8,4,43.4942,0.0,100.0,1.0,0.4367,0.3996
08060206,Buffalo,MS,959.9,-91.5996,31.0691,-91.0214,31.3248,1,07295000,7,4,4,3,0.1967,0.0,67.83,1.0,0.0022,0.0
08070100,Lower Mississippi-Baton Rouge,"LA,MS",601.4,-91.6843,29.9761,-90.4559,31.0124,0,,39,5,1,5,35.2213,0.0,100.0,1.0,0.4596,0.1276
08070201,Bayou Sara-Thompson,"LA,MS",1800.1,-91.6484,30.4467,-91.0787,31.1286,1,07373500,29,18,17,10,1.4574,0.0,100.0,1.0,0.0183,0.0065
08070202,Amite,"LA,MS",4879.6,-91.2342,30.1837,-90.5398,31.4413,3,07377500;07377782;07378000,43,72,77,26,68.659,0.0,100.0,1.0,0.696,0.6177
08070203,Tickfaw,"LA,MS",1880.4,-90.8593,30.3285,-90.4245,31.1607,4,07375800;07375960;07376000;07376500,9,4,4,3,100.0,100.0,100.0,1.0,1.0,1.0
08070204,Lake Maurepas,LA,1846.7,-91.0588,29.9895,-90.2792,30.541,0,,24,11,9,10,98.8682,0.0,100.0,0.9965,0.9977,0.9645
08070205,Tangipahoa,"LA,MS",2008.2,-90.6216,30.3294,-90.1743,31.3821,1,07375280,25,2,2,2,100.0,100.0,100.0,0.9995,1.0,1.0
08070300,Lower Grand,LA,2059.1,-91.6622,30.0082,-91.1172,30.7512,0,,3,8,8,2,3.2738,0.0,100.0,1.0,0.04,0.0171
08080101,Atchafalaya,LA,5163.6,-91.9513,29.2812,-91.1708,31.1525,0,,22,3,2,2,1.2519,0.0,60.86,0.8671,0.0199,0.0
08080102,Bayou Teche,LA,5730.7,-92.7442,29.5521,-91.3708,31.3949,3,07381800;07382000;07385700,26,23,52,19,42.8213,0.0,100.0,0.9972,0.433,0.3842
08080103,Vermilion,LA,5215.8,-92.2641,29.3508,-91.5254,30.5669,1,07386500,20,23,46,15,71.5366,0.0,100.0,0.6335,0.7186,0.6782
08080201,Mermentau Headwaters,LA,3606.5,-92.8126,30.1461,-92.0757,30.8825,1,08010000,17,16,30,12,100.0,100.0,100.0,1.0,1.0,1.0
08080202,Mermentau,LA,6662.4,-93.1994,29.4818,-92.1321,30.4383,0,,37,4,8,4,99.6258,0.0,100.0,0.9136,0.9977,0.9713
08080203,Upper Calcasieu,LA,3912.4,-93.3113,30.1576,-92.5983,31.4474,0,,43,11,36,15,92.3065,0.0,100.0,1.0,0.9219,0.8926
08080204,Whisky Chitto,LA,2282.1,-93.3373,30.5092,-92.7738,31.1455,2,08014800;08015000,16,8,16,5,100.0,100.0,100.0,1.0,1.0,1.0
08080205,West Fork Calcasieu,LA,1947.1,-93.6728,30.2582,-93.156,30.8683,2,08016400;08016800,25,8,30,11,99.9965,96.353,100.0,1.0,1.0,0.9989
08080206,Lower Calcasieu,LA,3286.3,-93.838,29.5983,-93.001,30.3043,0,,24,22,52,19,98.9641,0.0,100.0,0.861,0.9921,0.9456
08090100,Lower Mississippi-New Orleans,LA,2219.1,-90.4586,28.8544,-88.9082,30.0039,0,,36,6,7,8,36.9813,0.0,100.0,0.3448,0.4028,0.25
08090201,Liberty Bayou-Tchefuncta,LA,1800.4,-90.3528,30.167,-89.69,30.9118,1,07375000,25,68,70,20,95.9196,0.0,100.0,0.9858,0.9628,0.9341
08090202,Lake Pontchartrain,LA,1656.9,-90.4328,30.0185,-89.6231,30.3884,0,,22,1,0,1,86.2795,0.0,100.0,0.029,0.8889,0.6667
08090203,Eastern Louisiana Coastal,"LA,MS",8564.8,-90.4536,29.2911,-88.759,30.1836,0,,61,189,191,57,98.3006,0.0,100.0,0.316,0.9925,0.9545
08090301,East Central Louisiana Coastal,LA,6993.6,-91.0561,29.0293,-89.3527,30.1317,0,,65,36,35,20,96.9355,0.0,100.0,0.7417,0.9728,0.9566
08090302,West Central Louisiana Coastal,LA,8001.5,-91.3931,28.9944,-90.2091,30.2039,0,,20,9,9,5,44.4336,0.0,100.0,0.712,0.4522,0.4151
09010002,Des Lacs,"CN,ND",2739.0,-102.657,48.1788,-101.4189,49.0459,0,,0,0,0,0,0.0,0.0,0.0,0.9997,0.0,0.0
09010003,Lower Souris,"CN,ND",13002.0,-102.2884,47.7017,-100.1798,49.9622,1,05120200,1,0,0,0,19.3241,0.0,100.0,0.4715,0.1949,0.1756
09010004,Willow,"CN,ND",4649.5,-100.5427,48.1875,-99.5763,49.0824,0,,1,0,0,0,0.0,0.0,0.0,0.9828,0.0,0.0
09010005,Deep,"CN,ND",4353.7,-101.9637,48.1218,-100.6127,49.1281,1,05123600,0,0,0,0,0.0,0.0,0.0,0.9961,0.0,0.0
09010006,Long Creek,"CN,ND",4490.0,-104.7931,48.6436,-102.8913,49.6673,0,,0,0,0,0,0.0,0.0,0.0,0.9928,0.0,0.0
09010007,Headwaters Souris River,"CN,ND",8048.6,-104.5108,48.6742,-102.4531,50.1679,0,,0,0,0,0,0.0,0.0,0.0,0.8378,0.0,0.0
09010008,Moose Mountain Creek-Souris River,"CN,ND",8762.5,-103.5914,47.8445,-100.8991,49.9794,0,,0,0,0,0,4.175,0.0,100.0,0.9406,0.0429,0.0314
09010009,Upper Moose Mountain Creek,CN,4073.1,-104.1758,49.5339,-102.3396,50.5524,0,,0,0,0,0,0.0,0.0,0.0,0.7221,0.0,0.0
09020101,Bois De Sioux,"MN,ND,SD",2875.1,-97.1622,45.5943,-96.0549,46.264,0,,3,0,0,0,14.1313,0.0,100.0,1.0,0.1382,0.122
09020102,Mustinka,MN,2227.6,-96.6161,45.4762,-95.8778,46.2173,0,,2,0,0,0,0.0,0.0,0.0,1.0,0.0,0.0
09020103,Otter Tail,MN,4983.4,-96.5989,46.1583,-95.3331,47.2435,1,05030000,3,1,1,1,26.4106,0.0,100.0,1.0,0.2635,0.2323
09020104,Upper Red,"MN,ND",1695.7,-96.9395,46.2637,-96.1915,47.0878,0,,5,8,8,5,60.5598,0.0,100.0,1.0,0.5955,0.5633
09020105,Western Wild Rice,"ND,SD",5793.1,-98.0652,45.776,-96.6057,46.7667,1,05052500,7,0,0,0,69.3736,0.0,100.0,1.0,0.6978,0.663
09020106,Buffalo,"MN,ND",2888.4,-96.817,46.4564,-95.6216,47.0898,1,05061000,2,0,0,0,93.8395,0.0,100.0,1.0,0.9423,0.8999
09020107,Elm-Marsh,"MN,ND",2838.5,-97.6036,47.0355,-96.1911,47.5205,0,,6,1,0,1,99.499,60.932,100.0,1.0,1.0,0.9752
09020108,Eastern Wild Rice,MN,4235.2,-96.8414,46.9427,-95.2422,47.5169,1,05063398,4,1,1,1,94.3455,0.0,100.0,1.0,0.9474,0.9244
09020109,Goose,ND,3276.6,-98.1881,47.1745,-96.856,48.0275,1,05064900,7,1,0,1,99.7331,0.0,100.0,1.0,0.9982,0.9844
09020201,Devils Lake,ND,9945.3,-99.8034,47.7961,-98.0793,48.9682,0,,4,1,1,1,42.1805,0.0,100.0,0.9998,0.4223,0.4124
09020202,Upper Sheyenne,ND,4877.6,-100.599,47.4081,-98.9047,48.2651,0,,4,1,1,1,40.7699,0.0,100.0,1.0,0.4123,0.3872
09020203,Middle Sheyenne,ND,5228.8,-99.126,47.0201,-97.8713,47.9361,0,,3,0,0,0,88.1,0.0,100.0,1.0,0.8947,0.8185
09020204,Lower Sheyenne,ND,4462.6,-98.5316,46.2328,-96.8243,47.2881,1,05060500,6,2,2,2,96.4341,0.0,100.0,1.0,0.9748,0.9145
09020205,Maple,ND,4088.9,-97.9634,46.4775,-96.919,47.4579,1,05059600,4,0,0,0,99.996,80.946,100.0,1.0,1.0,0.9998
09020301,Sandhill-Wilson,"MN,ND",3049.8,-97.5553,47.4098,-95.6717,47.9723,0,,7,4,9,3,99.6104,70.316,100.0,1.0,1.0,0.9863
09020302,Red Lakes,MN,5026.8,-95.3289,47.6455,-94.0486,48.3376,0,,8,0,0,0,0.0,0.0,0.0,0.7735,0.0,0.0
09020303,Red Lake,MN,3468.0,-97.0212,47.599,-95.2478,48.2049,0,,7,3,2,3,72.4922,0.0,100.0,1.0,0.7268,0.7086
09020304,Thief,MN,2715.1,-96.2461,48.108,-95.2231,48.5698,0,,5,1,1,1,15.8413,0.0,100.0,1.0,0.1579,0.1506
09020305,Clearwater,MN,3518.0,-96.2877,47.4349,-95.0416,48.0203,1,05078230,7,3,1,2,69.7542,0.0,100.0,0.9995,0.7026,0.6648
09020306,Grand Marais-Red,"MN,ND",1644.1,-97.2241,47.8181,-96.3683,48.4819,0,,9,0,0,0,99.2406,70.417,100.0,1.0,1.0,0.9719
09020307,Turtle,ND,1769.6,-98.0628,47.8021,-97.0704,48.3251,1,05082625,4,3,2,1,100.0,100.0,100.0,0.9995,1.0,1.0
09020308,Forest,ND,2425.2,-98.3035,47.9982,-97.1437,48.5883,1,05083600,4,0,0,0,99.9726,72.994,100.0,1.0,1.0,0.999
09020309,Snake,MN,2015.8,-97.1309,48.1255,-96.0003,48.5292,2,05085450;05087500,5,1,1,1,93.645,0.0,100.0,1.0,0.943,0.8981
09020310,Park,ND,2472.2,-98.354,48.3591,-97.1314,48.7589,2,05089000;05089500,2,0,0,0,90.5605,0.0,100.0,1.0,0.9196,0.8196
09020311,Middle Red,"CN,MN,ND",6377.6,-98.3901,48.3177,-95.9607,49.8854,0,,4,1,1,1,52.6429,0.0,100.0,0.5135,0.5375,0.4611
09020312,Two Rivers,"CN,MN",2822.4,-97.1587,48.5085,-95.8206,49.0239,0,,2,0,0,0,0.0229,0.0,15.385,1.0,0.0,0.0
09020314,Roseau,"CN,MN",5346.6,-97.2797,48.483,-95.1518,49.2442,0,,5,0,0,0,0.0,0.0,0.0,0.7401,0.0,0.0
09020315,Upper Pembina River,"CN,ND",3568.8,-100.1499,48.7542,-98.9413,49.4767,1,05098700,1,0,0,0,0.0,0.0,0.0,0.9031,0.0,0.0
09020316,Lower Pembina River,"CN,ND",6571.9,-99.4034,48.5795,-97.2365,49.4548,4,05098800;05099400;05100500;05101000,2,1,1,1,1.6322,0.0,100.0,0.9965,0.0147,0.0111
09020317,Morris River,CN,4064.1,-98.8999,49.1952,-97.3554,49.7317,0,,0,0,0,0,0.0,0.0,0.0,0.0024,0.0,0.0
09020318,Rat River-Tourond Creek,CN,3229.1,-97.2701,49.1342,-95.932,49.7023,0,,0,0,0,0,0.0,0.0,0.0,0.0015,0.0,0.0
09020319,La Salle River,CN,2415.1,-98.4717,49.532,-97.1361,49.999,0,,0,0,0,0,,,,0.0,,
09030001,Rainy Headwaters,"CN,MN",16347.0,-93.1741,47.4398,-90.0607,48.7805,1,05124480,9,5,5,2,46.1623,0.0,100.0,0.4698,0.4597,0.4333
09030002,Vermilion,MN,2678.4,-93.0304,47.4774,-92.0267,48.3504,0,,7,6,6,1,60.2643,0.0,100.0,1.0,0.6035,0.577
09030003,Rainy Lake,"CN,MN",12749.5,-93.9852,48.2243,-89.8593,49.526,0,,7,0,0,0,0.9969,0.0,27.068,0.0954,0.0,0.0
09030005,Little Fork,MN,4854.3,-93.6783,47.462,-92.3678,48.527,2,05130500;05131000,8,12,12,1,53.754,0.0,100.0,1.0,0.5426,0.5204
09030006,Big Fork,"CN,MN",5325.5,-94.358,47.4352,-93.2427,48.5175,0,,3,2,2,1,7.2304,0.0,100.0,0.9998,0.0689,0.0579
09030007,Rapid,MN,2444.5,-95.2763,48.2529,-94.1449,48.6965,0,,3,0,0,0,0.0,0.0,0.0,1.0,0.0,0.0
09030008,Lower Rainy,"CN,MN",3975.7,-95.0824,48.2756,-93.3322,48.9283,0,,0,0,0,0,0.3146,0.0,52.714,0.5375,0.0004,0.0
09030009,Lake of the Woods,"CN,MN",13740.2,-95.6145,48.5707,-93.0572,49.851,1,05139500,0,0,0,0,0.0,0.0,0.0,0.1308,0.0,0.0
09030010,Big Turtle River-Rainy Lake,CN,6446.4,-93.1939,48.6861,-91.2618,49.463,0,,0,0,0,0,,,,0.0,,
09030011,Shoal Lake,CN,1027.9,-95.4118,49.3888,-94.6666,49.7622,0,,0,0,0,0,,,,0.0,,
09040001,St. Marys,"CN,MT",3816.6,-113.7737,48.5728,-112.6841,49.6267,4,05014000;05014300;05014500;05017500,0,0,0,0,1.9529,0.0,100.0,0.339,0.0171,0.0108
09040002,Belly,"CN,MT",4897.7,-114.1667,48.8175,-112.4652,50.0009,0,,0,0,0,0,0.0,0.0,0.0,0.0988,0.0,0.0
09040003,Upper Oldman River,CN,4853.9,-114.7533,49.1542,-113.7667,50.2491,0,,0,0,0,0,0.0,0.0,0.0,0.0035,0.0,0.0
09040004,Oldman River-Willow Creek,CN,4036.4,-114.4796,49.4045,-113.1122,50.3072,0,,0,0,0,0,,,,0.0,,
10020001,Red Rock,"ID,MT",5994.7,-113.5767,44.3581,-111.4635,45.191,2,06006000;06013500,0,0,0,0,36.8933,0.0,100.0,0.9999,0.3734,0.2774
10020002,Beaverhead,MT,3889.4,-113.2529,44.7338,-112.0932,45.5731,0,,0,0,0,0,5.8031,0.0,100.0,1.0,0.0536,0.0414
10020003,Ruby,MT,2501.4,-112.4648,44.7853,-111.8118,45.5954,0,,0,0,0,0,3.7147,0.0,100.0,1.0,0.033,0.0189
10020004,Big Hole,"ID,MT",7228.3,-113.9382,45.148,-112.3376,46.065,1,06026000,2,0,0,0,6.3073,0.0,100.0,1.0,0.0631,0.0465
10020005,Jefferson,MT,3366.6,-112.512,45.5199,-111.5054,46.1625,1,06035000,5,1,0,1,0.2573,0.0,20.552,1.0,0.0,0.0
10020006,Boulder,MT,1965.9,-112.5979,45.8548,-111.7777,46.4245,1,06033000,1,0,0,0,4.0516,0.0,100.0,1.0,0.0384,0.0253
10020007,Madison,"ID,MT,WY",6619.0,-111.9758,44.3393,-110.5276,45.927,3,06036805;06036905;06037100,2,0,0,0,2.4579,0.0,100.0,0.9997,0.0222,0.0149
10020008,Gallatin,"MT,WY",4784.8,-111.5309,44.8501,-110.738,46.0709,3,06048500;06048700;06050000,2,1,1,1,15.2856,0.0,100.0,1.0,0.149,0.1045
10030101,Upper Missouri,MT,8676.8,-112.5367,45.9265,-110.5321,47.0987,2,06061500;06062500,7,6,5,3,41.5805,0.0,100.0,1.0,0.4235,0.3374
10030102,Upper Missouri-Dearborn,MT,6737.0,-112.8304,46.9651,-110.2543,47.9419,1,06073500,6,3,3,3,98.3094,0.0,100.0,1.0,0.9787,0.9639
10030103,Smith,MT,5197.5,-111.7683,46.3153,-110.5861,47.4135,0,,3,1,1,1,84.9207,0.0,100.0,1.0,0.8562,0.7911
10030104,Sun,MT,4862.8,-113.1659,47.2844,-111.2887,47.9552,4,06078500;06079000;06088300;06088500,6,0,1,1,97.9779,0.0,100.0,1.0,0.9864,0.9075
10030105,Belt,MT,2068.9,-111.105,46.8361,-110.5632,47.6001,1,06090500,3,0,0,0,100.0,100.0,100.0,1.0,1.0,1.0
10030201,Two Medicine,MT,3334.1,-113.4809,48.0006,-112.1882,48.5536,4,06091700;06092000;06092500;06093200,1,0,0,0,67.2824,0.0,100.0,1.0,0.681,0.5639
10030202,Cut Bank,MT,3110.2,-113.5168,48.4684,-112.138,48.9972,1,06098500,0,0,0,0,2.9022,0.0,100.0,1.0,0.0277,0.0182
10030203,Marias,"CN,MT",9553.2,-112.6825,47.8657,-110.4373,49.001,0,,1,0,0,0,74.6817,0.0,100.0,0.9999,0.7458,0.7181
10030204,Willow,MT,2573.1,-111.8809,48.3557,-111.1211,48.9567,0,,0,0,0,0,33.6042,0.0,100.0,1.0,0.3306,0.3038
10030205,Teton,MT,5307.7,-112.9091,47.5857,-110.5044,48.0983,1,06102500,1,1,1,1,99.8598,0.0,100.0,1.0,0.9983,0.9639
10040101,Bullwhacker-Dog,MT,5009.3,-110.5061,47.2757,-109.0034,48.1973,0,,2,0,0,0,29.5531,0.0,100.0,1.0,0.2842,0.2396
10040102,Arrow,MT,3295.5,-110.6447,47.0543,-109.7735,47.8099,0,,1,0,0,0,86.6538,0.0,100.0,1.0,0.8752,0.8203
10040103,Judith,MT,7162.8,-110.6873,46.6721,-109.2143,47.735,2,06109800;06110000,1,2,2,1,64.9302,0.0,100.0,1.0,0.6608,0.5617
10040104,Fort Peck Reservoir,MT,13623.9,-109.4975,46.9845,-105.8418,48.2355,1,06131200,6,0,0,0,69.5149,0.0,100.0,1.0,0.6881,0.6645
10040105,Big Dry,MT,4012.2,-107.4976,46.9407,-106.2408,47.6258,0,,1,1,1,1,99.9502,67.458,100.0,1.0,1.0,0.9969
10040106,Little Dry,MT,3167.6,-107.1296,46.7734,-105.8282,47.3485,0,,2,0,0,0,70.8723,0.0,100.0,1.0,0.7139,0.6492
10040201,Upper Musselshell,MT,10400.3,-110.7836,45.9635,-108.3285,46.7866,2,06115500;06118500,7,2,2,1,68.5761,0.0,100.0,1.0,0.6942,0.6219
10040202,Middle Musselshell,MT,4984.3,-109.1475,46.2628,-107.4364,46.9473,0,,7,4,4,3,80.7582,0.0,100.0,0.9998,0.8173,0.7353
10040203,Flatwillow,MT,1760.8,-109.3565,46.725,-107.93,47.0167,0,,3,0,0,0,63.0832,0.0,100.0,1.0,0.6376,0.5252
10040204,Box Elder,MT,3036.8,-109.2685,46.8801,-108.0401,47.3815,0,,2,0,0,0,19.8962,0.0,100.0,1.0,0.1923,0.1343
10040205,Lower Musselshell,MT,4376.0,-108.9551,46.8822,-107.4,47.5494,0,,3,0,0,0,26.6984,0.0,100.0,1.0,0.2625,0.2356
10050001,Milk Headwaters,"CN,MT",2498.2,-113.4187,48.6189,-112.2734,49.2914,2,06132200;06133500,0,0,0,0,0.1378,0.0,100.0,0.9945,0.0007,0.0003
10050002,Upper Milk,"CN,MT",5877.4,-112.3891,48.5555,-109.8687,49.3596,0,,0,0,0,0,0.452,0.0,100.0,0.9733,0.0036,0.0021
10050003,Wild Horse Lake,"CN,MT",1241.3,-110.5674,48.8785,-109.8489,49.4457,0,,0,0,0,0,0.0,0.0,0.0,0.9844,0.0,0.0
10050004,Middle Milk,MT,9096.8,-110.0861,48.0734,-107.0602,48.953,1,06142400,4,1,0,1,36.361,0.0,100.0,1.0,0.3619,0.3519
10050005,Big Sandy,MT,2091.2,-110.6294,48.0771,-109.6718,48.5696,2,06137400;06137570,0,0,0,0,23.7533,0.0,100.0,1.0,0.2372,0.1779
10050006,Sage,"CN,MT",2578.6,-111.141,48.3456,-109.9942,49.0222,0,,0,0,0,0,0.1381,0.0,100.0,1.0,0.0009,0.0009
10050007,Lodge,"CN,MT",2809.1,-110.4855,48.5693,-109.1581,49.6359,0,,1,0,0,0,0.0007,0.0,2.4541,0.9963,0.0,0.0
10050008,Battle,"CN,MT",4449.8,-110.2579,48.5759,-108.8645,49.68,0,,1,0,0,0,0.0,0.0,0.0,0.9928,0.0,0.0
10050009,Peoples,MT,1839.9,-109.4488,47.9154,-108.1799,48.4296,2,06154400;06154410,1,0,0,0,36.345,0.0,100.0,1.0,0.3628,0.3223
10050010,Cottonwood,"CN,MT",2454.9,-108.9648,48.5074,-107.7558,49.0952,0,,1,0,0,0,51.7306,0.0,100.0,1.0,0.5156,0.4824
10050011,Whitewater,"CN,MT",4642.4,-109.2276,48.539,-107.3654,49.373,0,,1,0,0,0,39.0689,0.0,100.0,0.9981,0.3867,0.3756
10050012,Lower Milk,MT,3897.6,-107.2673,47.8016,-106.1292,48.6852,0,,3,2,3,2,96.9356,0.0,100.0,1.0,0.9694,0.9314
10050013,Frenchman,"CN,MT",6227.1,-109.7474,48.5168,-107.1365,49.739,0,,3,0,0,0,65.72,0.0,100.0,0.4584,0.6549,0.6291
10050014,Beaver,MT,4714.5,-108.5542,47.8137,-107.0869,48.5359,0,,4,2,1,1,99.9229,0.0,100.0,1.0,0.9996,0.9872
10050015,Rock,"CN,MT",3544.8,-107.234,48.4126,-106.4786,49.2862,0,,3,0,0,0,98.9162,0.0,100.0,0.9874,0.9932,0.9626
10050016,Porcupine,MT,1879.7,-106.6803,48.1173,-106.0971,48.8662,0,,3,1,1,1,87.785,0.0,100.0,1.0,0.8909,0.8027
10060001,Prairie Elk-Wolf,MT,5244.2,-106.6051,47.5681,-105.2082,48.636,0,,4,2,5,1,97.8917,0.0,100.0,1.0,0.9747,0.9473
10060002,Redwater,MT,5477.9,-105.9905,47.0301,-104.7551,48.0649,0,,1,0,0,0,91.708,0.0,100.0,1.0,0.9229,0.8637
10060003,Poplar,"CN,MT",6011.9,-106.3815,48.0773,-104.9055,49.4046,0,,4,1,1,1,92.955,0.0,100.0,0.9974,0.9325,0.8992
10060004,West Fork Poplar,"CN,MT",2655.0,-106.5373,48.4523,-105.358,49.2713,0,,4,0,0,0,99.4347,0.0,100.0,0.9982,0.9969,0.9463
10060005,Charlie-Little Muddy,"MT,ND",3256.5,-105.2148,47.8011,-103.9128,48.3717,0,,3,0,0,0,19.8809,0.0,100.0,1.0,0.2023,0.1627
10060006,Big Muddy,"CN,MT,ND",8905.6,-105.3009,48.1257,-103.8025,49.4522,3,06183750;06183800;06183850,3,0,0,0,19.9325,0.0,100.0,1.0,0.2003,0.1815
10060007,Brush Lake Closed Basin,"CN,MT,ND",2724.5,-104.4596,48.5156,-103.578,49.2787,0,,1,0,0,0,0.0,0.0,0.0,1.0,0.0,0.0
10070001,Yellowstone Headwaters,"MT,WY",6715.2,-110.9089,43.9457,-109.7225,45.2556,4,06187915;06187950;06190540;06191000,3,0,0,0,7.9928,0.0,100.0,0.9503,0.0807,0.0612
10070002,Upper Yellowstone,"MT,WY",7677.9,-111.1212,44.9811,-109.4913,46.2026,2,06197500;06200500,3,1,1,1,21.0518,0.0,100.0,1.0,0.2134,0.1574
10070003,Shields,MT,2212.0,-110.9984,45.7155,-110.2852,46.2724,0,,2,0,0,0,3.3351,0.0,100.0,1.0,0.0299,0.0214
10070004,Upper Yellowstone-Lake Basin,MT,4068.1,-109.7445,45.4965,-108.3813,46.0903,0,,7,8,10,6,79.0689,0.0,100.0,0.9996,0.7929,0.7373
10070005,Stillwater,MT,2763.2,-110.1562,45.0448,-109.153,45.6402,2,06204050;06204070,5,4,2,3,34.8501,0.0,100.0,1.0,0.3446,0.2647
10070006,Clarks Fork Yellowstone,"MT,WY",7233.0,-109.9597,44.5798,-108.6018,45.6499,5,06206500;06209500;06211000;06211500;06212500,5,2,2,2,53.0508,0.0,100.0,1.0,0.5388,0.4551
10070007,Upper Yellowstone-Pompeys Pillar,MT,5201.8,-109.0201,45.5987,-107.4752,46.397,0,,7,0,0,0,98.8006,0.0,100.0,1.0,0.9811,0.9702
10070008,Pryor,MT,1581.7,-108.6855,45.2241,-108.1359,45.8903,1,06216000,3,0,0,0,99.4711,0.0,100.0,1.0,0.9972,0.9407
10080001,Upper Wind,WY,6602.8,-110.0841,42.8114,-108.1088,43.961,5,06218500;06221400;06222700;06224000;06225000,2,0,0,0,57.8492,0.0,100.0,1.0,0.5981,0.4636
10080002,Little Wind,WY,2888.7,-109.375,42.4658,-108.1151,43.1969,1,06228350,2,0,0,0,90.8195,0.0,100.0,1.0,0.9363,0.8026
10080003,Popo Agie,WY,2080.9,-109.2374,42.5315,-108.4312,42.9596,1,06233000,2,0,0,0,91.3717,0.0,100.0,1.0,0.9406,0.8009
10080004,Muskrat,WY,1904.6,-108.1932,42.6657,-107.5484,43.201,0,,2,0,0,0,85.1506,0.0,100.0,1.0,0.8613,0.7906
10080005,Lower Wind,WY,4419.1,-109.1909,42.7729,-107.2064,43.6645,3,06244500;06257500;06258000,5,1,0,1,92.5543,0.0,100.0,1.0,0.9383,0.8561
10080006,Badwater,WY,2216.3,-108.1773,43.1228,-107.1831,43.5879,0,,5,1,0,1,79.2995,0.0,100.0,1.0,0.8155,0.6805
10080007,Upper Bighorn,WY,8994.0,-109.2636,43.4376,-107.5531,44.4705,5,06260000;06260400;06265337;06265800;06267400,5,0,0,0,44.826,0.0,100.0,1.0,0.4565,0.3784
10080008,Nowood,WY,5209.0,-107.9805,43.4292,-107.0551,44.4673,2,06271000;06273000,8,1,1,1,46.8936,0.0,100.0,1.0,0.4788,0.3796
10080009,Greybull,WY,2977.9,-109.5516,43.7716,-108.0491,44.4791,2,06274500;06275000,2,0,0,0,41.5825,0.0,100.0,1.0,0.4166,0.3152
10080010,Big Horn Lake,"MT,WY",4675.3,-108.4913,44.3732,-107.2749,45.3156,2,06278300;06278500,3,1,0,1,44.2358,0.0,100.0,1.0,0.4652,0.3328
10080011,Dry,WY,1120.6,-109.0775,44.2523,-108.0565,44.6236,0,,2,0,0,0,33.351,0.0,100.0,1.0,0.3355,0.2462
10080012,North Fork Shoshone,WY,2337.6,-110.1725,44.2282,-109.1139,44.6719,0,,1,1,0,1,39.7447,0.0,100.0,1.0,0.4122,0.3163
10080013,South Fork Shoshone,WY,1558.4,-109.8742,43.8011,-109.2141,44.4541,1,06280300,1,0,0,0,68.8627,0.0,100.0,1.0,0.7218,0.5313
10080014,Shoshone,"MT,WY",3823.7,-109.3062,44.2621,-108.178,45.3224,3,06284500;06284800;06285400,4,0,0,0,46.3559,0.0,100.0,1.0,0.4745,0.4023
10080015,Lower Bighorn,MT,5081.9,-108.3283,45.0339,-107.0135,46.1542,0,,3,1,1,1,92.8672,0.0,100.0,1.0,0.9434,0.8866
10080016,Little Bighorn,"MT,WY",3359.4,-107.9115,44.7656,-107.1161,45.7481,5,06289000;06289600;06289820;06290000;06291500,1,0,0,0,80.2791,0.0,100.0,1.0,0.8078,0.7446
10090101,Upper Tongue,"MT,WY",6566.0,-107.7587,44.4383,-106.1811,45.4266,10,06297000;06298000;06298500;06299500;06300500;06301480;06302000;06303500;06306200;06306250,5,0,0,0,18.9414,0.0,100.0,1.0,0.1853,0.1431
10090102,Lower Tongue,MT,7438.6,-106.8007,45.0082,-105.4112,46.4096,0,,4,0,0,0,0.165,0.0,19.647,1.0,0.0,0.0
10090201,Middle Fork Powder,WY,2572.8,-107.2669,43.3381,-106.5083,44.1569,4,06309200;06311000;06311400;06311500,5,2,1,2,54.9052,0.0,100.0,1.0,0.5664,0.4592
10090202,Upper Powder,WY,6463.8,-106.6361,43.4605,-105.6329,44.8834,1,06317020,2,0,0,0,0.6735,0.0,54.763,1.0,0.0032,0.0
10090203,South Fork Powder,WY,3151.3,-107.4919,42.7663,-106.4495,43.6844,0,,5,0,0,0,57.868,0.0,100.0,1.0,0.593,0.5092
10090204,Salt,WY,2089.3,-106.6181,43.0919,-105.9774,43.6914,0,,5,1,1,1,0.0,0.0,0.0,1.0,0.0,0.0
10090205,Crazy Woman,WY,2473.7,-107.0818,43.8805,-106.1288,44.5743,2,06314500;06315500,2,0,0,0,12.6408,0.0,100.0,1.0,0.1304,0.0861
10090206,Clear,WY,2989.1,-107.2043,44.1975,-106.0626,44.9728,7,06318500;06320000;06320500;06321000;06321500;06323000;06323500,2,0,0,0,17.4498,0.0,100.0,1.0,0.1711,0.1265
10090207,Middle Powder,"MT,WY",2751.3,-106.1915,44.7044,-105.3427,45.5044,0,,2,1,1,1,0.4749,0.0,18.938,1.0,0.0,0.0
10090208,Little Powder,"MT,WY",5256.2,-105.8046,44.2798,-104.8983,45.4821,0,,2,1,1,1,0.0027,0.0,16.61,1.0,0.0,0.0
10090209,Lower Powder,MT,4861.6,-105.5022,45.279,-104.6502,46.7422,0,,3,0,0,0,0.3235,0.0,46.286,1.0,0.0,0.0
10090210,Mizpah,MT,2081.6,-105.803,45.4024,-105.1525,46.2723,0,,3,0,0,0,0.0,0.0,0.0,1.0,0.0,0.0
10100001,Lower Yellowstone-Sunday,MT,12447.1,-107.9096,45.6368,-105.3622,46.9225,0,,7,1,1,1,25.8076,0.0,100.0,1.0,0.2632,0.2283
10100002,Big Porcupine,MT,2260.3,-107.5486,46.2856,-106.7814,46.9949,0,,1,0,0,0,11.3635,0.0,100.0,1.0,0.107,0.077
10100003,Rosebud,MT,3387.7,-107.1923,45.1569,-106.2349,46.2743,1,06295113,1,0,0,0,28.9294,0.0,100.0,1.0,0.2909,0.2353
10100004,Lower Yellowstone,"MT,ND",13795.0,-105.9053,46.4928,-103.5185,47.982,2,06329200;06329597,2,1,0,1,6.9326,0.0,100.0,1.0,0.0626,0.0504
10100005,O'Fallon,MT,4092.1,-105.2272,45.8961,-104.1055,46.8363,0,,2,1,1,1,0.0079,0.0,38.256,1.0,0.0,0.0
10110101,Lake Sakakawea,ND,17587.4,-104.0059,47.3911,-100.9741,48.7947,2,06332515;06332770,1,0,1,1,22.2849,0.0,100.0,1.0,0.2173,0.2055
10110102,Little Muddy,ND,2411.3,-104.0268,48.1353,-103.0863,48.7699,0,,1,1,0,1,0.0,0.0,0.0,1.0,0.0,0.0
10110201,Upper Little Missouri,"MT,ND,SD,WY",8994.3,-105.2045,44.5369,-103.61,46.3753,0,,3,0,0,0,0.0,0.0,0.0,1.0,0.0,0.0
10110202,Boxelder,"MT,ND,SD",3091.7,-104.9638,45.1836,-103.9392,46.0587,0,,1,0,0,0,0.0,0.0,0.0,1.0,0.0,0.0
10110203,Middle Little Missouri,"MT,ND",5628.2,-104.2109,46.2039,-103.1934,47.3313,0,,1,0,0,0,0.0,0.0,0.0,1.0,0.0,0.0
10110204,Beaver,"MT,ND",2258.0,-104.3433,46.4951,-103.6545,47.3985,1,06336500,1,0,0,0,0.0,0.0,0.0,1.0,0.0,0.0
10110205,Lower Little Missouri,ND,4662.8,-103.8088,47.2122,-102.21,47.875,0,,0,0,0,0,4.3107,0.0,100.0,1.0,0.0449,0.0363
10120101,Antelope,WY,2692.4,-106.1017,43.1699,-105.0447,43.7141,0,,0,0,0,0,0.0,0.0,0.0,1.0,0.0,0.0
10120102,Dry Fork Cheyenne,WY,1280.9,-105.9995,43.047,-105.0265,43.4341,0,,0,0,0,0,0.0,0.0,0.0,1.0,0.0,0.0
10120103,Upper Cheyenne,WY,3721.4,-105.5076,43.3308,-104.2738,43.9796,0,,1,0,0,0,0.7262,0.0,100.0,1.0,0.0075,0.006
10120104,Lance,WY,2815.3,-105.0686,42.7566,-104.1415,43.3816,0,,1,0,0,0,3.7449,0.0,100.0,1.0,0.0386,0.0334
10120105,Lightning,WY,2597.5,-105.6145,42.8168,-104.6067,43.2945,0,,1,0,0,0,0.0,0.0,0.0,1.0,0.0,0.0
10120106,Angostura Reservoir,"NE,SD,WY",3632.1,-104.5383,42.9512,-103.1739,43.8021,1,06400875,3,1,0,1,80.1277,0.0,100.0,1.0,0.804,0.7586
10120107,Beaver,"SD,WY",4311.9,-104.7816,43.4222,-103.7424,44.1906,2,06392900;06392950,4,0,0,0,10.983,0.0,100.0,1.0,0.1089,0.0896
10120108,Hat,"NE,SD,WY",2507.6,-104.2843,42.6833,-103.4518,43.2637,0,,1,0,0,0,34.8679,0.0,100.0,1.0,0.3517,0.3142
10120109,Middle Cheyenne-Spring,SD,5500.0,-103.7989,43.2421,-102.5443,44.0364,10,06402000;06402430;06402500;06403300;06404000;06404998;06406000;06406500;06407500;06408500,4,1,2,2,90.611,0.0,100.0,1.0,0.907,0.8531
10120110,Rapid,SD,1852.3,-103.9947,43.857,-102.6283,44.2523,6,06408700;06409000;06410000;06410500;06411500;06412500,3,0,0,0,98.8593,0.0,100.0,1.0,0.9909,0.9245
10120111,Middle Cheyenne-Elk,SD,4088.6,-103.7887,43.7325,-102.1998,44.4351,4,06422500;06423010;06424000;06425100,5,3,4,2,97.7935,0.0,100.0,1.0,0.9739,0.9371
10120112,Lower Cheyenne,SD,4197.8,-102.4609,44.1132,-101.2425,44.9737,0,,5,0,0,0,71.0565,0.0,100.0,1.0,0.7095,0.6733
10120113,Cherry,SD,4796.7,-103.3651,44.5685,-101.4884,45.0428,0,,4,2,1,2,91.5033,0.0,100.0,1.0,0.9159,0.8909
10120201,Upper Belle Fourche,"SD,WY",7607.8,-105.8985,43.6092,-104.0287,44.8011,2,06426130;06426160,0,0,0,0,12.4432,0.0,100.0,1.0,0.1239,0.1046
10120202,Lower Belle Fourche,"MT,SD,WY",8408.3,-104.6382,44.2468,-102.3025,45.1833,7,06436165;06436180;06436190;06436198;06436700;06437020;06437500,5,1,2,2,85.3957,0.0,100.0,1.0,0.8587,0.8092
10120203,Redwater,"SD,WY",2721.5,-104.4529,44.1126,-103.6465,44.707,9,06429500;06429905;06430532;06430770;06430800;06430850;06430900;06431500;06433500,3,1,3,1,62.6426,0.0,100.0,1.0,0.6313,0.5576
10130101,Painted Woods-Square Butte,ND,6544.0,-101.5614,46.7623,-100.0934,47.8978,3,06341400;06342260;06342450,6,3,0,3,89.8464,0.0,100.0,0.9999,0.9011,0.8429
10130102,Upper Lake Oahe,"ND,SD",9418.1,-101.1863,45.2354,-99.333,46.8525,1,06354882,8,3,3,4,20.5209,0.0,100.0,0.9998,0.2009,0.1538
10130103,Apple Creek,ND,9411.4,-100.813,46.3514,-99.0726,47.4433,3,06349580;06349590;06349600,8,3,4,1,14.4624,0.0,100.0,0.9999,0.1386,0.1024
10130104,Beaver,ND,2682.1,-100.5425,46.0424,-99.1369,46.4915,0,,2,0,0,0,25.7858,0.0,100.0,1.0,0.258,0.1871
10130105,Lower Lake Oahe,SD,9927.6,-101.4572,44.409,-99.5389,45.5315,0,,6,0,0,0,20.3555,0.0,100.0,1.0,0.2051,0.1697
10130106,West Missouri Coteau,"ND,SD",4213.8,-100.2589,45.4112,-98.9079,46.3558,0,,4,1,2,1,75.9516,0.0,100.0,0.999,0.7712,0.6717
10130201,Knife,ND,6482.6,-103.2208,46.8134,-101.3685,47.4863,1,06339100,3,1,0,1,72.0908,0.0,100.0,0.9999,0.7233,0.6991
10130202,Upper Heart,ND,4440.5,-103.3554,46.5032,-101.8058,47.1916,3,06343000;06344600;06345000,3,1,0,1,42.8107,0.0,100.0,1.0,0.4223,0.4182
10130203,Lower Heart,ND,4230.0,-102.1543,46.3304,-100.8379,47.0751,2,06347000;06348500,3,0,0,0,97.8052,0.0,100.0,1.0,0.9883,0.9302
10130204,Upper Cannonball,ND,4234.6,-103.3577,46.0927,-101.3054,46.6939,0,,2,0,0,0,64.03,0.0,100.0,1.0,0.6457,0.6091
10130205,Cedar,"ND,SD",4626.4,-103.3707,45.8358,-101.2066,46.497,0,,3,0,0,0,56.9483,0.0,100.0,0.9998,0.5687,0.5537
10130206,Lower Cannonball,ND,2317.4,-101.5731,45.9686,-100.5904,46.6359,0,,2,1,1,1,34.9945,0.0,100.0,1.0,0.3624,0.2734
10130301,North Fork Grand,"ND,SD",3227.1,-103.7422,45.7497,-102.2327,46.2542,0,,1,0,0,0,0.0,0.0,0.0,1.0,0.0,0.0
10130302,South Fork Grand,SD,4518.2,-103.852,45.3858,-102.1353,45.8943,1,06356000,1,0,0,0,0.0,0.0,0.0,1.0,0.0,0.0
10130303,Grand,"ND,SD",6207.1,-102.934,45.3865,-100.7235,46.1489,0,,3,1,1,1,45.544,0.0,100.0,1.0,0.4552,0.4287
10130304,South Fork Moreau,SD,2624.6,-104.0043,44.9427,-102.7273,45.3801,0,,3,0,0,0,68.6395,0.0,100.0,1.0,0.6959,0.6483
10130305,Upper Moreau,SD,4061.6,-103.7218,44.9783,-102.1482,45.5762,0,,3,0,0,0,33.3325,0.0,100.0,1.0,0.3368,0.2891
10130306,Lower Moreau,SD,6884.6,-102.8966,44.9255,-100.4897,45.5955,0,,4,1,1,1,2.8818,0.0,100.0,1.0,0.0219,0.0177
10140101,Fort Randall Reservoir,"NE,SD",11053.1,-100.4672,42.9704,-98.3378,44.5032,0,,8,7,8,6,1.8748,0.0,100.0,0.9999,0.0086,0.0067
10140102,Bad,SD,8226.1,-102.3115,43.7524,-100.2891,44.5093,1,06440200,5,1,0,1,41.6452,0.0,100.0,1.0,0.4186,0.3972
10140103,Medicine Knoll,SD,2170.4,-100.1853,44.3147,-99.2505,44.9735,0,,5,0,0,0,41.1963,0.0,100.0,1.0,0.4096,0.3681
10140104,Medicine,SD,1794.6,-100.5979,43.8079,-99.6007,44.1251,0,,3,1,1,1,0.0,0.0,0.0,1.0,0.0,0.0
10140105,Crow,SD,3019.2,-99.5935,43.7637,-98.5914,44.4842,0,,4,2,1,1,15.7319,0.0,100.0,1.0,0.1521,0.1243
10140201,Upper White,"NE,SD",9801.8,-103.8507,42.5211,-101.9517,43.7979,2,06444000;06445980,5,2,2,2,70.9212,0.0,100.0,1.0,0.7131,0.6778
10140202,Middle White,SD,6301.6,-102.3597,43.1845,-100.6611,43.8999,1,06447230,6,0,0,0,50.1519,0.0,100.0,1.0,0.5114,0.4633
10140203,Little White,"NE,SD",4210.0,-102.2923,42.9206,-100.5698,43.728,4,06447500;06448000;06449000;06449400,8,2,1,1,27.4704,0.0,100.0,1.0,0.2725,0.2279
10140204,Lower White,SD,5455.4,-100.8411,43.2003,-99.4331,43.9231,0,,6,2,0,2,1.0271,0.0,54.193,1.0,0.0075,0.0
10150002,Niobrara Headwaters,"NE,WY",3838.7,-104.697,42.2001,-103.0708,42.8633,0,,6,1,2,1,0.0,0.0,0.0,1.0,0.0,0.0
10150003,Upper Niobrara,"NE,SD",10752.8,-103.7916,41.9011,-101.3429,43.0991,0,,9,4,4,4,17.4542,0.0,100.0,0.9996,0.1742,0.154
10150004,Middle Niobrara,"NE,SD",9809.6,-102.1824,42.2961,-98.9815,43.1446,1,06461000,7,4,5,3,90.6574,0.0,100.0,1.0,0.9095,0.8845
10150005,Snake,NE,2231.8,-102.3502,42.3496,-100.7622,42.7801,0,,4,0,0,0,99.9234,0.0,100.0,1.0,0.9996,0.9951
10150006,Keya Paha,"NE,SD",4464.1,-100.838,42.772,-98.9849,43.3512,0,,6,0,0,0,19.8711,0.0,100.0,1.0,0.1943,0.1626
10150007,Lower Niobrara,NE,3863.7,-99.1936,42.2647,-97.9462,42.922,0,,5,0,0,0,1.1129,0.0,49.819,1.0,0.0,0.0
10160001,James Headwaters,ND,4396.7,-100.1075,46.9018,-98.6015,47.8348,1,06467600,4,2,3,3,60.8929,0.0,100.0,1.0,0.6366,0.5064
10160002,Pipestem,ND,2772.6,-99.7401,46.8614,-98.7159,47.5302,0,,4,2,0,2,60.7559,0.0,100.0,1.0,0.6329,0.5019
10160003,Upper James,"ND,SD",11583.0,-99.3241,45.1792,-97.1904,47.1748,1,06471800,10,4,3,5,92.7526,0.0,100.0,0.9999,0.9379,0.8839
10160004,Elm,"ND,SD",4010.5,-99.2413,45.5253,-98.3053,46.4623,0,,3,0,0,0,96.9858,0.0,100.0,1.0,0.9763,0.9212
10160005,Mud,SD,2171.0,-98.3908,45.1251,-97.464,45.6972,0,,5,0,0,0,98.0242,0.0,100.0,1.0,0.9855,0.895
10160006,Middle James,SD,9604.0,-99.0221,43.9898,-97.5893,45.397,1,06476500,7,5,4,4,96.1078,0.0,100.0,1.0,0.9667,0.9271
10160007,North Fork Snake,SD,2480.3,-99.7527,45.0126,-98.9249,45.6219,0,,2,2,1,2,100.0,100.0,100.0,1.0,1.0,1.0
10160008,Snake,SD,4409.2,-99.656,44.8694,-98.4373,45.8179,0,,3,0,0,0,99.0428,0.0,100.0,1.0,0.9945,0.9462
10160009,Turtle,SD,3887.2,-99.6416,44.3273,-98.443,45.0455,2,06473750;06474300,7,1,0,1,100.0,100.0,100.0,0.9998,1.0,1.0
10160011,Lower James,SD,9428.8,-98.7533,42.8713,-97.2746,44.3816,0,,3,4,5,1,82.6956,0.0,100.0,1.0,0.8284,0.8048
10170101,Lewis and Clark Lake,"NE,SD",8363.1,-98.7438,42.2737,-96.4455,43.5615,1,06466400,16,11,11,7,75.0128,0.0,100.0,1.0,0.7445,0.7146
10170102,Vermillion,SD,5487.5,-97.5807,42.7327,-96.632,44.2629,2,06478540;06478690,10,8,6,4,100.0,100.0,100.0,1.0,1.0,1.0
10170103,Lake Thompson,SD,1237.8,-97.6922,44.106,-97.1157,44.6398,0,,4,2,2,1,100.0,100.0,100.0,1.0,1.0,1.0
10170104,Ponca,"NE,SD",2136.9,-99.8161,42.7373,-98.1336,43.2788,0,,4,3,3,3,0.0,0.0,0.0,1.0,0.0,0.0
10170201,Upper Big Sioux,SD,4229.3,-97.8159,44.6217,-96.7601,45.5812,2,06479215;06479438,7,6,4,5,99.4586,0.0,100.0,0.9992,0.9963,0.9786
10170202,Middle Big Sioux,"MN,SD",5473.5,-97.7918,43.9998,-96.3139,45.0251,0,,10,9,7,3,98.8183,0.0,100.0,1.0,0.9896,0.9748
10170203,Lower Big Sioux,"IA,MN,NE,SD",8854.9,-97.3052,42.4872,-96.1488,44.2761,2,06481480;06484000,21,28,27,11,99.5309,0.0,100.0,1.0,0.9956,0.9711
10170204,Rock,"IA,MN",4364.2,-96.4614,43.0745,-95.6093,44.1346,0,,9,11,10,7,99.9999,99.364,100.0,1.0,1.0,0.9998
10180001,North Platte Headwaters,CO,3689.4,-106.7063,40.3232,-105.8519,40.9668,2,06614800;06616000,0,0,0,0,1.2824,0.0,100.0,1.0,0.0102,0.0077
10180002,Upper North Platte,"CO,WY",7665.8,-107.4593,40.8654,-106.1259,41.9805,7,06621000;06622700;06622900;06623800;06625000;06627800;06628900,8,4,3,4,1.2369,0.0,100.0,0.9999,0.0109,0.0075
10180003,Pathfinder-Seminoe Reservoirs,WY,2669.5,-107.2151,41.8165,-106.4325,42.5032,0,,5,0,0,0,28.3379,0.0,100.0,0.9997,0.2812,0.2375
10180004,Medicine Bow,WY,3733.3,-106.8491,41.3599,-105.6333,42.1749,1,06632400,8,0,0,0,35.5258,0.0,100.0,0.9993,0.3487,0.3228
10180005,Little Medicine Bow,WY,2650.5,-106.5859,41.9096,-105.733,42.4835,0,,8,0,0,0,29.3027,0.0,100.0,1.0,0.2948,0.2398
10180006,Sweetwater,WY,7514.1,-109.2043,42.2127,-106.7714,42.822,1,06637750,10,1,0,1,63.7132,0.0,100.0,1.0,0.6514,0.5505
10180007,Middle North Platte-Casper,WY,8996.4,-107.288,42.3214,-105.4081,43.201,5,06646600;06647500;06648000;06649000;06649500,5,2,3,2,20.4713,0.0,100.0,0.9999,0.2021,0.1709
10180008,Glendo Reservoir,WY,5510.2,-105.8025,42.1978,-104.5885,42.9359,3,06650500;06651500;06653500,14,0,0,0,13.1688,0.0,100.0,1.0,0.1276,0.099
10180009,Middle North Platte-Scotts Bluff,"NE,WY",13352.5,-104.8122,41.1941,-102.1193,42.6498,4,06678000;06681000;06681500;06684000,23,27,31,14,11.689,0.0,100.0,0.9999,0.1119,0.097
10180010,Upper Laramie,"CO,WY",5760.6,-106.3204,40.6068,-105.4274,41.9218,4,06657500;06659580;06661000;06661500,30,9,15,4,39.1795,0.0,100.0,0.9998,0.3914,0.3282
10180011,Lower Laramie,WY,6172.3,-105.8627,41.4497,-104.5155,42.336,2,06664400;06667500,22,6,7,7,81.3583,0.0,100.0,1.0,0.8225,0.7491
10180012,Horse,"NE,WY",4413.1,-105.4753,41.2908,-103.8202,41.9664,0,,30,3,6,3,84.5678,0.0,100.0,0.9998,0.8463,0.8186
10180013,Pumpkin,"NE,WY",2663.4,-104.134,41.3528,-103.0113,41.7681,0,,28,2,2,2,47.0367,0.0,100.0,1.0,0.4798,0.4057
10180014,Lower North Platte,NE,5681.2,-102.5156,41.1124,-100.6757,41.7408,0,,5,2,4,2,89.0711,0.0,100.0,1.0,0.8846,0.863
10190001,South Platte Headwaters,CO,4154.7,-106.2103,38.753,-105.1567,39.4947,1,06696980,2,2,2,2,13.2998,0.0,100.0,0.9998,0.1303,0.0821
10190002,Upper South Platte,CO,4790.7,-105.8681,38.8932,-104.8089,39.764,12,06700500;06701620;06706000;06708800;06709000;06709500;06709530;06710150;06710385;06710500;06710605;06711500,24,3,4,4,79.5428,0.0,100.0,1.0,0.8131,0.7017
10190003,Middle South Platte-Cherry Creek,CO,7441.1,-105.2746,39.0325,-103.8394,40.6427,6,06712000;06712500;06720820;06720990;393109104464500;394839104570300,32,11,15,10,95.1025,0.0,100.0,1.0,0.9614,0.9031
10190004,Clear,CO,1477.1,-105.9269,39.5912,-104.9489,39.8936,7,06714800;06715000;06716100;06716500;06717400;06718550;394308105413800,4,1,1,1,94.5203,0.0,100.0,1.0,0.9634,0.8357
10190005,St. Vrain,CO,2538.3,-105.7006,39.8473,-104.8691,40.2992,6,06724000;06725500;06727000;06729500;06730200;06730300,27,3,1,3,96.4466,0.0,100.0,1.0,0.978,0.8814
10190006,Big Thompson,CO,2156.2,-105.8033,40.2271,-104.7605,40.629,5,06733000;06735500;06738000;401733105392404;402114105350101,26,19,21,20,65.6444,0.0,100.0,1.0,0.6755,0.5384
10190007,Cache La Poudre,"CO,WY",4896.3,-105.9301,40.3731,-104.5996,41.2102,4,06746095;06746110;06748600;06751150,40,13,15,9,89.5173,0.0,100.0,1.0,0.902,0.8556
10190008,Lone Tree-Owl,"CO,WY",1489.4,-105.3996,40.4228,-104.5452,41.1476,0,,40,0,0,0,99.9843,75.305,100.0,1.0,1.0,0.9994
10190009,Crow,"CO,WY",3599.2,-105.4462,40.3861,-104.0468,41.2827,2,06754500;06755960,20,16,15,9,99.3988,0.0,100.0,1.0,0.9951,0.958
10190010,Kiowa,CO,1856.5,-104.675,39.0255,-104.0534,40.3377,0,,27,0,0,0,87.6123,0.0,100.0,1.0,0.8817,0.8236
10190011,Bijou,CO,3590.3,-104.5418,39.0748,-103.86,40.299,0,,23,2,2,2,94.8275,0.0,100.0,1.0,0.9541,0.8921
10190012,Middle South Platte-Sterling,"CO,NE",7725.0,-104.2222,39.6186,-102.3836,41.0754,0,,18,2,8,3,38.8401,0.0,100.0,1.0,0.3928,0.3493
10190013,Beaver,CO,2865.6,-103.8969,39.3488,-103.3008,40.3442,0,,11,2,2,2,99.8364,0.0,100.0,1.0,0.9984,0.9967
10190014,Pawnee,CO,1874.6,-104.1898,40.5368,-103.2358,40.9279,0,,7,1,2,1,76.26,0.0,100.0,1.0,0.7715,0.7126
10190015,Upper Lodgepole,"CO,NE,WY",3063.0,-105.4436,40.9076,-103.861,41.4173,0,,21,6,9,5,99.7944,0.0,100.0,1.0,0.9985,0.9695
10190016,Lower Lodgepole,"CO,NE,WY",3455.0,-104.492,40.9324,-102.3818,41.4892,0,,19,5,6,4,40.2383,0.0,100.0,1.0,0.4099,0.3612
10190017,Sidney Draw,"CO,NE,WY",1947.8,-104.1077,40.83,-103.0066,41.2092,0,,23,1,1,1,67.4042,0.0,100.0,1.0,0.687,0.6325
10190018,Lower South Platte,"CO,NE",3660.1,-102.6488,40.8772,-100.677,41.2689,0,,5,2,3,2,48.226,0.0,100.0,0.9997,0.4913,0.4459
10200101,Middle Platte-Buffalo,NE,8652.0,-101.0759,40.4323,-98.1287,41.7221,3,06768500;06769000;06769525,11,0,0,0,90.1365,0.0,100.0,0.9999,0.9144,0.8582
10200102,Wood,NE,1891.6,-99.9102,40.7054,-98.1259,41.2304,1,06771000,8,2,1,2,99.9779,54.942,100.0,1.0,1.0,0.9995
10200103,Middle Platte-Prairie,NE,2857.5,-98.8399,40.8007,-97.2241,41.4276,3,06772775;06772898;06794650,13,2,2,2,98.7087,54.944,100.0,1.0,1.0,0.9707
10200201,Lower Platte-Shell,NE,2222.9,-98.0404,41.1984,-96.7734,41.9315,1,06795500,13,6,6,6,93.3634,0.0,100.0,1.0,0.9468,0.8871
10200202,Lower Platte,NE,1356.1,-97.0717,40.9022,-95.8804,41.5643,0,,15,2,7,5,96.6865,0.0,100.0,1.0,0.9966,0.9157
10200203,Salt,NE,4266.3,-97.043,40.5224,-96.2851,41.4315,10,06803000;06803080;06803093;06803170;06803486;06803510;06803520;06803530;06804000;06804900,6,11,16,5,100.0,100.0,100.0,1.0,1.0,1.0
10210001,Upper Middle Loup,NE,5414.8,-102.315,41.8153,-100.0705,42.3656,0,,6,1,1,1,99.1942,0.0,100.0,1.0,0.9937,0.956
10210002,Dismal,NE,4695.8,-102.2421,41.5404,-100.0711,41.9717,0,,6,0,0,0,99.1113,0.0,100.0,1.0,0.9945,0.9334
10210003,Lower Middle Loup,NE,4628.1,-100.3604,41.001,-98.3797,41.9076,1,06784800,7,3,6,4,97.0537,0.0,100.0,0.9998,0.972,0.9277
10210004,South Loup,NE,4094.2,-100.831,40.8359,-98.6531,41.6283,0,,11,1,0,1,100.0,100.0,100.0,1.0,1.0,1.0
10210005,Mud,NE,1918.6,-99.9125,40.9904,-98.9068,41.5601,0,,8,4,3,2,100.0,100.0,100.0,1.0,1.0,1.0
10210006,Upper North Loup,NE,6085.2,-101.9666,41.7155,-99.3796,42.5258,0,,8,0,0,0,99.9847,0.0,100.0,1.0,0.9998,0.9988
10210007,Lower North Loup,NE,2532.4,-99.4333,41.2061,-98.4041,41.8912,0,,8,6,4,5,61.5758,0.0,100.0,1.0,0.6222,0.5446
10210008,Calamus,NE,2567.2,-100.4615,41.7973,-99.1057,42.4699,0,,6,1,1,1,99.9931,94.737,100.0,1.0,1.0,0.996
10210009,Loup,NE,3968.8,-98.8209,41.1091,-97.3198,42.0577,0,,10,4,1,3,59.1932,0.0,100.0,1.0,0.5945,0.5492
10210010,Cedar,NE,3185.0,-99.3408,41.3571,-97.929,42.1766,0,,7,1,0,1,18.3062,0.0,100.0,1.0,0.1753,0.1579
10220001,Upper Elkhorn,NE,7493.1,-99.7371,41.8122,-97.3644,42.6476,1,06798000,8,4,4,4,33.3305,0.0,100.0,1.0,0.3323,0.3041
10220002,North Fork Elkhorn,NE,2197.6,-98.1292,41.995,-97.2522,42.5823,0,,6,1,1,1,34.8907,0.0,100.0,1.0,0.3422,0.3339
10220003,Lower Elkhorn,NE,5709.6,-97.7557,41.1219,-96.2437,42.1741,1,06800000,23,13,10,10,98.6957,0.0,100.0,1.0,0.9856,0.973
10220004,Logan,NE,2728.3,-97.424,41.6185,-96.4322,42.5583,0,,14,4,4,2,96.3044,0.0,100.0,1.0,0.9658,0.9234
10230001,Blackbird-Soldier,"IA,NE,SD",4166.5,-96.7049,41.5102,-95.3239,42.786,4,06600000;06600900;06601000;06608000,9,10,7,8,97.8428,0.0,100.0,1.0,0.9694,0.9628
10230002,Floyd,IA,2372.5,-96.4104,42.4825,-95.5878,43.3208,2,06600100;06600300,11,8,13,7,99.3467,0.0,100.0,1.0,0.9943,0.9881
10230003,Little Sioux,"IA,MN",7318.0,-96.0726,41.7768,-94.836,43.6983,0,,13,7,6,4,76.0831,0.0,100.0,1.0,0.7705,0.7174
10230004,Monona-Harrison Ditch,IA,2502.7,-96.3601,41.8106,-95.7095,42.8927,0,,6,0,0,0,96.5782,0.0,100.0,1.0,0.9781,0.8817
10230005,Maple,IA,1916.4,-95.9823,41.9992,-95.2076,42.8666,0,,5,0,0,0,51.4164,0.0,100.0,1.0,0.5084,0.4751
10230006,Big Papillion-Mosquito,"IA,NE",2885.0,-96.3136,41.0521,-95.3635,41.8898,5,06610500;06610732;06610750;06610792;06610795,18,34,55,11,98.7911,45.84,100.0,1.0,0.9781,0.9758
10230007,Boyer,IA,3082.1,-96.0417,41.4269,-94.9939,42.6266,0,,6,0,0,0,92.3715,0.0,100.0,1.0,0.9271,0.8936
10240001,Keg-Weeping Water,"IA,MO,NE",2178.8,-96.4056,40.4829,-95.3816,41.7142,2,06806000;06806500,8,3,5,3,98.5161,49.508,100.0,1.0,0.9712,0.9703
10240002,West Nishnabotna,IA,4277.5,-95.6818,40.6522,-94.9116,42.043,0,,4,0,0,0,100.0,100.0,100.0,1.0,1.0,1.0
10240003,East Nishnabotna,IA,2975.2,-95.6238,40.5919,-94.6352,41.9296,1,06809000,6,0,0,0,100.0,100.0,100.0,1.0,1.0,1.0
10240004,Nishnabotna,"IA,MO,NE",453.3,-95.7911,40.4605,-95.4183,40.8041,0,,1,0,0,0,99.7902,49.605,100.0,1.0,0.9958,0.9958
10240005,Tarkio-Wolf,"IA,KS,MO,NE",4405.5,-95.8433,39.6448,-94.9662,41.2003,2,06811840;06816000,4,1,2,2,46.3501,0.0,100.0,1.0,0.4746,0.4243
10240006,Little Nemaha,NE,2311.9,-96.577,40.2251,-95.6362,40.8439,0,,5,3,7,2,97.2365,0.0,100.0,1.0,0.9726,0.9656
10240007,South Fork Big Nemaha,"KS,NE",1841.4,-96.4652,39.6574,-95.7005,40.3274,1,06814000,2,2,2,2,94.285,0.0,100.0,1.0,0.9485,0.8924
10240008,Big Nemaha,"KS,NE",3133.1,-96.7613,39.787,-95.3477,40.615,1,06815500,8,5,4,2,66.3003,0.0,100.0,1.0,0.6676,0.6171
10240009,West Nodaway,IA,2059.3,-95.0953,40.6221,-94.434,41.4861,0,,1,0,0,0,91.2885,0.0,100.0,1.0,0.9138,0.8903
10240010,Nodaway,"IA,MO",2588.2,-95.1908,39.9008,-94.3823,41.2628,0,,2,0,0,0,27.2772,0.0,100.0,1.0,0.2837,0.2386
10240011,Independence-Sugar,"KS,MO",2699.8,-95.3445,39.106,-94.5663,39.9661,0,,7,4,4,3,91.4036,0.0,100.0,1.0,0.9389,0.8706
10240012,Platte,"IA,MO",4310.9,-94.8502,39.2488,-94.276,41.1622,4,06818750;06821000;06821080;06821150,4,1,2,1,71.841,0.0,100.0,1.0,0.7141,0.6825
10240013,One Hundred and Two,"IA,MO",2011.5,-94.9631,39.7419,-94.4688,40.9916,3,06819185;06819190;06820000,2,1,0,1,30.7541,0.0,100.0,1.0,0.2977,0.2557
10250001,Arikaree,"CO,KS,NE",4783.5,-103.7921,39.2398,-101.9205,40.0641,0,,17,1,1,1,100.0,100.0,100.0,1.0,1.0,1.0
10250002,North Fork Republican,"CO,KS,NE",7636.7,-103.3502,39.6689,-101.5176,40.5321,1,06823500,10,4,4,4,83.5156,0.0,100.0,0.999,0.8383,0.8153
10250003,South Fork Republican,"CO,KS,NE",6987.3,-103.4118,39.0286,-101.4519,40.0485,1,06825500,14,5,7,5,99.1327,0.0,100.0,1.0,0.9933,0.9731
10250004,Upper Republican,"KS,NE",5581.4,-101.7874,39.8627,-100.1432,40.8324,1,06836500,16,6,10,5,50.5087,0.0,100.0,0.9998,0.5094,0.477
10250005,Frenchman,"CO,NE",4266.6,-103.041,40.2158,-100.8261,40.771,0,,10,6,14,5,38.6713,0.0,100.0,0.9998,0.3842,0.3408
10250006,Stinking Water,"CO,NE",3744.9,-102.7195,40.3638,-101.1045,41.0231,0,,7,1,0,1,1.2623,0.0,100.0,0.9992,0.0124,0.0101
10250007,Red Willow,NE,2055.3,-101.5235,40.2193,-100.4828,41.0579,0,,7,0,0,0,32.5741,0.0,100.0,1.0,0.3267,0.28
10250008,Medicine,NE,2402.2,-101.106,40.278,-100.1481,40.9724,2,06840000;06841500,6,0,0,0,37.8182,0.0,100.0,1.0,0.3806,0.3258
10250009,Harlan County Reservoir,"KS,NE",3493.4,-100.4425,39.9765,-99.2097,40.8465,1,06844000,3,1,1,1,80.0679,0.0,100.0,0.9997,0.8082,0.7682
10250010,Upper Sappa,KS,2748.0,-101.9026,39.2171,-100.5572,39.8546,0,,6,2,2,2,99.3019,0.0,100.0,1.0,0.9962,0.9545
10250011,Lower Sappa,"KS,NE",1692.1,-100.6728,39.7047,-99.4748,40.1941,0,,3,0,0,0,46.2943,0.0,100.0,1.0,0.4788,0.3993
10250012,South Fork Beaver,"CO,KS",1946.1,-102.5677,39.112,-101.0046,39.8253,0,,11,7,11,5,95.2661,0.0,100.0,1.0,0.9617,0.8848
10250013,Little Beaver,"CO,KS",1666.4,-102.324,39.2865,-101.0333,39.9194,0,,11,0,1,1,100.0,100.0,100.0,1.0,1.0,1.0
10250014,Beaver,"KS,NE",1896.6,-101.0553,39.7397,-99.6332,40.2202,0,,5,3,2,3,59.5418,0.0,100.0,1.0,0.6046,0.5236
10250015,Prairie Dog,"KS,NE",2871.8,-101.3186,39.2945,-99.2489,40.0688,0,,9,6,7,5,67.3122,0.0,100.0,1.0,0.684,0.6406
10250016,Middle Republican,"KS,NE",5624.1,-99.481,39.7991,-97.7013,40.501,5,06851000;06851500;06852000;06853800;06854000,6,4,1,2,99.2981,71.114,100.0,1.0,1.0,0.9742
10250017,Lower Republican,KS,5125.3,-98.2557,39.0087,-96.7987,39.913,1,06855800,8,3,3,3,99.3838,74.212,100.0,1.0,1.0,0.9748
10260001,Smoky Hill Headwaters,"CO,KS",2726.5,-102.5876,38.7849,-101.2807,39.171,0,,11,2,1,2,99.9464,60.0,100.0,1.0,1.0,0.9654
10260002,North Fork Smoky Hill,"CO,KS",1889.6,-102.8132,38.9202,-101.2573,39.2464,0,,13,0,0,0,94.8263,0.0,100.0,0.9995,0.9583,0.8592
10260003,Upper Smoky Hill,KS,3829.0,-101.3249,38.5438,-99.7183,39.0636,0,,4,1,2,2,95.0892,0.0,100.0,1.0,0.955,0.8933
10260004,Ladder,"CO,KS",3669.4,-102.5623,38.525,-100.8543,38.894,0,,6,1,2,2,100.0,100.0,100.0,1.0,1.0,1.0
10260005,Hackberry,KS,1680.0,-101.3497,38.8084,-100.0311,39.1522,0,,7,1,3,2,75.5747,0.0,100.0,1.0,0.7622,0.7067
10260006,Middle Smoky Hill,KS,4090.0,-99.7653,38.5204,-97.9637,38.9126,0,,8,3,3,2,44.9814,0.0,100.0,1.0,0.459,0.3922
10260007,Big,KS,2232.1,-100.7971,38.7352,-98.9092,39.1482,1,06863900,5,4,2,3,15.8589,0.0,100.0,1.0,0.1495,0.124
10260008,Lower Smoky Hill,KS,5173.8,-98.0575,38.3797,-96.7606,39.3953,3,06870300;06878000;06878500,14,7,7,5,99.2389,61.705,100.0,1.0,1.0,0.9732
10260009,Upper Saline,KS,4976.0,-101.3885,38.8423,-98.404,39.2884,0,,12,3,6,3,20.6778,0.0,100.0,1.0,0.1985,0.1825
10260010,Lower Saline,KS,3525.1,-98.8524,38.6261,-97.4996,39.2935,1,06869950,7,9,10,4,33.6259,0.0,100.0,1.0,0.3335,0.2953
10260011,Upper North Fork Solomon,KS,3634.6,-101.3221,39.2664,-99.1193,39.8215,1,06871500,9,1,2,3,61.9979,0.0,100.0,1.0,0.6186,0.5813
10260012,Lower North Fork Solomon,"KS,NE",3480.3,-99.6444,39.4547,-98.419,40.0055,0,,5,0,1,1,99.4966,60.396,100.0,1.0,1.0,0.9805
10260013,Upper South Fork Solomon,KS,2996.2,-101.4934,39.2127,-99.4215,39.5328,0,,7,3,3,1,40.1974,0.0,100.0,1.0,0.4049,0.3676
10260014,Lower South Fork Solomon,KS,2754.7,-99.5951,39.2009,-98.3994,39.5724,0,,2,1,2,2,78.8008,0.0,100.0,1.0,0.7884,0.7245
10260015,Solomon,KS,4912.8,-98.5283,38.8631,-97.3242,39.8428,0,,9,1,1,1,86.7391,0.0,100.0,1.0,0.8726,0.8357
10270101,Upper Kansas,KS,1389.4,-96.912,38.6356,-96.4799,39.3805,1,06879650,5,6,6,4,99.4796,73.026,100.0,1.0,1.0,0.9806
10270102,Middle Kansas,KS,5647.6,-96.5557,38.8149,-95.3822,39.6686,8,06888000;06888500;06889100;06889120;06889140;06889160;06889200;06889500,13,6,4,5,99.0091,0.0,100.0,1.0,0.9947,0.9666
10270103,Delaware,KS,2996.7,-95.9856,39.0591,-95.2161,39.9326,0,,4,3,3,3,99.9934,79.435,100.0,1.0,1.0,0.9997
10270104,"Lower Kansas, Kansas","KS,MO",4287.2,-96.0585,38.7547,-94.5483,39.6049,5,06891260;06891810;06892360;06892495;06892513,19,15,18,11,99.6185,79.447,100.0,1.0,1.0,0.9812
10270201,Upper Big Blue,NE,2868.3,-98.2949,40.8184,-96.9975,41.2881,1,06879900,6,1,1,1,100.0,100.0,100.0,1.0,1.0,1.0
10270202,Middle Big Blue,NE,3273.4,-97.2756,40.0069,-96.3503,41.1891,0,,9,3,3,3,99.4564,0.0,100.0,1.0,0.9957,0.9754
10270203,West Fork Big Blue,NE,3470.5,-98.5747,40.5318,-96.9826,40.9391,0,,6,3,3,2,100.0,100.0,100.0,1.0,1.0,1.0
10270204,Turkey,NE,1887.1,-97.9216,40.2691,-96.8842,40.6724,0,,1,0,0,0,100.0,100.0,100.0,1.0,1.0,1.0
10270205,Lower Big Blue,"KS,NE",4420.0,-97.1173,39.1801,-96.0509,40.1805,0,,8,0,0,0,99.9818,73.355,100.0,1.0,1.0,0.9787
10270206,Upper Little Blue,"KS,NE",5820.9,-99.1651,39.9564,-97.2941,40.6846,0,,2,2,1,1,99.8698,0.0,100.0,1.0,0.9992,0.9775
10270207,Lower Little Blue,"KS,NE",3469.3,-97.7287,39.583,-96.6782,40.4785,1,06884200,1,0,0,0,99.9696,0.0,100.0,1.0,0.9997,0.9778
10280101,Upper Grand,"IA,MO",8613.7,-94.703,39.4566,-93.5026,41.0276,1,06897000,4,8,15,3,49.5069,0.0,100.0,1.0,0.4922,0.4687
10280102,Thompson,"IA,MO",5701.1,-94.4783,39.7637,-93.3933,41.3671,2,06897950;06898400,7,6,10,4,52.0725,0.0,100.0,1.0,0.5263,0.498
10280103,Lower Grand,"IA,MO",6114.2,-93.6121,39.3444,-92.8479,40.7107,2,06900000;06900050,2,0,0,0,25.4043,0.0,100.0,1.0,0.2483,0.235
10280201,Upper Chariton,"IA,MO",3502.1,-93.7821,40.2414,-92.5631,41.0423,2,06903400;06903700,8,1,1,1,51.3691,0.0,100.0,1.0,0.5162,0.4952
10280202,Lower Chariton,MO,2640.9,-93.0393,39.3127,-92.5837,40.4266,1,06906000,2,3,2,2,2.9034,0.0,100.0,1.0,0.017,0.0149
10280203,Little Chariton,MO,1809.5,-92.9572,39.2084,-92.4287,40.1373,3,06906150;06906200;06906300,2,0,0,0,1.8082,0.0,100.0,1.0,0.0201,0.0121
10290101,Upper Marais Des Cygnes,KS,5637.0,-96.2178,38.0858,-94.9156,38.8921,8,06910800;06911000;06911490;06911500;06911900;06912500;06914000;06914100,18,11,10,9,100.0,100.0,100.0,1.0,1.0,1.0
10290102,Lower Marais Des Cygnes,"KS,MO",4082.2,-95.1918,38.0568,-94.1805,38.8293,4,06914950;06914990;06915000;06916500,21,4,7,4,100.0,100.0,100.0,1.0,1.0,1.0
10290103,Little Osage,"KS,MO",1504.9,-95.2239,37.8894,-94.2008,38.125,1,06917000,15,2,2,2,99.9631,81.386,100.0,1.0,1.0,0.9974
10290104,Marmaton,"KS,MO",2955.7,-95.1756,37.478,-94.2293,37.9993,3,06917240;06917380;06917630,16,7,8,6,79.4467,0.0,100.0,1.0,0.8032,0.7571
10290105,Harry S. Truman Reservoir,MO,3117.4,-94.3183,37.5867,-93.3216,38.4582,1,06920580,22,7,7,6,99.8726,87.286,100.0,1.0,1.0,0.9674
10290106,Sac,MO,5103.8,-94.2046,37.0246,-93.1023,38.0222,4,06918440;06918460;06918493;06918740,38,33,32,11,99.7557,0.0,100.0,1.0,0.9988,0.9773
10290107,Pomme De Terre,MO,2190.3,-93.5321,37.2667,-92.9211,38.1767,2,06921070;06921200,38,36,37,15,100.0,100.0,100.0,1.0,1.0,1.0
10290108,South Grand,"KS,MO",5302.1,-94.6626,38.1362,-93.3701,38.9039,1,06921590,16,9,18,5,99.7359,0.0,100.0,1.0,0.998,0.9778
10290109,Lake of the Ozarks,MO,3591.5,-93.4193,37.5916,-92.352,38.5024,0,,20,15,16,8,88.8875,0.0,100.0,1.0,0.8904,0.8379
10290110,Niangua,MO,2666.2,-93.2125,37.3248,-92.6902,38.1157,2,06923250;06925200,24,33,32,13,100.0,100.0,100.0,1.0,1.0,1.0
10290111,Lower Osage,MO,2791.5,-92.7051,37.9088,-91.8809,38.5933,1,06927000,16,11,11,6,35.8829,0.0,100.0,1.0,0.3607,0.3057
10290201,Upper Gasconade,MO,4629.8,-92.8903,37.0834,-92.0603,37.9989,2,06928300;06928420,29,49,52,21,92.1282,0.0,100.0,1.0,0.9264,0.873
10290202,Big Piney,MO,1956.1,-92.2113,37.0479,-91.7936,37.8849,0,,18,14,14,8,50.5378,0.0,100.0,1.0,0.5254,0.4077
10290203,Lower Gasconade,MO,2675.7,-92.1053,37.5654,-91.4398,38.6758,2,06931500;06932000,27,7,8,8,70.4844,0.0,100.0,1.0,0.7178,0.6542
10300101,Lower Missouri-Crooked,"KS,MO",6990.9,-94.8224,38.7354,-92.8512,39.5915,21,06893080;06893100;06893150;06893300;06893390;06893400;06893500;06893557;06893560;06893562;06893578;06893620;06893793;06893890;06893910;06893970;06894000;06894200;06894500;06895000;06896000,10,5,39,7,98.3178,0.0,100.0,1.0,0.9955,0.9657
10300102,Lower Missouri-Moreau,MO,8808.2,-93.0522,38.3196,-91.547,39.3605,3,06909500;06910230;06927240,21,15,58,11,44.221,0.0,100.0,1.0,0.4488,0.4149
10300103,Lamine,MO,2879.6,-93.6126,38.388,-92.7879,38.9838,0,,8,6,5,3,99.8789,0.0,100.0,1.0,0.9993,0.9789
10300104,Blackwater,MO,3999.9,-94.1077,38.5656,-92.9393,39.3078,1,06907500,1,2,2,1,100.0,100.0,100.0,1.0,1.0,1.0
10300200,Lower Missouri,MO,4119.7,-91.8133,38.3842,-90.1142,39.1224,9,06935755;06935770;06935830;06935850;06935890;06935955;06935980;06935997;06936475,20,10,27,10,97.8422,0.0,100.0,1.0,0.9951,0.9574
11010001,Beaver Reservoir,"AR,MO",6616.4,-94.2277,35.7125,-93.1845,36.6971,8,07048000;07048480;07048490;07048550;07048800;07049000;07050152;07053250,44,17,14,12,94.7437,0.0,100.0,1.0,0.9511,0.8931
11010002,James,MO,3772.9,-93.9857,36.5772,-92.6713,37.3378,8,07050690;07050700;07052000;07052100;07052120;07052152;07052345;07052820,45,142,147,36,100.0,100.0,100.0,1.0,1.0,1.0
11010003,Bull Shoals Lake,"AR,MO",6750.7,-93.3833,36.044,-92.4081,37.0942,2,07053810;07054080,48,66,69,27,86.9083,0.0,100.0,1.0,0.8746,0.8272
11010004,Middle White,AR,3822.3,-92.4581,35.5715,-91.3206,36.3606,1,07060710,15,7,7,5,63.8148,0.0,100.0,1.0,0.6538,0.5555
11010005,Buffalo,AR,3470.4,-93.532,35.6633,-92.3234,36.2188,3,07055646;07055875;07056515,16,5,4,4,70.9277,0.0,100.0,1.0,0.7167,0.6554
11010006,North Fork White,"AR,MO",4743.2,-92.7008,36.1949,-91.9029,37.1417,0,,38,75,74,22,46.601,0.0,100.0,1.0,0.4709,0.4093
11010007,Upper Black,"AR,MO",4984.8,-91.3194,36.2211,-90.143,37.7139,4,07061270;07061290;07061300;07061900,31,14,16,14,18.0631,0.0,100.0,1.0,0.174,0.1551
11010008,Current,"AR,MO",6782.3,-92.0088,36.2481,-90.4695,37.5781,7,07064300;07064440;07064500;07064533;07065200;07065495;07068510,44,34,33,16,7.8282,0.0,100.0,1.0,0.0746,0.0553
11010009,Lower Black,"AR,MO",2120.5,-91.5739,35.6401,-90.7774,36.6744,0,,18,4,3,4,9.6243,0.0,100.0,1.0,0.0945,0.0708
11010010,Spring,"AR,MO",3147.0,-92.0024,36.1061,-91.066,36.8026,0,,28,28,31,13,0.0015,0.0,2.3028,1.0,0.0,0.0
11010011,Eleven Point,"AR,MO",3114.6,-92.0021,36.1499,-91.0253,37.0341,1,07070500,22,34,31,8,3.5845,0.0,100.0,1.0,0.034,0.0251
11010012,Strawberry,AR,1969.9,-92.01,35.8798,-91.2102,36.3745,2,07073000;07073500,13,6,5,4,1.5195,0.0,100.0,1.0,0.0112,0.0092
11010013,Upper White-Village,AR,1918.3,-91.6296,35.1808,-90.8024,36.2386,0,,13,7,7,5,73.9004,0.0,100.0,1.0,0.7334,0.6725
11010014,Little Red,AR,4666.3,-92.8554,35.1755,-91.4317,35.9107,2,07075000;07075300,17,12,12,9,95.8387,0.0,100.0,1.0,0.9635,0.9017
11020001,Arkansas Headwaters,CO,7937.6,-106.5998,37.8898,-105.1727,39.3832,8,07079300;07081200;07083000;07083200;07084500;07086500;07089000;07095000,19,19,21,11,43.5908,0.0,100.0,1.0,0.4477,0.3279
11020002,Upper Arkansas,CO,5970.1,-105.5553,37.8611,-104.3854,38.9013,5,07096250;07099060;07099215;07099230;07099235,42,45,52,25,76.8343,0.0,100.0,1.0,0.7865,0.6695
11020003,Fountain,CO,2404.5,-105.1259,38.2533,-104.5219,39.1386,19,07103700;07103703;07103747;07103755;07103780;07103797;07103800;07103970;07103980;07103990;07104000;07104500;07104905;07105000;07105490;07105600;07105900;07105945;07105950,34,26,24,15,84.6829,0.0,100.0,1.0,0.8759,0.7298
11020004,Chico,CO,1874.4,-104.6692,38.2423,-104.2271,39.0857,0,,33,3,4,3,90.7382,0.0,100.0,1.0,0.9189,0.8082
11020005,Upper Arkansas-Lake Meredith,CO,5733.4,-104.4345,37.4657,-103.3149,38.7695,1,07122400,43,9,8,7,99.2774,0.0,100.0,1.0,0.9988,0.9715
11020006,Huerfano,CO,4817.5,-105.5011,37.2892,-104.2457,38.2321,2,07111000;07114000,27,10,10,7,64.6385,0.0,100.0,1.0,0.6503,0.5802
11020007,Apishapa,CO,2788.1,-105.0321,37.259,-103.9377,38.1282,0,,32,1,1,1,96.3624,0.0,100.0,1.0,0.9676,0.9079
11020008,Horse,CO,3689.7,-104.3245,38.0349,-103.3264,39.0572,0,,27,1,1,1,100.0,100.0,100.0,1.0,1.0,1.0
11020009,Upper Arkansas-John Martin Reservoir,"CO,KS",9989.7,-103.6906,37.465,-102.0074,38.8259,1,07134990,16,8,8,7,43.9622,0.0,100.0,1.0,0.4458,0.4034
11020010,Purgatoire,"CO,NM",8933.6,-105.2108,36.8984,-103.1561,38.0661,5,07126200;07126325;07126390;07126415;07126480,20,3,4,3,75.1257,0.0,100.0,1.0,0.771,0.6547
11020011,Big Sandy,CO,4793.8,-104.4618,38.1118,-102.3075,39.3745,0,,32,5,2,5,95.9707,0.0,100.0,0.9998,0.9624,0.9054
11020012,Rush,CO,3534.2,-104.1651,38.3672,-102.525,39.2141,0,,23,2,1,2,100.0,100.0,100.0,1.0,1.0,1.0
11020013,Two Butte,CO,2087.6,-103.3945,37.25,-102.1249,38.0422,0,,9,0,0,0,0.7438,0.0,100.0,1.0,0.0071,0.0057
11030001,Middle Arkansas-Lake McKinney,"CO,KS",5956.2,-102.175,37.737,-100.7726,38.4216,0,,12,6,6,4,72.4181,0.0,100.0,0.9998,0.7351,0.6736
11030002,Whitewoman,"CO,KS",3775.8,-102.4919,38.2477,-100.837,38.7302,0,,5,1,1,1,100.0,100.0,100.0,0.9997,1.0,1.0
11030003,Arkansas-Dodge City,KS,2639.2,-101.2749,37.5798,-100.0144,38.0259,0,,10,5,5,3,99.1052,68.45,100.0,1.0,1.0,0.9711
11030004,Coon-Pickerel,KS,4853.8,-100.2921,37.4839,-98.3547,38.4336,1,07139800,9,11,10,5,96.5848,0.0,100.0,1.0,0.9764,0.934
11030005,Pawnee,KS,4630.7,-100.8271,37.8934,-99.0954,38.3996,0,,4,0,0,0,99.999,99.882,100.0,0.9998,1.0,0.9905
11030006,Buckner,KS,2352.8,-100.5556,37.7429,-99.5459,38.2195,0,,5,1,1,1,99.4262,0.0,100.0,1.0,0.9954,0.9718
11030007,Upper Walnut Creek,KS,2403.4,-100.887,38.305,-99.854,38.6548,0,,0,0,0,0,100.0,100.0,100.0,1.0,1.0,1.0
11030008,Lower Walnut Creek,KS,2095.3,-99.9775,38.3355,-98.6805,38.6673,0,,2,1,2,2,85.2404,0.0,100.0,1.0,0.8567,0.8198
11030009,Rattlesnake,KS,3226.7,-99.8354,37.4307,-98.3553,38.2743,0,,8,6,4,3,99.9925,75.024,100.0,1.0,1.0,0.9997
11030010,Gar-Peace,KS,1654.6,-98.6609,37.6902,-97.3496,38.248,0,,7,0,0,0,98.618,75.046,100.0,1.0,1.0,0.9442
11030011,Cow,KS,2479.9,-99.0545,37.9795,-97.8393,38.6642,0,,4,2,3,2,68.7044,0.0,100.0,1.0,0.692,0.6539
11030012,Little Arkansas,KS,3684.6,-98.1866,37.6914,-97.235,38.5463,0,,9,4,6,3,99.9607,75.378,100.0,1.0,1.0,0.9984
11030013,Middle Arkansas-Slate,KS,2350.3,-97.8035,37.0004,-96.9981,37.8289,3,07144480;07144485;07145700,5,3,30,5,99.2598,76.216,100.0,1.0,1.0,0.9677
11030014,North Fork Ninnescah,KS,2755.1,-99.1298,37.5681,-97.6783,38.044,0,,9,0,0,0,100.0,100.0,100.0,1.0,1.0,1.0
11030015,South Fork Ninnescah,KS,2099.4,-99.0392,37.5076,-97.7051,37.8027,1,07144910,7,2,2,2,100.0,100.0,100.0,1.0,1.0,1.0
11030016,Ninnescah,KS,1059.0,-97.9478,37.2786,-97.1666,37.7308,0,,6,0,0,0,100.0,100.0,100.0,1.0,1.0,1.0
11030017,Upper Walnut River,KS,2513.0,-97.2899,37.6441,-96.5489,38.1421,0,,6,5,15,3,100.0,100.0,100.0,1.0,1.0,1.0
11030018,Lower Walnut River,KS,2658.3,-97.2276,37.0351,-96.5043,37.8306,0,,4,2,1,2,99.9918,77.97,100.0,1.0,1.0,0.9996
11040001,Cimarron Headwaters,"CO,NM,OK",4345.8,-104.1832,36.6804,-102.89,37.2881,0,,12,0,0,0,3.9607,0.0,100.0,1.0,0.0365,0.0281
11040002,Upper Cimarron,"CO,KS,NM,OK",4272.8,-103.0318,36.7119,-101.1041,37.4817,0,,9,1,1,1,13.0163,0.0,100.0,1.0,0.1294,0.128
11040003,North Fork Cimarron,"CO,KS",2566.5,-102.7991,37.0922,-101.1043,37.6937,0,,7,0,0,0,25.9943,0.0,100.0,0.9996,0.2574,0.2529
11040004,Sand Arroyo,"CO,KS",1972.2,-103.1675,37.1616,-101.4874,37.5273,0,,7,1,1,1,1.4651,0.0,100.0,1.0,0.0149,0.0139
11040005,Bear,"CO,KS",4932.8,-103.0182,37.2981,-101.2567,37.9128,0,,13,4,5,3,16.2487,0.0,100.0,1.0,0.1626,0.1521
11040006,Upper Cimarron-Liberal,"KS,OK",4486.4,-101.9253,36.856,-100.0973,37.5214,0,,10,3,3,2,76.8421,0.0,100.0,1.0,0.7651,0.7492
11040007,Crooked,"KS,OK",3742.9,-101.1231,36.9507,-100.0162,37.6506,0,,12,2,2,2,100.0,100.0,100.0,1.0,1.0,1.0
11040008,Upper Cimarron-Bluff,"KS,OK",4816.6,-100.3567,36.7814,-99.2891,37.5349,0,,12,4,3,3,99.2766,31.205,100.0,0.9996,0.987,0.9866
11050001,Lower Cimarron-Eagle Chief,"KS,OK",6272.3,-99.8629,36.2025,-98.3125,37.1292,0,,4,1,1,1,99.1656,53.063,100.0,1.0,1.0,0.9804
11050002,Lower Cimarron-Skeleton,OK,8382.7,-98.6077,35.5091,-97.3326,36.5811,3,07159000;07159750;07160350,26,20,15,14,99.4945,62.094,100.0,1.0,1.0,0.9854
11050003,Lower Cimarron,OK,3586.6,-97.5025,35.8088,-96.2718,36.2631,1,07163000,16,6,5,5,98.9294,69.738,100.0,1.0,1.0,0.963
11060001,Kaw Lake,"KS,OK",2468.0,-97.178,36.5877,-96.4678,37.5891,0,,9,1,2,1,99.4017,78.925,100.0,1.0,1.0,0.9712
11060002,Upper Salt Fork Arkansas,"KS,OK",2795.0,-99.4277,36.7366,-98.3278,37.4991,0,,5,1,0,1,100.0,100.0,100.0,1.0,1.0,1.0
11060003,Medicine Lodge,"KS,OK",3313.0,-99.3591,36.8243,-98.3142,37.6183,0,,5,1,1,1,100.0,100.0,100.0,1.0,1.0,1.0
11060004,Lower Salt Fork Arkansas,"KS,OK",6048.1,-98.5267,36.4614,-97.027,37.3809,0,,9,3,3,3,100.0,100.0,100.0,1.0,1.0,1.0
11060005,Chikaskia,"KS,OK",5238.6,-98.8105,36.6235,-97.129,37.5994,0,,7,2,2,1,100.0,100.0,100.0,1.0,1.0,1.0
11060006,Black Bear-Red Rock,OK,5531.8,-97.8394,36.1012,-96.1728,36.9885,0,,25,3,0,3,99.5571,72.17,100.0,1.0,1.0,0.9751
11070101,Upper Verdigris,KS,3101.9,-96.4519,37.3969,-95.4586,38.2936,1,07165700,12,4,5,3,52.1293,0.0,100.0,1.0,0.5287,0.4956
11070102,Fall,KS,2226.7,-96.5862,37.393,-95.6621,38.0938,2,07167000;07167500,6,0,0,0,78.521,0.0,100.0,1.0,0.7901,0.7588
11070103,Middle Verdigris,"KS,OK",3930.1,-95.9085,36.4128,-95.2294,37.4776,1,07170700,11,3,5,3,96.445,0.0,100.0,1.0,0.974,0.931
11070104,Elk,KS,1815.9,-96.5389,37.1762,-95.6936,37.6291,1,07169800,6,3,2,2,83.4419,0.0,100.0,1.0,0.8413,0.784
11070105,Lower Verdigris,OK,1849.4,-95.8063,35.7988,-95.282,36.5557,0,,18,7,8,5,98.4367,0.0,100.0,1.0,0.9914,0.9402
11070106,Caney,"KS,OK",5424.5,-96.6696,36.3028,-95.6951,37.4881,1,07174600,22,5,3,4,100.0,100.0,100.0,1.0,1.0,1.0
11070107,Bird,OK,2945.9,-96.5927,36.0596,-95.7272,36.8673,5,07176500;07176950;07177000;07177650;07177800,18,28,27,13,100.0,100.0,100.0,1.0,1.0,1.0
11070201,Neosho Headwaters,KS,2928.2,-96.8131,38.1654,-95.7139,38.8702,1,07179500,9,5,4,3,100.0,100.0,100.0,1.0,1.0,1.0
11070202,Upper Cottonwood,KS,2432.9,-97.4304,38.0542,-96.6381,38.5991,2,07179795;07180500,8,5,4,2,100.0,100.0,100.0,1.0,1.0,1.0
11070203,Lower Cottonwood,KS,2493.8,-96.9244,38.0236,-96.0455,38.6729,0,,15,7,6,6,100.0,100.0,100.0,1.0,1.0,1.0
11070204,Upper Neosho,KS,3526.5,-96.014,37.5662,-95.1325,38.3787,0,,11,6,6,3,46.4036,0.0,100.0,1.0,0.4651,0.422
11070205,Middle Neosho,"KS,OK",3691.4,-95.4958,36.9791,-94.7877,37.8016,1,07184000,13,1,1,1,43.1507,0.0,100.0,1.0,0.4413,0.396
11070206,Lake O' The Cherokees,"AR,KS,MO,OK",2355.5,-95.2097,36.4022,-94.4052,37.0861,4,07185090;07185095;07189540;07189542,37,13,15,7,99.3138,72.831,100.0,1.0,1.0,0.9662
11070207,Spring,"KS,MO,OK",6707.9,-94.8832,36.6417,-93.5832,37.6088,3,07185500;07185700;07186400,46,82,84,32,96.7588,0.0,100.0,1.0,0.9692,0.9513
11070208,Elk,"AR,MO,OK",2656.0,-94.763,36.3519,-93.9044,36.8789,4,07188653;07188838;07188885;07189100,35,45,44,15,100.0,100.0,100.0,1.0,1.0,1.0
11070209,Lower Neosho,"AR,OK",5764.9,-95.5003,35.7917,-94.2872,36.9913,6,07191160;07191179;07191220;07191222;07191288;71912213,25,9,8,6,99.7586,81.275,100.0,1.0,1.0,0.9829
11080001,Canadian Headwaters,"CO,NM",4468.3,-105.2376,36.3242,-104.1386,37.0725,2,07199000;07203000,10,1,4,3,21.7693,0.0,100.0,1.0,0.2197,0.1617
11080002,Cimarron,NM,2718.1,-105.3774,36.2638,-104.4991,36.849,7,07204000;07204500;07205000;07206000;07207000;07207500;07208500,6,4,6,4,6.6189,0.0,100.0,1.0,0.0591,0.0394
11080003,Upper Canadian,NM,5320.1,-105.2102,35.3984,-104.1342,36.5241,0,,52,1,2,1,32.9108,0.0,100.0,1.0,0.3281,0.3013
11080004,Mora,NM,3773.9,-105.5576,35.5749,-104.3845,36.3611,4,07214500;07215500;07216500;07218000,52,59,84,41,51.4076,0.0,100.0,1.0,0.5269,0.4084
11080005,Conchas,NM,2634.4,-105.013,34.9681,-104.1801,35.6798,0,,33,1,1,1,100.0,100.0,100.0,1.0,1.0,1.0
11080006,Upper Canadian-Ute Reservoir,"NM,TX",5798.0,-104.4366,34.9261,-103.0074,35.9405,0,,35,5,5,5,98.2389,0.0,100.0,1.0,0.9814,0.9394
11080007,Ute,NM,5506.9,-104.2618,35.355,-103.3959,36.5884,0,,37,1,1,1,38.4505,0.0,100.0,1.0,0.3852,0.349
11080008,Revuelto,NM,2086.8,-104.0763,34.8109,-103.2966,35.3649,0,,2,0,0,0,99.2695,0.0,100.0,1.0,0.9956,0.9526
11090101,Middle Canadian-Trujillo,"NM,TX",4790.9,-103.489,34.9287,-102.4288,35.924,0,,15,1,1,1,98.8538,0.0,100.0,1.0,0.996,0.9655
11090102,Punta de Agua,"NM,TX",3885.9,-103.758,35.5437,-102.3063,36.3332,1,07227420,7,0,0,0,43.883,0.0,100.0,1.0,0.4348,0.3961
11090103,Rita Blanca,"NM,OK,TX",2834.6,-103.6313,35.662,-102.3431,36.5645,0,,4,1,1,1,32.8904,0.0,100.0,0.9996,0.3211,0.3143
11090104,Carrizo,"NM,TX",2366.8,-104.1871,36.0116,-102.5866,36.7203,0,,10,1,1,1,13.5658,0.0,100.0,1.0,0.1347,0.1178
11090105,Lake Meredith,TX,5238.6,-102.5688,35.1674,-101.5434,35.885,0,,15,7,4,7,99.1797,53.734,100.0,1.0,1.0,0.9814
11090106,Middle Canadian-Spring,"OK,TX",7134.0,-101.6221,35.3559,-99.9905,36.1265,0,,9,4,5,3,67.7032,0.0,100.0,1.0,0.6903,0.6419
11090201,Lower Canadian-Deer,"OK,TX",5289.9,-100.1082,35.4441,-98.3786,36.1825,0,,7,2,0,2,70.514,0.0,100.0,1.0,0.7244,0.6681
11090202,Lower Canadian-Walnut,OK,4747.4,-98.4092,34.6046,-96.1614,35.655,1,07229300,33,39,36,19,97.9551,60.139,100.0,1.0,1.0,0.9465
11090203,Little,OK,2530.7,-97.5257,34.9172,-96.2989,35.4401,1,07230000,25,20,23,8,99.6266,0.0,100.0,1.0,0.9968,0.9525
11090204,Lower Canadian,OK,5130.0,-96.2516,34.6038,-95.0391,35.4471,0,,14,10,9,7,82.3198,0.0,100.0,1.0,0.8325,0.7885
11100101,Upper Beaver,"NM,OK,TX",7075.6,-103.9089,36.3896,-101.4681,36.9629,0,,5,2,7,2,0.28,0.0,100.0,1.0,0.0031,0.0018
11100102,Middle Beaver,"KS,OK,TX",3511.0,-101.6599,36.4876,-100.5154,37.0411,0,,7,3,3,3,25.6183,0.0,100.0,1.0,0.2479,0.2268
11100103,Coldwater,"NM,OK,TX",5082.0,-103.0171,36.0158,-101.1339,36.6771,0,,2,0,0,0,52.3431,0.0,100.0,1.0,0.5261,0.4851
11100104,Palo Duro,"OK,TX",5016.4,-102.4945,35.8125,-100.8994,36.66,0,,6,2,1,2,76.594,0.0,100.0,1.0,0.7678,0.732
11100201,Lower Beaver,"OK,TX",4612.3,-100.9867,36.2812,-99.5014,36.9192,1,07234100,11,6,8,7,44.8318,0.0,100.0,1.0,0.4412,0.426
11100202,Upper Wolf,TX,2156.4,-101.3151,35.9698,-100.2697,36.3803,0,,3,0,0,0,28.6628,0.0,100.0,1.0,0.2791,0.2555
11100203,Lower Wolf,"OK,TX",2823.2,-100.3489,36.0508,-99.4802,36.5924,0,,4,0,0,0,33.2879,0.0,100.0,1.0,0.3262,0.3156
11100301,Middle North Canadian,OK,4812.7,-99.5686,35.3783,-97.618,36.6434,0,,20,6,9,5,97.1678,28.202,100.0,1.0,0.9517,0.9517
11100302,Lower North Canadian,OK,4843.3,-97.6332,35.0454,-95.4544,35.611,0,,40,28,30,19,97.1078,44.941,100.0,1.0,0.9604,0.9442
11100303,Deep Fork,OK,6569.4,-97.6206,35.3294,-95.5527,35.9653,2,07242350;07243000,40,29,34,17,100.0,100.0,100.0,1.0,1.0,1.0
11110101,Polecat-Snake,OK,3424.4,-96.5381,35.5806,-95.295,36.2316,4,07164600;07165500;07165562;07165565,26,18,20,12,99.3447,80.153,100.0,1.0,1.0,0.9667
11110102,Dirty-Greenleaf,OK,2064.6,-95.6543,35.3253,-94.9622,35.8978,0,,14,4,1,3,99.5465,62.659,100.0,1.0,1.0,0.9762
11110103,Illinois,"AR,OK",4283.4,-95.1233,35.4873,-94.0658,36.373,9,07194800;07195000;07195800;07195855;07195865;07196000;07196900;07197000;07197360,21,31,32,15,99.9916,82.093,100.0,1.0,1.0,0.9995
11110104,Robert S. Kerr Reservoir,"AR,OK",4565.1,-95.5291,34.9885,-94.14,35.9059,4,07245500;07249500;07249800;07249920,34,25,28,17,99.4871,0.0,100.0,1.0,0.9996,0.9794
11110105,Poteau,"AR,OK",4934.7,-95.3953,34.679,-93.8813,35.3885,5,07247000;07247015;07247250;07247500;07249400,23,17,18,14,84.4761,0.0,100.0,1.0,0.8622,0.7633
11110201,Frog-Mulberry,AR,3330.7,-94.4031,35.1376,-93.4018,35.868,5,07250935;07250965;07250974;07251500;07252000,30,18,19,13,93.1321,0.0,100.0,1.0,0.948,0.8383
11110202,Dardanelle Reservoir,AR,4830.9,-94.0567,35.1543,-92.7767,35.8532,4,07256500;07257000;07257006;07257500,27,21,19,14,99.3025,0.0,100.0,1.0,0.9975,0.9725
11110203,Lake Conway-Point Remove,AR,2951.9,-93.2517,34.8942,-92.1588,35.5492,0,,30,15,14,7,88.8068,0.0,100.0,1.0,0.9075,0.7901
11110204,Petit Jean,AR,2846.3,-94.2825,34.8582,-92.8558,35.2529,2,07258500;07260000,22,5,5,4,97.7862,0.0,100.0,1.0,0.9857,0.9103
11110205,Cadron,AR,1961.3,-92.6686,35.1059,-91.9924,35.5189,1,07261000,15,4,4,4,97.3528,0.0,100.0,1.0,0.9789,0.9084
11110206,Fourche La Fave,AR,2886.9,-94.3503,34.6607,-92.5767,35.0597,1,07263000,16,4,4,3,78.9234,0.0,100.0,1.0,0.8027,0.7136
11110207,Lower Arkansas-Maumelle,AR,2844.6,-92.9762,34.2137,-91.8491,34.942,7,07263295;07263296;07263300;07263580;72632962;72632971;72632982,26,36,37,20,96.8646,0.0,100.0,1.0,0.9835,0.8887
11120101,Tierra Blanca,"NM,TX",4964.7,-103.7488,34.5645,-101.8284,35.0266,0,,27,9,17,11,100.0,100.0,100.0,1.0,1.0,1.0
11120102,Palo Duro,"NM,TX",2591.4,-103.2519,34.8449,-101.9027,35.2881,0,,27,6,7,7,100.0,100.0,100.0,1.0,1.0,1.0
11120103,Upper Prairie Dog Town Fork Red,TX,5576.7,-102.0918,34.4644,-100.7517,35.2254,0,,29,13,20,13,99.8996,0.0,100.0,1.0,0.9991,0.9974
11120104,Tule,TX,3304.4,-102.577,34.2872,-101.2315,34.8149,1,07298000,22,2,5,2,100.0,100.0,100.0,1.0,1.0,1.0
11120105,Lower Prairie Dog Town Fork Red,"OK,TX",3729.2,-101.2269,34.3888,-99.946,34.9422,0,,5,5,5,5,75.6227,0.0,100.0,1.0,0.7735,0.6469
11120201,Upper Salt Fork Red,TX,1918.1,-101.3908,34.8132,-100.5584,35.2334,1,07299890,7,1,1,1,100.0,100.0,100.0,1.0,1.0,1.0
11120202,Lower Salt Fork Red,"OK,TX",3230.9,-100.6807,34.4468,-99.2639,35.193,0,,4,2,6,3,91.7454,0.0,100.0,1.0,0.9218,0.86
11120301,Upper North Fork Red,TX,3052.3,-101.8033,35.1632,-100.5321,35.599,0,,16,6,5,7,99.7799,0.0,100.0,1.0,0.9993,0.9571
11120302,Middle North Fork Red,"OK,TX",4285.8,-100.687,34.8676,-99.2725,35.6264,1,07301410,5,1,1,1,64.2598,0.0,100.0,1.0,0.6493,0.5918
11120303,Lower North Fork Red,OK,3574.3,-99.518,34.3341,-98.7544,35.4865,2,07305500;07307010,13,3,2,2,99.1359,0.0,100.0,1.0,0.9969,0.9514
11120304,Elm Fork Red,"OK,TX",2404.5,-100.639,34.8449,-99.3174,35.299,0,,4,2,0,1,92.5705,0.0,100.0,1.0,0.9294,0.8814
11130101,Groesbeck-Sandy,"OK,TX",3413.1,-100.2144,34.1306,-99.2037,34.8331,1,07299670,4,0,0,0,99.8699,94.574,100.0,1.0,1.0,0.9745
11130102,Blue-China,"OK,TX",1994.8,-99.3445,34.0067,-98.2675,34.452,0,,6,1,2,1,99.0355,0.0,100.0,1.0,0.9949,0.9348
11130103,North Pease,TX,3867.0,-101.5971,34.0633,-100.1195,34.5323,0,,10,1,2,2,80.7028,0.0,100.0,1.0,0.8143,0.7702
11130104,Middle Pease,TX,3548.2,-101.4221,33.6662,-100.1099,34.2442,0,,3,3,1,3,86.7656,0.0,100.0,1.0,0.8706,0.8238
11130105,Pease,"OK,TX",2078.5,-100.173,33.9377,-99.1071,34.3358,0,,0,0,0,0,99.1214,81.894,100.0,1.0,1.0,0.9454
11130201,Farmers-Mud,"OK,TX",6010.1,-98.2715,33.5562,-97.0892,34.5123,0,,13,9,8,5,63.2454,0.0,100.0,1.0,0.6385,0.5788
11130202,Cache,OK,2071.0,-98.7455,34.1333,-98.213,35.0148,1,07309435,11,11,11,9,99.3777,0.0,100.0,1.0,0.9956,0.9475
11130203,West Cache,OK,2848.9,-99.0399,34.1782,-98.3057,34.7999,1,07311200,11,8,8,4,98.8886,0.0,100.0,1.0,0.9925,0.9577
11130204,North Wichita,TX,2840.9,-100.6929,33.6908,-99.4435,34.121,1,07311630,6,0,0,0,88.7014,0.0,100.0,1.0,0.8953,0.8268
11130205,South Wichita,TX,1787.1,-100.6815,33.526,-99.4912,33.7724,2,07311782;07311783,2,0,0,0,61.195,0.0,100.0,1.0,0.6088,0.5685
11130206,Wichita,"OK,TX",2646.7,-99.5756,33.612,-98.1637,34.1216,0,,5,0,0,0,99.1608,63.337,100.0,1.0,1.0,0.9448
11130207,Southern Beaver,TX,1760.7,-99.8529,33.7918,-98.8119,34.1081,0,,1,0,0,0,100.0,100.0,100.0,1.0,1.0,1.0
11130208,Northern Beaver,OK,2237.6,-98.3153,33.9958,-97.8823,34.831,0,,15,11,13,5,99.9891,91.929,100.0,1.0,1.0,0.9986
11130209,Little Wichita,TX,3841.2,-99.1944,33.3873,-97.9713,34.0213,1,07315200,3,2,2,2,100.0,100.0,100.0,1.0,1.0,1.0
11130210,Lake Texoma,"OK,TX",2569.7,-97.2541,33.5856,-96.5626,34.2164,0,,21,5,6,5,22.3415,0.0,100.0,1.0,0.2301,0.1791
11130301,Washita Headwaters,"OK,TX",3813.7,-100.6656,35.4261,-99.1807,35.9088,3,07319500;07322500;07323000,8,1,1,1,25.2574,0.0,100.0,1.0,0.2492,0.2177
11130302,Upper Washita,OK,8310.6,-99.382,34.7725,-97.7209,35.899,10,07325800;07325840;07325850;07325860;07326000;07327442;07327447;07327490;07327550;73274406,18,7,7,3,94.0533,0.0,100.0,1.0,0.943,0.9084
11130303,Middle Washita,OK,6496.0,-97.9902,34.1513,-96.868,35.116,5,07328070;07328180;07329500;07329780;07329852,21,16,13,11,97.4117,0.0,100.0,1.0,0.9794,0.9525
11130304,Lower Washita,OK,1893.8,-96.9949,33.8812,-96.454,34.6016,3,07331200;07331295;07331300,13,9,8,5,39.762,0.0,100.0,1.0,0.4057,0.3472
11140101,Bois D'arc-Island,"OK,TX",5137.1,-96.7087,33.4048,-95.2275,34.0753,2,07332600;07332620,25,15,22,13,11.352,0.0,100.0,1.0,0.1181,0.0768
11140102,Blue,OK,1769.3,-96.8728,33.8583,-95.9286,34.6848,2,07332390;07332400,18,6,6,6,28.2024,0.0,100.0,1.0,0.278,0.2583
11140103,Muddy Boggy,OK,3717.1,-96.634,33.9107,-95.556,34.8923,0,,23,4,3,3,25.7833,0.0,100.0,1.0,0.2557,0.2359
11140104,Clear Boggy,OK,2597.1,-96.762,34.0202,-95.798,34.7831,0,,20,8,7,9,45.0538,0.0,100.0,1.0,0.4547,0.4202
11140105,Kiamichi,"AR,OK",4719.0,-95.8222,33.9145,-94.4511,34.8206,1,07335700,12,5,4,3,36.1579,0.0,100.0,1.0,0.3682,0.2999
11140106,Pecan-Waterhole,"AR,OK,TX",3747.8,-95.4197,33.4401,-93.8097,34.0858,0,,27,6,8,4,11.2245,0.0,100.0,1.0,0.124,0.0738
11140107,Upper Little,OK,3638.2,-95.3919,33.8286,-94.575,34.6299,1,07337900,14,13,12,6,54.0775,0.0,100.0,1.0,0.5479,0.5049
11140108,Mountain Fork,"AR,OK",2192.2,-94.8346,33.9511,-94.1849,34.6938,1,07338750,16,6,6,4,24.0867,0.0,100.0,1.0,0.2324,0.1808
11140109,"Lower Little Arkansas, Oklahoma","AR,OK",5151.8,-94.6163,33.5618,-93.7874,34.4934,5,07339500;07340300;07340500;07341000;07341200,22,8,7,5,8.0714,0.0,100.0,1.0,0.0738,0.054
11140201,McKinney-Posten Bayous,"AR,LA,TX",2287.3,-94.1328,32.8987,-93.5489,33.8087,0,,43,15,8,9,77.3468,0.0,100.0,1.0,0.7844,0.7419
11140202,Middle Red-Coushatta,LA,618.8,-93.8329,31.8413,-93.075,32.9165,0,,30,2,3,2,78.1309,0.0,100.0,1.0,0.8455,0.6323
11140203,Loggy Bayou,"AR,LA",3871.5,-93.5532,32.1838,-93.0874,33.5982,1,07348800,29,13,14,10,97.6539,0.0,100.0,1.0,0.9796,0.9416
11140204,Red Chute,LA,1095.4,-93.7854,32.2347,-93.4171,32.9627,0,,16,33,32,16,99.5127,68.226,100.0,1.0,1.0,0.9582
11140205,Bodcau Bayou,"AR,LA",1860.5,-93.7092,32.5825,-93.3449,33.6698,0,,29,13,13,5,86.4756,0.0,100.0,1.0,0.8735,0.809
11140206,Bayou Pierre,"LA,TX",2902.1,-94.0471,31.5952,-93.0935,32.5034,3,07351000;07351500;07351748,33,58,58,22,93.6064,0.0,100.0,1.0,0.9488,0.8422
11140207,Lower Red-Lake Iatt,LA,3693.0,-93.3737,31.2083,-92.4115,31.8846,1,07354000,27,11,13,10,41.52,0.0,100.0,1.0,0.4264,0.364
11140208,Saline Bayou,LA,1266.3,-93.121,31.7342,-92.7784,32.5853,1,07352000,9,4,4,4,91.9153,0.0,100.0,1.0,0.9291,0.8565
11140209,Black Lake Bayou,LA,2346.7,-93.3988,31.8367,-92.9214,32.7626,1,07352800,15,4,4,5,94.6983,0.0,100.0,1.0,0.9543,0.9046
11140301,Sulphur Headwaters,TX,2974.1,-96.2493,33.1257,-95.3055,33.6722,3,07342465;07342480;07343000,9,9,9,5,2.2838,0.0,100.0,1.0,0.0212,0.017
11140302,Lower Sulpher,"AR,TX",4723.6,-95.47,33.0876,-93.8173,33.7125,0,,20,13,18,9,45.6876,0.0,100.0,1.0,0.454,0.4437
11140303,White Oak Bayou,TX,2066.5,-95.8266,33.0404,-94.65,33.3743,0,,6,2,2,2,8.1828,0.0,100.0,1.0,0.0808,0.0694
11140304,Cross Bayou,"AR,LA,TX",2017.8,-94.2597,32.3827,-93.7312,33.2229,1,07344450,38,20,21,18,99.6807,0.0,100.0,1.0,0.999,0.9809
11140305,Lake O'the Pines,TX,2291.0,-95.361,32.6972,-94.4688,33.2366,4,07344486;07344493;07344500;07345000,20,8,8,6,68.7795,0.0,100.0,1.0,0.6878,0.6516
11140306,Caddo Lake,"LA,TX",3097.4,-94.709,32.5061,-93.9143,33.2102,2,07346045;07346140,34,4,4,2,99.607,68.611,100.0,1.0,1.0,0.9802
11140307,Little Cypress,TX,1838.9,-95.2256,32.5175,-94.2599,33.012,0,,21,7,5,6,95.5736,0.0,100.0,1.0,0.9645,0.8819
12010001,Upper Sabine,TX,3538.4,-96.3931,32.4845,-95.4761,33.3253,2,08017200;08017300,36,12,10,7,64.4856,0.0,100.0,1.0,0.6553,0.5986
12010002,Middle Sabine,"LA,TX",7221.7,-95.5411,31.9215,-93.9828,33.019,3,08019500;08022070;08022300,60,45,43,21,83.5946,0.0,100.0,1.0,0.8464,0.7859
12010003,Lake Fork,TX,1759.4,-95.9458,32.606,-95.2918,33.148,0,,6,1,1,1,1.4514,0.0,100.0,1.0,0.0153,0.01
12010004,Toledo Bend Reservoir,"LA,TX",6136.5,-94.4287,31.0825,-93.367,32.2311,3,08023080;08023200;08023400,52,25,26,22,89.2254,0.0,100.0,1.0,0.9047,0.8451
12010005,Lower Sabine,"LA,TX",6856.1,-94.0276,29.8936,-93.146,31.5673,6,08025500;08028000;08028700;08029500;08030000;08031000,47,27,56,20,96.0088,0.0,100.0,1.0,0.9687,0.9202
12020001,Upper Neches,TX,5036.5,-95.9258,31.408,-95.063,32.5423,1,08031200,32,24,24,17,5.2891,0.0,100.0,1.0,0.0487,0.0417
12020002,Middle Neches,TX,4165.3,-95.3677,30.8425,-94.4022,31.7177,1,08033300,27,25,30,15,0.2195,0.0,100.0,1.0,0.001,0.001
12020003,Lower Neches,TX,2856.8,-94.5488,29.95,-93.8534,31.1601,0,,41,18,25,14,68.8843,0.0,100.0,1.0,0.6718,0.6711
12020004,Upper Angelina,TX,4185.7,-95.3682,31.3916,-94.6219,32.3702,2,08033900;08034500,31,32,29,16,61.9089,0.0,100.0,1.0,0.6306,0.5388
12020005,Lower Angelina,TX,5044.3,-94.77,30.8717,-93.8724,31.979,2,08037050;08039100,36,36,35,17,54.2366,0.0,100.0,1.0,0.5589,0.4769
12020006,Village,TX,2908.1,-94.8198,30.2297,-94.119,30.8886,0,,17,11,36,8,60.2342,0.0,100.0,1.0,0.5973,0.571
12020007,Pine Island Bayou,TX,1704.4,-94.7554,29.9928,-94.1109,30.5843,1,08041700,32,15,20,12,99.7135,0.0,100.0,1.0,0.9975,0.9837
12030101,Upper West Fork Trinity,TX,5067.5,-98.7367,32.8585,-97.4017,33.602,4,08042700;08043950;08044000;08044800,21,15,18,7,99.7594,0.0,100.0,1.0,0.9986,0.9885
12030102,Lower West Fork Trinity,TX,3921.2,-97.9335,32.4074,-96.8982,33.0049,7,08046000;08047050;08048970;08049580;08049600;08049700;08050100,29,47,44,17,95.8666,0.0,100.0,1.0,0.9658,0.8917
12030103,Elm Fork Trinity,TX,4813.2,-97.6549,32.7983,-96.6973,33.7372,10,08050400;08050500;08050800;08050840;08051000;08051500;08052700;08052745;08052780;08053009,39,42,43,21,100.0,100.0,100.0,1.0,1.0,1.0
12030104,Denton,TX,1863.3,-97.8351,32.9165,-96.94,33.6593,0,,34,2,3,3,100.0,100.0,100.0,1.0,1.0,1.0
12030105,Upper Trinity,TX,3547.4,-96.9745,31.9574,-95.891,33.1411,3,08056500;08057200;08057445,35,61,67,22,91.0091,0.0,100.0,1.0,0.9112,0.8691
12030106,East Fork Trinity,TX,3375.5,-96.7898,32.496,-96.2164,33.5548,8,08058500;08058900;08059000;08059350;08059400;08059500;08061540;08061700,38,39,38,19,99.9997,99.105,100.0,1.0,1.0,0.9997
12030107,Cedar,TX,2759.9,-96.4306,32.0764,-95.7971,32.942,3,08062800;08062895;08062900,12,18,13,9,79.2759,0.0,100.0,1.0,0.8017,0.7413
12030108,Richland,TX,2374.4,-97.0971,31.7131,-96.0606,32.192,2,08063048;08063100,25,7,6,5,82.9411,0.0,100.0,1.0,0.8394,0.7624
12030109,Chambers,TX,2784.2,-97.3378,31.974,-96.1676,32.5539,1,08063800,20,19,18,11,97.9393,0.0,100.0,1.0,0.9797,0.97
12030201,Lower Trinity-Tehuacana,TX,5454.1,-96.5515,31.2867,-95.3451,32.2223,3,08064700;08064800;08065200,20,21,21,8,8.9273,0.0,100.0,1.0,0.0902,0.0604
12030202,Lower Trinity-Kickapoo,TX,8439.7,-96.1442,30.4273,-94.6601,31.3943,4,08065800;08066170;08066200;08066300,25,46,31,11,11.677,0.0,100.0,1.0,0.1219,0.0865
12030203,Lower Trinity,TX,2082.4,-94.9932,29.7478,-94.5374,30.4873,0,,7,4,4,2,98.6157,67.778,100.0,0.9892,1.0,0.9564
12040101,West Fork San Jacinto,TX,2801.6,-95.9703,29.9111,-95.0881,30.7739,0,,24,14,10,8,42.9211,0.0,100.0,1.0,0.4264,0.3678
12040102,Spring,TX,1960.5,-95.9879,29.8791,-95.2636,30.3629,10,08068275;08068325;08068390;08068400;08068450;08068720;08068740;08068780;08068800;08069000,24,3,3,3,82.9835,0.0,100.0,1.0,0.8525,0.7213
12040103,East Fork San Jacinto,TX,2577.1,-95.5411,30.0415,-94.8668,30.7661,5,08070000;08070200;08070500;08071000;08071280,24,5,3,4,66.4043,0.0,100.0,1.0,0.6656,0.5714
12040104,Buffalo-San Jacinto,TX,3062.4,-95.9598,29.5801,-94.9483,30.021,24,08067525;08072300;08072730;08072760;08073500;08073600;08073700;08074000;08074020;08074150;08074500;08074760;08074810;08075000;08075400;08075500;08075605;08075730;08075763;08075770;08075900;08076000;08076180;08076500,19,23,42,16,99.7554,0.0,100.0,0.9804,0.9989,0.995
12040201,Sabine Lake,"LA,TX",2512.1,-94.5014,29.6237,-93.6456,30.1434,0,,34,22,84,23,97.7571,0.0,100.0,0.9962,0.9846,0.903
12040202,East Galveston Bay,"LA,TX",2760.8,-94.8704,29.35,-93.8013,30.0045,0,,32,0,0,0,98.9076,0.0,100.0,0.5954,0.9921,0.9509
12040203,North Galveston Bay,TX,923.4,-95.1028,29.5021,-94.703,30.1628,1,08067500,21,2,2,1,99.8134,0.0,100.0,0.6221,0.9981,0.9963
12040204,West Galveston Bay,TX,3141.1,-95.545,29.0571,-94.621,29.7054,3,08076997;08077000;08078000,23,12,12,7,96.7801,0.0,100.0,0.7138,0.9752,0.9054
12040205,Austin-Oyster,TX,1804.3,-95.9206,28.8433,-95.0644,29.7531,1,08079000,2,0,0,0,98.6475,0.0,100.0,0.8526,0.9901,0.8975
12050001,Yellow House Draw,"NM,TX",9509.4,-103.8705,33.5762,-101.8332,34.5671,0,,39,26,32,23,100.0,100.0,100.0,0.9999,1.0,1.0
12050002,Blackwater Draw,"NM,TX",4371.9,-103.6129,33.5927,-101.8061,34.5697,0,,36,10,14,10,99.8472,0.0,100.0,1.0,0.9983,0.9962
12050003,North Fork Double Mountain Fork Brazos,TX,3137.8,-102.2442,33.0843,-100.9747,34.0236,0,,28,15,29,15,99.4694,0.0,100.0,1.0,0.9951,0.9571
12050004,Double Mountain Fork Brazos,TX,6744.0,-102.6649,32.7055,-99.9015,33.6793,0,,51,6,5,7,93.6023,0.0,100.0,1.0,0.9378,0.9033
12050005,Running Water Draw,"NM,TX",3920.9,-103.6614,33.9736,-101.453,34.689,0,,18,6,8,5,99.3829,0.0,100.0,1.0,0.9951,0.9362
12050006,White,TX,4188.2,-102.4306,33.2412,-100.9326,34.3362,0,,24,2,1,3,99.9943,99.675,100.0,1.0,1.0,0.9786
12050007,Salt Fork Brazos,TX,5687.2,-101.6287,33.0168,-100.0012,33.9752,2,08081200;08081500,21,3,2,3,81.006,0.0,100.0,1.0,0.8177,0.7558
12060101,Middle Brazos-Millers,TX,6525.2,-100.5769,32.9978,-98.6564,33.6668,2,08082180;08082700,10,5,5,4,93.1636,0.0,100.0,1.0,0.933,0.8972
12060102,Upper Clear Fork Brazos,TX,7244.0,-100.803,32.19,-99.3292,33.0553,3,08083100;08083245;08083420,32,15,15,11,100.0,100.0,100.0,1.0,1.0,1.0
12060103,Paint,TX,2759.7,-100.3061,32.7025,-99.3582,33.2407,0,,9,6,5,4,100.0,100.0,100.0,1.0,1.0,1.0
12060104,Lower Clear Fork Brazos,TX,1626.7,-99.4041,32.765,-98.6479,33.1706,0,,3,0,0,0,99.997,99.816,100.0,1.0,1.0,0.9834
12060105,Hubbard,TX,3329.3,-99.5037,32.2211,-98.7306,32.9124,3,08086050;08086150;08086290,5,2,1,1,99.0425,0.0,100.0,1.0,0.991,0.9688
12060201,Middle Brazos-Palo Pinto,TX,8163.4,-98.8446,32.2561,-97.5478,33.4305,2,08088300;08088450,16,5,5,5,99.9059,50.0,100.0,1.0,1.0,0.9776
12060202,Middle Brazos-Lake Whitney,TX,6468.8,-98.2941,31.4103,-96.8475,32.5,4,08091750;08092000;08093360;08093500,27,30,30,13,99.9292,96.571,100.0,1.0,1.0,0.9781
12060203,Bosque,TX,1092.1,-97.8274,31.3434,-97.1559,31.6883,2,08095300;08095400,15,5,7,4,100.0,100.0,100.0,1.0,1.0,1.0
12060204,North Bosque,TX,3220.5,-98.3977,31.5609,-97.2244,32.3652,2,08093700;08094800,15,6,7,5,100.0,100.0,100.0,1.0,1.0,1.0
12070101,Lower Brazos-Little Brazos,TX,6986.3,-97.37,30.0893,-95.911,31.6414,1,08098300,32,22,27,9,93.4907,0.0,100.0,1.0,0.9381,0.8799
12070102,Yegua,TX,3421.9,-97.3248,30.1408,-96.2984,30.6814,3,08109700;08109800;08110100,11,2,4,2,100.0,100.0,100.0,1.0,1.0,1.0
12070103,Navasota,TX,5818.3,-96.9025,30.3309,-95.8992,31.8145,2,08110325;08110430,24,24,30,17,81.9388,0.0,100.0,1.0,0.8339,0.752
12070104,Lower Brazos,TX,4254.7,-96.6566,28.8755,-95.3709,30.2377,3,08111700;08115000;08116400,5,14,9,3,74.2317,0.0,100.0,0.9997,0.7563,0.6291
12070201,Leon,TX,7823.7,-99.1578,30.9842,-97.3352,32.5513,1,08099300,30,31,29,15,99.9998,99.624,100.0,1.0,1.0,0.9973
12070202,Cowhouse,TX,1884.1,-98.5695,31.0705,-97.5082,31.7259,0,,20,10,10,6,99.298,0.0,100.0,1.0,0.995,0.971
12070203,Lampasas,TX,3917.0,-98.5638,30.7929,-97.4,31.6139,1,08103900,27,13,16,9,99.4656,0.0,100.0,1.0,0.997,0.9681
12070204,Little,TX,2598.5,-97.6102,30.643,-96.6776,31.3181,0,,26,18,26,10,99.7877,0.0,100.0,1.0,0.9988,0.942
12070205,San Gabriel,TX,3539.7,-98.2671,30.4037,-97.0029,30.9189,5,08104700;08104900;08105095;08105100;810464660,23,16,14,6,99.895,0.0,100.0,1.0,0.9991,0.9853
12080001,Lost Draw,"NM,TX",4637.3,-103.6926,32.9714,-102.0133,33.8217,0,,41,2,2,3,99.9633,60.0,100.0,1.0,1.0,0.9989
12080002,Colorado Headwaters,TX,7570.5,-102.3237,32.1797,-100.4874,33.2207,1,08120500,39,45,41,25,90.5628,0.0,100.0,0.9999,0.9059,0.8862
12080003,Monument-Seminole Draws,"NM,TX",6239.1,-103.8637,32.4175,-102.2704,33.3347,0,,27,6,6,5,62.7123,0.0,100.0,1.0,0.6285,0.5796
12080004,Mustang Draw,"NM,TX",8044.5,-103.8379,31.8276,-101.3983,33.555,0,,54,14,14,13,85.7877,0.0,100.0,1.0,0.8631,0.8206
12080005,Johnson Draw,TX,5125.2,-102.9609,31.643,-101.5799,32.4034,0,,29,66,63,26,99.4907,0.0,100.0,1.0,0.9957,0.981
12080006,Sulphur Springs Draw,"NM,TX",4879.2,-103.5951,32.0816,-101.5143,33.5674,0,,29,12,14,9,92.2167,0.0,100.0,1.0,0.9323,0.8694
12080007,Beals,TX,1575.8,-101.5981,31.9646,-100.8548,32.3977,0,,19,10,10,8,99.4167,88.098,100.0,1.0,1.0,0.9496
12080008,Upper Colorado,TX,3571.8,-100.9803,31.7011,-100.1179,32.3085,0,,12,0,0,0,98.6105,0.0,100.0,1.0,0.99,0.9518
12090101,Middle Colorado-Elm,TX,2997.4,-100.3976,31.552,-99.6697,32.2751,0,,29,3,2,3,99.8218,90.745,100.0,1.0,1.0,0.98
12090102,South Concho,TX,3461.6,-101.26,30.8377,-100.2657,31.4572,2,08130500;08131400,21,16,17,11,93.594,0.0,100.0,1.0,0.9431,0.8695
12090103,Middle Concho,TX,6972.9,-102.2798,31.0406,-100.561,31.8287,0,,37,3,2,3,98.2627,0.0,100.0,1.0,0.9838,0.9664
12090104,North Concho,TX,3845.6,-101.6159,31.4198,-100.4149,32.1479,3,08133250;08133900;08134230,30,21,24,12,99.0124,0.0,100.0,1.0,0.9926,0.9659
12090105,Concho,TX,3193.2,-100.4785,31.0469,-99.707,31.7153,0,,21,19,17,3,99.9523,97.765,100.0,1.0,1.0,0.9766
12090106,Middle Colorado,TX,5213.9,-99.8659,31.1676,-98.5097,31.8312,2,08139500;08140500,17,4,4,4,95.9365,0.0,100.0,1.0,0.9655,0.9158
12090107,Pecan Bayou,TX,3679.9,-99.6882,31.4253,-98.5243,32.4311,0,,21,9,6,6,99.9611,0.0,100.0,1.0,0.9997,0.9937
12090108,Jim Ned,TX,2029.5,-99.8889,31.7262,-99.0016,32.2675,2,08141500;08142000,18,5,5,4,100.0,100.0,100.0,1.0,1.0,1.0
12090109,San Saba,TX,5947.5,-100.6134,30.6208,-98.6281,31.3274,0,,12,11,12,7,83.676,0.0,100.0,1.0,0.839,0.82
12090110,Brady,TX,2081.5,-100.0762,31.0074,-98.9746,31.3028,1,08144800,9,3,3,2,89.9753,0.0,100.0,1.0,0.9017,0.8849
12090201,Buchanan-Lyndon B. Johnson Lakes,TX,3289.7,-99.0076,30.3707,-98.2311,31.3891,1,08152000,22,5,3,4,99.7669,84.22,100.0,1.0,1.0,0.9678
12090202,North Llano,TX,2380.0,-100.5131,30.2737,-99.7569,30.7353,0,,10,1,3,1,99.9994,98.754,100.0,1.0,1.0,0.9996
12090203,South Llano,TX,2417.3,-100.4938,29.9834,-99.6789,30.4945,0,,15,2,0,2,98.1397,0.0,100.0,1.0,0.985,0.9395
12090204,Llano,TX,6769.8,-99.8373,30.0714,-98.4293,30.9778,1,08150800,21,20,16,10,77.5739,0.0,100.0,1.0,0.7825,0.7273
12090205,Austin-Travis Lakes,TX,3214.3,-98.3702,30.0236,-97.5871,30.8206,28,08154700;08155200;08155240;08155300;08155400;08155541;08156675;08156800;08156910;08157000;08157500;08158030;08158035;08158045;08158200;08158380;08158600;08158700;08158810;08158819;08158827;08158840;08158860;08158920;08158927;08158930;08158970;08159000,21,39,33,15,99.7454,92.291,100.0,1.0,1.0,0.9658
12090206,Pedernales,TX,3316.6,-99.3424,30.081,-98.0539,30.4589,1,08152900,31,4,4,4,100.0,100.0,100.0,1.0,1.0,1.0
12090301,Lower Colorado-Cummins,TX,5688.7,-97.7684,29.6802,-96.4454,30.5017,1,08160800,21,9,9,7,92.0997,0.0,100.0,1.0,0.925,0.8894
12090302,Lower Colorado,TX,1827.8,-96.7404,28.5955,-95.9468,29.7518,0,,5,0,0,0,67.4736,0.0,100.0,0.9994,0.6916,0.5554
12090401,San Bernard,TX,2750.2,-96.4968,28.8604,-95.3765,29.8924,0,,7,2,2,2,85.2176,0.0,100.0,0.9996,0.8694,0.7692
12090402,East Matagorda Bay,TX,2481.0,-96.1002,28.5374,-95.3209,29.324,0,,5,0,0,0,99.1483,0.0,100.0,0.774,0.9938,0.982
12100101,Lavaca,TX,2356.3,-97.2459,28.6946,-96.5352,29.6429,1,08163500,15,8,10,6,71.2524,0.0,100.0,0.9991,0.7213,0.6575
12100102,Navidad,TX,3629.0,-97.1276,28.8326,-96.2606,29.8218,4,08164300;08164450;08164503;08164504,11,4,4,3,32.5086,0.0,100.0,1.0,0.3348,0.2716
12100201,Upper Guadalupe,TX,3710.3,-99.694,29.7992,-98.1788,30.2638,3,08165300;08165500;08166000,21,20,18,7,96.2979,0.0,100.0,1.0,0.9668,0.8988
12100202,Middle Guadalupe,TX,5538.3,-98.3545,29.0306,-97.0859,29.9337,2,08168797;08169000,15,23,24,9,99.9423,96.889,100.0,1.0,1.0,0.9717
12100203,San Marcos,TX,3519.6,-98.7154,29.4834,-97.4353,30.1677,4,08170500;08171000;08172400;08173000,25,21,20,8,100.0,100.0,100.0,1.0,1.0,1.0
12100204,Lower Guadalupe,TX,2609.9,-97.6812,28.5087,-96.8896,29.2231,3,08176900;08177000;08177300,10,9,8,8,96.2927,0.0,100.0,1.0,0.9631,0.9216
12100301,Upper San Antonio,TX,1312.9,-98.6484,29.1484,-98.2199,29.7331,5,08177700;08178000;08178565;08178700;08178800,23,54,60,19,98.3328,0.0,100.0,1.0,0.9894,0.9329
12100302,Medina,TX,3491.3,-99.5875,29.1517,-98.4062,29.9607,4,08178880;08179100;08181400;08181480,31,31,26,13,96.8454,0.0,100.0,1.0,0.9749,0.909
12100303,Lower San Antonio,TX,3845.6,-98.3906,28.4296,-96.7863,29.446,1,08186500,35,6,6,3,99.8689,50.0,100.0,1.0,1.0,0.9527
12100304,Cibolo,TX,2212.3,-98.8923,28.9525,-97.8598,29.8583,5,08183890;08183900;08185000;08185065;08185100,26,21,18,13,90.7382,0.0,100.0,1.0,0.9139,0.8417
12100401,Central Matagorda Bay,TX,3555.6,-96.5983,28.3519,-95.9629,29.2533,1,08162600,9,8,9,6,44.0718,0.0,100.0,0.6824,0.445,0.3905
12100402,West Matagorda Bay,TX,2318.2,-97.1117,28.3524,-96.3635,29.1021,2,08164600;08164800,17,5,7,5,53.5173,0.0,100.0,0.9313,0.538,0.5035
12100403,East San Antonio Bay,TX,1345.7,-96.972,28.0279,-96.3387,28.6953,0,,8,2,2,2,97.0668,0.0,100.0,0.4201,0.9807,0.9073
12100404,West San Antonio Bay,TX,379.1,-96.9605,28.1085,-96.749,28.5067,0,,10,0,0,0,98.8804,0.0,100.0,0.5567,0.9898,0.9796
12100405,Aransas Bay,TX,2378.6,-97.3025,27.8051,-96.8081,28.5991,1,08189200,14,19,23,9,99.3714,0.0,100.0,0.6446,0.9965,0.9844
12100406,Mission,TX,2689.0,-97.9702,28.1257,-97.1287,28.7527,1,08189300,9,3,2,2,100.0,100.0,100.0,0.9939,1.0,1.0
12100407,Aransas,TX,2218.2,-97.9224,27.9048,-97.1931,28.5006,2,08189700;08189800,14,14,12,8,99.9225,0.0,100.0,0.9985,0.9995,0.9985
12110101,Nueces Headwaters,TX,2114.7,-100.2706,29.2879,-99.8206,30.0941,0,,12,13,12,5,68.3329,0.0,100.0,1.0,0.7023,0.6095
12110102,West Nueces,TX,2378.1,-100.5666,29.2539,-99.9493,30.1223,0,,11,3,3,3,74.4845,0.0,100.0,1.0,0.761,0.6851
12110103,Upper Nueces,TX,4866.7,-100.0217,28.0428,-99.2328,29.5248,0,,18,1,1,1,78.8712,0.0,100.0,1.0,0.7929,0.7526
12110104,Turkey,TX,4036.2,-100.407,28.3999,-99.8091,29.4032,0,,12,1,1,1,99.7508,0.0,100.0,1.0,0.9981,0.9698
12110105,Middle Nueces,TX,8646.2,-99.6131,27.5337,-98.1891,28.5309,0,,15,3,3,1,41.6485,0.0,100.0,1.0,0.4235,0.3851
12110106,Upper Frio,TX,6063.3,-99.9203,28.6985,-99.0386,30.0007,4,08196000;08198000;08198500;08204005,15,19,12,8,92.0623,0.0,100.0,1.0,0.932,0.8641
12110107,Hondo,TX,2867.8,-99.4892,28.9288,-98.9203,29.7485,6,08200000;08200700;08200720;08200977;08201500;08202700,13,3,3,3,99.9507,88.386,100.0,1.0,1.0,0.9955
12110108,Lower Frio,TX,3162.7,-99.5609,28.3294,-98.1235,28.8619,0,,2,0,0,0,40.3021,0.0,100.0,1.0,0.412,0.3443
12110109,San Miguel,TX,2211.9,-99.0821,28.5226,-98.4392,29.392,0,,7,0,0,0,73.6508,0.0,100.0,1.0,0.7461,0.6804
12110110,Atascosa,TX,3614.3,-98.8913,28.4903,-97.9765,29.2859,0,,28,2,2,2,97.1734,0.0,100.0,1.0,0.9727,0.9589
12110111,Lower Nueces,TX,3363.8,-98.4785,27.8189,-97.5157,28.7607,1,08210400,32,7,10,6,99.2596,67.001,100.0,1.0,1.0,0.9702
12110201,North Corpus Christi Bay,TX,453.4,-97.6528,27.8103,-97.1886,27.9644,0,,23,5,7,6,99.0465,75.941,100.0,0.6019,1.0,0.9592
12110202,South Corpus Christi Bay,TX,1304.6,-97.7314,27.5732,-96.9857,27.8725,1,08211520,20,53,81,20,97.9673,0.0,100.0,0.563,0.9867,0.9304
12110203,North Laguna Madre,TX,810.8,-97.5027,27.2603,-97.162,27.6727,0,,21,0,5,3,96.8608,0.0,100.0,0.4696,0.9771,0.9341
12110204,San Fernando,TX,3297.0,-98.6842,27.4164,-97.7432,28.0389,1,08211800,25,12,12,8,100.0,100.0,100.0,1.0,1.0,1.0
12110205,Baffin Bay,TX,5517.1,-98.9367,27.1684,-97.3971,28.0171,0,,33,6,6,6,99.7484,0.0,100.0,0.9477,0.9979,0.9933
12110206,Palo Blanco,TX,2437.9,-98.9922,27.1225,-97.762,27.5402,0,,17,0,0,0,95.1785,0.0,100.0,0.9996,0.9574,0.8734
12110207,Central Laguna Madre,TX,9680.1,-98.8697,26.5226,-97.2131,27.2777,0,,6,2,3,1,81.3861,0.0,100.0,0.8592,0.817,0.7615
12110208,South Laguna Madre,TX,7729.7,-98.4833,25.8544,-97.0893,26.6342,0,,10,42,66,10,99.17,0.0,100.0,0.8326,0.9948,0.9763
13010001,Rio Grande Headwaters,CO,3575.8,-107.5592,37.4074,-106.3652,37.9748,5,08213500;08214500;08216500;08218500;08219500,4,1,1,1,13.3974,0.0,100.0,1.0,0.1304,0.1017
13010002,Alamosa-Trinchera,"CO,NM",6575.6,-106.7014,36.8613,-105.1296,37.6934,7,08220500;08236000;08238000;08240500;08241500;08242500;08250000,12,2,2,2,17.6904,0.0,100.0,1.0,0.1799,0.1413
13010003,San Luis,CO,4098.6,-106.3462,37.4557,-105.4286,38.4582,2,08224500;08227500,5,3,3,2,17.8551,0.0,100.0,0.9981,0.1848,0.1228
13010004,Saguache,CO,3478.1,-106.8715,37.6917,-105.8614,38.3527,2,08230500;08231000,3,1,1,1,12.5537,0.0,100.0,1.0,0.1247,0.1004
13010005,Conejos,"CO,NM",1987.0,-106.7076,36.7667,-105.7361,37.382,5,08245000;08246500;08247500;08248000;08248500,6,0,0,0,5.4977,0.0,100.0,1.0,0.0526,0.0337
13020101,Upper Rio Grande,"CO,NM",8429.4,-106.4488,35.7133,-105.2002,37.1932,26,08252500;08253000;08253500;08254000;08255500;08261000;08263000;08265000;08266000;08266820;08267000;08267500;08268500;08269000;08271000;08275300;08275500;08275600;08276300;08277470;08279000;08291000;08294195;08294210;08302500;08305030,63,17,18,16,42.2743,0.0,100.0,1.0,0.4291,0.343
13020102,Rio Chama,"CO,NM",8179.1,-107.0186,35.9944,-105.8843,37.1385,1,08284200,26,4,4,4,36.2804,0.0,100.0,0.9999,0.3664,0.2957
13020201,Rio Grande-Santa Fe,NM,4847.5,-106.6334,35.1127,-105.6249,35.8876,3,08315480;08316000;08317200,58,13,14,12,61.1722,0.0,100.0,1.0,0.6147,0.5261
13020202,Jemez,NM,2690.8,-107.0632,35.3549,-106.3899,36.1258,2,08321500;08323000,21,3,3,3,70.1309,0.0,100.0,1.0,0.7083,0.6229
13020203,Rio Grande-Albuquerque,NM,8327.8,-107.1998,33.6567,-106.2095,35.42,6,08329700;08329720;08329840;08329870;08329882;08330600,41,31,52,22,86.058,0.0,100.0,0.9995,0.8675,0.7984
13020204,Rio Puerco,NM,5469.3,-107.3963,34.3492,-106.8185,36.2059,0,,47,4,3,4,90.6457,0.0,100.0,1.0,0.926,0.8365
13020205,Arroyo Chico,NM,3562.0,-107.9715,35.2509,-107.0054,36.0705,0,,27,1,1,1,49.0033,0.0,100.0,1.0,0.5048,0.4036
13020206,North Plains,NM,3126.8,-108.4144,34.3242,-107.7483,35.1501,0,,9,2,1,2,92.1333,0.0,100.0,0.9981,0.9392,0.8495
13020207,Rio San Jose,NM,6727.1,-108.3939,34.5592,-107.0262,35.6025,2,08341500;08343100,18,5,7,4,50.631,0.0,100.0,1.0,0.515,0.4271
13020208,Plains of San Agustin,NM,5155.6,-108.5185,33.5557,-107.4042,34.3391,0,,9,2,2,2,38.4235,0.0,100.0,0.9942,0.3875,0.3459
13020209,Rio Salado,NM,3615.6,-108.0364,34.0162,-106.8569,34.7276,0,,14,4,4,3,94.4096,0.0,100.0,1.0,0.9622,0.8289
13020210,Jornada Del Muerto,NM,4431.5,-106.8675,33.2264,-106.1492,34.3725,0,,22,1,1,1,39.2042,0.0,100.0,0.9995,0.3919,0.3044
13020211,Elephant Butte Reservoir,NM,5684.3,-107.83,33.0204,-106.7232,34.0601,0,,16,2,3,3,23.2389,0.0,100.0,0.9998,0.2311,0.1686
13030101,Caballo,NM,3195.1,-107.87,32.8637,-107.1545,33.5226,0,,10,3,3,3,58.3082,0.0,100.0,1.0,0.6044,0.4616
13030102,El Paso-Las Cruces,"MX,NM,TX",14293.7,-107.7773,30.2415,-106.2351,32.9529,0,,51,32,46,28,96.387,0.0,100.0,0.4456,0.9805,0.9053
13030103,Jornada Draw,NM,3236.5,-107.2229,32.3537,-106.5281,33.29,0,,24,1,2,1,88.6746,0.0,100.0,0.999,0.9042,0.7903
13030201,Playas Lake,"MX,NM",18286.7,-109.0234,30.2456,-107.4829,32.1023,0,,13,1,1,1,22.722,0.0,100.0,0.236,0.2248,0.1943
13030202,Mimbres,"MX,NM",17304.5,-108.4358,30.6009,-106.8958,33.1427,2,08477000;08477110,32,10,13,9,82.3927,0.0,100.0,0.6764,0.8378,0.709
13040100,Rio Grande-Fort Quitman,"MX,NM,TX",8041.0,-106.5851,30.802,-105.3216,31.9946,1,08365600,28,17,32,18,60.6577,0.0,100.0,0.995,0.6242,0.5035
13040201,Cibolo-Red Light,"MX,TX",9521.7,-105.7365,29.3818,-104.2157,31.3229,0,,10,1,1,1,5.6472,0.0,100.0,0.9977,0.0629,0.0301
13040202,Alamito,"MX,TX",4045.0,-104.4071,29.5203,-103.6659,30.5983,0,,13,2,2,2,0.0118,0.0,44.206,1.0,0.0,0.0
13040203,Black Hills-Fresno,"MX,TX",7255.4,-104.6532,28.5901,-103.518,29.7121,0,,9,2,2,2,0.4315,0.0,43.348,0.9946,0.0,0.0
13040204,Terlingua,TX,2851.1,-103.9244,29.1658,-103.2853,30.1435,0,,9,3,1,3,0.0317,0.0,41.898,1.0,0.0,0.0
13040205,Big Bend,"MX,TX",15500.9,-103.8483,27.961,-102.36,29.5857,0,,8,3,4,3,0.604,0.0,100.0,0.9993,0.0022,0.0007
13040206,Maravillas,TX,3400.9,-103.5433,29.4557,-102.7218,30.4042,0,,8,4,3,2,0.0112,0.0,35.46,1.0,0.0,0.0
13040207,Santiago Draw,TX,2262.2,-103.7154,29.4237,-103.0515,30.2882,0,,8,0,0,0,0.0,0.0,0.0,1.0,0.0,0.0
13040208,Reagan-Sanderson,"MX,TX",6332.2,-102.9412,28.9114,-101.7993,30.2578,1,08376300,19,1,1,1,7.8848,0.0,100.0,1.0,0.0694,0.0498
13040209,San Francisco,TX,2651.4,-103.2153,29.7916,-102.304,30.3731,0,,19,0,1,1,0.0,0.0,0.0,1.0,0.0,0.0
13040210,Lozier Canyon,"MX,TX",2289.7,-102.8687,29.7983,-101.7097,30.3641,0,,25,1,0,1,0.0,0.0,0.0,1.0,0.0,0.0
13040211,Big Canyon,TX,2084.3,-103.1476,30.0783,-101.8123,30.4992,0,,19,0,0,0,0.0,0.0,0.0,1.0,0.0,0.0
13040212,Amistad Reservoir,"MX,TX",7161.8,-102.2618,28.9825,-101.0223,30.1505,0,,9,0,0,0,73.7641,0.0,100.0,1.0,0.738,0.6948
13040301,Upper Devils,TX,6844.3,-101.3732,30.0846,-100.451,31.054,0,,13,7,6,3,98.5672,0.0,100.0,1.0,0.9894,0.9488
13040302,Lower Devils,TX,2259.8,-101.3006,29.4504,-100.7315,30.1937,0,,6,1,1,1,91.8716,0.0,100.0,1.0,0.9214,0.8625
13040303,Dry Devils,TX,1888.7,-100.9972,29.7192,-100.4091,30.2785,0,,9,0,0,0,80.3546,0.0,100.0,1.0,0.8148,0.7355
13050001,Western Estancia,NM,6280.3,-106.4477,34.2123,-105.6207,35.2858,0,,89,13,15,10,32.4666,0.0,100.0,0.9984,0.3209,0.2464
13050002,Eastern Estancia,NM,1333.1,-105.7483,34.2052,-105.3356,34.8498,0,,50,1,0,1,25.5463,0.0,100.0,0.9977,0.2601,0.2004
13050003,Tularosa Valley,"NM,TX",17381.5,-106.7484,31.8947,-105.6305,34.3262,1,08481500,122,26,31,26,72.7534,0.0,100.0,0.9974,0.7364,0.6522
13050004,Salt Basin,"NM,TX",20518.7,-105.9554,30.0524,-104.1385,32.8021,0,,58,4,3,4,13.9048,0.0,100.0,0.999,0.1396,0.1229
13060001,Pecos Headwaters,NM,9016.2,-105.807,34.5886,-104.0513,35.9821,4,08377900;08378500;08380500;08382730,64,21,27,17,58.4677,0.0,100.0,1.0,0.5845,0.5253
13060002,Pintada Arroyo,NM,2667.6,-105.7106,34.6286,-104.6434,35.1597,0,,35,1,2,1,67.2136,0.0,100.0,1.0,0.674,0.6333
13060003,Upper Pecos,NM,10897.3,-105.6046,33.5609,-103.7805,34.8222,0,,67,4,9,4,92.7953,0.0,100.0,0.9996,0.9332,0.901
13060004,Taiban,NM,2086.9,-104.1754,34.2389,-103.5989,34.91,0,,18,1,1,1,98.8649,0.0,100.0,0.9995,0.9902,0.9594
13060005,Arroyo Del Macho,NM,4848.2,-105.7051,33.5004,-104.364,34.1546,0,,58,3,2,3,8.8136,0.0,100.0,1.0,0.0838,0.0648
13060006,Gallo Arroyo,NM,2258.0,-105.7704,33.8489,-104.7643,34.3338,0,,57,1,0,1,17.4561,0.0,100.0,1.0,0.1682,0.1383
13060007,Upper Pecos-Long Arroyo,NM,8291.5,-105.2478,32.7305,-103.63,33.9717,0,,36,14,22,10,19.3078,0.0,100.0,0.9993,0.1923,0.1776
13060008,Rio Hondo,NM,4307.4,-105.8502,33.1564,-104.3993,33.6506,3,08386505;08387000;08387600,77,74,258,52,13.6541,0.0,100.0,1.0,0.1317,0.1029
13060009,Rio Felix,NM,2445.7,-105.6368,32.9197,-104.3099,33.2917,0,,77,6,7,6,11.1488,0.0,100.0,1.0,0.1072,0.0852
13060010,Rio Penasco,NM,2778.0,-105.8085,32.6515,-104.3256,33.1721,0,,48,4,5,4,51.2532,0.0,100.0,1.0,0.521,0.4211
13060011,Upper Pecos-Black,"NM,TX",11342.8,-105.3187,31.9145,-103.4526,33.0132,5,08400000;08401200;08401900;08405105;08405500,53,22,21,10,2.9615,0.0,100.0,1.0,0.0263,0.0147
13070001,Lower Pecos-Red Bluff Reservoir,"NM,TX",6454.6,-104.5943,30.7753,-103.0989,32.2523,0,,30,1,2,2,18.165,0.0,100.0,1.0,0.1789,0.1531
13070002,Delaware,"NM,TX",2046.9,-104.8841,31.5524,-104.0162,32.0576,0,,14,2,2,1,0.0,0.0,0.0,1.0,0.0,0.0
13070003,Toyah,TX,2912.8,-104.1885,30.634,-103.2597,31.4226,0,,16,9,10,6,0.3565,0.0,100.0,1.0,0.0025,0.0025
13070004,Salt Draw,TX,5071.5,-104.6498,30.6573,-103.4437,31.6221,0,,9,3,2,3,0.0,0.0,0.0,1.0,0.0,0.0
13070005,Barrilla Draw,TX,1831.8,-104.1685,30.4682,-103.3002,31.3436,1,08431700,16,0,1,1,0.0,0.0,0.0,1.0,0.0,0.0
13070006,Coyanosa-Hackberry Draws,TX,3833.0,-103.9394,30.2482,-103.0616,31.3649,0,,25,3,2,3,4.1402,0.0,100.0,1.0,0.0419,0.0353
13070007,Landreth-Monument Draws,"NM,TX",16414.9,-103.8747,30.3717,-102.1228,33.0197,0,,75,10,10,9,88.6702,0.0,100.0,0.9999,0.8889,0.8523
13070008,Pecos,TX,4962.0,-102.4473,30.4365,-101.545,31.4213,0,,14,1,1,1,81.382,0.0,100.0,1.0,0.8111,0.776
13070009,Tunas,TX,2505.5,-103.0104,30.3675,-102.185,31.0354,0,,9,5,5,4,31.6043,0.0,100.0,1.0,0.316,0.2771
13070010,Independence,TX,1996.8,-102.5383,30.3628,-101.7208,30.7873,0,,11,2,3,2,12.384,0.0,100.0,1.0,0.1187,0.1054
13070011,Howard Draw,TX,2828.9,-101.6734,30.1511,-101.2571,31.1504,0,,8,2,2,2,84.0584,0.0,100.0,1.0,0.8432,0.8138
13070012,Lower Pecos,TX,2574.0,-101.9353,29.6906,-101.1356,30.4523,0,,11,0,0,0,40.2149,0.0,100.0,1.0,0.3813,0.3626
13080001,Elm-Sycamore,"MX,TX",10630.6,-101.8183,28.5975,-100.305,29.824,0,,14,7,7,5,97.1376,0.0,100.0,1.0,0.9698,0.9594
13080002,San Ambrosia-Santa Isabel,"MX,TX",14940.1,-101.552,27.2831,-99.2826,28.7827,0,,17,29,43,15,52.4591,0.0,100.0,1.0,0.5199,0.4925
13080003,International Falcon Reservoir,"MX,TX",7292.2,-99.9464,26.5293,-98.8268,27.6155,0,,15,2,2,2,1.032,0.0,100.0,1.0,0.0044,0.0021
13090001,Los Olmos,"MX,TX",8146.0,-100.1991,26.0316,-98.4237,26.9697,0,,6,3,2,3,11.9101,0.0,100.0,1.0,0.1149,0.1053
13090002,Lower Rio Grande,"MX,TX",5502.6,-98.8672,25.4303,-97.0886,26.2368,0,,10,0,1,1,82.6525,0.0,100.0,0.374,0.8095,0.7836
13100000,Rio Conchos,MX,67619.6,-107.7618,26.0467,-104.3867,29.926,0,,0,0,0,0,54.0619,0.0,100.0,0.9936,0.5402,0.5298
13110000,Rio Salado,MX,60402.4,-102.8637,26.0802,-99.3006,29.0227,0,,0,0,0,0,6.1951,0.0,100.0,0.9975,0.0631,0.0468
13120000,Rio San Juan,MX,32796.4,-101.8959,24.8395,-98.7328,26.4348,0,,0,0,0,0,0.7535,0.0,100.0,0.9486,0.0074,0.0058
14010001,Colorado Headwaters,CO,7516.0,-107.3751,39.4912,-105.6264,40.4862,35,09010500;09011000;09016500;09019000;09019500;09021000;09022000;09024000;09025000;09025300;09025400;09026500;09032000;09032100;09033300;09034900;09035500;09035700;09035800;09035900;09036000;09037500;09038500;09039000;09040000;09041000;09041090;09041400;09058500;09058610;09058700;09058800;09059500;09060500;09071300,15,14,8,11,22.1602,0.0,100.0,1.0,0.2218,0.1735
14010002,Blue,CO,1769.4,-106.4712,39.3575,-105.7761,40.0432,13,09046490;09046600;09047500;09047700;09050100;09050700;09051050;09052000;09052400;09052800;09054000;09055300;392547106023400,11,0,0,0,30.4286,0.0,100.0,1.0,0.3027,0.2223
14010003,Eagle,CO,2518.5,-107.0589,39.3052,-106.1761,39.8348,20,09063000;09063200;09063400;09063900;09064000;09064500;09064600;09065100;09065500;09066000;09066100;09066150;09066200;09066300;09066325;09066400;09066510;09067000;09067200;09068000,6,1,0,1,25.8071,0.0,100.0,1.0,0.2635,0.1899
14010004,Roaring Fork,CO,3767.2,-107.4657,38.9776,-106.4811,39.5639,13,09072550;09073005;09073300;09073400;09074000;09074800;09075700;09078000;09078500;09078600;09080400;09081600;09083800,8,6,1,6,48.2711,0.0,100.0,1.0,0.4884,0.3703
14010005,Colorado Headwaters-Plateau,"CO,UT",9909.3,-109.108,38.943,-107.3075,39.8428,7,09089500;09092500;09093000;09096500;09097500;09097900;09153290,25,12,9,7,46.4063,0.0,100.0,1.0,0.4777,0.3656
14020001,East-Taylor,CO,1986.3,-107.1206,38.6075,-106.3208,39.0556,5,09107000;09109000;09112200;09112500;385106106571000,0,0,0,0,18.2148,0.0,100.0,1.0,0.1889,0.1345
14020002,Upper Gunnison,CO,6244.7,-107.8727,37.8344,-106.739,38.8386,5,09113980;09124500;09125000;09126000;09128500,6,0,0,0,45.9035,0.0,100.0,1.0,0.4765,0.3552
14020003,Tomichi,CO,2856.0,-106.981,37.9417,-106.2372,38.7004,2,09115500;09118450,3,0,0,0,35.6492,0.0,100.0,1.0,0.3634,0.2766
14020004,North Fork Gunnison,CO,2510.1,-107.8372,38.6998,-107.0811,39.2574,6,09132940;09132960;09132985;09132995;09134000;09135900,0,0,0,0,21.5592,0.0,100.0,1.0,0.2163,0.1713
14020005,Lower Gunnison,CO,4306.8,-108.7774,38.3144,-107.7559,39.0801,4,09143000;09143500;09144200;09152000,12,3,0,3,47.5353,0.0,100.0,1.0,0.4831,0.3856
14020006,Uncompahgre,CO,2887.1,-108.1979,37.8924,-107.5109,38.7565,4,09146020;09146200;09147000;09147025,3,2,3,2,41.8201,0.0,100.0,1.0,0.426,0.2953
14030001,Westwater Canyon,"CO,UT",3768.9,-109.722,38.8186,-108.7011,39.459,0,,22,1,1,1,7.9084,0.0,100.0,1.0,0.0729,0.0565
14030002,Upper Dolores,"CO,UT",5588.0,-109.2641,37.4049,-107.861,38.4668,3,09165000;09166950;09168100,13,1,0,1,6.8965,0.0,100.0,1.0,0.065,0.0425
14030003,San Miguel,CO,4022.8,-108.8067,37.7734,-107.7328,38.5131,2,09172500;09173000,4,2,2,2,30.5237,0.0,100.0,1.0,0.3156,0.2139
14030004,Lower Dolores,"CO,UT",2390.2,-109.3004,38.3675,-108.591,38.8787,0,,29,3,1,3,33.2286,0.0,100.0,1.0,0.3388,0.2488
14030005,Upper Colorado-Kane Springs,"CO,UT",5891.7,-109.8924,37.8223,-109.0004,39.0358,8,09182000;09182400;09183000;09183500;09183600;09184000;09185500;09186500,17,20,18,12,2.7849,0.0,100.0,1.0,0.0227,0.0143
14040101,Upper Green,WY,7601.6,-110.7361,42.0103,-109.6161,43.4522,4,09189500;09205500;09208000;09210500,6,0,0,0,6.2858,0.0,100.0,1.0,0.0598,0.0407
14040102,New Fork,WY,3265.1,-110.0593,42.522,-109.2102,43.2069,8,09193000;09196500;09197000;09198500;09199500;09202000;09203000;09204000,0,0,0,0,21.8502,0.0,100.0,1.0,0.2169,0.1616
14040103,Upper Green-Slate,WY,3963.4,-110.5043,41.4574,-109.2811,42.4287,0,,6,0,0,0,0.1141,0.0,8.6242,1.0,0.0,0.0
14040104,Big Sandy,WY,4600.0,-109.7898,41.8349,-108.8408,42.7704,4,09212500;09213500;09214000;09214500,5,0,0,0,3.5511,0.0,100.0,0.9994,0.0355,0.0208
14040105,Bitter,WY,5773.6,-109.4623,41.0508,-108.2009,42.0594,0,,3,2,1,2,3.313,0.0,100.0,1.0,0.0328,0.0278
14040106,Upper Green-Flaming Gorge Reservoir,"CO,UT,WY",6476.1,-110.4307,40.5277,-108.6669,41.518,6,09226000;09226500;09228500;09230300;09235600;09235800,5,1,0,1,3.3573,0.0,100.0,1.0,0.0302,0.0194
14040107,Blacks Fork,"UT,WY",7106.7,-110.8123,40.7389,-109.4893,42.3698,7,09217900;09218500;09220000;09220500;09223000;09223385;09223500,7,3,2,3,8.2993,0.0,100.0,1.0,0.0799,0.0558
14040108,Muddy,"UT,WY",2500.3,-110.9253,40.9428,-110.2073,41.7976,0,,4,0,0,0,15.5602,0.0,100.0,1.0,0.1476,0.1071
14040109,Vermilion,"CO,WY",2524.3,-109.0158,40.5534,-108.2646,41.3271,0,,4,0,0,0,0.0,0.0,0.0,1.0,0.0,0.0
14040200,Great Divide Closed Basin,WY,9947.1,-109.069,41.4833,-107.0727,42.3999,0,,7,0,0,0,62.5642,0.0,100.0,0.9986,0.6285,0.5823
14050001,Upper Yampa,CO,6784.7,-107.7062,39.9704,-106.5896,40.9069,11,09236000;09237450;09237500;09238900;09241000;09243700;09243800;09243900;09245000;09246200;09246500,15,0,0,0,3.2755,0.0,100.0,1.0,0.0321,0.0205
14050002,Lower Yampa,CO,4065.0,-109.0411,40.11,-107.5276,40.771,1,09250000,2,1,1,1,0.5745,0.0,100.0,1.0,0.0049,0.0026
14050003,Little Snake,"CO,WY",7926.8,-108.6283,40.4537,-106.8012,41.4186,4,09253000;09255000;09256000;09258000,6,0,0,0,0.0002,0.0,0.7865,1.0,0.0,0.0
14050004,Muddy,WY,2607.3,-108.2821,41.0396,-107.3014,41.642,0,,5,0,0,0,0.0,0.0,0.0,0.9996,0.0,0.0
14050005,Upper White,CO,3533.3,-108.4281,39.7424,-107.1641,40.3804,5,09302450;09303000;09303300;09303500;09304000,4,1,1,1,27.5547,0.0,100.0,1.0,0.2738,0.2118
14050006,Piceance-Yellow,CO,2368.2,-108.6255,39.6233,-107.8526,40.1727,3,09306007;09306242;09306255,3,1,3,1,33.6862,0.0,100.0,1.0,0.3417,0.2679
14050007,Lower White,"CO,UT",7057.1,-109.6784,39.4407,-108.3631,40.4332,0,,15,0,0,0,6.4284,0.0,100.0,1.0,0.0626,0.0436
14060003,Duchesne,UT,6938.9,-111.1879,39.8674,-109.675,40.8347,18,09275000;09275500;09276000;09277500;09277800;09278000;09278500;09279000;09279100;09288900;09289500;09291000;09292000;09292500;09296800;09297000;09298000;09299500,3,0,0,0,15.3118,0.0,100.0,0.9999,0.1519,0.1148
14060004,Strawberry,UT,3016.4,-111.315,39.8689,-110.3855,40.4197,6,09285000;09285900;09287000;09287500;09288000;09288150,7,3,1,3,26.5092,0.0,100.0,1.0,0.2626,0.2169
14060005,Lower Green-Desolation Canyon,UT,5040.4,-110.7458,39.1465,-109.6319,40.1652,1,09308500,29,0,0,0,0.1223,0.0,13.376,0.9998,0.0,0.0
14060006,Willow,UT,2470.8,-109.8566,39.147,-109.2745,40.0514,1,09307500,11,0,0,0,0.0,0.0,0.0,1.0,0.0,0.0
14060007,Price,UT,4886.0,-111.3604,39.157,-110.1057,40.0471,7,09310000;09310500;09310700;09311500;09312600;09312700;09312800,20,5,6,5,0.2639,0.0,100.0,1.0,0.0017,0.001
14060008,Lower Green,UT,4836.5,-110.6301,38.1017,-109.6694,39.2161,1,09315500,67,5,4,5,0.1116,0.0,23.954,1.0,0.0,0.0
14060009,San Rafael,UT,6301.7,-111.4909,38.3599,-110.1048,39.7276,3,09318000;09324500;09326500,40,8,8,6,0.0,0.0,0.0,1.0,0.0,0.0
14060010,Lower Green-Diamond,"CO,UT",4210.9,-109.9661,40.0656,-108.9048,40.8276,8,09261700;09262000;09266500;09268000;09268500;09268900;09270500;09271500,1,0,0,0,0.0703,0.0,3.7149,1.0,0.0,0.0
14070001,Upper Lake Powell,UT,7406.2,-111.1057,37.1811,-109.7573,38.1904,2,09334000;09334500,63,6,4,5,0.2125,0.0,11.912,1.0,0.0,0.0
14070002,Muddy,UT,4016.9,-111.5962,38.3912,-110.5781,39.1245,1,09330500,40,5,5,5,0.0,0.0,0.0,1.0,0.0,0.0
14070003,Fremont,UT,5128.1,-111.8953,37.9292,-110.6751,38.7454,1,09329050,45,53,63,34,6.7074,0.0,100.0,1.0,0.0652,0.0399
14070004,Dirty Devil,UT,2183.7,-110.7968,37.8883,-110.1252,38.5621,0,,50,4,4,4,0.0761,0.0,11.795,1.0,0.0,0.0
14070005,Escalante,UT,5247.7,-111.901,37.2253,-110.851,38.156,3,09337000;09337500;09338000,39,24,27,19,7.1682,0.0,100.0,1.0,0.0667,0.0466
14070006,Lower Lake Powell,"AZ,UT",7605.9,-111.9148,36.4989,-110.6724,37.6095,0,,125,31,44,35,0.0964,0.0,10.816,1.0,0.0,0.0
14070007,Paria,"AZ,UT",3676.0,-112.3284,36.7181,-111.5873,37.739,0,,108,44,40,31,5.7009,0.0,100.0,1.0,0.0522,0.0325
14080101,Upper San Juan,"CO,NM",8886.1,-108.2569,36.3254,-106.5882,37.7085,14,09339900;09340000;09342500;09343000;09343300;09344000;09344400;09345200;09346000;09346050;09352900;09353500;09353800;09355000,22,3,8,5,1.6724,0.0,100.0,1.0,0.0144,0.0095
14080102,Piedra,CO,1751.9,-107.4767,37.0071,-106.9801,37.6411,1,09349500,3,2,1,1,0.1644,0.0,50.0,1.0,0.0011,0.0
14080103,Blanco Canyon,NM,4438.8,-107.8911,36.0549,-106.9487,36.7306,0,,32,1,1,1,39.956,0.0,100.0,1.0,0.3968,0.3706
14080104,Animas,"CO,NM",3547.2,-108.2215,36.7129,-107.5162,37.9621,9,09357500;09358000;09358550;09359010;09359020;09359500;09361000;09363100;09363200,14,6,4,5,20.3341,0.0,100.0,1.0,0.2095,0.1533
14080105,Middle San Juan,"AZ,CO,NM",5037.5,-109.2945,36.4413,-107.9588,37.4605,3,09365500;09366500;09367000,35,7,10,5,0.1939,0.0,100.0,1.0,0.0002,0.0002
14080106,Chaco,"AZ,NM",11846.1,-109.0862,35.5584,-107.35,36.774,0,,53,6,6,6,8.8945,0.0,100.0,0.9999,0.0876,0.0737
14080107,Mancos,"CO,NM",2077.3,-108.9807,36.9377,-108.0731,37.499,1,09370600,12,0,0,0,0.2377,0.0,100.0,1.0,0.001,0.001
14080201,Lower San Juan-Four Corners,"AZ,CO,NM,UT",5165.4,-109.925,36.7903,-108.7936,37.8474,2,09378630;09378700,42,0,0,0,0.1275,0.0,9.3603,0.9998,0.0,0.0
14080202,McElmo,"CO,UT",1856.9,-109.195,37.2002,-108.3861,37.6044,3,09371492;09371520;09372000,9,0,0,0,0.0048,0.0,9.0302,1.0,0.0,0.0
14080203,Montezuma,"CO,UT",3027.7,-109.4957,37.2657,-108.7424,37.9822,2,09372400;09378170,11,0,0,0,0.0,0.0,0.0,1.0,0.0,0.0
14080204,Chinle,"AZ,NM,UT",10616.9,-110.5868,35.736,-108.8529,37.2129,0,,64,11,10,8,0.0,0.0,0.0,0.9999,0.0,0.0
14080205,Lower San Juan,"AZ,UT",6317.7,-110.9026,36.7536,-109.706,37.6328,0,,91,3,4,3,0.108,0.0,6.033,1.0,0.0,0.0
15010001,Lower Colorado-Marble Canyon,AZ,3802.7,-112.1856,35.9602,-111.5062,36.8886,1,09403000,69,8,5,9,0.2443,0.0,9.2581,1.0,0.0,0.0
15010002,Grand Canyon,AZ,6607.1,-113.7237,35.5281,-112.0744,36.4958,1,09404208,108,8,7,9,25.6002,0.0,100.0,0.9997,0.2611,0.2001
15010003,Kanab,"AZ,UT",6121.5,-112.9911,36.3831,-112.1005,37.5022,1,09403600,135,4,7,6,2.3955,0.0,100.0,1.0,0.0218,0.0151
15010004,Havasu Canyon,AZ,7599.3,-113.0154,35.1829,-111.7665,36.3099,0,,69,12,15,14,4.2374,0.0,100.0,0.9995,0.0406,0.0283
15010005,Lake Mead,"AZ,NV",7494.1,-114.9944,35.5216,-113.4052,36.6248,1,09404222,61,14,23,11,62.3394,0.0,100.0,1.0,0.6389,0.5107
15010006,Grand Wash,"AZ,NV",2419.7,-114.1907,36.197,-113.5322,36.8,0,,61,0,0,0,35.4582,0.0,100.0,1.0,0.3609,0.2627
15010007,Red Lake,AZ,3663.5,-114.3068,35.1088,-113.1799,35.8168,1,09404343,146,53,68,28,75.7957,0.0,100.0,0.9967,0.7963,0.6058
15010008,Upper Virgin,UT,5654.5,-113.9362,37.006,-112.47,37.5974,10,09404450;09404900;09405500;09406300;09408000;09408400;09409100;09409880;09410000;09410100,49,64,71,34,19.9886,0.0,100.0,0.9998,0.1973,0.139
15010009,Fort Pearce Wash,"AZ,UT",4326.8,-113.6518,36.3486,-112.7557,37.0854,0,,88,28,33,26,3.8166,0.0,100.0,1.0,0.0352,0.0278
15010010,Lower Virgin,"AZ,NV,UT",5337.4,-114.4735,36.5239,-113.5153,37.608,1,09413900,102,6,4,6,4.021,0.0,100.0,1.0,0.0349,0.021
15010011,White,NV,7448.1,-115.5011,37.1224,-114.8713,39.3028,2,09415460;09415515,19,2,1,2,0.068,0.0,100.0,0.9991,0.0005,0.0003
15010012,Muddy,NV,4696.7,-115.1881,36.2865,-114.3789,37.4293,0,,25,21,31,10,18.9663,0.0,100.0,0.9994,0.1956,0.114
15010013,Meadow Valley Wash,"NV,UT",6570.2,-114.814,36.6633,-114.0364,38.3834,3,09417500;09418200;09418300,25,9,11,7,1.1506,0.0,100.0,1.0,0.0107,0.0068
15010014,Detrital Wash,AZ,1795.8,-114.6204,35.2486,-114.1654,36.0528,0,,39,17,24,10,94.4344,0.0,100.0,1.0,0.9536,0.8718
15010015,Las Vegas Wash,NV,4865.3,-115.7061,35.8269,-114.8516,36.7635,2,09419610;09419696,22,25,64,16,67.5139,0.0,100.0,0.9992,0.7122,0.4985
15020001,Little Colorado Headwaters,"AZ,NM",2085.1,-109.5843,33.8757,-108.9486,34.3841,4,09383400;09383430;09383500;09383570,24,1,1,1,10.1753,0.0,100.0,0.9995,0.1027,0.0796
15020002,Upper Little Colorado,"AZ,NM",4200.1,-110.3234,34.0887,-109.0058,35.0021,0,,41,12,15,12,7.7134,0.0,100.0,0.9993,0.0759,0.0584
15020003,Carrizo Wash,"AZ,NM",5852.3,-109.4576,33.9932,-108.036,34.7251,0,,30,0,0,0,12.8891,0.0,100.0,1.0,0.1276,0.0973
15020004,Zuni,"AZ,NM",6909.4,-109.6798,34.5954,-108.0773,35.4009,1,09386900,33,1,1,1,18.7246,0.0,100.0,1.0,0.1837,0.157
15020005,Silver,AZ,2456.8,-110.4698,34.098,-109.712,34.7382,2,09390500;09392000,38,5,7,7,60.8713,0.0,100.0,0.9996,0.6119,0.5567
15020006,Upper Puerco,"AZ,NM",4951.1,-109.3143,35.1645,-108.135,36.0657,0,,38,11,10,8,0.0,0.0,0.0,1.0,0.0,0.0
15020007,Lower Puerco,AZ,2889.7,-110.1393,34.8224,-109.1126,35.4066,0,,38,0,0,0,0.0,0.0,0.0,0.9993,0.0,0.0
15020008,Middle Little Colorado,AZ,6561.8,-111.3799,34.2837,-110.0968,35.5014,2,09398500;09399400,77,5,7,7,60.6385,0.0,100.0,0.9991,0.6068,0.5582
15020009,Leroux Wash,AZ,2106.5,-110.2427,34.8981,-109.2036,35.6928,0,,38,2,1,2,0.0,0.0,0.0,1.0,0.0,0.0
15020010,Chevelon Canyon,AZ,2123.4,-110.9996,34.2746,-110.4353,34.9453,1,09397500,77,3,2,3,95.4786,0.0,100.0,1.0,0.9584,0.9364
15020011,Cottonwood Wash,AZ,4342.6,-110.6526,34.9916,-109.1684,35.9124,0,,38,6,13,8,2.4704,0.0,100.0,0.9995,0.0235,0.0158
15020012,Corn-Oraibi,AZ,1895.2,-110.9539,35.3868,-109.8327,36.481,0,,82,3,5,4,0.0,0.0,0.0,0.9995,0.0,0.0
15020013,Polacca Wash,AZ,2972.7,-110.9773,35.2759,-109.8084,36.3524,0,,82,6,8,7,0.0009,0.0,1.3354,0.9993,0.0,0.0
15020014,Jadito Wash,AZ,2432.4,-110.8414,35.2069,-109.9129,35.9219,0,,82,6,6,6,4.8776,0.0,100.0,0.9992,0.0486,0.032
15020015,Canyon Diablo,AZ,3106.1,-111.7856,34.7494,-110.9702,35.402,0,,69,40,78,34,96.1744,0.0,100.0,1.0,0.9683,0.9129
15020016,Lower Little Colorado,AZ,6201.7,-111.9622,35.2851,-110.9018,36.3872,0,,69,6,5,7,14.6608,0.0,100.0,0.9998,0.1504,0.1071
15020017,Dinnebito Wash,AZ,2122.0,-111.2384,35.423,-110.115,36.5211,0,,77,2,3,4,0.0379,0.0,20.118,0.9981,0.0,0.0
15020018,Moenkopi Wash,AZ,6868.4,-111.6365,35.887,-110.1979,36.7949,0,,77,9,11,8,0.0,0.0,0.0,0.9996,0.0,0.0
15030101,Havasu-Mohave Lakes,"AZ,CA,NV",7207.4,-114.908,34.2744,-114.073,36.0432,0,,124,44,66,28,23.3546,0.0,100.0,0.9994,0.2409,0.168
15030102,Piute Wash,"CA,NV",2664.9,-115.3258,34.7777,-114.6338,35.5813,1,09423350,85,17,22,16,78.701,0.0,100.0,1.0,0.7929,0.7238
15030103,Sacramento Wash,AZ,3449.3,-114.4883,34.5352,-113.8324,35.4614,0,,39,45,145,22,37.5093,0.0,100.0,1.0,0.3813,0.2905
15030104,Imperial Reservoir,"AZ,CA",8924.2,-115.336,32.8786,-113.8556,34.3462,0,,136,34,38,25,65.5699,0.0,100.0,0.9993,0.6574,0.6266
15030105,Bouse Wash,AZ,4185.3,-114.3465,33.3527,-113.4047,34.1623,0,,33,20,18,13,38.0201,0.0,100.0,0.999,0.3815,0.292
15030106,Tyson Wash,AZ,1850.4,-114.4237,33.2333,-113.9605,33.922,0,,33,20,20,12,86.2354,0.0,100.0,1.0,0.8615,0.8116
15030107,Lower Colorado,"AZ,CA,MX",3992.8,-115.4287,31.6441,-114.3754,32.9696,0,,33,7,5,3,95.2372,12.37,100.0,0.1771,0.9427,0.9412
15030108,Yuma Desert,"AZ,MX",7550.5,-114.9961,31.5082,-114.0064,32.7313,0,,13,12,8,4,99.0899,0.0,100.0,0.2284,0.9952,0.9644
15030201,Big Sandy,AZ,5576.2,-113.9279,34.3109,-112.9499,35.4517,0,,106,52,59,20,13.7801,0.0,100.0,0.9996,0.1377,0.0925
15030202,Burro,AZ,1846.7,-113.5774,34.4107,-112.9322,34.9648,0,,106,3,5,4,0.4416,0.0,100.0,1.0,0.0033,0.0033
15030203,Santa Maria,AZ,3711.2,-113.5226,34.1544,-112.5502,34.8281,0,,132,6,6,6,31.3571,0.0,100.0,1.0,0.3175,0.2295
15030204,Bill Williams,AZ,2782.9,-114.1365,34.0336,-113.051,34.7395,0,,132,0,0,0,1.5313,0.0,100.0,1.0,0.0099,0.0066
15040001,Upper Gila,NM,5133.1,-108.687,32.9166,-107.7831,33.7474,1,09430600,16,3,2,3,11.3047,0.0,100.0,1.0,0.1137,0.0879
15040002,Upper Gila-Mangas,"AZ,NM",5305.3,-109.3826,32.4143,-108.1624,33.2719,0,,16,1,1,1,1.3077,0.0,100.0,1.0,0.0105,0.0064
15040003,Animas Valley,"AZ,NM",5864.4,-109.0988,31.448,-108.1706,32.624,0,,43,1,1,1,1.3255,0.0,100.0,0.9975,0.0103,0.0062
15040004,San Francisco,"AZ,NM",7257.6,-109.4065,32.9759,-108.3857,34.0792,2,09442680;09442692,33,3,1,3,0.0004,0.0,2.7517,1.0,0.0,0.0
15040005,Upper Gila-San Carlos Reservoir,AZ,7171.4,-110.637,32.4922,-109.2861,33.5843,2,09447800;09460150,79,7,7,7,15.4492,0.0,100.0,0.9996,0.1595,0.1124
15040006,San Simon,"AZ,NM",5829.1,-109.7881,31.504,-108.902,32.8424,0,,35,7,1,5,3.3226,0.0,100.0,0.9975,0.0313,0.0193
15040007,San Carlos,AZ,2786.5,-110.8008,33.1843,-109.808,33.6973,0,,62,7,8,9,14.865,0.0,100.0,1.0,0.1491,0.1172
15050100,Middle Gila,AZ,8508.2,-112.3419,32.5758,-110.3172,33.4901,1,09478500,106,28,31,22,95.3882,0.0,100.0,0.9987,0.9559,0.8953
15050201,Willcox Playa,AZ,4285.2,-110.2844,31.8092,-109.2614,32.7432,0,,34,4,2,4,37.41,0.0,100.0,0.9968,0.3764,0.2846
15050202,Upper San Pedro,"AZ,MX",6423.7,-110.6527,30.9688,-109.8617,32.3131,6,09470700;09470750;09470800;09471310;09471380;09471400,85,25,31,23,68.1906,0.0,100.0,0.717,0.6953,0.603
15050203,Lower San Pedro,AZ,5133.1,-110.9507,32.0992,-110.0295,33.028,0,,103,4,0,4,81.2873,0.0,100.0,1.0,0.844,0.6774
15050301,Upper Santa Cruz,"AZ,MX",6800.6,-111.3008,31.0404,-110.3445,32.69,4,09480000;09481500;09483000;09486350,107,62,79,50,51.9076,0.0,100.0,0.8477,0.5289,0.4414
15050302,Rillito,AZ,2385.5,-111.0548,31.586,-110.4069,32.4492,5,09484000;09484500;09484550;09484580;09485000,85,40,63,34,92.8028,0.0,100.0,1.0,0.9411,0.8428
15050303,Lower Santa Cruz,AZ,4358.0,-112.403,32.3922,-111.0225,33.2647,0,,122,20,20,19,65.4809,0.0,100.0,0.999,0.6596,0.5829
15050304,Brawley Wash,AZ,3649.2,-111.6516,31.4535,-111.0428,32.5371,1,09486590,93,23,22,24,16.1293,0.0,100.0,0.9994,0.1671,0.087
15050305,Aguirre Valley,AZ,1898.7,-111.9176,31.9552,-111.3885,32.6747,0,,85,0,0,0,6.2989,0.0,100.0,0.9995,0.0528,0.0302
15050306,Santa Rosa Wash,AZ,3130.9,-112.4592,32.016,-111.7304,32.8975,0,,122,2,0,2,39.0843,0.0,100.0,1.0,0.3933,0.3341
15060101,Black,AZ,3241.5,-110.3217,33.3593,-109.1719,33.9917,3,09489100;09489200;09489700,92,0,0,0,4.3779,0.0,100.0,1.0,0.0406,0.0285
15060102,White,AZ,1653.1,-110.2256,33.6919,-109.5132,34.1505,2,09491000;09492400,83,0,1,1,31.4212,0.0,100.0,1.0,0.3155,0.2301
15060103,Upper Salt,AZ,5579.0,-111.1695,33.2695,-110.1834,34.3397,8,09497700;09497800;09497980;09498400;09498501;09498502;09498503;94985005,164,64,91,37,50.4329,0.0,100.0,0.9996,0.5164,0.4237
15060104,Carrizo,AZ,1838.8,-110.6729,33.784,-109.8239,34.3068,1,09496000,74,4,4,5,52.3466,0.0,100.0,1.0,0.532,0.4658
15060105,Tonto,AZ,2715.9,-111.5006,33.659,-110.8225,34.4049,0,,113,14,23,17,75.8081,0.0,100.0,1.0,0.7767,0.6567
15060106,Lower Salt,AZ,2704.6,-112.3035,33.3224,-111.1117,33.8421,2,09512100;09512200,100,38,33,13,90.6005,0.0,100.0,0.9992,0.8943,0.835
15060201,Big Chino-Williamson Valley,AZ,5577.8,-113.2154,34.5934,-112.2138,35.8665,1,09502800,107,5,5,6,7.4226,0.0,100.0,0.9991,0.0739,0.054
15060202,Upper Verde,AZ,6496.9,-112.586,34.4794,-111.3904,35.3774,9,09502960;09503000;09503300;09504420;09504500;09505200;09505250;09505300;09505350,107,62,76,48,56.1926,0.0,100.0,1.0,0.5683,0.4892
15060203,Lower Verde,AZ,5093.5,-111.9656,33.541,-111.1375,34.8019,5,09505800;09507980;09508300;09510100;09510200,186,46,56,30,85.1296,0.0,100.0,1.0,0.8529,0.7742
15070101,Lower Gila-Painted Rock Reservoir,AZ,5222.3,-113.0361,32.5167,-112.1768,33.5966,0,,57,34,43,22,79.8029,0.0,100.0,1.0,0.7924,0.7514
15070102,Agua Fria,AZ,7106.3,-112.6433,33.3885,-111.7818,34.7182,7,09512280;09512400;09512450;09513780;09513800;09513835;09513860,124,141,149,57,83.0526,0.0,100.0,1.0,0.8352,0.7864
15070103,Hassayampa,AZ,3810.0,-113.1838,33.3217,-112.3502,34.501,0,,124,19,22,17,93.2908,0.0,100.0,1.0,0.9467,0.8292
15070104,Centennial Wash,AZ,5002.6,-113.718,33.1679,-112.7669,34.2172,0,,132,23,13,13,44.5071,0.0,100.0,0.9994,0.4433,0.3258
15070201,Lower Gila,AZ,10857.8,-114.5647,32.2269,-112.8848,33.4806,0,,69,20,20,14,67.0267,0.0,100.0,0.9993,0.6725,0.5857
15070202,Tenmile Wash,AZ,2783.8,-113.4849,32.1461,-112.5459,32.9169,0,,127,0,0,0,33.9461,0.0,100.0,0.9996,0.3397,0.2719
15070203,San Cristobal Wash,AZ,4263.1,-113.763,31.9848,-112.5917,32.8442,0,,127,2,1,2,16.8336,0.0,100.0,0.9995,0.1704,0.1116
15080101,San Simon Wash,"AZ,MX",7503.7,-112.6908,31.3278,-111.5584,32.5535,0,,120,2,5,4,18.0562,0.0,100.0,0.7386,0.1833,0.1522
15080102,Rio Sonoyta,"AZ,MX",12383.7,-113.6457,30.5223,-112.3348,32.0968,0,,76,2,2,2,14.9253,0.0,100.0,0.0905,0.1513,0.127
15080103,Tule Desert,"AZ,MX",5700.1,-114.2869,31.4417,-112.8883,32.3128,0,,76,0,0,0,70.4856,0.0,100.0,0.2347,0.7167,0.6173
15080200,Rio De La Concepcion,"AZ,MX",25730.8,-113.0029,29.8386,-110.3751,31.5415,0,,71,0,0,0,0.0,0.0,0.0,0.012,0.0,0.0
15080301,Whitewater Draw,"AZ,MX",6893.4,-109.9996,30.4549,-109.2557,31.9056,1,09537200,30,15,14,12,2.928,0.0,100.0,0.4527,0.0256,0.0151
15080302,San Bernardino Valley,"AZ,MX,NM",3580.9,-109.47,30.8157,-108.798,31.6463,0,,31,1,0,1,0.0,0.0,0.0,0.2999,0.0,0.0
15080303,Cloverdale,"MX,NM",474.4,-109.04,31.2533,-108.7419,31.5008,0,,1,0,0,0,0.0,0.0,0.0,0.757,0.0,0.0
16010101,Upper Bear,"UT,WY",5202.6,-111.511,40.7104,-110.5985,42.0593,7,10011200;10011500;10015700;10015900;10017000;10021000;10023000,5,1,1,1,40.3442,0.0,100.0,1.0,0.4036,0.3479
16010102,Central Bear,"ID,UT,WY",2123.0,-111.2349,41.8964,-110.6341,42.6055,2,10032000;10041000,4,0,0,0,7.425,0.0,100.0,1.0,0.065,0.0383
16010201,Bear Lake,"ID,UT",3281.4,-111.7202,41.6742,-111.079,42.8558,2,10047500;10058600,1,0,0,0,36.5873,0.0,100.0,0.9094,0.3629,0.3001
16010202,Middle Bear,"ID,UT",3323.7,-112.1683,41.7599,-111.5521,42.6633,1,10093000,7,1,0,1,45.8669,0.0,100.0,0.9994,0.4692,0.3457
16010203,Little Bear-Logan,"ID,UT",2289.7,-112.0518,41.3688,-111.4018,42.0947,8,10104700;10104900;10105900;10106000;10107500;10109000;10109001;10113500,1,0,0,0,60.4107,0.0,100.0,1.0,0.6232,0.4831
16010204,Lower Bear-Malad,"ID,UT",3242.2,-112.5522,41.3589,-111.8733,42.5571,1,10119000,8,4,2,3,81.6841,0.0,100.0,0.9344,0.8418,0.6944
16020101,Upper Weber,"UT,WY",3020.4,-111.5936,40.5843,-110.8852,41.3736,6,10128500;10129300;10129500;10129900;10131000;10132500,1,1,1,1,43.8847,0.0,100.0,1.0,0.4478,0.3566
16020102,Lower Weber,UT,3421.5,-112.2922,40.6093,-111.4206,41.4338,11,10133600;10133650;10133800;10133980;10134500;10135000;10137500;10139300;10140100;10142000;10143500,3,2,3,2,74.2601,0.0,100.0,0.9788,0.7607,0.6224
16020201,Utah Lake,UT,3483.1,-112.2142,39.5831,-111.5516,40.578,4,10146000;10146400;10164500;10166430,7,3,2,3,21.9898,0.0,100.0,0.8951,0.2254,0.1298
16020202,Spanish Fork,UT,2494.3,-111.8306,39.699,-111.082,40.3005,6,10148200;10149000;10149400;10149500;10152500;10153100,6,5,5,4,18.1014,0.0,100.0,0.9996,0.1778,0.1175
16020203,Provo,UT,1770.8,-111.7389,40.2313,-110.8917,40.712,7,09280400;10153800;10154200;10155000;10155200;10156000;10157500,7,0,0,0,84.7404,0.0,100.0,1.0,0.882,0.7032
16020204,Jordan,UT,2107.9,-112.2278,40.4143,-111.5533,40.9403,3,10168000;10168500;10172200,5,8,7,4,64.9703,0.0,100.0,0.9805,0.6822,0.5017
16020301,Hamlin-Snake Valleys,"NV,UT",8069.3,-114.3882,37.9472,-113.4928,39.8044,2,10172860;10243260,24,1,2,1,0.0406,0.0,100.0,0.9985,0.0004,0.0002
16020302,Pine Valley,UT,1896.8,-113.9839,38.1331,-113.5383,38.7828,0,,10,0,0,0,0.0732,0.0,50.0,0.9975,0.0005,0.0
16020303,Tule Valley,UT,2461.7,-113.7632,38.7981,-113.31,39.7262,0,,2,0,0,0,0.0,0.0,0.0,0.9996,0.0,0.0
16020304,Rush-Tooele Valleys,UT,3128.5,-112.6625,39.8805,-112.1444,40.9328,2,10172700;10172800,7,8,6,6,55.8338,0.0,100.0,0.9835,0.5907,0.3884
16020305,Skull Valley,UT,2106.8,-113.0187,40.0556,-112.5422,40.884,0,,6,0,0,0,55.5815,0.0,100.0,0.9987,0.5766,0.409
16020306,Southern Great Salt Lake Desert,"NV,UT",14177.2,-114.3139,39.4491,-112.543,40.9675,2,10172870;10172875,17,0,0,0,4.1868,0.0,100.0,0.6262,0.0409,0.0246
16020307,"Pilot-Thousand Springs, Nevada, Utah","NV,UT",3971.4,-115.0099,41.0101,-113.934,41.8508,0,,8,0,0,0,2.3588,0.0,100.0,1.0,0.0215,0.0129
16020308,Northern Great Salt Lake Desert,"NV,UT",11801.5,-114.331,40.5802,-112.6202,41.913,1,10172952,13,0,0,0,54.0874,0.0,100.0,0.6419,0.5523,0.441
16020309,Curlew Valley,"ID,UT",5856.3,-113.321,41.2038,-112.3407,42.4718,0,,9,1,1,1,63.3142,0.0,100.0,0.9764,0.646,0.5186
16020310,Great Salt Lake,UT,4527.0,-113.0727,40.6658,-111.9095,41.7009,0,,7,0,0,0,99.6198,78.571,100.0,0.0544,1.0,0.9505
16030001,Upper Sevier,UT,3116.4,-112.8671,37.4048,-112.1456,38.3432,2,10173450;10174500,39,1,1,1,66.3513,0.0,100.0,1.0,0.6828,0.556
16030002,East Fork Sevier,UT,3217.1,-112.4015,37.4042,-111.7014,38.7058,1,10183900,39,2,3,4,40.1271,0.0,100.0,1.0,0.3965,0.3269
16030003,Middle Sevier,UT,4797.0,-112.5226,38.2489,-111.4408,39.4129,3,10194200;10205030;10206000,3,0,0,0,4.2253,0.0,100.0,1.0,0.0329,0.023
16030004,San Pitch,UT,2229.9,-111.8758,39.0324,-111.2965,39.787,5,10208500;10210000;10215700;10215900;10216400,1,0,0,0,0.0,0.0,0.0,0.9991,0.0,0.0
16030005,Lower Sevier,UT,10622.4,-113.3377,38.6724,-111.6781,40.0113,3,10219200;10224100;10232500,8,1,1,1,1.2461,0.0,100.0,0.9993,0.0082,0.005
16030006,Escalante Desert,"NV,UT",8523.1,-114.2234,37.4511,-112.4422,38.3114,4,10241400;10241470;10241600;10242000,59,14,17,7,10.6278,0.0,100.0,0.9973,0.1083,0.077
16030007,Beaver Bottoms-Upper Beaver,UT,4475.6,-113.2963,38.0663,-112.3354,38.8143,2,10234500;10237000,10,2,3,1,6.8864,0.0,100.0,0.9996,0.0662,0.0495
16030008,Lower Beaver,UT,2074.8,-113.0079,38.6274,-112.4131,39.2256,0,,1,0,0,0,0.0868,0.0,4.3168,0.9986,0.0,0.0
16030009,Sevier Lake,UT,3614.0,-113.6175,38.2613,-112.9144,39.3277,0,,2,0,0,0,0.0,0.0,0.0,0.8633,0.0,0.0
16040101,Upper Humboldt,NV,7148.0,-116.3342,40.5849,-114.7154,41.7853,7,10313400;10316500;10321590;10321940;10321950;10322000;10322150,7,5,3,4,48.6811,0.0,100.0,0.9997,0.4928,0.4174
16040102,North Fork Humboldt,NV,2586.5,-116.0153,40.9245,-115.3933,41.6272,0,,7,0,0,0,79.7822,0.0,100.0,1.0,0.8091,0.692
16040103,South Fork Humboldt,NV,3368.3,-116.025,39.8884,-115.3886,40.8865,0,,9,3,2,2,89.3557,0.0,100.0,1.0,0.91,0.7883
16040104,Pine,NV,2605.3,-116.5739,39.8036,-115.9417,40.6369,0,,7,0,0,0,94.7956,0.0,100.0,1.0,0.9619,0.838
16040105,Middle Humboldt,NV,8285.3,-117.595,39.7225,-116.1877,41.3454,1,10324700,8,0,0,0,84.7247,0.0,100.0,0.9988,0.8621,0.7566
16040106,Rock,NV,2349.4,-116.8636,40.6917,-116.2872,41.4304,0,,8,0,0,0,97.9907,0.0,100.0,0.9988,0.9877,0.8845
16040107,Reese,NV,6160.9,-117.5639,38.741,-116.8408,40.7994,1,10325500,11,2,1,1,41.9503,0.0,100.0,0.9995,0.4207,0.3645
16040108,Lower Humboldt,NV,6718.0,-118.9816,39.7405,-117.3207,41.1766,0,,1,1,1,1,23.7737,0.0,100.0,0.9983,0.2393,0.1609
16040109,Little Humboldt,NV,4613.0,-117.7787,41.0109,-116.6184,41.866,1,10329500,8,0,0,0,70.7035,0.0,100.0,0.9996,0.731,0.584
16040201,Upper Quinn,"NV,OR",9134.8,-118.5635,40.7603,-117.3134,42.3448,3,10352500;10353000;10353600,2,0,0,0,6.096,0.0,100.0,0.9985,0.0584,0.0381
16040202,Lower Quinn,NV,8474.8,-119.4223,40.5179,-118.2716,41.9168,2,10353700;10353750,7,0,0,0,0.2271,0.0,100.0,0.946,0.0016,0.0011
16040203,Smoke Creek Desert,"CA,NV",6376.4,-120.245,40.1795,-119.2044,41.6486,2,10353770;10353800,8,0,0,0,4.0552,0.0,100.0,0.9982,0.0379,0.0217
16040204,Massacre Lake,"CA,NV",3357.6,-120.1356,40.8543,-119.4557,41.9694,0,,7,0,0,0,0.0,0.0,0.0,0.9981,0.0,0.0
16040205,Thousand-Virgin,"NV,OR",2998.6,-119.3604,41.5106,-118.6579,42.2955,0,,7,0,0,0,0.0,0.0,0.0,0.9994,0.0,0.0
16050101,Lake Tahoe,"CA,NV",1312.7,-120.2525,38.7041,-119.877,39.3251,21,10336580;10336600;103366092;103366097;10336610;10336626;10336645;10336660;10336674;10336676;10336698;103366993;10336700;10336715;10336730;10336740;103367592;10336760;10336770;10336775;10336780,10,1,1,1,90.8663,0.0,100.0,0.6225,0.9249,0.8147
16050102,Truckee,"CA,NV",3152.4,-120.4649,39.1441,-119.2566,39.7277,18,10338500;10338700;10339400;10340500;10342000;10343000;10343500;10344400;10344500;10347310;10347600;10348460;10348850;10348900;10349300;10349495;10349849;10349980,12,12,12,9,75.6914,0.0,100.0,0.9994,0.781,0.6422
16050103,Pyramid-Winnemucca Lakes,NV,3587.7,-119.854,39.6275,-119.1665,40.4291,0,,6,1,1,1,39.4954,0.0,100.0,0.8676,0.4098,0.2655
16050104,Granite Springs Valley,NV,4304.6,-119.3681,39.4843,-118.5379,40.6582,0,,9,0,0,0,18.4841,0.0,100.0,0.9971,0.1821,0.1164
16050201,Upper Carson,"CA,NV",2482.2,-119.9938,38.3539,-119.4548,39.2513,15,10308200;10308201;10308783;10308789;103087891;10308794;10308800;10309000;10310000;10310400;10310500;10311090;10311100;10311200;10311300,3,3,4,3,62.0116,0.0,100.0,1.0,0.6461,0.4938
16050202,Middle Carson,NV,2149.2,-119.7226,39.0283,-118.9447,39.522,0,,8,3,4,3,34.5605,0.0,100.0,1.0,0.3575,0.2245
16050203,Carson Desert,NV,5633.4,-119.1808,39.1286,-118.0375,40.2841,0,,4,0,0,0,1.0942,0.0,100.0,0.9978,0.0059,0.0036
16050301,East Walker,"CA,NV",3109.7,-119.5149,38.0302,-118.6843,38.8954,7,10289000;10289500;10290500;10291500;10292000;10293000;10293048,9,0,0,0,40.2971,0.0,100.0,1.0,0.4179,0.2866
16050302,West Walker,"CA,NV",2699.0,-119.6515,38.1371,-119.0931,39.0813,4,10295500;10296000;10296500;10299100,8,3,2,3,32.1948,0.0,100.0,1.0,0.3206,0.2216
16050303,Walker,NV,2315.6,-119.3005,38.7814,-118.4238,39.2358,0,,8,0,0,0,2.539,0.0,100.0,0.9988,0.0191,0.0108
16050304,Walker Lake,NV,2093.5,-118.8514,38.1068,-118.3031,38.8495,0,,6,5,4,5,3.9187,0.0,100.0,0.9986,0.0347,0.0222
16060001,Dixie Valley,NV,10470.5,-118.4102,39.0311,-117.1098,40.7702,0,,8,0,0,0,19.3789,0.0,100.0,0.9975,0.1899,0.136
16060002,Gabbs Valley,NV,5390.7,-118.8599,38.4787,-117.3686,39.6354,0,,19,2,1,2,0.6871,0.0,100.0,0.9982,0.0055,0.0039
16060003,Southern Big Smoky Valley,NV,5309.5,-117.8906,37.8162,-117.0363,39.0412,0,,18,1,2,2,0.0,0.0,0.0,0.9947,0.0,0.0
16060004,Northern Big Smoky Valley,NV,4942.6,-117.3557,38.589,-116.4605,40.1619,2,10249280;10249300,11,1,2,2,30.9038,0.0,100.0,0.9973,0.3108,0.2873
16060005,Diamond-Monitor Valleys,NV,8089.7,-116.9784,38.4967,-115.7948,40.2413,2,10245900;10245910,17,0,0,0,30.5321,0.0,100.0,0.9974,0.3037,0.2532
16060006,Little Smoky-Newark Valleys,NV,3741.8,-116.2727,38.7567,-115.4346,39.9655,1,10245800,13,1,1,1,5.6422,0.0,100.0,0.9992,0.0524,0.0298
16060007,Long-Ruby Valleys,NV,10657.4,-115.64,39.0745,-114.5506,41.2498,1,10245445,9,0,0,0,10.4701,0.0,100.0,0.9971,0.101,0.061
16060008,Spring-Steptoe Valleys,NV,13769.0,-115.1122,38.3985,-114.1471,41.1959,2,10243700;10244950,19,2,2,2,0.2654,0.0,100.0,0.9983,0.0022,0.0013
16060009,Dry Lake Valley,NV,5618.5,-115.0328,37.2354,-114.3111,38.8425,0,,13,1,1,1,0.0,0.0,0.0,0.9965,0.0,0.0
16060010,Fish Lake-Soda Spring Valleys,"CA,NV",7147.1,-118.7269,37.362,-117.5658,38.6594,1,10249900,27,2,1,2,0.0,0.0,0.0,0.9936,0.0,0.0
16060011,Ralston-Stone Cabin Valleys,NV,8395.5,-117.9121,37.4601,-116.3764,38.6727,0,,12,0,0,0,0.0,0.0,0.0,0.997,0.0,0.0
16060012,Hot Creek-Railroad Valleys,NV,12224.2,-116.5967,37.6715,-115.2824,39.26,1,10246846,19,0,0,0,0.0,0.0,0.0,0.9971,0.0,0.0
16060013,Cactus-Sarcobatus Flats,NV,7140.9,-117.5871,36.9229,-116.0733,37.851,0,,12,0,1,1,0.0,0.0,0.0,0.9985,0.0,0.0
16060014,Sand Spring-Tikaboo Valleys,NV,13290.4,-116.2556,36.3248,-115.0829,38.3292,0,,29,2,2,2,5.7719,0.0,100.0,0.9957,0.0585,0.0329
16060015,Ivanpah-Pahrump Valleys,"CA,NV",7415.9,-116.2583,35.2066,-114.7462,36.4709,0,,90,30,36,21,67.1272,0.0,100.0,0.998,0.6907,0.5499
17010101,Middle Kootenai,"CN,ID,MT",9537.2,-116.201,48.06,-114.689,50.1283,2,12303100;12303500,2,0,0,0,2.0371,0.0,100.0,0.9999,0.0194,0.0134
17010102,Fisher,MT,2183.1,-115.6116,47.8902,-114.7338,48.5083,0,,1,0,0,0,7.6339,0.0,100.0,1.0,0.0762,0.0484
17010103,Yaak,"CN,ID,MT",2050.4,-116.0533,48.5439,-115.3577,49.2263,0,,0,0,0,0,14.1351,0.0,100.0,1.0,0.1448,0.1035
17010104,Lower Kootenai,"CN,ID,MT",9699.8,-117.6521,48.4503,-115.9405,50.2262,2,12305500;12311000,1,1,0,1,21.271,0.0,100.0,1.0,0.2164,0.1667
17010105,Moyie,"CN,ID,MT",2031.3,-116.3931,48.7088,-115.7049,49.5367,0,,1,0,0,0,17.8358,0.0,100.0,1.0,0.1861,0.1234
17010106,Elk,"CN,MT",4414.5,-115.2178,48.9153,-114.5695,50.5868,0,,0,0,0,0,0.0,0.0,0.0,0.9886,0.0,0.0
17010107,Headwaters Kootenai River,CN,5393.2,-116.4298,49.9521,-115.0504,51.3343,0,,0,0,0,0,0.0144,0.0,100.0,0.9958,0.0001,0.0001
17010108,Upper Kootenai River,CN,6599.6,-116.6951,49.3393,-115.3339,50.2213,0,,0,0,0,0,0.5421,0.0,100.0,1.0,0.0044,0.003
17010109,Duncan River,CN,4762.9,-117.7153,50.0813,-116.5405,51.0647,0,,0,0,0,0,0.0,0.0,0.0,1.0,0.0,0.0
17010110,Slocan River,CN,3431.0,-118.0152,49.3776,-117.1265,50.358,0,,0,0,0,0,0.1533,0.0,100.0,1.0,0.0012,0.0007
17010201,Upper Clark Fork,MT,4856.2,-113.2524,45.792,-112.2932,46.7715,11,12323240;12323250;12323600;12323670;12323700;12323710;12323720;12323760;12323770;12323840;12323850,5,2,1,2,34.2929,0.0,100.0,0.9996,0.3443,0.2711
17010202,Flint-Rock,MT,4713.0,-113.9351,45.9386,-113.0145,46.8725,4,12325500;12329500;12330000;12332000,1,0,0,0,64.6486,0.0,100.0,1.0,0.6678,0.5149
17010203,Blackfoot,MT,5989.9,-113.8892,46.6571,-112.3118,47.4255,2,12335500;12338300,4,1,0,1,66.5355,0.0,100.0,0.9999,0.6899,0.5366
17010204,Middle Clark Fork,"ID,MT",5139.8,-115.7595,46.6965,-113.7472,47.4968,1,12354000,1,0,0,0,38.8933,0.0,100.0,1.0,0.3936,0.2757
17010205,Bitterroot,"ID,MT",7401.6,-114.6561,45.459,-113.5154,46.8788,4,12342500;12343400;12346500;12347500,2,1,1,1,36.7858,0.0,100.0,1.0,0.3792,0.2748
17010206,North Fork Flathead,"CN,MT",4057.9,-114.8903,48.4676,-113.8556,49.4616,0,,1,0,0,0,0.0,0.0,0.0,0.9974,0.0,0.0
17010207,Middle Fork Flathead,MT,2939.6,-114.0972,47.9079,-112.8785,48.8561,0,,1,0,0,0,39.5563,0.0,100.0,1.0,0.4075,0.3088
17010208,Flathead Lake,MT,3084.5,-114.7012,47.6541,-113.9208,48.4979,0,,1,1,0,1,3.7786,0.0,100.0,0.9995,0.0283,0.0178
17010209,South Fork Flathead,MT,4340.9,-114.0996,47.2282,-112.9186,48.4578,1,12361000,5,0,0,0,65.6493,0.0,100.0,1.0,0.6831,0.544
17010210,Stillwater,MT,2018.0,-114.9244,48.1971,-114.2274,48.8028,2,12366000;12366080,1,0,0,0,0.0,0.0,0.0,1.0,0.0,0.0
17010211,Swan,MT,1888.2,-114.0831,47.2715,-113.5012,48.1606,1,12369200,2,0,0,0,32.574,0.0,100.0,1.0,0.3252,0.2153
17010212,Lower Flathead,MT,5203.0,-114.8749,47.0041,-113.666,48.2083,7,12374250;12375900;12377150;12381400;12383500;12387450;12388400,2,0,0,0,22.1793,0.0,100.0,0.9998,0.2285,0.1583
17010213,Lower Clark Fork,"ID,MT",6051.4,-116.2994,47.3446,-114.6944,48.4154,2,12390700;12392155,1,0,0,0,25.2513,0.0,100.0,1.0,0.2514,0.1895
17010214,Pend Oreille Lake,"ID,WA",3141.2,-117.1464,47.8854,-116.1648,48.6879,1,12392300,4,0,0,0,36.4175,0.0,100.0,0.9992,0.3681,0.2824
17010215,Priest,"CN,ID,WA",2541.4,-117.1907,48.1776,-116.6288,49.067,0,,2,0,0,0,66.3567,0.0,100.0,1.0,0.6859,0.5304
17010216,Pend Oreille,"CN,ID,WA",4232.5,-117.6295,48.1201,-116.9692,49.4703,4,12396000;12396900;12397100;12398000,3,1,1,1,38.8046,0.0,100.0,1.0,0.3809,0.2782
17010301,Upper Coeur d'Alene,"ID,MT",2322.2,-116.6048,47.5194,-115.6886,48.0689,1,12411000,2,0,0,0,66.5845,0.0,100.0,1.0,0.6956,0.5171
17010302,South Fork Coeur d'Alene,"ID,MT",774.5,-116.3651,47.3875,-115.6295,47.6036,10,12413125;12413130;12413140;12413150;12413210;12413355;12413360;12413370;12413445;12413470,2,0,0,0,0.6548,0.0,100.0,1.0,0.0064,0.0032
17010303,Coeur d'Alene Lake,"ID,WA",1707.6,-117.089,47.3725,-116.2496,47.7525,0,,3,1,0,1,27.7781,0.0,100.0,1.0,0.2764,0.1934
17010304,St. Joe,"ID,MT",4780.7,-116.9471,46.9107,-115.0696,47.4361,2,12413875;12414900,3,1,1,1,38.4723,0.0,100.0,1.0,0.3918,0.3111
17010305,Upper Spokane,"ID,WA",1523.0,-117.4582,47.5444,-116.53,47.9662,1,12416000,2,1,1,1,80.2308,0.0,100.0,0.9967,0.7997,0.7223
17010306,Hangman,"ID,WA",1793.9,-117.6585,47.0396,-116.7083,47.6606,1,12422990,2,0,0,0,92.4454,0.0,100.0,1.0,0.9528,0.7971
17010307,Lower Spokane,WA,2312.5,-118.3406,47.5617,-117.392,48.1293,2,12433200;12433542,2,0,0,0,97.3078,0.0,100.0,1.0,0.9913,0.9221
17010308,Little Spokane,"ID,WA",1837.0,-117.6786,47.6917,-116.9285,48.2109,0,,3,1,1,1,93.6337,0.0,100.0,1.0,0.9499,0.8627
17020001,Franklin D. Roosevelt Lake,"CN,WA",10518.9,-119.0274,47.5955,-117.3414,50.2426,0,,8,1,1,1,32.5675,0.0,100.0,1.0,0.3217,0.2689
17020002,Kettle,"CN,WA",10837.1,-119.3838,48.63,-118.0109,50.1683,0,,6,0,0,0,11.3502,0.0,100.0,0.9991,0.1168,0.0851
17020003,Colville,WA,2635.2,-118.1227,48.0103,-117.4752,48.7332,1,12408500,2,0,0,0,53.7445,0.0,100.0,1.0,0.5513,0.4152
17020004,Sanpoil,WA,2541.2,-119.2427,47.9475,-118.4595,48.7428,2,12433890;12434110,5,0,0,0,74.4498,0.0,100.0,1.0,0.7695,0.6322
17020005,Chief Joseph,WA,3467.2,-120.0826,47.7685,-118.769,48.4164,0,,9,2,2,1,40.4823,0.0,100.0,0.9998,0.4075,0.3502
17020006,Okanogan,"CN,WA",12121.0,-120.2365,48.0887,-118.7974,50.6344,1,12439300,5,2,7,2,6.3505,0.0,100.0,0.9967,0.0652,0.0441
17020007,Similkameen,"CN,WA",9270.5,-121.1164,48.6202,-119.4274,49.9853,0,,5,0,0,0,0.031,0.0,100.0,0.9821,0.0002,0.0002
17020008,Methow,WA,4710.7,-120.789,47.9542,-119.8386,48.9979,3,12447383;12447390;12448998,5,3,10,3,1.892,0.0,100.0,1.0,0.0158,0.0116
17020009,Lake Chelan,WA,2415.1,-121.0718,47.8,-119.9711,48.5509,1,12451000,6,2,5,1,10.005,0.0,100.0,1.0,0.0956,0.0626
17020010,Upper Columbia-Entiat,WA,3879.2,-120.8144,46.8138,-119.7062,48.1681,2,12452800;12452890,8,8,9,3,4.0615,0.0,100.0,1.0,0.0341,0.0215
17020011,Wenatchee,WA,3440.9,-121.181,47.2828,-120.3248,48.1811,3,12454000;12456500;12458000,6,3,2,3,10.6313,0.0,100.0,1.0,0.1038,0.0702
17020012,Moses Coulee,WA,2410.1,-120.1309,47.2552,-119.199,47.8714,0,,3,1,1,1,9.177,0.0,100.0,1.0,0.0913,0.0858
17020013,Upper Crab,WA,4810.4,-119.2991,47.1953,-117.6727,47.887,2,12464800;12465400,2,0,0,0,99.0058,0.0,100.0,0.9995,0.9904,0.9859
17020014,Banks Lake,WA,1595.6,-119.6212,47.3213,-118.8477,48.0243,0,,3,0,0,0,61.7217,0.0,100.0,0.9974,0.6309,0.5593
17020015,Lower Crab,WA,6425.2,-119.995,46.7672,-118.2226,47.503,0,,1,1,1,1,33.9839,0.0,100.0,0.9995,0.351,0.2965
17020016,Upper Columbia-Priest Rapids,WA,5413.5,-120.206,46.0803,-118.1675,46.945,3,12512500;12512550;12513000,1,0,0,0,73.7395,0.0,100.0,0.9994,0.7417,0.6572
17020017,Headwaters Columbia River,CN,10109.9,-117.3343,50.1145,-115.7649,51.8128,0,,0,0,0,0,9.5213,0.0,100.0,0.999,0.0946,0.0843
17020018,Canoe River-McNaughton Lake,CN,3168.7,-119.7388,52.1493,-118.195,52.8807,0,,0,0,0,0,100.0,100.0,100.0,0.6011,1.0,1.0
17020019,McNaughton Lake-Columbia River,CN,7871.2,-118.6747,51.0346,-116.9184,52.4969,0,,0,0,0,0,71.5135,0.0,100.0,0.9773,0.7128,0.6905
17020020,Goldstream River-Columbia River,CN,5633.5,-118.9924,50.9974,-117.8886,52.1839,0,,0,0,0,0,62.5136,0.0,100.0,0.9952,0.626,0.5997
17020021,Upper Arrow Lake-Columbia River,CN,6480.7,-118.3936,50.0628,-117.343,51.434,0,,0,0,0,0,0.5058,0.0,48.216,0.9976,0.0,0.0
17030001,Upper Yakima,WA,5539.6,-121.4661,46.5901,-120.0541,47.5978,4,12474500;12476000;12479000;12483800,0,0,0,0,18.2722,0.0,100.0,1.0,0.1868,0.1302
17030002,Naches,WA,2860.5,-121.5227,46.4551,-120.5138,47.1418,4,12488000;12488500;12491500;12492500,0,0,0,0,70.0954,0.0,100.0,1.0,0.7281,0.5652
17030003,Lower Yakima,WA,7527.9,-121.2188,45.9828,-119.2051,46.6465,3,12500500;12501000;12502500,0,0,0,0,62.4112,0.0,100.0,0.9998,0.6224,0.5573
17040101,Snake Headwaters,WY,4430.9,-110.8794,43.5453,-109.814,44.4906,3,13011500;13011900;13016240,2,0,0,0,40.2034,0.0,100.0,1.0,0.4061,0.3041
17040102,Gros Ventre,WY,1617.3,-110.7989,43.3316,-109.7625,43.7413,0,,2,0,0,0,33.7735,0.0,100.0,1.0,0.3343,0.2495
17040103,Greys-Hoback,"ID,WY",4096.6,-111.0639,42.5252,-110.1574,43.6902,4,13016305;13016450;13018300;13018350,3,0,0,0,25.1906,0.0,100.0,1.0,0.2415,0.181
17040104,Palisades,"ID,WY",2405.9,-111.7102,43.0758,-110.919,43.6717,0,,5,0,0,0,31.0319,0.0,100.0,1.0,0.3012,0.2246
17040105,Salt,"ID,WY",2309.1,-111.3399,42.4734,-110.754,43.1671,1,13025000,4,0,0,0,3.6887,0.0,100.0,1.0,0.0338,0.0236
17040201,Idaho Falls,ID,1413.4,-112.3989,43.4832,-111.5746,43.9357,0,,1,1,0,1,92.9014,0.0,100.0,0.9994,0.918,0.8818
17040202,Upper Henrys,"ID,MT,WY",2838.3,-111.7787,44.0484,-110.9558,44.755,1,13039500,2,1,7,1,47.1282,0.0,100.0,1.0,0.4696,0.3835
17040203,Lower Henrys,"ID,WY",2915.3,-111.9927,43.6799,-110.7202,44.42,4,13046680;13046995;13047500;13047600,3,1,4,3,79.8905,0.0,100.0,1.0,0.8039,0.7286
17040204,Teton,"ID,WY",2886.2,-111.8844,43.477,-110.8244,44.01,2,13052200;13055250,4,2,1,2,82.5885,0.0,100.0,0.9997,0.8398,0.7154
17040205,Willow,ID,1792.1,-112.0447,42.9113,-111.2886,43.6301,0,,1,0,1,1,28.6346,0.0,100.0,1.0,0.2844,0.2547
17040206,American Falls,ID,5592.7,-113.1976,42.3519,-111.9443,43.6207,0,,11,5,11,5,96.732,0.0,100.0,0.9989,0.9708,0.9234
17040207,Blackfoot,ID,3290.2,-112.5067,42.5529,-111.1503,43.5783,1,13063000,1,0,2,1,48.1378,0.0,100.0,0.9992,0.4778,0.4435
17040208,Portneuf,ID,4344.1,-112.7524,42.2683,-111.6567,43.1652,2,13075000;13075983,9,3,8,3,66.1616,0.0,100.0,1.0,0.6706,0.5768
17040209,Lake Walcott,ID,8702.4,-114.2151,42.2508,-112.6963,43.4987,0,,9,5,9,6,88.066,0.0,100.0,1.0,0.8999,0.8062
17040210,Raft,"ID,UT",3819.8,-113.8727,41.7498,-112.9123,42.6192,2,13077700;13079000,9,1,1,1,89.2598,0.0,100.0,0.9988,0.9213,0.7486
17040211,Goose,"ID,NV,UT",2796.0,-114.4476,41.6772,-113.6629,42.5399,1,13083000,11,1,2,2,46.9994,0.0,100.0,0.9974,0.4822,0.3838
17040212,Upper Snake-Rock,ID,6602.2,-115.243,42.1067,-113.8834,43.2612,2,13092000;13092747,6,2,1,2,34.3655,0.0,100.0,0.9999,0.3571,0.288
17040213,Salmon Falls,"ID,NV",5680.8,-115.3477,41.4338,-114.2867,42.7205,0,,7,0,0,0,15.2944,0.0,100.0,1.0,0.1554,0.1047
17040214,Beaver-Camas,"ID,MT",3288.7,-112.5236,43.6956,-111.7208,44.5717,3,13112000;13113000;13113500,2,0,0,0,99.4317,0.0,100.0,0.9992,0.997,0.9531
17040215,Medicine Lodge,"ID,MT",3006.4,-112.8791,43.5498,-112.2864,44.5042,2,13116000;13116500,3,0,0,0,75.0253,0.0,100.0,0.9982,0.776,0.6338
17040216,Birch,"ID,MT",1573.4,-113.2873,43.7532,-112.6111,44.4611,0,,2,0,0,0,37.2244,0.0,100.0,0.9989,0.3639,0.2716
17040217,Little Lost,ID,2496.2,-113.6728,43.6755,-112.8491,44.4845,0,,4,0,0,0,41.7511,0.0,100.0,0.9986,0.4259,0.3015
17040218,Big Lost,ID,6354.2,-114.4174,43.2589,-112.5879,44.272,1,13120000,3,1,0,1,43.5019,0.0,100.0,0.999,0.4336,0.3616
17040219,Big Wood,ID,3713.8,-114.905,42.8371,-114.0662,43.9229,1,13135500,3,2,3,2,57.3218,0.0,100.0,0.9998,0.5836,0.4942
17040220,Camas,ID,1779.8,-115.3565,43.1861,-114.4006,43.5754,0,,5,1,1,1,29.4148,0.0,100.0,1.0,0.2875,0.2168
17040221,Little Wood,ID,3163.9,-114.7958,42.7653,-113.6655,43.7734,3,13147900;13148500;13150430,2,0,0,0,64.7977,0.0,100.0,0.9994,0.6633,0.5523
17050101,C.J. Strike Reservoir,ID,5392.3,-116.1564,42.3429,-114.9421,43.432,1,13159800,4,0,0,0,94.9844,0.0,100.0,0.9992,0.9651,0.8826
17050102,Bruneau,"ID,NV",8749.7,-116.3089,41.3973,-115.022,42.9453,3,13161500;13162225;13169500,7,0,0,0,82.2109,0.0,100.0,1.0,0.834,0.7453
17050103,Middle Snake-Succor,"ID,OR",6064.8,-117.2533,42.6687,-115.9697,43.8153,0,,5,0,0,0,84.0513,0.0,100.0,0.9997,0.8622,0.7456
17050104,Upper Owyhee,"ID,NV",5551.2,-116.9789,41.4977,-115.612,42.7468,1,13174500,7,0,0,0,61.275,0.0,100.0,1.0,0.6195,0.5405
17050105,South Fork Owyhee,"ID,NV,OR",4856.6,-117.0825,41.1278,-115.9585,42.2763,0,,8,0,0,0,62.2956,0.0,100.0,0.9998,0.6377,0.5384
17050106,East Little Owyhee,"ID,NV,OR",2395.7,-117.3681,41.5809,-116.6166,42.1675,0,,9,0,0,0,29.658,0.0,100.0,1.0,0.2981,0.2378
17050107,Middle Owyhee,"ID,NV,OR",3872.3,-117.7191,41.9808,-116.7672,42.9185,0,,1,0,0,0,1.0844,0.0,100.0,1.0,0.0009,0.0002
17050108,Jordan,"ID,OR",3385.7,-117.6455,42.6168,-116.4539,43.2508,0,,1,0,0,0,20.686,0.0,100.0,0.9995,0.202,0.1546
17050109,Crooked-Rattlesnake,OR,3443.2,-118.2796,42.2139,-117.2684,42.9655,0,,1,0,0,0,0.0,0.0,0.0,1.0,0.0,0.0
17050110,Lower Owyhee,OR,5116.4,-118.1983,42.8515,-117.0252,43.9166,0,,1,0,0,0,70.8315,0.0,100.0,0.9989,0.7064,0.6638
17050111,North and Middle Forks Boise,ID,1967.7,-115.7396,43.6102,-114.9715,44.0986,0,,4,0,0,0,53.4981,0.0,100.0,1.0,0.565,0.4263
17050112,Boise-Mores,ID,1608.5,-116.1002,43.5009,-115.4813,44.0478,2,13196500;13200500,5,1,2,1,54.7234,0.0,100.0,1.0,0.562,0.4735
17050113,South Fork Boise,ID,3384.0,-115.9372,43.2259,-114.6364,43.8586,0,,3,2,2,2,75.8402,0.0,100.0,1.0,0.7928,0.6299
17050114,Lower Boise,ID,3441.0,-117.0224,43.2521,-115.7778,43.8895,1,13204640,5,2,5,3,98.0079,0.0,100.0,1.0,0.9919,0.9418
17050115,Middle Snake-Payette,"ID,OR",751.5,-117.202,43.8111,-116.6703,44.239,0,,1,0,0,0,97.0598,29.901,100.0,1.0,0.9669,0.9445
17050116,Upper Malheur,OR,6289.5,-118.8507,43.0433,-117.9006,44.3735,1,13216500,1,0,0,0,22.4217,0.0,100.0,1.0,0.2207,0.1754
17050117,Lower Malheur,OR,2456.5,-118.1167,43.5472,-116.9741,44.0871,0,,1,1,1,1,93.3266,0.0,100.0,1.0,0.9298,0.8767
17050118,Bully,OR,1517.7,-118.1617,43.8353,-117.2398,44.267,0,,1,0,0,0,85.4792,0.0,100.0,1.0,0.8758,0.7556
17050119,Willow,OR,1967.3,-118.1618,43.9705,-117.1533,44.4603,0,,1,0,0,0,65.3839,0.0,100.0,1.0,0.6562,0.5441
17050120,South Fork Payette,ID,2124.0,-116.0308,43.9404,-114.9676,44.5474,1,13236500,2,3,3,2,4.3834,0.0,100.0,1.0,0.0421,0.0286
17050121,Middle Fork Payette,ID,877.8,-116.0716,44.0809,-115.6084,44.5677,1,13237920,2,0,0,0,3.591,0.0,100.0,1.0,0.0353,0.0252
17050122,Payette,ID,3170.9,-116.9573,43.7368,-116.0003,44.5107,1,13250600,2,0,0,0,74.1922,0.0,100.0,1.0,0.7485,0.6379
17050123,North Fork Payette,ID,2402.6,-116.2111,44.0844,-115.7816,45.2196,3,13239000;13240000;13242500,2,0,0,0,3.7751,0.0,100.0,1.0,0.0393,0.0278
17050124,Weiser,ID,4363.9,-117.0419,44.1538,-116.1549,45.1187,5,13251500;13254500;13261000;13264500;13265500,0,0,0,0,59.4412,0.0,100.0,1.0,0.6001,0.4971
17050201,Brownlee Reservoir,"ID,OR",3374.6,-117.4925,44.1407,-116.5047,45.2583,1,13290190,1,0,0,0,48.95,0.0,100.0,1.0,0.4926,0.4148
17050202,Burnt,OR,2847.6,-118.5195,44.2669,-117.2192,44.751,1,13273000,1,0,0,0,31.0456,0.0,100.0,1.0,0.3191,0.2375
17050203,Powder,OR,4423.3,-118.3187,44.5627,-117.0145,45.1892,3,13275300;13277000;13288200,0,0,0,0,19.0953,0.0,100.0,0.9998,0.1888,0.139
17060101,Hells Canyon,"ID,OR",1402.4,-116.8291,45.1408,-116.3788,45.9248,0,,4,0,0,0,1.145,0.0,100.0,1.0,0.0025,0.0019
17060102,Imnaha,OR,2203.1,-117.2921,45.055,-116.5826,45.8173,0,,0,0,0,0,7.6847,0.0,100.0,1.0,0.0733,0.0488
17060103,Lower Snake-Asotin,"ID,OR,WA",1803.5,-117.5753,45.7512,-116.7768,46.426,3,13334450;13334700;13335050,5,1,10,3,13.351,0.0,100.0,1.0,0.129,0.0981
17060104,Upper Grande Ronde,OR,4238.4,-118.7394,44.9564,-117.4828,45.8814,2,13320000;13324300,0,0,0,0,68.9749,0.0,100.0,1.0,0.6977,0.6048
17060105,Wallowa,OR,2470.8,-117.7994,45.109,-117.0597,45.759,8,13327500;13329500;13329765;13329770;13330000;13330300;13330500;13331500,0,0,0,0,28.6238,0.0,100.0,1.0,0.2962,0.1903
17060106,Lower Grande Ronde,"OR,WA",3932.8,-117.9569,45.4276,-116.843,46.1594,0,,5,0,0,0,13.6743,0.0,100.0,1.0,0.1317,0.0984
17060107,Lower Snake-Tucannon,"ID,WA",3778.6,-118.2166,46.0976,-117.0337,46.8457,0,,5,3,4,3,72.3788,0.0,100.0,1.0,0.7466,0.6159
17060108,Palouse,"ID,WA",6018.6,-118.4359,46.4663,-116.4504,47.6321,3,13345000;13346800;13348000,3,1,1,1,93.1042,0.0,100.0,1.0,0.9378,0.8562
17060109,Rock,"ID,WA",2473.2,-118.1011,46.9122,-116.9441,47.4996,0,,2,0,0,0,99.1167,0.0,100.0,1.0,0.9942,0.935
17060110,Lower Snake,WA,1877.0,-119.076,46.1897,-118.1596,46.7247,0,,1,0,0,0,88.1484,0.0,100.0,0.9991,0.8875,0.816
17060201,Upper Salmon,ID,6279.5,-115.1789,43.788,-113.9054,44.879,4,13295000;13297330;13297350;13297355,3,4,3,2,12.9525,0.0,100.0,0.9994,0.1305,0.0929
17060202,Pahsimeroi,ID,2151.0,-114.0964,44.0639,-113.4527,44.741,0,,4,0,0,0,1.4706,0.0,100.0,1.0,0.0131,0.009
17060203,Middle Salmon-Panther,"ID,MT",4718.5,-114.6016,44.6923,-113.6793,45.7061,1,13306385,4,2,0,2,0.1906,0.0,9.0989,1.0,0.0,0.0
17060204,Lemhi,"ID,MT",3267.1,-113.8923,44.3905,-112.9985,45.2742,0,,2,0,0,0,17.2665,0.0,100.0,1.0,0.1732,0.1072
17060205,Upper Middle Fork Salmon,ID,3889.5,-115.5494,44.2328,-114.4688,44.9846,1,13308500,4,0,0,0,0.0,0.0,0.0,1.0,0.0,0.0
17060206,Lower Middle Fork Salmon,ID,3562.6,-115.4683,44.6061,-114.3,45.3005,0,,6,0,0,0,0.0,0.0,0.0,1.0,0.0,0.0
17060207,Middle Salmon-Chamberlain,"ID,MT",4435.8,-116.0571,45.1701,-114.3602,45.8049,0,,6,1,0,1,0.1121,0.0,6.9112,1.0,0.0,0.0
17060208,South Fork Salmon,ID,3393.5,-115.9896,44.4655,-115.2267,45.4019,2,13310700;13313000,4,0,0,0,0.0009,0.0,3.5435,1.0,0.0,0.0
17060209,Lower Salmon,ID,3056.8,-116.8545,45.1528,-115.9313,46.1641,0,,5,1,0,1,0.5039,0.0,100.0,1.0,0.0037,0.002
17060210,Little Salmon,ID,1494.1,-116.5786,44.7813,-116.089,45.4372,0,,4,0,0,0,13.7505,0.0,100.0,1.0,0.1377,0.0879
17060301,Upper Selway,"ID,MT",2549.1,-115.0621,45.4711,-114.3876,46.2039,0,,4,0,0,0,4.5384,0.0,100.0,1.0,0.0402,0.0263
17060302,Lower Selway,"ID,MT",2659.1,-115.673,45.6853,-114.4434,46.3791,0,,4,0,0,0,8.3597,0.0,100.0,1.0,0.0843,0.0618
17060303,Lochsa,"ID,MT",3059.9,-115.7651,46.134,-114.3203,46.7406,0,,4,0,0,0,42.0987,0.0,100.0,1.0,0.4367,0.3385
17060304,Middle Fork Clearwater,ID,565.6,-115.9842,45.9344,-115.596,46.2481,0,,4,0,0,0,0.8697,0.0,15.3,1.0,0.0,0.0
17060305,South Fork Clearwater,ID,3052.4,-116.4645,45.5939,-115.148,46.1685,1,13337500,4,1,0,1,0.0,0.0,0.0,1.0,0.0,0.0
17060306,Clearwater,"ID,WA",6102.1,-117.0855,46.0474,-115.5534,46.9765,4,13339500;13342295;13342340;13342450,6,2,10,2,20.5601,0.0,100.0,1.0,0.206,0.1879
17060307,Upper North Fork Clearwater,"ID,MT",3358.4,-115.7666,46.412,-114.7572,47.0144,0,,5,0,0,0,19.708,0.0,100.0,1.0,0.1982,0.1323
17060308,Lower North Fork Clearwater,ID,2971.8,-116.4191,46.5023,-115.4486,47.1259,0,,2,0,0,0,34.8582,0.0,100.0,1.0,0.3501,0.2765
17070101,Middle Columbia-Lake Wallula,"OR,WA",6644.7,-120.7166,45.4567,-118.6083,46.2981,0,,1,0,0,0,94.9995,0.0,100.0,0.9995,0.9474,0.9263
17070102,Walla Walla,"OR,WA",4600.9,-118.9408,45.7596,-117.68,46.5141,8,14010000;14010800;14011000;14013000;14013500;14013700;14015000;14017000,1,1,1,1,89.0426,0.0,100.0,1.0,0.907,0.7964
17070103,Umatilla,OR,6541.8,-119.5916,45.1907,-118.0167,45.952,7,14020000;14020300;14022200;14022500;14023500;14025000;14032000,1,0,0,0,99.3861,0.0,100.0,0.9999,0.996,0.9401
17070104,Willow,OR,2246.3,-120.1739,45.1056,-119.2475,45.8001,5,14034470;14034480;14034500;14034608;14034800,1,1,0,1,78.5698,0.0,100.0,1.0,0.7984,0.7017
17070105,Middle Columbia-Hood,"OR,WA",5592.2,-122.1049,45.2838,-120.6124,46.2058,7,14113200;14118500;14120000;14121300;14125500;14127000;14128500,0,0,0,0,50.6216,0.0,100.0,1.0,0.5174,0.3876
17070106,Klickitat,WA,3501.8,-121.5131,45.679,-120.596,46.5118,3,14107000;14110000;14112500,0,0,0,0,61.345,0.0,100.0,1.0,0.641,0.4856
17070201,Upper John Day,OR,5539.9,-120.1779,43.9032,-118.4076,44.7776,2,14036860;14037500,0,0,0,0,0.233,0.0,100.0,1.0,0.0019,0.001
17070202,North Fork John Day,OR,4787.3,-119.7661,44.54,-118.2235,45.2829,2,14042000;14042500,1,0,0,0,55.0807,0.0,100.0,1.0,0.5598,0.4797
17070203,Middle Fork John Day,OR,2052.0,-119.3587,44.442,-118.3058,44.9748,0,,0,0,0,0,7.1132,0.0,100.0,1.0,0.0698,0.05
17070204,Lower John Day,OR,8155.6,-120.821,44.4556,-119.4864,45.7355,2,14046778;14046890,3,0,0,0,32.6978,0.0,100.0,1.0,0.3235,0.2898
17070301,Upper Deschutes,OR,5579.5,-122.1429,43.5201,-121.1331,44.7441,15,14050000;14050500;14051000;14052000;14053000;14054000;14054500;14055500;14057500;14073001;14075000;14088000;14090350;14090400;14091500,1,0,0,0,17.6182,0.0,100.0,0.9997,0.1802,0.1258
17070302,Little Deschutes,OR,2725.6,-122.153,43.2215,-121.1727,43.8669,1,14060000,0,0,0,0,0.0,0.0,0.0,1.0,0.0,0.0
17070303,Beaver-South Fork,OR,3964.0,-120.668,43.4804,-119.4964,44.3604,0,,1,0,0,0,0.0,0.0,0.0,1.0,0.0,0.0
17070304,Upper Crooked,OR,2993.8,-120.85,43.7849,-119.8391,44.4721,0,,1,0,0,0,0.0,0.0,0.0,1.0,0.0,0.0
17070305,Lower Crooked,OR,4787.2,-121.3104,43.573,-120.2682,44.5738,0,,2,2,0,2,0.0027,0.0,3.5364,1.0,0.0,0.0
17070306,Lower Deschutes,OR,5945.3,-121.8203,44.4167,-120.6553,45.6411,6,14092750;14092885;14093000;14095500;14096300;14096850,2,0,0,0,33.7181,0.0,100.0,1.0,0.3493,0.2592
17070307,Trout,OR,1792.5,-121.1322,44.5019,-120.4889,45.0232,0,,2,0,0,0,1.4007,0.0,100.0,0.9995,0.0132,0.0093
17080001,Lower Columbia-Sandy,"OR,WA",2264.7,-122.5607,45.1543,-121.6791,45.8,16,14134000;14136500;14137000;14137002;14138720;14138800;14138850;14138870;14138900;14139700;14139800;14140000;14140001;14141500;14142800;14143500,0,0,0,0,67.6523,0.0,100.0,1.0,0.6726,0.5672
17080002,Lewis,WA,2715.8,-122.7795,45.7104,-121.5025,46.3266,5,14216000;14216500;14219000;14219800;14222500,0,0,0,0,68.8395,0.0,100.0,1.0,0.7205,0.556
17080003,Lower Columbia-Clatskanie,"OR,WA",2977.4,-123.5301,45.5198,-122.1904,46.4034,3,14212000;14223500;14247500,0,0,0,0,72.3315,0.0,100.0,0.9681,0.7245,0.6623
17080004,Upper Cowlitz,WA,2655.3,-122.129,46.2017,-121.353,46.8744,3,14225500;14226500;14232500,0,0,0,0,60.6361,0.0,100.0,1.0,0.6382,0.4611
17080005,Lower Cowlitz,WA,3757.3,-123.1375,46.0641,-122.0429,46.6903,8,14235500;14236200;14237000;14237500;14240525;14241500;14243500;14245000,0,0,0,0,86.8547,0.0,100.0,1.0,0.8888,0.7887
17080006,Lower Columbia,"OR,WA",1756.2,-124.0915,45.926,-123.3101,46.4976,2,14249000;14250500,0,0,0,0,28.9924,0.0,100.0,0.767,0.297,0.224
17090001,Middle Fork Willamette,OR,3540.1,-123.0236,43.356,-121.9605,44.0821,7,14144800;14144900;14146500;14147500;14150300;14150800;14151000,0,0,0,0,0.0,0.0,0.0,1.0,0.0,0.0
17090002,Coast Fork Willamette,OR,1726.2,-123.1725,43.5046,-122.5285,44.0235,5,14152500;14153500;14154500;14155500;14156500,0,0,0,0,0.0,0.0,0.0,1.0,0.0,0.0
17090003,Upper Willamette,OR,4849.4,-123.6643,43.864,-122.3215,44.9089,9,14166500;14167000;14169000;14171000;14172000;14173500;14189500;14190000;14190500,0,0,0,0,10.3724,0.0,100.0,1.0,0.1015,0.0764
17090004,Mckenzie,OR,3468.4,-123.1059,43.8586,-121.768,44.5084,12,14158500;14158790;14158850;14159000;14159200;14159500;14161100;14161500;14162200;14163000;14164700;14165000,0,0,0,0,22.8364,0.0,100.0,0.9997,0.2317,0.1748
17090005,North Santiam,OR,1978.9,-123.1428,44.4638,-121.7598,44.9,6,14178000;14179000;14180300;14181750;14181900;14182500,0,0,0,0,87.0578,0.0,100.0,1.0,0.8968,0.7283
17090006,South Santiam,OR,2696.7,-123.0158,44.2671,-122.028,44.77,5,14185000;14185900;14187000;14188610;14188800,0,0,0,0,58.3379,0.0,100.0,1.0,0.5998,0.4612
17090007,Middle Willamette,OR,1841.4,-123.6173,44.7515,-122.4327,45.3861,2,14190700;14192000,0,0,0,0,82.8056,0.0,100.0,1.0,0.8228,0.7728
17090008,Yamhill,OR,1998.8,-123.7586,44.9189,-122.9979,45.4446,5,14192500;14193000;14194300;14196000;14197000,0,0,0,0,98.6426,0.0,100.0,1.0,0.9913,0.9299
17090009,Molalla-Pudding,OR,2267.9,-123.0024,44.83,-122.2021,45.3011,7,14198400;14198500;14199704;14200000;14201300;14201340;14201500,0,0,0,0,90.3285,0.0,100.0,1.0,0.9151,0.8102
17090010,Tualatin,OR,1836.1,-123.4169,45.3044,-122.6475,45.7952,6,14202980;14203000;14203500;14205400;14206900;14206950,0,0,0,0,99.9714,92.0,100.0,1.0,1.0,0.9634
17090011,Clackamas,OR,2442.1,-122.6089,44.8004,-121.6514,45.4563,3,14208000;14208700;14209000,0,0,0,0,68.1205,0.0,100.0,1.0,0.7098,0.5405
17090012,Lower Willamette,OR,1042.6,-123.052,45.3646,-122.2841,45.9413,5,14211315;14211400;14211499;14211500;14211550,0,0,0,0,97.885,0.0,100.0,1.0,0.9693,0.9469
17100101,Hoh-Quillayute,WA,3906.2,-124.8599,47.5918,-123.568,48.3955,3,12041200;12041500;12043000,0,0,0,0,20.4251,0.0,100.0,0.8361,0.2022,0.1558
17100102,Queets-Quinault,WA,3530.3,-124.4794,46.9216,-123.3163,47.7989,2,12039300;12039500,0,0,0,0,1.5298,0.0,100.0,0.8534,0.0144,0.0091
17100103,Upper Chehalis,WA,3363.9,-123.5171,46.3319,-122.4326,47.0422,9,12020000;12020800;12024000;12024400;12025000;12025700;12026150;12026400;12030000,0,0,0,0,47.6064,0.0,100.0,1.0,0.4842,0.3931
17100104,Lower Chehalis,WA,2119.7,-123.8591,46.8911,-123.1712,47.5415,6,12032500;12035000;12035400;12035450;12036000;12037400,0,0,0,0,8.0773,0.0,100.0,1.0,0.0743,0.0532
17100105,Grays Harbor,WA,1520.8,-124.1799,46.7687,-123.6129,47.5004,2,12039000;12039005,0,0,0,0,0.0176,0.0,26.4,0.8334,0.0,0.0
17100106,Willapa Bay,"OR,WA",3281.9,-124.2536,46.2336,-123.3208,46.9545,4,12010000;12011500;12013500;12017000,0,0,0,0,1.6119,0.0,100.0,0.7459,0.0142,0.0115
17100201,Necanicum,OR,819.2,-124.148,45.6569,-123.699,46.2619,0,,0,0,0,0,85.0029,0.0,100.0,0.4262,0.8711,0.7346
17100202,Nehalem,OR,2213.8,-123.9444,45.6245,-123.0338,46.096,1,14299800,0,0,0,0,83.0473,0.0,100.0,0.9961,0.8478,0.7435
17100203,Wilson-Trusk-Nestuccu,OR,2948.2,-124.0905,45.0257,-123.2933,45.6837,5,14301500;14302480;14302900;14303200;14303600,0,0,0,0,79.5105,0.0,100.0,0.8271,0.8161,0.6772
17100204,Siletz-Yaquina,OR,2270.6,-124.1523,44.4735,-123.5658,45.0684,1,14305500,0,0,0,0,35.4902,0.0,100.0,0.852,0.3577,0.2882
17100205,Alsea,OR,2173.6,-124.217,44.0185,-123.4274,44.6135,4,14306100;14306340;14306400;14306500,0,0,0,0,1.6027,0.0,100.0,0.8171,0.0159,0.0105
17100206,Siuslaw,OR,2007.4,-124.147,43.7621,-123.1292,44.2921,1,14307580,0,0,0,0,0.0,0.0,0.0,0.9942,0.0,0.0
17100207,Siltcoos,OR,570.5,-124.2827,43.6709,-123.9072,44.027,0,,0,0,0,0,0.0,0.0,0.0,0.5958,0.0,0.0
17100301,North Umpqua,OR,3558.2,-123.4454,42.9729,-121.9742,43.5974,13,14312500;14313200;14313500;14313700;14314500;14314700;14315500;14315700;14315950;14316000;14316495;14316700;14318000,0,0,0,0,1.2862,0.0,100.0,1.0,0.0124,0.0071
17100302,South Umpqua,OR,4665.0,-123.8801,42.6984,-122.4186,43.2933,7,14307700;14308500;14308990;14309000;14309500;14311000;14311500,0,0,0,0,0.132,0.0,100.0,1.0,0.0012,0.0008
17100303,Umpqua,OR,3917.3,-124.2194,43.2459,-122.9334,43.9736,4,14319830;14319835;14320700;14320934,0,0,0,0,0.003,0.0,0.1757,0.9909,0.0,0.0
17100304,Coos,OR,2298.7,-124.485,43.1241,-123.5559,43.6877,2,14324500;14324580,0,0,0,0,0.0,0.0,0.0,0.8085,0.0,0.0
17100305,Coquille,OR,2738.4,-124.4329,42.6635,-123.6229,43.3571,1,14325000,0,0,0,0,0.0,0.0,0.0,0.9997,0.0,0.0
17100306,Sixes,OR,1946.9,-124.7038,42.3891,-124.1346,43.1592,0,,0,0,0,0,0.0,0.0,0.0,0.6221,0.0,0.0
17100307,Upper Rogue,OR,4184.4,-122.946,42.2176,-122.1365,43.1341,13,14328000;14330000;14332000;14333500;14334700;14335500;14337500;14337800;14337870;14338000;14341500;14342500;14343000,0,0,0,0,25.8105,0.0,100.0,1.0,0.2612,0.1847
17100308,Middle Rogue,OR,2284.0,-123.4542,42.0301,-122.4746,42.7641,5,14350000;14353000;14353500;14354200;14357500,0,0,0,0,8.4634,0.0,100.0,1.0,0.0787,0.0464
17100309,Applegate,"CA,OR",1993.9,-123.6425,41.9172,-122.7499,42.4485,2,14362000;14362250,3,0,0,0,24.0276,0.0,100.0,1.0,0.2445,0.1676
17100310,Lower Rogue,OR,2349.3,-124.4331,42.3954,-123.1233,42.7994,1,14371500,0,0,0,0,0.5669,0.0,16.604,0.9988,0.0,0.0
17100311,Illinois,"CA,OR",2564.1,-124.2003,41.8806,-123.31,42.6301,4,14372500;14375100;14375500;14377100,0,0,0,0,6.9989,0.0,100.0,1.0,0.0672,0.0415
17100312,Chetco,"CA,OR",2006.5,-124.5012,41.9488,-123.7905,42.4207,1,14400000,0,0,0,0,0.0,0.0,0.0,0.8127,0.0,0.0
17110001,Sumas River,"CN,WA",1621.7,-122.4035,48.8529,-121.2406,49.2073,0,,0,0,0,0,34.685,0.0,100.0,0.8162,0.3479,0.2517
17110002,Strait of Georgia,"CN,WA",2866.7,-123.5576,48.4186,-122.1555,49.2069,1,12201500,1,0,0,0,97.2324,0.0,100.0,0.3113,0.9798,0.9219
17110003,San Juan Islands,"CN,WA",3130.4,-123.7278,48.3689,-122.7033,49.0325,0,,0,0,0,0,93.2267,0.0,100.0,0.1278,0.961,0.8728
17110004,Nooksack,"CN,WA",2639.4,-122.7155,48.5724,-121.5279,49.0789,15,12201950;12201960;12202300;12202310;12202420;12205000;12206900;12207750;12207850;12208000;12209000;12209490;12209500;12210000;12210900,1,0,0,0,75.0047,0.0,100.0,0.9291,0.7836,0.6068
17110005,Upper Skagit,"CN,WA",5205.3,-121.854,48.3448,-120.6547,49.3134,8,12175500;12177500;12178100;12179900;12181100;12181200;12182500;12193500,1,1,0,1,28.9641,0.0,100.0,0.9932,0.3059,0.1972
17110006,Sauk,WA,1896.8,-121.685,47.9575,-120.9071,48.4814,1,12186000,1,0,0,0,65.6777,0.0,100.0,1.0,0.7245,0.465
17110007,Lower Skagit,WA,1172.9,-122.5388,48.2539,-121.6637,48.6189,1,12196000,1,0,0,0,83.9476,0.0,100.0,1.0,0.8416,0.7505
17110008,Stillaguamish,WA,1817.5,-122.3954,47.9927,-121.4374,48.4535,3,12161000;12167000;12168500,1,0,0,0,93.1145,0.0,100.0,0.9986,0.9577,0.8037
17110009,Skykomish,WA,2156.6,-122.034,47.5369,-121.066,48.0599,7,12133000;12135000;12137290;12137500;12137800;12138160;12141000,0,0,0,0,54.0627,0.0,100.0,1.0,0.5612,0.4111
17110010,Snoqualmie,WA,1788.6,-122.0507,47.3491,-121.2321,47.8225,15,12141300;12142000;12143400;12143600;12143700;12143900;12144000;12144500;12145500;12147000;12147500;12147600;12148000;12148300;12148500,0,0,0,0,54.2663,0.0,100.0,1.0,0.5417,0.4504
17110011,Snohomish,WA,769.2,-122.2509,47.7755,-121.669,48.1722,3,12153000;12155300;12157000,0,0,0,0,98.2149,50.169,100.0,0.9968,1.0,0.9136
17110012,Lake Washington,WA,1572.3,-122.4003,47.2659,-121.4303,47.9232,21,12114000;12114500;12115000;12115500;12115700;12116400;12116500;12117000;12117500;12117600;12118500;12119000;12120000;12120500;12120600;12121600;12124000;12125200;12126000;12127100;12128000,0,0,0,0,85.7604,0.0,100.0,0.9441,0.8645,0.7774
17110013,Duwamish,WA,1258.1,-122.3603,47.118,-121.2977,47.5724,10,12104000;12104500;12105000;12105710;12105900;12106700;12108500;12112600;12113347;12113349,0,0,0,0,80.0418,0.0,100.0,0.9987,0.847,0.6629
17110014,Puyallup,WA,2534.1,-122.4229,46.7823,-121.3745,47.2969,9,12092000;12093500;12094000;12095000;12097000;12097500;12097850;12099600;12102190,0,0,0,0,83.9003,0.0,100.0,1.0,0.8697,0.7033
17110015,Nisqually,WA,1994.3,-122.7761,46.5931,-121.7102,47.0991,5,12082500;12083000;12086500;12087000;12088000,0,0,0,0,59.1376,0.0,100.0,1.0,0.6119,0.4923
17110016,Deschutes,WA,442.1,-122.9747,46.6773,-122.3222,47.0681,2,12079000;12080010,0,0,0,0,38.9097,0.0,100.0,1.0,0.3987,0.2919
17110017,Skokomish,WA,634.2,-123.5247,47.2658,-123.0983,47.6393,5,12056500;12057500;12058790;12059500;12060500,0,0,0,0,20.4747,0.0,100.0,0.9973,0.1913,0.1753
17110018,Hood Canal,WA,2459.3,-123.3772,47.3288,-122.5406,47.9409,5,12052210;12054000;12065500;12068500;12069550,0,0,0,0,77.7301,0.0,100.0,0.8275,0.801,0.6796
17110019,Puget Sound,WA,6370.0,-123.306,46.9845,-122.1889,48.5037,15,12070000;12073500;12076500;12076800;12081000;12090400;12090500;12091100;12091200;12091290;12091300;12091500;12157250;12158010;12158040,1,0,0,0,85.6291,0.0,100.0,0.5792,0.8679,0.8149
17110020,Dungeness-Elwha,"CN,WA",4233.4,-123.758,47.6659,-122.754,48.5509,4,12044900;12045500;12048000;12050500,0,0,0,0,72.4874,0.0,100.0,0.5025,0.7817,0.5497
17110021,Crescent-Hoko,"CN,WA",6393.7,-124.9022,47.994,-123.5638,49.1539,1,12043300,0,0,0,0,60.3916,0.0,100.0,0.162,0.6217,0.504
17120001,Harney-Malheur Lakes,OR,3762.2,-119.3561,42.8706,-118.395,43.8491,0,,0,0,0,0,1.8763,0.0,100.0,0.9256,0.0174,0.0135
17120002,Silvies,OR,3414.5,-119.5744,43.3546,-118.6819,44.298,0,,0,0,0,0,0.0,0.0,0.0,0.9976,0.0,0.0
17120003,Donner und Blitzen,OR,2045.6,-119.0116,42.4867,-118.4346,43.2864,2,10396000;10397000,0,0,0,0,0.0,0.0,0.0,0.9987,0.0,0.0
17120004,Silver,OR,4361.2,-119.9597,42.9258,-119.1262,43.9549,1,10403000,1,0,0,0,0.0,0.0,0.0,0.9983,0.0,0.0
17120005,Summer Lake,OR,10708.9,-121.5779,42.6618,-119.6284,43.7128,2,10388000;10390000,0,0,0,0,0.0,0.0,0.0,0.9981,0.0,0.0
17120006,Lake Abert,OR,2670.8,-120.8775,42.2753,-120.0475,43.05,1,10384000,0,0,0,0,0.0,0.0,0.0,0.9993,0.0,0.0
17120007,Warner Lakes,"CA,NV,OR",4908.8,-120.3011,41.8131,-119.432,43.008,4,10370000;10371000;10371500;10378500,6,0,0,0,0.0,0.0,0.0,0.9985,0.0,0.0
17120008,Guano,"NV,OR",7713.5,-119.8046,41.585,-118.6746,43.0036,0,,7,0,0,0,0.0,0.0,0.0,0.9966,0.0,0.0
17120009,Alvord Lake,"NV,OR",5558.0,-118.8593,41.8104,-117.9726,43.1224,1,10406500,2,0,0,0,1.8458,0.0,100.0,0.997,0.0179,0.0124
18010101,Smith,"CA,OR",2539.2,-124.443,41.5111,-123.6357,42.144,0,,0,0,0,0,25.1619,0.0,100.0,0.8105,0.2556,0.1955
18010102,Mad-Redwood,CA,3683.1,-124.3647,40.0884,-123.1264,41.5471,6,11480390;11480410;11480500;11481200;11481500;11482500,2,0,0,0,87.3175,0.0,100.0,0.7881,0.8908,0.7714
18010103,Upper Eel,CA,1836.4,-123.5217,39.2406,-122.668,39.7158,4,11470500;11471500;11472160;11472200,0,0,0,0,67.7073,0.0,100.0,1.0,0.6871,0.5959
18010104,Middle Fork Eel,CA,1951.0,-123.3585,39.4954,-122.7577,40.1492,1,11472900,2,0,0,0,78.5018,0.0,100.0,1.0,0.8128,0.6741
18010105,Lower Eel,CA,3962.9,-124.3494,39.6489,-123.1164,40.7263,2,11474500;11478500,2,0,0,0,82.8932,0.0,100.0,0.9953,0.8641,0.7122
18010106,South Fork Eel,CA,1785.2,-124.0828,39.6028,-123.4255,40.385,5,11475500;11475560;11475610;11475800;11476600,0,0,0,0,64.3285,0.0,100.0,1.0,0.6842,0.5196
18010107,Mattole,CA,1934.2,-124.5351,39.9281,-123.8929,40.6789,2,11468900;11469000,0,0,0,0,83.2985,0.0,100.0,0.6637,0.8623,0.7241
18010108,Big-Navarro-Garcia,CA,4148.8,-124.0353,38.7232,-123.1891,39.965,3,11467600;11468000;11468500,0,0,0,0,11.496,0.0,100.0,0.7807,0.1109,0.0757
18010109,Gualala-Salmon,CA,1434.9,-123.5839,38.2549,-122.898,38.8912,2,11467500;11467510,0,0,0,0,26.6504,0.0,100.0,0.7081,0.2638,0.1813
18010110,Russian,CA,3845.8,-123.3877,38.3003,-122.5295,39.399,22,11461000;11461500;11462000;11462500;11463170;11463200;11463900;11464500;11465000;11465200;11465350;11465660;11465680;11465690;11465700;11465750;11466065;11466170;11466200;11466320;11466800;11467200,0,0,0,0,66.8314,0.0,100.0,1.0,0.6886,0.5476
18010201,Williamson,OR,3726.0,-122.1722,42.4431,-121.2967,43.3427,0,,0,0,0,0,7.4883,0.0,100.0,1.0,0.0718,0.054
18010202,Sprague,OR,4171.1,-121.8732,42.197,-120.671,42.9463,1,11495800,0,0,0,0,2.7814,0.0,100.0,1.0,0.0282,0.0166
18010203,Upper Klamath Lake,OR,1874.8,-122.3154,42.1683,-121.7091,42.9103,0,,0,0,0,0,40.6413,0.0,100.0,1.0,0.4138,0.316
18010204,Lost,"CA,OR",7833.0,-121.9941,41.4224,-120.5638,42.484,0,,3,0,0,0,5.1468,0.0,100.0,0.9994,0.0495,0.0315
18010205,Butte,"CA,OR",1572.2,-122.1921,41.4463,-121.7349,42.0689,1,11489500,3,0,0,0,37.0642,0.0,100.0,0.9982,0.3741,0.2524
18010206,Upper Klamath,"CA,OR",3687.6,-123.267,41.6408,-121.9372,42.3393,0,,3,2,4,3,40.9457,0.0,100.0,1.0,0.419,0.302
18010207,Shasta,CA,2056.5,-122.7511,41.3191,-122.1153,41.8311,1,11516900,3,1,2,2,34.1679,0.0,100.0,1.0,0.3439,0.233
18010208,Scott,CA,2108.7,-123.2238,41.196,-122.5657,41.7851,0,,3,0,0,0,53.084,0.0,100.0,1.0,0.5548,0.3825
18010209,Lower Klamath,"CA,OR",3966.2,-124.0982,40.9888,-123.1996,42.0178,1,11521500,3,0,0,0,65.913,0.0,100.0,0.9991,0.674,0.5492
18010210,Salmon,CA,1945.7,-123.4968,40.9925,-122.8969,41.5663,0,,3,0,0,0,77.2584,0.0,100.0,1.0,0.8221,0.6023
18010211,Trinity,CA,5278.2,-123.7794,40.4182,-122.4463,41.3686,6,11523200;11525530;11525600;11525630;11525670;11526500,5,2,0,2,57.0189,0.0,100.0,1.0,0.6127,0.4207
18010212,South Fork Trinity,CA,2414.2,-123.7042,40.1319,-122.956,40.9076,1,11528500,2,0,0,0,60.5471,0.0,100.0,1.0,0.6474,0.45
18020001,Goose Lake,"CA,OR",2818.3,-120.9109,41.6708,-120.1871,42.4324,2,11339500;11340500,0,0,0,0,0.0,0.0,0.0,0.8493,0.0,0.0
18020002,Upper Pit,CA,6944.3,-121.5429,40.9272,-120.1311,41.8265,2,11345500;11350500,4,0,0,0,0.0527,0.0,100.0,1.0,0.0003,0.0003
18020003,Lower Pit,CA,6830.4,-122.37,40.4521,-120.8121,41.6222,6,11355500;11360500;11362950;11363930;11364200;11364300,4,0,0,0,10.86,0.0,100.0,0.9997,0.1078,0.0753
18020004,McCloud,CA,1763.7,-122.3412,40.7693,-121.763,41.5207,1,11367500,3,0,0,0,26.9102,0.0,100.0,1.0,0.266,0.191
18020005,Sacramento Headwaters,CA,1533.4,-122.5486,40.7106,-122.1683,41.4122,1,11341400,3,0,0,0,57.2245,0.0,100.0,1.0,0.5861,0.4319
18020104,Sacramento-Stone Corral,CA,4879.8,-122.5123,38.6927,-121.6142,39.7749,1,11390672,1,0,0,0,93.9136,0.0,100.0,0.9998,0.9444,0.8153
18020111,Lower American,CA,757.6,-121.5149,38.5579,-121.0829,38.8783,2,11447293;11447360,0,0,0,0,71.9332,0.0,100.0,1.0,0.7949,0.5
18020115,Upper Stony,CA,2012.4,-122.9603,39.2024,-121.9703,39.8646,0,,0,0,0,0,95.0085,0.0,100.0,1.0,0.9679,0.8177
18020116,Upper Cache,CA,3017.2,-123.0976,38.6396,-121.6734,39.3207,8,11448500;11449100;11449500;11451100;11451300;11451500;11451715;11451720,0,0,0,0,98.8466,0.0,100.0,1.0,0.9924,0.933
18020121,North Fork Feather,CA,3137.5,-121.5859,39.5557,-120.8146,40.5071,6,11400500;11403530;11404300;11405120;11405200;11405300,2,0,0,0,80.2165,0.0,100.0,1.0,0.8389,0.6667
18020122,East Branch North Fork Feather,CA,2661.5,-121.2306,39.8559,-120.198,40.3194,2,11401165;11402000,1,0,0,0,67.431,0.0,100.0,1.0,0.7133,0.5382
18020123,Middle Fork Feather,CA,3535.0,-121.5004,39.4792,-120.1012,40.0299,8,11391400;11391500;11395030;11395200;11396000;11396200;11396350;11396400,1,1,1,1,66.979,0.0,100.0,1.0,0.6948,0.5374
18020125,Upper Yuba,CA,3483.4,-121.5976,39.1275,-120.3157,39.777,21,11407900;11408500;11408550;11408850;11408880;11409000;11409300;11409400;11409500;11413000;11413300;11413320;11413323;11414000;11414100;11414250;11414700;11416500;11417000;11417500;11418500,3,0,0,0,86.131,0.0,100.0,1.0,0.8935,0.7116
18020126,Upper Bear,CA,1228.4,-121.5812,38.9356,-120.6508,39.3232,4,11421770;11421790;11422500;11424000,3,0,0,0,87.8283,0.0,100.0,1.0,0.9133,0.6977
18020128,North Fork American,CA,2623.0,-121.1725,38.7033,-120.1412,39.3212,20,11426150;11426200;11426400;11427000;11427500;11427700;11427750;11427760;11427770;11427960;11428000;11428400;11428800;11429500;11430000;11431800;11433040;11433100;11433200;11433260,1,0,0,0,94.8474,0.0,100.0,1.0,0.9648,0.8227
18020129,South Fork American,CA,2200.3,-121.1485,38.6146,-119.9829,38.9656,10,11435100;11436000;11439500;11440000;11441002;11441500;11441800;11441900;11442700;11444201,1,1,0,1,92.0387,0.0,100.0,1.0,0.9382,0.7885
18020151,Cow Creek,CA,1107.2,-122.2691,40.4641,-121.6397,40.8065,0,,0,0,0,0,31.8065,0.0,100.0,1.0,0.3083,0.2922
18020152,Cottonwood Creek,CA,2444.1,-123.069,40.0361,-122.1997,40.5894,1,11375700,0,0,0,0,86.661,0.0,100.0,1.0,0.8945,0.7362
18020153,Battle Creek,CA,956.7,-122.1938,40.3025,-121.505,40.6405,10,11376025;11376040;11376050;11376140;11376150;11376160;11376420;11376440;11376460;11376550,0,0,0,0,52.5975,0.0,100.0,1.0,0.5256,0.4079
18020154,Clear Creek-Sacramento River,CA,1775.4,-122.7524,40.3524,-121.7076,41.0052,2,11371000;11372000,0,0,0,0,79.215,0.0,100.0,1.0,0.8033,0.6925
18020155,Paynes Creek-Sacramento River,CA,1096.9,-122.7386,40.0323,-121.659,40.3896,1,11378800,0,0,0,0,81.8781,0.0,100.0,1.0,0.8131,0.7001
18020156,Thomes Creek-Sacramento River,CA,2613.1,-122.9564,39.8038,-121.4728,40.4862,5,11379000;11379500;11380500;11381500;11382000,0,0,0,0,85.5582,0.0,100.0,1.0,0.876,0.725
18020157,Big Chico Creek-Sacramento River,CA,2466.3,-122.548,39.6638,-121.3411,40.3694,2,11383500;11384000,1,0,0,0,91.4498,0.0,100.0,1.0,0.924,0.8086
18020158,Butte Creek,CA,2123.1,-122.0243,39.1875,-121.3668,40.1591,3,11389720;11389740;11390000,1,0,0,0,94.5506,0.0,100.0,0.9991,0.9595,0.817
18020159,Honcut Headwaters-Lower Feather,CA,2004.2,-121.9289,38.7855,-121.2816,39.6207,2,11407300;11407500,1,0,0,0,89.4226,0.0,100.0,0.9995,0.9313,0.7383
18020161,Upper Coon-Upper Auburn,CA,1124.1,-121.6402,38.5963,-121.0006,39.0108,0,,0,0,0,0,67.595,0.0,100.0,1.0,0.7532,0.4781
18020162,Upper Putah,CA,1694.4,-122.7482,38.3947,-121.589,38.92,1,11453500,0,0,0,0,99.9987,98.585,100.0,1.0,1.0,0.9989
18020163,Lower Sacramento,CA,3181.9,-122.1687,38.0258,-121.1575,38.8022,2,11336580;11336585,0,0,0,0,94.9576,0.0,100.0,0.9884,0.9685,0.8695
18030001,Upper Kern,CA,2829.4,-118.6448,35.6375,-118.2095,36.7008,0,,4,0,0,0,50.6188,0.0,100.0,1.0,0.5138,0.3945
18030002,South Fork Kern,CA,2541.4,-118.4611,35.4179,-117.9808,36.4377,0,,4,2,2,1,20.6332,0.0,100.0,0.9996,0.2034,0.1625
18030003,Middle Kern-Upper Tehachapi-Grapevine,CA,6764.7,-119.7261,34.7752,-118.2364,35.6533,3,11195500;11196400;11196420,19,16,18,2,64.6979,0.0,100.0,0.9957,0.6629,0.5116
18030004,Upper Poso,CA,1489.7,-119.626,35.4734,-118.5484,35.8336,1,11197800,4,0,0,0,71.2859,0.0,100.0,0.9993,0.7096,0.6551
18030005,Upper Deer-Upper White,CA,3168.8,-119.626,35.5896,-118.5665,36.0446,2,11199500;11200800,4,1,0,1,84.4713,0.0,100.0,0.9968,0.8684,0.7672
18030006,Upper Tule,CA,2446.6,-119.8251,35.9539,-118.528,36.3876,7,11201456;11202000;11202710;11203220;11203580;11204100;11204500,2,1,0,1,83.2409,0.0,100.0,0.9992,0.8817,0.6679
18030007,Upper Kaweah,CA,3944.0,-119.6799,36.0392,-118.5296,36.7468,7,11206500;11206800;11208000;11208600;11208730;11210100;11211300,5,1,1,1,92.1199,0.0,100.0,1.0,0.9501,0.8412
18030009,Upper Dry,CA,5506.5,-120.67,36.1579,-119.3676,37.0651,1,11253310,4,4,4,2,91.0344,0.0,100.0,0.9982,0.9259,0.834
18030010,Upper King,CA,3999.4,-119.4227,36.593,-118.3343,37.2093,8,11214000;11214600;11215000;11216200;11216400;11216500;11220000;11220500,5,0,0,0,36.0632,0.0,100.0,1.0,0.3648,0.2621
18030012,Tulare Lake Bed,CA,9808.1,-120.6833,35.2307,-118.9492,36.9133,3,11197250;11221700;11224500,12,7,7,5,83.7303,0.0,100.0,0.9985,0.8455,0.7646
18040001,Middle San Joaquin-Lower Chowchilla,CA,9130.8,-121.3607,36.6432,-119.4515,37.5834,3,11258900;11259000;11260480,5,1,1,1,70.2348,0.0,100.0,0.9989,0.7228,0.5889
18040002,Lower San Joaquin River,CA,2376.6,-121.4854,37.1501,-120.5217,37.6645,3,11274500;11274538;11274630,1,0,0,0,66.3711,0.0,100.0,0.9992,0.6857,0.5499
18040003,San Joaquin Delta,CA,3192.2,-121.9368,37.5015,-120.8379,38.2167,3,11312000;11337500;11337600,1,0,0,0,79.5289,0.0,100.0,0.9827,0.8621,0.5834
18040006,Upper San Joaquin,CA,4244.3,-119.7357,36.9834,-118.6544,37.7393,17,11226500;11230000;11230200;11230215;11230500;11230530;11231500;11231600;11237000;11237500;11237700;11238500;11239300;11241500;11242400;11244000;11246500,4,2,2,2,52.7386,0.0,100.0,1.0,0.5548,0.3911
18040007,Fresno River,CA,1677.8,-120.5571,36.9628,-119.5577,37.4876,3,11257100;11257500;11258000,2,1,1,1,79.5202,0.0,100.0,1.0,0.8137,0.677
18040008,Upper Merced,CA,3287.9,-120.9757,37.3394,-119.2576,37.9027,6,11264500;11266500;11268000;11268001;11269300;11271320,4,1,1,1,61.3044,0.0,100.0,1.0,0.6544,0.4655
18040009,Upper Tuolumne,CA,4850.6,-121.1747,37.5729,-119.1993,38.2295,11,11274790;11275000;11277300;11278000;11278300;11278400;11281000;11282000;11283500;11284400;11284700,2,2,3,1,67.523,0.0,100.0,1.0,0.7121,0.5211
18040010,Upper Stanislaus,CA,3099.7,-121.2408,37.6134,-119.6047,38.519,20,11292000;11292500;11292700;11292900;11293372;11293462;11293500;11293600;11294000;11294500;11295230;11295270;11295300;11295340;11296500;11297200;11298000;11298650;11298700;11299600,1,2,2,1,88.692,0.0,100.0,1.0,0.9142,0.7189
18040011,Upper Calaveras California,CA,1369.6,-121.3684,37.9594,-120.2509,38.3549,4,11306000;11308000;11308900;11309000,1,0,0,0,81.1568,0.0,100.0,1.0,0.8488,0.6748
18040012,Upper Mokelumne,CA,3280.0,-121.6016,38.0693,-119.7576,38.6655,18,11313472;11313477;11313485;11314500;11315000;11315030;11315900;11316000;11316100;11316600;11316605;11316670;11316700;11316800;11317000;11318500;11327000;11329500,1,0,0,0,86.914,0.0,100.0,0.9994,0.8853,0.7668
18040013,Upper Cosumnes,CA,2460.0,-121.4413,38.2275,-120.2282,38.7573,4,11333000;11333500;11334300;11335655,1,0,0,0,86.5796,0.0,100.0,1.0,0.8846,0.7614
18040014,Panoche-San Luis Reservoir,CA,792.7,-121.032,36.3669,-120.5128,36.7488,1,11255575,4,0,0,0,72.9726,0.0,100.0,0.9988,0.7573,0.5756
18040051,Rock Creek-French Camp Slough,CA,1224.6,-121.3187,37.7579,-120.6083,38.0794,0,,1,0,0,0,75.6429,0.0,100.0,1.0,0.8139,0.5538
18050001,Suisun Bay,CA,1689.7,-122.2246,37.7374,-121.8094,38.4306,3,11182500;11183000;11183600,0,0,0,0,99.0653,0.0,100.0,0.9226,0.9944,0.9529
18050002,San Pablo Bay,CA,3175.6,-122.7569,37.7426,-122.1236,38.6664,8,11181390;11182100;11456000;11458000;11458433;11458500;11459500;11460000,0,0,0,0,93.044,0.0,100.0,0.8252,0.9425,0.8839
18050003,Coyote,CA,1865.7,-122.3295,37.0182,-121.3775,37.4847,10,11164500;11166000;11167800;11169000;11169025;11169500;11169800;11170000;11172100;11172175,0,0,0,0,77.4051,0.0,100.0,1.0,0.8055,0.6127
18050004,San Francisco Bay,CA,3452.9,-122.492,37.2578,-121.4067,37.8763,21,11162720;11162753;11162800;11172945;11173200;11173500;11173510;11173575;11174000;11176000;11176200;11176400;11176500;11176600;11180500;11180825;11180900;11180960;11181000;11181008;11181040,0,0,0,0,90.3336,0.0,100.0,0.8506,0.926,0.7775
18050005,Tomales-Drake Bays,CA,1978.0,-123.1708,37.6434,-122.4873,38.3683,4,11460400;11460600;11460750;11460800,0,0,0,0,55.2216,0.0,100.0,0.5487,0.5727,0.4615
18050006,San Francisco Coastal South,CA,1744.2,-122.5881,36.8985,-122.0627,37.8153,4,11162500;11162570;11162620;11162630,0,0,0,0,76.9827,0.0,100.0,0.5917,0.8054,0.6291
18060002,Pajaro,CA,3368.7,-121.8533,36.2675,-120.5825,37.2316,12,11152900;11153000;11153470;11153500;11153650;11153900;11154100;11154200;11154700;11156500;11157500;11159200,1,0,0,0,66.3455,0.0,100.0,1.0,0.6913,0.5312
18060003,Carrizo Plain,CA,1153.5,-120.1286,34.9378,-119.4001,35.4875,0,,8,0,0,0,80.6923,0.0,100.0,0.9991,0.832,0.6612
18060004,Estrella,CA,2459.6,-120.695,35.1317,-119.9104,36.0052,0,,6,1,1,1,66.4137,0.0,100.0,1.0,0.6807,0.5384
18060005,Salinas,CA,8622.1,-121.8062,35.2074,-120.1999,36.7579,13,11143500;11144000;11145000;11147000;11147070;11148900;11149400;11149900;11151300;11151870;11152000;11152050;11152540,6,8,15,4,68.797,0.0,100.0,0.9995,0.7073,0.5819
18060006,Central Coastal,CA,4980.8,-122.0431,34.9688,-120.3708,36.6488,7,11141150;11141280;11141500;11142500;11143000;11143200;11143250,6,11,16,4,45.9163,0.0,100.0,0.6898,0.4827,0.3602
18060007,Cuyama,CA,2962.0,-120.4299,34.6218,-119.1288,35.2739,1,11137900,15,6,6,4,92.6914,0.0,100.0,0.9997,0.9375,0.8459
18060008,Santa Maria,CA,1771.8,-120.6513,34.6895,-119.6183,35.0921,4,11138500;11139000;11139500;11141050,10,4,8,4,47.8911,0.0,100.0,0.9994,0.4976,0.3944
18060009,San Antonio,CA,768.8,-120.7332,34.6835,-120.1182,34.9926,2,11135800;11136100,9,6,7,5,0.0,0.0,0.0,0.7314,0.0,0.0
18060010,Santa Ynez,CA,2322.1,-120.6034,34.4633,-119.4229,34.8135,9,11123000;11123500;11124500;11125600;11126500;11128250;11129800;11132500;11134800,9,3,12,3,37.065,0.0,100.0,0.9996,0.3747,0.2858
18060013,Santa Barbara Coastal,CA,1734.8,-120.7127,34.3263,-119.4453,34.697,10,11119500;11119745;11119750;11119780;11119940;11120000;11120500;11120510;11120520;11120550,9,22,46,6,52.2874,0.0,100.0,0.5243,0.5417,0.4574
18060014,Santa Barbara Channel Islands,CA,2170.2,-120.5803,33.8441,-119.2953,34.1552,0,,9,0,0,0,40.4653,0.0,100.0,0.215,0.4219,0.345
18060015,Monterey Bay,CA,1961.1,-122.2026,36.5479,-121.4515,37.2604,7,11152600;11160000;11160020;11160300;11160500;11161000;11161300,1,2,2,1,52.5081,0.0,100.0,0.6218,0.5353,0.4251
18070101,Ventura,CA,867.8,-119.502,34.213,-119.1352,34.5989,10,11114495;11114500;11115500;11116000;11116550;11117500;11117600;11117800;11118000;11118500,11,8,23,5,98.1022,0.0,100.0,0.8382,0.9846,0.9441
18070102,Santa Clara,CA,4210.7,-119.4676,34.2212,-118.052,34.8236,10,11107745;11108134;11108145;11109395;11109525;11109600;11110500;11111500;11113000;11113500,14,24,40,9,81.6704,0.0,100.0,0.9998,0.8478,0.7041
18070103,Calleguas,CA,1133.4,-119.3216,34.0433,-118.6141,34.3727,2,11105850;11106550,14,7,12,3,99.0455,0.0,100.0,0.8528,0.9947,0.964
18070104,Santa Monica Bay,CA,1742.3,-119.0965,33.6548,-118.2431,34.2256,4,11103500;11104000;11105500;11105510,14,13,50,6,72.2235,0.0,100.0,0.6444,0.7357,0.6504
18070105,Los Angeles,CA,2152.1,-118.7207,33.7543,-117.9499,34.4004,13,11092450;11093000;11094000;11095500;11096500;11097000;11098000;11100000;11101250;11101500;11102000;11102300;11102500,14,30,64,10,82.0172,0.0,100.0,0.9995,0.829,0.7689
18070106,San Gabriel,CA,2347.1,-118.4382,33.6535,-117.6333,34.3819,11,11075720;11080500;11082000;11084500;11085000;11086300;11086500;11088500;11089000;11089500;11090200,83,6,24,7,70.3804,0.0,100.0,0.9287,0.7085,0.6432
18070107,San Pedro Channel Islands,CA,2057.8,-119.7556,32.7484,-118.2437,33.5387,0,,14,0,0,0,29.6715,0.0,100.0,0.1809,0.317,0.2141
18070201,Seal Beach,CA,329.8,-118.1149,33.5859,-117.8612,33.8468,0,,9,0,0,0,65.9577,0.0,100.0,0.6851,0.6726,0.568
18070202,San Jacinto,CA,1979.0,-117.4592,33.5533,-116.5591,33.9996,3,11069500;11070000;11070465,36,4,6,7,57.4504,0.0,100.0,0.9995,0.5745,0.4981
18070203,Santa Ana,CA,4387.6,-118.0002,33.625,-116.6943,34.3858,29,11051499;11051500;11054000;11055500;11055800;11056500;11057000;11057500;11058000;11058500;11058600;11059300;11060400;11062000;11062001;11063000;11063500;11063510;11063680;11065000;11067000;11073000;11073001;11073300;11073360;11073470;11073495;11075800;11077500,110,38,64,30,93.7024,0.0,100.0,0.9998,0.9512,0.8408
18070204,Newport Bay,CA,502.7,-117.9923,33.5124,-117.6276,33.8031,4,11048200;11048500;11048553;11048600,9,2,1,2,99.17,0.0,100.0,0.8027,0.9924,0.9873
18070301,Aliso-San Onofre,CA,1595.8,-117.8563,33.1996,-117.2955,33.7167,10,11046090;11046100;11046250;11046300;11046360;11046500;11046530;11047000;11047300;11047500,52,1,0,1,94.0799,0.0,100.0,0.803,0.9468,0.9009
18070302,Santa Margarita,CA,1919.4,-117.4163,33.2174,-116.5687,33.7086,10,11042400;11042631;11042700;11042800;11042900;11043000;11044250;11044350;11044800;11045300,46,1,1,1,70.656,0.0,100.0,1.0,0.7101,0.638
18070303,San Luis Rey-Escondido,CA,2151.6,-117.4642,32.9959,-116.4886,33.4369,3,11031500;11033000;11040000,15,5,4,3,82.6562,0.0,100.0,0.9293,0.8321,0.7696
18070304,San Diego,"CA,MX",4020.9,-117.343,32.5148,-116.4831,33.2448,12,11014000;11015000;11016200;11022200;11022480;11022500;11023330;11023340;11025500;11026000;11027000;11028500,15,23,23,7,96.4052,0.0,100.0,0.8879,0.9754,0.9226
18070305,Cottonwood-Tijuana,"CA,MX",4452.1,-117.1325,32.133,-115.898,32.9288,1,11012000,15,2,1,2,99.9133,0.0,100.0,0.2711,0.9991,0.9905
18080001,Surprise Valley,"CA,NV",2347.3,-120.2986,41.0669,-119.8495,41.9766,1,10360900,7,0,0,0,0.0,0.0,0.0,0.998,0.0,0.0
18080002,Madeline Plains,"CA,NV",2180.8,-120.8557,40.6967,-119.931,41.129,0,,7,0,0,0,0.0,0.0,0.0,0.9987,0.0,0.0
18080003,Honey-Eagle Lakes,"CA,NV",7262.8,-121.2549,39.5701,-119.7286,40.8366,3,10356500;10358500;10359300,7,1,1,1,23.6221,0.0,100.0,0.9991,0.2473,0.1633
18090101,Mono Lake,"CA,NV",2813.7,-119.3237,37.707,-118.4976,38.3227,10,10287069;10287070;10287289;10287290;10287300;10287400;10287655;10287720;10287770;10287900,7,1,1,1,23.7063,0.0,100.0,0.9986,0.2481,0.1684
18090102,Crowley Lake,"CA,NV",4967.7,-119.1057,36.9978,-118.0308,37.9929,6,10265150;10270800;10270830;10270872;10271210;10276000,27,6,6,4,13.6809,0.0,100.0,0.9996,0.129,0.0867
18090103,Owens Lake,CA,3550.1,-118.4208,36.11,-117.6487,37.0605,3,10281800;10286000;10286001,18,19,24,6,1.743,0.0,100.0,0.9188,0.011,0.0061
18090201,Eureka-Saline Valleys,"CA,NV",4246.6,-118.2015,36.5039,-117.4271,37.5172,0,,21,4,3,4,0.0,0.0,0.0,0.9979,0.0,0.0
18090202,Upper Amargosa,"CA,NV",8825.8,-117.0714,35.7305,-115.8761,37.3351,0,,74,14,17,13,2.395,0.0,100.0,0.9999,0.0237,0.0137
18090203,Death Valley-Lower Amargosa,"CA,NV",13927.6,-117.7083,35.1832,-115.4784,37.4126,0,,76,31,40,19,5.2961,0.0,100.0,0.9989,0.0509,0.0411
18090204,Panamint Valley,CA,4224.1,-117.7542,35.3774,-116.8475,36.5803,1,10250800,64,6,8,5,0.4766,0.0,100.0,0.9983,0.004,0.0026
18090205,Indian Wells-Searles Valleys,CA,5230.1,-118.1447,35.3257,-117.1449,36.2086,0,,67,3,6,5,0.0,0.0,0.0,0.9971,0.0,0.0
18090206,Antelope-Fremont Valleys,CA,8736.3,-118.8203,34.3355,-117.5317,35.4962,4,10263500;10264000;10264600;10264750,78,19,26,6,26.8536,0.0,100.0,0.9962,0.2726,0.2031
18090207,Coyote-Cuddeback Lakes,CA,4785.0,-117.6792,34.8169,-116.55,35.5417,0,,66,2,2,3,0.4468,0.0,100.0,0.9973,0.0036,0.0019
18090208,Mojave,CA,11961.4,-117.7123,34.1921,-115.3808,35.4674,7,10260470;10260480;10260500;10260865;10260950;10261000;10261100,75,35,57,25,24.4083,0.0,100.0,0.999,0.2469,0.192
18100100,Southern Mojave,CA,22958.3,-117.1931,33.3822,-114.6198,35.2629,0,,103,95,157,64,20.0367,0.0,100.0,0.9979,0.201,0.1506
18100201,Whitewater River,CA,3889.1,-116.9581,33.452,-115.9487,34.1673,11,10256000;10256500;10257500;10257548;10257550;10257600;10257720;10258000;10258500;10259000;10259200,91,27,34,18,10.4426,0.0,100.0,0.9984,0.0973,0.0616
18100202,Carrizo Creek,"CA,MX",1692.7,-116.5336,32.4667,-115.84,33.0985,1,10255850,35,2,1,2,79.4855,0.0,100.0,0.8689,0.8272,0.6714
18100203,San Felipe Creek,CA,2734.5,-116.6767,32.9532,-115.7968,33.5516,3,10255700;10255800;10255810,59,13,14,11,41.1422,0.0,100.0,0.9977,0.4254,0.2946
18100204,Salton Sea,"CA,MX",12974.7,-116.2799,32.2998,-114.7127,33.8169,0,,59,57,57,24,86.0383,0.0,100.0,0.7321,0.8645,0.822
